Time,RPM,RequestedTorque_Nm,ClampedTorque_Nm,MinAvailableTorque_Nm,MaxAvailableTorque_Nm,RequiredVoltage_V,RPMGradient_RPM_per_s
0,4818.36921540295,0,5.45461062561216,5.45461062561216,89.5196322369293,0.5,188.771658309718
23.0447953292447,4822.71941963266,84.2547339288161,84.2547339288161,5.44809979093896,89.4421025728853,4.64479282565682,188.271414657934
46.0688037212054,4827.04265425114,84.1509762979726,84.1509762979726,5.44162932096375,89.3650535632629,4.64308842027344,187.273377343075
69.0721911662913,4831.33912550137,84.0478609879672,84.0478609879672,5.43519890700815,89.2884815323844,4.64139246555074,186.281129077888
92.0551218828701,4835.60903752043,83.9453830995096,83.9453830995096,5.42880824354566,89.2123828421035,4.639704916044,185.294629938101
115.017758342544,4839.85259236859,83.8435377831538,83.8435377831538,5.42245702815804,89.1367538912871,4.63802572662676,184.31384036143
137.960261294964,4844.0699900578,83.7423202386128,83.7423202386128,5.41614496149274,89.0615911153072,4.63635485248714,183.338721142491
160.882789792198,4848.26142857973,83.6417257140864,83.6417257140864,5.40987174722092,88.9868909855415,4.63469224912424,182.369233430317
183.785501212655,4852.42710393335,83.5417495055996,83.5417495055996,5.40363709199613,88.9126500088819,4.63303787234465,181.405338722643
206.668551284584,4856.56721015193,83.4423869563537,83.4423869563537,5.39744070541397,88.8388647272529,4.631391678259,180.446998861034
229.532094109151,4860.68193932964,83.3436334560887,83.3436334560887,5.39128229997219,88.7655317171378,4.62975362327854,179.494176028022
252.3762821831,4864.77148164767,83.2454844404559,83.2454844404559,5.3851615910317,88.6926475891133,4.62812366411179,178.546832742587
275.201266421021,4868.8360253999,83.1479353904025,83.1479353904025,5.37907829677806,88.620208987392,4.62650175776135,177.604931855079
298.007196177214,4872.87575701808,83.0509818315661,83.0509818315661,5.37303213818384,88.5482125893731,4.62488786152054,176.668436543897
320.794219267178,4876.89086109665,82.9546193336805,82.9546193336805,5.36702283897147,88.4766551052009,4.62328193297038,175.737310311848
343.562481988711,4880.88152041708,82.8588435099902,82.8588435099902,5.36105012557679,88.4055332773304,4.62168392997634,174.811516981292
366.312129142655,4884.8479159718,82.7636500166768,82.7636500166768,5.35511372711326,88.334843880101,4.62009381068539,173.891020691207
389.043304053267,4888.79022698776,82.6690345522937,82.6690345522937,5.34921337533668,88.2645837193165,4.61851153352295,172.975785893045
411.756148588246,4892.70863094954,82.574992857211,82.574992857211,5.34334880461062,88.1947496318338,4.61693705718992,172.065777346758
434.450803178406,4896.6033036221,82.4815207130697,82.4815207130697,5.33751975187234,88.1253384851564,4.6153703406598,171.160960116861
457.127406837019,4900.47441907311,82.3886139422453,82.3886139422453,5.3317259565994,88.0563471770374,4.61381134317578,170.26129957004
479.78609717882,4904.322149695,82.2962684073199,82.2962684073199,5.32596716077666,87.9877726350861,4.61226002424803,169.366761370903
502.427010438688,4908.14666622651,82.2044800105637,82.2044800105637,5.32024310886399,87.9196118163839,4.61071634365082,168.47731147747
525.050281490012,4911.94813777397,82.1132446934246,82.1132446934246,5.31455354776445,87.8518617071052,4.60918026141988,167.59291613954
547.656043862742,4915.72673183222,82.0225584360267,82.0225584360267,5.308898226793,87.7845193221445,4.60765173784968,166.713541894154
570.24442976114,4919.48261430514,81.9324172566766,81.9324172566766,5.3032768976457,87.7175817047505,4.60613073349082,165.839155562377
592.815570081224,4923.21594952589,81.8428172113787,81.8428172113787,5.29768931436951,87.6510459261652,4.60461720914746,164.969724246322
615.369594427929,4926.92690027679,81.7537543933572,81.7537543933572,5.29213523333247,87.5849090852702,4.60311112587471,164.105215325523
637.906631131976,4930.61562780888,81.6652249325869,81.6652249325869,5.28661441319444,87.5191683082373,4.60161244497618,163.245596454436
660.42680726646,4934.28229186119,81.5772249953315,81.5772249953315,5.28112661487828,87.4538207481857,4.60012112800153,162.39083555859
682.930248663164,4937.92705067964,81.4897507836887,81.4897507836887,5.27567160154154,87.3888635848447,4.59863713674396,161.540900831553
705.417079928606,4941.55006103569,81.4027985351435,81.4027985351435,5.27024913854855,87.3242940242217,4.5971604332379,160.695760732329
727.887424459816,4945.15147824466,81.3163645221281,81.3163645221281,5.26485899344302,87.2601092982756,4.59569097975661,159.855383982092
750.341404459861,4948.73145618377,81.2304450515894,81.2304450515894,5.25950093592102,87.1963066645949,4.59422873880992,159.019739561452
772.779140953108,4952.29014730989,81.1450364645627,81.1450364645627,5.25417473780441,87.1328834060821,4.59277367314188,158.188796706666
795.200753800249,4955.82770267697,81.0601351357527,81.0601351357527,5.24888017301478,87.0698368306423,4.59132574572855,157.362524908086
817.606361713074,4959.34427195329,80.9757374731211,80.9757374731211,5.24361701754759,87.0071642708764,4.58988491977584,156.54089390663
839.996082269005,4962.84000343831,80.8918399174805,80.8918399174805,5.23838504944701,86.9448630837802,4.58845115871722,155.723873691194
862.370031925405,4966.31504407939,80.8084389420947,80.8084389420947,5.23318404878083,86.882930650447,4.58702442621171,154.911434495443
884.728326033643,4969.76953948809,80.7255310522859,80.7255310522859,5.22801379761612,86.8213643757767,4.58560468614166,154.103546795364
907.071078852948,4973.20363395639,80.6431127850467,80.6431127850467,5.22287407999493,86.760161688187,4.58419190261075,153.300181307518
929.398403564033,4976.61747047252,80.5611807086595,80.5611807086595,5.21776468191057,86.6993200393308,4.58278603994188,152.501308984866
951.710412282508,4980.01119073661,80.4797314223213,80.4797314223213,5.21268539128424,86.6388369038179,4.58138706267523,151.706901015588
974.007216072073,4983.3849351761,80.3987615557737,80.3987615557737,5.20763599794194,86.57870977894,4.57999493556619,150.916928818977
996.288924957516,4986.73884296084,80.3182677689398,80.3182677689398,5.20261629359186,86.5189361844017,4.57860962358345,150.131364044523
1018.55564793749,4990.0730520181,80.2382467515657,80.2382467515657,5.19762607180194,86.4595136620529,4.57723109190708,149.350178569009
1040.80749299711,4993.38769904719,80.1586952228675,80.1586952228675,5.19266512797796,86.4004397756282,4.57585930592661,148.573344493152
1063.04456712033,4996.68291953398,80.0796099311846,80.0796099311846,5.18773325934184,86.3417121104885,4.57449423123916,147.800834140255
1085.26697630215,4999.95884776512,80.0009876536372,80.0009876536372,5.18283026491033,86.283328273367,4.57313583364758,147.032620053277
1107.47482556062,5003.2156168421,79.9228251957897,79.9228251957897,5.18403763619447,86.1688832564317,4.57287066218507,146.268674993131
1129.66821894864,5006.45335869507,79.8451193913184,79.8451193913184,5.18531533001325,86.0543892664818,4.57261756098866,145.508971935516
1151.84725956566,5009.67220409645,79.7678671016851,79.7678671016851,5.18658556682017,85.9405634984709,4.57236259409116,144.753484069375
1174.01204956907,5012.87228267436,79.6910652158154,79.6910652158154,5.18784839776973,85.8274013684507,4.57210574364074,144.002184794077
1196.16269018552,5016.0537229258,79.6147106497807,79.6147106497807,5.18910387357005,85.714898332472,4.57184699156582,143.255047717487
1218.29928172205,5019.21665222971,79.5388003464869,79.5388003464869,5.19035204448804,85.603049886123,4.57158631957176,142.512046654296
1240.421923577,5022.36119685977,79.4633312753655,79.4633312753655,5.19159296035446,85.4918515640763,4.57132370913727,141.77315562278
1262.53071425082,5025.48748199703,79.3883004320713,79.3883004320713,5.19282667056886,85.3812989396423,4.57105914151095,141.038348843339
1284.62575135667,5028.59563174237,79.313704838183,79.313704838183,5.19405322410457,85.2713876243288,4.57079259770758,140.307600736965
1306.70713163087,5031.68576912878,79.2395415409092,79.2395415409092,5.19527266951347,85.1621132674067,4.57052405850456,139.580885922474
1328.77495094323,5034.75801613343,79.1658076127978,79.1658076127978,5.19648505493079,85.053471555483,4.57025350443805,138.858179213438
1350.82930430716,5037.81249368955,79.0925001514507,79.0925001514507,5.19769042807982,84.9454582120809,4.56998091579914,138.139455618705
1372.8702858897,5040.84932169826,79.0196162792418,79.0196162792418,5.19888883627653,84.8380689972213,4.5697062726301,137.424690338705
1394.89798902134,5043.86861904003,78.9471531430393,78.9471531430393,5.20008032643412,84.7312997070177,4.56942955472021,136.713858763136
1416.91250620573,5046.87050358616,78.8751079139322,78.8751079139322,5.20126494506756,84.6251461732702,4.56915074160187,136.006936470758
1438.91392912927,5049.85509220999,78.8034777869603,78.8034777869603,5.20244273829798,84.5196042630689,4.56886981254637,135.303899225898
1460.90234867045,5052.82250079797,78.7322599808487,78.7322599808487,5.20361375185706,84.4146698784028,4.56858674655976,134.60472297742
1482.87785490922,5055.7728442606,78.6614517377457,78.6614517377457,5.20477803109138,84.3103389557726,4.56830152237853,133.909383856204
1504.84053713608,5058.70623654316,78.5910503229641,78.5910503229641,5.20593562096657,84.2066074658114,4.56801411846522,133.217858174444
1526.79048386111,5061.62279063638,78.5210530247269,78.5210530247269,5.20708656607161,84.1034714129075,4.56772451300404,132.530122422653
1548.72778282284,5064.52261858682,78.4514571539162,78.4514571539162,5.20823091062286,84.0009268348371,4.56743268389621,131.846153268496
1570.65252099702,5067.40583150727,78.3822600438255,78.3822600438255,5.2093686984682,83.8989698023966,4.56713860875549,131.165927555132
1592.56478460521,5070.27253958684,78.3134590499158,78.3134590499158,5.21049997309103,83.7975964190461,4.56684226490328,130.489422299029
1614.46465912335,5073.12285210106,78.2450515495746,78.2450515495746,5.21162477761418,83.6968028205517,4.56654362936396,129.816614688809
1636.35222929005,5075.9568774217,78.1770349418792,78.1770349418792,5.21274315480386,83.5965851746386,4.56624267885988,129.147482082901
1658.22757911495,5078.77472302657,78.1094066473624,78.1094066473624,5.21385514707351,83.4969396806446,4.56593938980643,128.482002008692
1680.09079188678,5081.57649550911,78.0421641077814,78.0421641077814,5.21496079648755,83.3978625691809,4.56563373830684,127.820152160104
1701.94195018142,5084.36230058787,77.9753047858911,77.9753047858911,5.21606014476518,83.2993501017966,4.56532570014707,127.16191039684
1723.78113586983,5087.13224311589,77.9088261652186,77.9088261652186,5.21715323328401,83.2013985706473,4.56501525079044,126.50725474192
1745.60843012583,5089.88642708988,77.842725749843,77.842725749843,5.21824010308375,83.1040042981704,4.56470236537224,125.85616338003
1767.42391343381,5092.62495565934,77.7770010641759,77.7770010641759,5.21932079486977,83.0071636367627,4.56438701869413,125.208614657117
1789.2276655963,5095.34793113554,77.7116496527471,77.7116496527471,5.22039534901665,82.9108729684626,4.56406918521862,124.564587077885
1811.01976574145,5098.05545500035,77.6466690799915,77.6466690799915,5.22146380557167,82.8151287046382,4.56374883906319,123.924059304667
1832.80029233042,5100.747627915,77.5820569300399,77.5820569300399,5.22252620425827,82.7199272856769,4.56342595399454,123.287010155699
1854.56932316465,5103.42454972866,77.5178108065121,77.5178108065121,5.22358258447942,82.6252651806828,4.56310050342248,122.653418603253
1876.32693539301,5106.08631948695,77.4539283323131,77.4539283323131,5.224632985321,82.5311388871753,4.56277246039385,122.023263773383
1898.07320551891,5108.73303544034,77.390407149432,77.390407149432,5.2256774455551,82.4375449307919,4.56244179758636,121.396524942989
1919.80820940723,5111.36479505237,77.327244918743,77.327244918743,5.22671600364327,82.3444798649981,4.56210848730205,120.773181540014
1941.53202229125,5113.9816950079,77.2644393198104,77.2644393198104,5.22774869773977,82.2519402707951,4.56177250146099,120.153213140845
1963.24471877941,5116.58383122106,77.2019880506945,77.2019880506945,5.22877556569471,82.1599227564388,4.56143381159444,119.536599468735
1984.94637286199,5119.17129884327,77.1398888277616,77.1398888277616,5.22979664505721,82.0684239571565,4.56109238883826,118.923320393692
2006.63705791775,5121.74419227104,77.0781393854951,77.0781393854951,5.23081197307851,81.9774405348708,4.56074820392579,118.313355929674
2028.31684672041,5124.30260515372,77.0167374763108,77.0167374763108,5.23182158671497,81.8869691779254,4.56040122718097,117.706686234478
2049.9858114451,5126.84663040114,76.9556808703726,76.9556808703726,5.23282552263113,81.7970066008154,4.56005142851101,117.103291607852
2071.64402367467,5129.37636019114,76.8949673554126,76.8949673554126,5.23382381720266,81.7075495439206,4.55969877739906,116.503152490139
2093.29155440598,5131.89188597701,76.8345947365518,76.8345947365518,5.23481650651934,81.6185947732425,4.55934324289668,115.906249460876
2114.92847405604,5134.39329849482,76.7745608361243,76.7745608361243,5.23580362638786,81.5301390801453,4.55898479361613,115.312563237888
2136.55485246812,5136.88068777068,76.7148634935038,76.7148634935038,5.23678521233479,81.4421792810988,4.55862339772258,114.722074675666
2158.17075891774,5139.35414312787,76.6555005649312,76.6555005649312,5.23776129960933,81.3547122174267,4.55825902292601,114.134764764552
2179.7762621186,5141.81375319393,76.5964699233457,76.5964699233457,5.23873192318611,81.2677347550557,4.55789163647307,113.550614629606
2201.37143022843,5144.25960590761,76.5377694582175,76.5377694582175,5.23969711776796,81.1812437842694,4.55752120513873,112.969605528011
2222.95633085479,5146.69178852573,76.4793970753825,76.4793970753825,5.2406569177886,81.0952362194663,4.55714769521761,112.391718849772
2244.53103106071,5149.11038763002,76.4213506968796,76.4213506968796,5.24161135741535,81.0097089989174,4.55677107251544,111.816936115525
2266.09559737034,5151.51548913377,76.3636282607895,76.3636282607895,5.24256047055173,80.9246590845316,4.55639130233989,111.245238975291
2287.65009577453,5153.9071782885,76.3062277210761,76.3062277210761,5.24350429084014,80.8400834616191,4.55600834949167,110.676609207451
2309.19459173625,5156.28553969044,76.2491470474294,76.2491470474294,5.24444285166434,80.7559791386631,4.55562217825501,110.111028718048
2330.72915019601,5158.65065728705,76.1923842251108,76.1923842251108,5.24537618615211,80.6723431470882,4.5552327523883,109.548479539281
2352.25383557723,5161.00261438333,76.1359372548,76.1359372548,5.24630432717768,80.5891725410386,4.55484003511415,108.988943827861
2373.76871179144,5163.34149364815,76.0798041524444,76.0798041524444,5.24722730736426,80.5064643971529,4.55444398910964,108.432403864814
2395.27384224355,5165.66737712044,76.0239829491095,76.0239829491095,5.24814515908645,80.4242158143463,4.55404457649593,107.878842053791
2416.76928983692,5167.98034621534,75.9684716908318,75.9684716908318,5.2490579144727,80.3424239135921,4.55364175882796,107.328240920759
2438.25511697847,5170.28048173027,75.9132684384735,75.9132684384735,5.24996560540769,80.2610858377081,4.5532354970838,106.780583111792
2459.73138558364,5172.56786385088,75.8583712675789,75.8583712675789,5.25086826353468,80.1801987511456,4.55282575165371,106.235851392687
2481.19815708135,5174.84257215699,75.8037782682323,75.8037782682323,5.25176592025786,80.0997598397791,4.55241248232901,105.694028647921
2502.65549241888,5177.10468562841,75.7494875449182,75.7494875449182,5.25265860674464,80.0197663107013,4.55199564829067,105.155097879519
2524.10345206666,5179.35428265072,75.6954972163827,75.6954972163827,5.25354635392791,79.9402153920179,4.55157520809771,104.619042206328
2545.54209602304,5181.59144102096,75.641805415497,75.641805415497,5.25442919250835,79.8611043326469,4.55115111967524,104.085844861984
2566.97148381897,5183.81623795323,75.5884102891225,75.5884102891225,5.25530715295655,79.7824304021203,4.55072334030222,103.555489195356
2588.39167452263,5186.0287500843,75.5353099979769,75.5353099979769,5.25618026551531,79.7041908903859,4.55029182659906,103.027958668684
2609.80272674402,5188.22905347904,75.4825027165031,75.4825027165031,5.25704856020172,79.626383107615,4.54985653451475,102.503236856263
2631.20469863946,5190.41722363588,75.4299866327389,75.4299866327389,5.25791206680935,79.5490043840099,4.54941741931388,101.981307444708
2652.59764791608,5192.59333549216,75.3777599481881,75.3777599481881,5.25877081491034,79.472052069614,4.54897443556321,101.462154231162
2673.98163183616,5194.75746342942,75.325820877694,75.325820877694,5.25962483385751,79.3955235341252,4.548527537118,100.94576112195
2695.35670722156,5196.90968127861,75.2741676493134,75.2741676493134,5.2604741527864,79.3194161667114,4.54807667710794,100.432112132387
2716.72293045798,5199.05006232529,75.2227985041931,75.2227985041931,5.26131880061731,79.2437273758269,4.54762180792286,99.9211913860114
2738.08035749919,5201.17867931471,75.1717116964469,75.1717116964469,5.26215880605735,79.1684545890326,4.54716288119802,99.4129831131315
2759.42904387124,5203.29560445687,75.1209054930351,75.1209054930351,5.26299419760238,79.093595252817,4.54669984779908,98.907471649838
2780.76904467661,5205.40090943148,75.0703781736446,75.0703781736446,5.26382500353901,79.0191468324208,4.54623265780666,98.4046414372428
2802.10041459828,5207.4946653929,75.0201280305705,75.0201280305705,5.26465125194651,78.9451068116624,4.54576126050055,97.9044770211092
2823.42320790379,5209.57694297501,74.9701533685998,74.9701533685998,5.2654729706988,78.8714726927656,4.54528560434362,97.4069630507664
2844.7374784492,5211.64781229602,74.9204525048956,74.9204525048956,5.26629018746626,78.7982419961894,4.54480563696524,96.9120842773712
2866.04327968306,5213.70734296319,74.8710237688834,74.8710237688834,5.26710292971766,78.7254122604611,4.54432130514429,96.4198255540824
2887.34066465032,5215.75560407758,74.821865502138,74.821865502138,5.267911224722,78.6529810420085,4.54383255479184,95.9301718355423
2908.62968599612,5217.79266423866,74.7729760582723,74.7729760582723,5.26871509955035,78.5809459149968,4.54333933093334,95.4431081749507
2929.91039596966,5219.81859154887,74.7243538028272,74.7243538028272,5.26951458107763,78.5093044711672,4.54284157769029,94.9586197255316
2951.18284642789,5221.83345361822,74.6759971131628,74.6759971131628,5.27030969598444,78.4380543196745,4.5423392382617,94.4766917392226
2972.44708883929,5223.83731756872,74.6279043783508,74.6279043783508,5.2711004707588,78.3671930869302,4.54183225490487,93.9973095646861
2993.70317428748,5225.83025003883,74.5800739990681,74.5800739990681,5.27188693169792,78.2967184164453,4.54132056891568,93.5204586478781
3014.95115347488,5227.81231718784,74.532504387492,74.532504387492,5.2726691049099,78.2266279686752,4.54080412060861,93.0461245300605
3036.19107672626,5229.78358470017,74.4851939671958,74.4851939671958,5.27344701631546,78.156919420868,4.54028284929591,92.5742928486144
3057.42299399231,5231.74411778972,74.4381411730467,74.4381411730467,5.27422069164962,78.0875904669104,4.53975669326669,92.1049493346194
3078.64695485311,5233.693981204,74.391344451104,74.391344451104,5.27499015646338,78.0186388171817,4.53922558976496,91.6380798123034
3099.8630085216,5235.63323922839,74.3448022585186,74.3448022585186,5.27575543612535,77.9500621984031,4.53868947496755,91.1736701997317
3121.071203847,5237.56195569024,74.2985130634342,74.2985130634342,5.27651655582339,77.881858353493,4.53814828396122,90.7117065068678
3142.27158931815,5239.48019396298,74.2524753448886,74.2524753448886,5.27727354056625,77.8140250414212,4.53760195071928,90.252174834347
3163.46421306691,5241.38801697011,74.2066875927173,74.2066875927173,5.27802641518512,77.7465600370683,4.53705040807749,89.7950613739945
3184.64912287137,5243.28548718927,74.1611483074576,74.1611483074576,5.27877520433522,77.6794611310813,4.53649358770958,89.3403524076291
3205.82636615919,5245.17266665612,74.1158560002532,74.1158560002532,5.27951993249739,77.6127261297368,4.53593142010176,88.8880343055739
3226.99599001077,5247.04961696829,74.070809192761,74.070809192761,5.28026062397957,77.5463528548012,4.53536383452692,88.4380935274066
3248.15804116245,5248.91639928923,74.0260064170584,74.0260064170584,5.28099730291841,77.4803391433942,4.53479075901796,87.9905166201815
3269.31256600966,5250.77307435203,73.9814462155514,73.9814462155514,5.28172999328069,77.4146828478544,4.53421212034043,87.5452902174271
3290.45961061002,5252.61970246317,73.9371271408839,73.9371271408839,5.28245871886486,77.349381835606,4.53362784396442,87.102401039652
3311.59922068642,5254.45634350631,73.8930477558486,73.8930477558486,5.2831835033025,77.2844339890253,4.53303785403589,86.6618358931117
3332.73144163006,5256.28305694593,73.8492066332978,73.8492066332978,5.28390437005979,77.2198372053116,4.53244207334694,86.2235816684745
3353.85631850346,5258.09990183101,73.8056023560558,73.8056023560558,5.28462134243892,77.1555893963574,4.53184042330547,85.7876253413379
3374.9738960434,5259.90693679864,73.7622335168328,73.7622335168328,5.28533444357957,77.0916884886204,4.53123282390404,85.3539539703611
3396.08421866391,5261.70422007757,73.7190987181383,73.7190987181383,5.28604369646024,77.0281324229984,4.5306191936877,84.9225546979721
3417.18733045914,5263.4918094918,73.6761965721969,73.6761965721969,5.28674912389973,76.9649191547017,4.52999944972119,84.4934147484072
3438.28327520621,5265.26976246399,73.6335257008644,73.6335257008644,5.28745074855846,76.9020466531332,4.52937350755498,84.0665214270565
3459.37209636809,5267.03813601898,73.5910847355445,73.5910847355445,5.28814859293986,76.8395129017636,4.52874128119058,83.6418621218093
3480.45383709641,5268.79698678721,73.548872317107,73.548872317107,5.2888426793917,76.7773158980105,4.52810268304485,83.2194242999882
3501.52854023417,5270.54637100805,73.5068870958068,73.5068870958068,5.28953303010746,76.7154536531204,4.52745762391318,82.7991955086545
3522.59624831857,5272.2863445332,73.4651277312033,73.4651277312033,5.29021966712761,76.6539241920491,4.52680601293183,82.3811633744684
3543.65700358366,5274.01696282996,73.4235928920809,73.4235928920809,5.29090261234092,76.5927255533453,4.52614775753904,81.9653156026717
3564.71084796306,5275.73828098454,73.382281256371,73.382281256371,5.2915818874858,76.531855789034,4.52548276343527,81.5516399765819
3585.75782309257,5277.45035370527,73.3411915110736,73.3411915110736,5.29225751415152,76.4713129645032,4.52481093454201,81.1401243557959
3606.79797031285,5279.15323532578,73.3003223521812,73.3003223521812,5.29292951377949,76.4110951583907,4.52413217295964,80.7307566781586
3627.83133067198,5280.84697980826,73.2596724846018,73.2596724846018,5.29359790766452,76.3512004624697,4.52344637892416,80.3235249571406
3648.85794492804,5282.53164074648,73.2192406220844,73.2192406220844,5.29426271695608,76.2916269815412,4.52275345076226,79.9184172814702
3669.87785355163,5284.20727136899,73.1790254871443,73.1790254871443,5.29492396265946,76.2323728333214,4.52205328484568,79.5154218152777
3690.89109672839,5285.87392454211,73.1390258109894,73.1390258109894,5.29558166563704,76.1734361483358,4.52134577554368,79.1145267967868
3711.8977143615,5287.53165277303,73.0992403334474,73.0992403334474,5.29623584660948,76.1148150698097,4.52063081517458,78.7157205385669
3732.89774607412,5289.18050821277,73.0596678028935,73.0596678028935,5.29688652615686,76.056507753563,4.51990829395551,78.3189914265707
3753.8912312118,5290.8205426592,73.0203069761793,73.0203069761793,5.29753372471991,75.9985123679041,4.51917809995108,77.9243279188963
3774.87820884493,5292.45180755991,72.9811566185622,72.9811566185622,5.29817746260115,75.9408270935281,4.51844011902001,77.531718546056
3795.85871777108,5294.0743540152,72.9422155036353,72.9422155036353,5.29881775996603,75.8834501234109,4.51769423476076,77.1411519107434
3816.83279651734,5295.6882327809,72.9034824132584,72.9034824132584,5.29945463684406,75.8263796627098,4.51694032845502,76.7526166861795
3837.8004833427,5297.29349427126,72.8649561374897,72.8649561374897,5.30008811312997,75.7696139286611,4.51617827900987,76.3661016168828
3858.7618162403,5298.89018856176,72.8266354745178,72.8266354745178,5.3007182085848,75.7131511504808,4.51540796289799,75.9815955162933
3879.71683293972,5300.47836539186,72.7885192305953,72.7885192305953,5.30134494283697,75.6569895692672,4.51462925409605,75.5990872683764
3900.66557090924,5302.05807416785,72.7506062199715,72.7506062199715,5.30196833538344,75.6011274379006,4.51384202402145,75.2185658262804
3921.60806735805,5303.6293639655,72.7128952648281,72.7128952648281,5.30258840559075,75.5455630209489,4.51304614146684,74.840020210428
3942.5443592385,5305.1922835328,72.6753851952128,72.6753851952128,5.30320517269606,75.4902945945713,4.51224147253267,74.463439510309
3963.47448324821,5306.74688129265,72.6380748489764,72.6380748489764,5.30381865580825,75.4353204464226,4.51142788055796,74.0888128827676
3984.39847583228,5308.29320534549,72.6009630717082,72.6009630717082,5.30442887390897,75.380638875561,4.51060522604842,73.7161295515226
4005.3163731854,5309.83130347194,72.5640487166734,72.5640487166734,5.30503584585365,75.3262481923537,4.50977336660277,73.3453788067395
4026.22821125398,5311.36122313538,72.5273306447509,72.5273306447509,5.3056395903725,75.2721467183869,4.50893215683642,72.9765500041835
4047.13402573823,5312.88301148452,72.4908077243715,72.4908077243715,5.30624012607161,75.2183327863737,4.5080814483029,72.6096325660898
4068.03385209422,5314.39671535598,72.4544788314566,72.4544788314566,5.30683747143386,75.1648047400636,4.50722108941287,72.2446159788569
4088.92772553593,5315.90238127674,72.4183428493582,72.4183428493582,5.30743164481996,75.1115609341557,4.50635092535021,71.8814897938643
4109.81568103729,5317.40005546672,72.3823986687988,72.3823986687988,5.30802266446945,75.0585997342076,4.5054707979859,71.5202436266087
4130.69775333417,5318.88978384116,72.3466451878121,72.3466451878121,5.30861054850163,75.0059195165507,4.50458054578859,71.1608671559171
4151.57397692637,5320.37161201314,72.3110813116845,72.3110813116845,5.30919531491656,74.953518668202,4.50368000373274,70.8033501244802
4172.44438607955,5321.84558529595,72.2757059528973,72.2757059528973,5.309776981596,74.9013955867792,4.50276900320352,70.4476823364465
4193.30901482723,5323.31174870548,72.2405180310685,72.2405180310685,5.31035556630434,74.8495486804171,4.50184737189838,70.0938536589593
4214.16789697267,5324.77014696263,72.2055164728969,72.2055164728969,5.31093108668956,74.797976367682,4.50091493372599,69.7418540212565
4235.02106609079,5326.22082449563,72.1707002121048,72.1707002121048,5.31150356028416,74.7466770774896,4.49997612849248,69.3916734135053
4255.86855553002,5327.66382544237,72.1360681893831,72.1360681893831,5.31207300450605,74.6956492490227,4.49917786942272,69.0433018866573
4276.71039841422,5329.09919365269,72.1016193523355,72.1016193523355,5.31263943665947,74.6448913316501,4.49837316701383,68.6967295521225
4297.54662764447,5330.52697269067,72.0673526554239,72.0673526554239,5.3132028739359,74.594401784846,4.49756195256606,68.3519465817611
4318.37727590093,5331.94720583689,72.0332670599146,72.0332670599146,5.31376333341493,74.5441790781097,4.49674415642003,68.0089432068114
4339.20237564463,5333.35993609065,71.9993615338244,71.9993615338244,5.31432083206516,74.4942216908871,4.49591970793976,67.6677097171343
4360.02195911926,5334.76520617217,71.9656350518678,71.9656350518678,5.31487538674506,74.444528112493,4.49508853549553,67.328236462016
4380.83605835295,5336.16305852482,71.9320865954042,71.9320865954042,5.31542701420384,74.3950968420324,4.49425056644634,66.990513849102
4401.64470516,5337.55353531725,71.898715152386,71.898715152386,5.31597573108231,74.3459263883251,4.49340572712186,66.6545323433706
4422.44793114265,5338.93667844555,71.8655197173069,71.8655197173069,5.31652155391371,74.2970152698289,4.49255394280419,66.3202824672478
4443.24576769276,5340.31252953536,71.8324992911514,71.8324992911514,5.31706449912455,74.2483620145656,4.49169513770908,65.98775480109
4464.03824599353,5341.68112994403,71.7996528813434,71.7996528813434,5.31760458303548,74.1999651600444,4.49082923496689,65.6569399812845
4484.82539702118,5343.04252076262,71.7669795016972,71.7669795016972,5.31814182186206,74.1518232531909,4.48995615660293,65.3278287002187
4505.60725154662,5344.39674281804,71.734478172367,71.734478172367,5.31867623171561,74.1039348502718,4.48907582351757,65.0004117071222
4526.38384013707,5345.74383667506,71.7021479197986,71.7021479197986,5.31920782860399,74.0562985168236,4.4881881554659,64.6746798055468
4547.15519315775,5347.08384263832,71.6699877766802,71.6699877766802,5.31973662843243,74.0089128275818,4.48729307103669,64.3506238550545
4567.92134077344,5348.41680075439,71.6379967818947,71.6379967818947,5.32026264700431,73.9617763664075,4.48639048763137,64.0282347693477
4588.68231295011,5349.74275081368,71.6061739804716,71.6061739804716,5.3207859000219,73.9148877262205,4.48548032144191,63.707503516621
4609.4381394565,5351.06173235249,71.5745184235403,71.5745184235403,5.32130640308723,73.8682455089264,4.48456248742897,63.3884211191189
4630.18884986568,5352.37378465488,71.5430291682829,71.5430291682829,5.32182417170277,73.8218483253506,4.48363689929876,63.0709786521058
4650.93447355662,5353.67894675466,71.5117052778881,71.5117052778881,5.32233922127223,73.7756947951678,4.4827034694801,62.755167245082
4671.67503971571,5354.97725743728,71.4805458215052,71.4805458215052,5.32285156710132,73.7297835468355,4.4817621091005,62.4409780794083
4692.41057733829,5356.26875524171,71.449549874199,71.449549874199,5.32336122439848,73.6841132175271,4.48081272796188,62.1284023888388
4713.14111523019,5357.55347846233,71.418716516904,71.418716516904,5.32386820827563,73.6386824530655,4.47985523451566,61.8174314600232
4733.86668200914,5358.8314651508,71.3880448363808,71.3880448363808,5.32437253374891,73.5934899078564,4.47888953583754,61.5080566307585
4754.58730610635,5360.10275311787,71.3575339251711,71.3575339251711,5.32487421573937,73.548534244825,4.47791553760124,61.2002692900744
4775.30301576791,5361.36737993523,71.3271828815545,71.3271828815545,5.32537326907376,73.5038141353498,4.47693314405219,60.8940608783665
4796.01383905624,5362.6253829373,71.2969908095048,71.2969908095048,5.32586970848516,73.4593282592002,4.47594225798011,60.5894228864401
4816.71980385158,5363.87679922303,71.2669568186473,71.2669568186473,5.32636354861374,73.4150753044719,4.47494278069138,60.2863468554349
4837.42093785335,5365.12166565766,71.2370800242162,71.2370800242162,5.32685480400746,73.3710539675254,4.47393461198047,59.9848243764704
4858.11726858159,5366.36001887449,71.2073595470123,71.2073595470123,5.32734348912272,73.327262952923,4.47291765010091,59.6848470902849
4878.80882337835,5367.59189527661,71.1777945133614,71.1777945133614,5.3278296183251,73.283700973368,4.47189179173543,59.3864066869251
4899.49562940908,5368.81733103863,71.1483840550729,71.1483840550729,5.32831320589,73.2403667496428,4.47085693196554,59.0894949052868
4920.17771366398,5370.03636210838,71.1191273093988,71.1191273093988,5.32879426600333,73.1972590105498,4.46981296424033,58.7941035328421
4940.85510295937,5371.24902420861,71.0900234189933,71.0900234189933,5.32927281276218,73.1543764928503,4.46875978034455,58.500224405447
4961.52782393902,5372.45535283866,71.0610715318722,71.0610715318722,5.32974886017548,73.1117179412063,4.4676972703659,58.2078494066596
4982.1959030755,5373.65538327612,71.0322708013732,71.0322708013732,5.33022242216464,73.0692821081209,4.46662532266159,57.9169704674356
5002.85936667149,5374.84915057847,71.0036203861166,71.0036203861166,5.33069351256423,73.0270677538814,4.46554382382408,57.627579566968
5023.51824086105,5376.03668958475,70.9751194499659,70.9751194499659,5.33116214512259,72.985073646499,4.46445265864619,57.3396687309484
5044.17255161098,5377.21803491712,70.9467671619892,70.9467671619892,5.33162833350251,72.9432985616547,4.46335171008494,57.0532300305033
5064.82232472203,5378.39322098247,70.9185626964207,70.9185626964207,5.33209209128178,72.9017412826419,4.46224085922486,56.7682555847734
5085.46758583022,5379.56228197406,70.8905052326225,70.8905052326225,5.33255343195395,72.8604006003083,4.46111998524051,56.4847375586016
5106.10836040806,5380.72525187303,70.8625939550472,70.8625939550472,5.33301236892879,72.8192753130028,4.45998896535773,56.2026681615498
5126.74467376583,5381.88216444998,70.8348280532004,70.8348280532004,5.33346891553305,72.7783642265193,4.45884767481422,55.9220396495838
5147.37655105277,5383.03305326653,70.8072067216033,70.8072067216033,5.33392308501097,72.7376661540418,4.45769598681905,55.6428443234241
5168.00401725833,5384.17795167682,70.7797291597564,70.7797291597564,5.33437489052494,72.6971799160914,4.45653377251116,55.3650745279039
5188.62709721339,5385.31689282903,70.7523945721033,70.7523945721033,5.33482434515604,72.6569043404723,4.45536090091698,55.0887226536529
5209.24581559142,5386.44990966693,70.7252021679938,70.7252021679938,5.33527146190472,72.6168382622171,4.45417723890684,54.8137811347298
5229.8601969097,5387.57703493129,70.6981511616491,70.6981511616491,5.3357162536913,72.5769805235368,4.45298265115032,54.5402424486846
5250.47026553049,5388.69830116142,70.671240772126,70.671240772126,5.3361587333566,72.5373299737668,4.45177700007062,54.2680991174779
5271.07604566217,5389.8137406966,70.6444702232816,70.6444702232816,5.33659891366252,72.4978854693159,4.45056014579756,53.9973437061369
5291.67756136043,5390.92338567755,70.6178387437388,70.6178387437388,5.33703680729258,72.4586458736143,4.44933194611968,53.7279688225147
5312.27483652941,5392.02726804784,70.5913455668518,70.5913455668518,5.33747242685252,72.4196100570639,4.44809225643486,53.4599671169306
5332.86789492281,5393.12541955533,70.564989930672,70.564989930672,5.33790578487083,72.3807768969877,4.44684092969985,53.1933312828392
5353.45676014502,5394.21787175359,70.5387710779139,70.5387710779139,5.33833689379934,72.3421452775788,4.44557781637851,52.9280540553663
5374.04145565225,5395.30465600327,70.5126882559214,70.5126882559214,5.33876576601375,72.3037140898526,4.4443027643885,52.6641282118876
5394.62200475361,5396.38580347353,70.4867407166354,70.4867407166354,5.33919241381418,72.265482231596,4.44301561904718,52.4015465708298
5415.19843061223,5397.46134514335,70.4609277165597,70.4609277165597,5.33961684942572,72.2274486073212,4.44171622301521,52.1403019921428
5435.77075624632,5398.53131180296,70.4352485167289,70.4352485167289,5.34003908499895,72.1896121282147,4.44040441623961,51.8803873777704
5456.33900453025,5399.59573405516,70.4097023826762,70.4097023826762,5.34045913261052,72.1519717120913,4.4390800358948,51.6217956689512
5476.90319819559,5400.65464231663,70.3842885844008,70.3842885844008,5.3408770042636,72.1145262833475,4.4377429163221,51.3645198483672
5497.46335983223,5401.70806681932,70.3590063963362,70.3590063963362,5.34129271188847,72.0772747729118,4.43639288896795,51.1085529391388
5518.01951188935,5402.75603761171,70.333855097319,70.333855097319,5.34170626734301,72.0402161182011,4.43502978232029,50.8538880032335
5538.57167667649,5403.79858456012,70.3088339705572,70.3088339705572,5.34211768241322,72.0033492630737,4.43365342184309,50.6005181432091
5559.11987636456,5404.83573735003,70.2839423035992,70.2839423035992,5.34252696881374,71.9666731577828,4.43226362990959,50.3484365016126
5579.6641329869,5405.86752548736,70.2591793883033,70.2591793883033,5.34293413818833,71.9301867589313,4.43086022573341,-405.452096273358
5600.40203492853,5388.09779962158,70.685652809082,70.685652809082,5.33592176044756,72.5585650877412,4.45242485982453,-1237.76746008401
5621.27193760459,5354.36673884605,71.4951982676948,71.4951982676948,5.32261064121356,73.7513728867591,4.4822063858539,-1614.29524956999
5642.27607949185,5320.50072840273,72.3079825183346,72.3079825183346,5.30924626746941,74.9489528160484,4.50360081502577,-1610.39387526419
5663.41676471426,5286.49696739457,73.1240727825303,73.1240727825303,5.29582753391116,76.1514039217634,4.52107839305122,-1606.49922315694
5684.69636578467,5252.35257142722,73.9435382857467,73.9435382857467,5.28235330228474,77.3588282027144,4.53371291335907,-1602.61119425694
5706.11732649567,5218.06456908262,74.7664503420171,74.7664503420171,5.26882239999436,78.5713307350704,4.54327294830615,-1598.72968585659
5727.68216496994,5183.62989819946,75.592882443213,75.592882443213,5.25523361863467,79.7890198038899,4.55075940338547,-1594.854591297
5749.39347688078,5149.04540194727,76.4229103532655,76.4229103532655,5.2415857124415,81.0120070419504,4.55678126075674,-1590.98579972351
5771.25393885467,5114.30782468009,77.256612207678,77.256612207678,5.22787739665562,82.2404075763723,4.56173030628367,-1587.12319581854
5793.26631206861,5079.41380755434,78.0940686186958,78.0940686186958,5.21410734579345,83.4743401835809,4.56587003290506,-1583.26665951323
5815.43344605605,5044.35988389442,78.935362786534,78.935362786534,5.20027419181819,84.7139274531892,4.56938418018294,-1579.41606567955
5837.7582827364,5009.14247428789,79.7805806170907,79.7805806170907,5.18637652220428,85.9592959614441,4.57240478626449,-1575.57128379465
5860.24386068447,4973.75788139095,80.6298108466172,80.6298108466172,5.22204455263853,86.7502838490949,4.58396375211369,-1571.73217758267
5882.89331965735,4938.20228442285,81.4831451738515,81.4831451738515,5.27525966653713,87.3839583485574,4.59852500904498,-1567.89860462559
5905.70990539832,4902.47173332626,82.3406784001699,82.3406784001699,5.32873662961473,88.0207508935389,4.61300628734059,-1564.07041594029
5928.6969747385,4866.56214256849,83.2025085783563,83.2025085783563,5.38248155657916,88.6607342967075,4.62740935777807,-1560.24745552546
5951.8580010193,4830.46928455628,84.0687371706492,84.0687371706492,5.43650077475652,89.3039839025453,4.6417359888649,-1556.42955986516
5975.1965798607,4794.18878263424,84.9394692167783,84.9394692167783,5.49080083457023,89.9505777121311,4.65598794817793,-1552.61655739374
5998.71643530273,4757.71610363428,85.8148135127774,85.8148135127774,5.5453885206921,90.6005965159242,4.67016700375249,-1548.8082679132
6022.42142635004,4721.04654994062,86.6948828014251,86.6948828014251,5.6002708639184,91.2541240351835,4.68427492552609,-1545.00450195951
6046.31555395254,4684.17525103102,87.5797939752555,87.5797939752555,5.65545515382989,91.9112470727192,4.69831348684221,-1541.20506011195
6070.40296845818,4647.09715445158,88.4696682931621,88.4696682931621,5.71094895229962,92.5720556737415,4.71228446602026,-1537.40973224088
6094.68797757744,4609.80701617802,89.3646316117275,89.3646316117275,5.76676010791888,93.2366432976418,4.72618964799825,-1533.61829668688
6119.1750549033,4572.29939031175,90.2648146325181,90.2648146325181,5.82289677141888,93.9051070016308,4.74003082605544,-1529.83051936166
6143.86884903483,4534.5686180537,91.1703531667111,91.1703531667111,5.8793674121733,94.5775476372473,4.75380980362273,-1526.04615276447
6168.77419335753,4496.60881589324,92.0775127795831,92.0775127795831,5.93737275653929,95.2471500936832,4.76766276579513,-1522.2649349046
6193.89611653925,4458.41386294263,92.9505402755971,92.9505402755971,6.007962742887,95.8499237073375,4.78286110050535,-1518.48658811911
6219.23985380678,4419.97738734048,93.8290882893605,93.8290882893605,6.07899909922231,96.4565089104872,4.79805769532804,-1514.71081776928
6244.81085907547,4381.29275163908,94.7133085339639,94.7133085339639,6.15049409254143,97.0670104520072,4.81325424969355,-1511.01299192827
6270.61224482778,4342.35303708133,95.6033591524267,95.6033591524267,6.22246050974241,97.6815375202561,4.8284525172686,-1499.08947118405
6296.65070667193,4303.58018191944,96.4895958418414,96.4895958418414,6.29411854582059,98.2934312971078,4.843488424765,-1489.97985519879
6322.93259954273,4264.3967625392,97.385216856247,97.385216856247,6.3665353659875,98.911804392781,4.85858592429887,-1489.77933450035
6349.46495929796,4224.8985997901,98.2880320047978,98.2880320047978,6.43953387898015,99.5351446106303,4.87370633145084,-1488.74552813332
6376.25361934617,4185.01533275132,99.1996495371127,99.1996495371127,6.51324412230497,100.164562351461,4.88887492776275,-1484.48966027289
6403.30391166658,4144.97523167896,100,100,6.58724421838347,100.796455168443,4.89793840423797,-1473.78376252165
6430.62427143656,4104.88474854279,100,100,6.66133742805216,101.429143089918,4.86477165090464,-1468.91105152796
6458.22086814265,4064.30710739498,100,100,6.73633097859665,102.069519095089,4.83142142752156,-1464.77647621437
6486.10073538171,4023.62412917238,100,100,6.81151920781194,102.711557477206,4.79820419578311,-1455.18493236301
6514.27188742409,3982.74250869304,100,100,6.9015537990233,103.357822889465,4.76505674573958,-1448.79219584817
6542.74273294844,3941.56164514045,100,100,7.01221343133663,104.010324820482,4.73194852671798,-1443.90237749688
6571.52716922737,3900.07147117303,100,100,7.12370423069754,104.667727708535,4.6988747855275,-1450.60782978881
6600.63524295677,3857.58231683624,100,100,7.23787945167631,105.340959225806,4.66529550265921,-1458.34244288306
6630.07281144597,3814.6918762798,100,100,7.35313299354707,106.020549036969,4.63169366112268,-1445.46371477766
6659.84689460239,3771.99402289044,100,100,7.46786902259126,106.697087345867,4.59853285605447,-1424.78623128969
6689.96245583416,3729.36193555867,100,100,7.58242832761552,107.372583605719,4.56570822591024,-1402.31403864071
6720.40325961457,3687.07498210481,100,100,7.69606020216033,108.042611293464,4.53342715186786,-1333.53011727538
6751.21434375861,3647.68069827144,100,100,7.80191900618178,108.666805252861,4.50360013784946,-1342.60578093079
6782.39558368221,3603.84372943826,100,100,7.91971602242491,109.36139260111,4.47228637853212,-1380.75619772134
6813.94705285773,3561.06212138298,100,100,8.03467711378533,110.039257984686,4.44210008868084,-1331.71802630651
6845.89821416409,3519.27613170766,100,100,8.14696281773649,110.701348009044,4.41278356955142,-1335.48611894141
6878.2010138145,3475.25184843821,100,100,8.28050057520475,111.502807841171,4.37572627131137,-1259.80974121746
6910.87215712557,3437.42132543948,100,100,8.40544949338131,112.261054899128,4.33991756133169,-1165.82685601379
6943.89256795513,3398.66687040778,100,100,8.53345002963865,113.037820568256,4.30354362014188,-1125.58272902068
6977.24066742978,3362.71807649023,100,100,8.65218386025211,113.758351638525,4.27007942528882,-1028.88941501956
7010.94728855711,3329.67497815331,100,100,8.76132058539171,114.420643092984,4.23955199216806,-1011.28207817362
7044.93622339267,3294.25877397296,100,100,8.87829534670821,115.130499327979,4.20707595026284,-919.26516191395
7079.23930780553,3266.89650402148,100,100,8.96866909145943,115.678928454651,4.18215617519581,-831.714663467793
7113.80682827857,3236.97808200746,100,100,9.06748544840821,116.278591205061,4.15507726303164,-787.298384181831
7148.69301567806,3212.215712038,100,100,9.14927208771202,116.774909857014,4.13279726920091,-771.799787223255
7183.90825561383,3182.87381530606,100,100,9.24618426241358,117.363017160544,4.10655045539132,-834.85155660973
7219.46342964539,3153.13292177546,100,100,9.34441426764976,117.95912166117,4.08011523940148,-836.95623836937
7255.46182475185,3122.9866092384,100,100,9.4439833150733,118.563352080884,4.05349114525694,-947.31762741624
7291.87556270024,3084.53563169379,100,100,9.57098150770182,119.334035071436,4.01978058835321,-1005.09361036686
7328.7225105452,3049.35276205641,100,100,9.68718559770832,120.039214521213,3.98965253602556,-957.346567970176
7366.07454122152,3013.50149425955,100,100,9.80559731320658,120.757790849961,3.96009060943122,-1018.8731878747
7403.90412843615,2972.75222736628,100,100,9.95806103040526,121.725573944716,3.92079829708133,-1027.26753423901
7442.27374022123,2935.22453099213,100,100,10.1066280032918,122.68576806057,3.88228407929105,-1019.34837529046
7481.24653988752,2893.91336591228,100,100,10.2701732068434,123.742767062941,3.8403662014162,-1096.85888150854
7520.77125606947,2849.12383355763,100,100,10.4474887865846,124.888764541444,3.79547636031994,-1061.49661474918
7560.92104766447,2809.33914562524,100,100,10.6049908776914,125.90670667338,3.75608031263279,-1032.91023407274
7601.63222380031,2765.60171245142,100,100,10.778141341916,127.025784848533,3.71327943434077,-997.666760651938
7642.98607201754,2727.46559861609,100,100,10.9291169555984,128.001546103398,3.67638782903323,-966.365889496166
7684.95793415497,2685.07858824664,100,100,11.0969212822353,129.086071983687,3.63584370348955,-968.490551749687
7727.57481790467,2645.54219744005,100,100,11.2534403992745,130.097661116047,3.59845520694437,-926.590491240362
7770.84011041286,2605.50098035905,100,100,11.4119580538917,131.122166874394,3.56100420855608,-907.884514247015
7814.68872545664,2566.45282979807,100,100,11.5665442951527,132.12126375553,3.52487762969097,-829.107067629039
7859.11571860626,2532.31104970665,100,100,11.7017068925733,132.994824872145,3.49403238512035,-750.037765077976
7904.16285123847,2499.34385646436,100,100,11.832963202522,133.842031418772,3.46607215847028,-742.0901268986
7949.90564332552,2464.93674295062,100,100,12.0081767406951,134.916337262018,3.43422625872304,-779.881804817006
7996.34866277972,2427.44981938105,100,100,12.1990737920047,136.086805136926,3.39991547047207,-791.058774970572
8043.5597414808,2390.85084679293,100,100,12.3854490739098,137.229548194769,3.36679893771984,-792.968616456823
8091.55397406756,2351.95499540979,100,100,12.5835208981671,138.444007536216,3.33201013609973,-798.905308703903
8140.2849328085,2313.57657795583,100,100,12.7789577606318,139.642310849538,3.29808713761533,-746.75220955397
8189.78684723125,2278.59938032397,100,100,12.9570743745119,140.734416636944,3.26751325458924,-706.897358739124
8239.96658498309,2243.11188131886,100,100,13.1377896286153,141.842455750082,3.23682189216266,-653.225809726946
8290.49819252918,2212.81213024304,100,100,13.2920869831329,142.7885159192,3.21087512740983,-450.685420395525
8341.38623899765,2197.40352191294,100,100,13.370553221888,143.269624512013,3.19777022739685,-301.196365971306
8392.75721175564,2182.01208526424,100,100,13.4489320161948,143.750196947159,3.18473998800877,-349.185234049568
8444.20849343689,2161.49950893107,100,100,13.5533895166749,144.390668592825,3.16746683298312,-232.126412252474
8495.65977511814,2158.12568241932,100,100,13.5705702685584,144.49601080743,3.16463588609098,-65.573225807209
8547.11105679939,2154.75185590756,100,100,13.5877510204419,144.601353022034,3.16180777308188,43.8651910119022
8598.64289889307,2162.64305681471,100,100,13.5475661548668,144.354963180544,3.16842701733419,272.420470814501
8649.98670805279,2182.77728925736,100,100,13.4450353191061,143.726304704041,3.1853863906792,394.226446010633
8700.8569149842,2202.93852511079,100,100,13.3423669721548,143.096803090202,3.2024707589396,243.174523452095
8751.26155911021,2207.40475290093,100,100,13.3196233155826,142.95735243241,3.20626931834308,189.350217140895
8801.56421984507,2222.00747515387,100,100,13.245260941887,142.501406314251,3.21872452921208,363.414938902648
8851.53629853126,2243.84609120111,100,100,13.1340507648138,141.819531247381,3.23745355588898,443.298184549742
8901.04095440727,2266.10533099023,100,100,13.0206986186381,141.124522892143,3.25667029810447,-8.63183238339616
8950.98542915632,2242.98766297488,100,100,13.1384221936093,141.846334264702,3.23671503702638,-427.386187869556
9001.34782010171,2223.23556204394,100,100,13.2390070767057,142.463061309766,3.21977449601369,-378.307976607203
9051.96376600594,2204.78675268014,100,100,13.3329551250481,143.039095207307,3.20404207491935,-291.119477419168
9102.65826475555,2193.74211833921,100,100,13.389198420782,143.383945850017,3.19466509355867,-142.460350941936
9153.35276350516,2190.34284051475,100,100,13.4065087800081,143.490082740232,3.19178529695435,-67.0541561880246
9204.04726225477,2186.94356466515,100,100,13.4238191291775,143.596219568786,3.18890842048885,43.5790949875075
9254.82055800129,2194.76471516927,100,100,13.3839909857367,143.352016936556,3.19553198776456,82.3063660081775
9305.41292064602,2195.28660364536,100,100,13.3813333397708,143.33572182249,3.19597451445073,103.075301397324
9355.99325589942,2205.1931214983,100,100,13.3308857472026,143.026407005616,3.2043876757606,330.783958762239
9406.34636615865,2228.67376832354,100,100,13.2113137520918,142.293262213407,3.224428601235,465.772337828628
9456.16897095972,2251.85219849559,100,100,13.0932807541153,141.569553641888,3.24435052218604,-28.6038198582096
9506.65892552008,2225.80444594605,100,100,13.2259253854018,142.382852111585,3.22197204275187,-519.641986340429
9557.46154055972,2199.21632642712,100,100,13.3613217618639,143.213022656078,3.19930887297078,-394.58448939826
9608.34314021769,2185.68143200973,100,100,13.4302463677807,143.635627596609,3.18784099396847,-166.344764610466
9659.22473987567,2182.2885509909,100,100,13.4475241521456,143.741564757031,3.18497351419923,-66.6818663440573
9710.10633953364,2178.8956719542,100,100,13.4648019264168,143.847501855565,3.18210893314471,150.364475880274
9761.06716974636,2197.60203458078,100,100,13.369542323171,143.263426278646,3.19793867745239,416.660311941509
9811.59421269701,2221.18164084473,100,100,13.2494663906001,142.527191639821,3.21801869009335,466.125223045553
9861.584870979,2244.45587048787,100,100,13.1309455468682,141.800491886506,3.23797827409282,465.025102410129
9911.05714345703,2267.43440040742,100,100,13.0139305136946,141.083024873415,3.25782178756542,451.002306873923
9960.02805629568,2288.85397416171,100,100,12.9048542524107,140.414233716758,3.27644334421341,449.810899508218
10008.5406890993,2311.28356176002,100,100,12.7906346332237,139.713906529798,3.29607284179155,461.802608215092
10056.5825365934,2333.44308499805,100,100,12.6777902799997,139.022011660771,3.31559776758433,460.713193777735
10104.1681550744,2355.34039702228,100,100,12.56628120166,138.338303908023,3.33502162926547,459.626463935407
10151.3113758717,2376.98296642824,100,100,12.4560693653995,137.662550076874,3.35434775564106,458.542407214326
10198.025354877,2398.37790335416,100,100,12.3471185638077,136.994528164887,3.37357930895034,457.461012474224
10244.3226178039,2419.53198333403,100,100,12.239394293401,136.334026617094,3.392719296102,456.382268884353
10290.2151016208,2440.45166914097,100,100,12.1328636433876,135.680843643977,3.41177057895615,455.306165899095
10335.7141925448,2461.14313082479,100,100,12.0274951936294,135.034786595822,3.43073588374938,454.232693241335
10380.8307609389,2481.61226412287,100,100,11.9232589208872,134.395671387871,3.44961780974828,453.161840879374
10425.5751934174,2501.86470740348,100,100,11.822239761587,133.773833485872,3.46825371890144,452.093599014307
10469.9574224248,2521.90585728216,100,100,11.7428996139542,133.261055030285,3.48519494988523,451.027958063146
10513.9869535309,2541.74088303624,100,100,11.6643754832954,132.753550524093,3.50221359459073,449.964908644773
10557.6728906501,2561.37473992889,100,100,11.586647752407,132.251193180549,3.52020785347738,448.904441568762
10601.0239593784,2580.81218154203,100,100,11.5096976025142,131.753861373179,3.53811761069663,447.846547819513
10644.0485286144,2600.05777120691,100,100,11.433506968018,131.261438343315,3.55594497454586,446.791218552359
10686.7546306169,2619.11589261199,100,100,11.3580584945005,130.773811928681,3.57369196617926,445.738445077666
10729.1499796364,2637.99075965931,100,100,11.2833354997049,130.290874311203,3.59136052445975,444.688218853337
10771.24198924,2656.68642563372,100,100,11.2093219372356,129.812521782404,3.60895251046992,443.640531479799
10813.0377884424,2675.20679174268,100,100,11.1360023627505,129.338654524899,3.62646971171087,442.595374686179
10854.5442367411,2693.55561507867,100,100,11.0633619024387,128.869176408672,3.6439138460147,441.552740328472
10895.7679381446,2711.73651605147,100,100,10.9913862235974,128.403994800908,3.66128656519446,440.512620381482
10936.7152542767,2729.75298533269,100,100,10.9200615071392,127.943020388308,3.67858945845245,439.475006930573
10977.3923166286,2747.60839035143,100,100,10.8493744218769,127.486167010892,3.6958240555664,438.439892168548
11017.8050380264,2765.30598137588,100,100,10.7793121004471,127.03335150639,3.71299182987069,437.407268388276
11057.9591233745,2782.84889721292,100,100,10.7098621167463,126.584493564412,3.73009420104879,436.37712798037
11097.8600797293,2800.24017055454,100,100,10.6410124647653,126.139515589656,3.74713253775099,435.349463426706
11137.5132257549,2817.48273299762,100,100,10.5727515387166,125.698342573465,3.76410816005083,434.324267295874
11176.9237006051,2834.57941976118,100,100,10.5050681143591,125.260901973133,3.78102234175211,433.301532240213
11216.0964722747,2851.53297412306,100,100,10.4379513314342,124.827123598388,3.79787631255739,432.281250991371
11255.0363454578,2868.34605159635,100,100,10.3713906771321,124.396939504531,3.81467126010815,431.263416358322
11293.7479689482,2885.02122386381,100,100,10.3053759705155,123.970283891769,3.83140833190548,430.248021221404
11332.2358426149,2901.56098248748,100,100,10.2398973478339,123.5470930103,3.84808863712016,429.235058532223
11370.5043239805,2917.96774240882,100,100,10.1749452486672,123.127305070756,3.86471324829932,428.224521307973
11408.5576344322,2934.24384525381,100,100,10.1105104028413,122.710860159644,3.88128320297723,427.216402631501
11446.399865087,2950.39156245611,100,100,10.0465838180636,122.297700159426,3.89779950519644,426.210695647343
11484.0349823381,2966.4130982104,100,100,9.98315676823144,121.887768672962,3.91426312694539,425.207393557414
11521.4668330998,2982.31059226709,100,100,9.92022078236816,121.481010952001,3.93067500951802,424.206489623554
11558.6991497732,2998.08612257871,100,100,9.85776763414636,121.07737382947,3.9470360648005,423.207977161706
11595.7355549496,3013.74170780753,100,100,9.80480392150664,120.752976187049,3.96028780269666,422.211849539805
11632.5795658687,3029.27930970316,100,100,9.75348539894796,120.441551972124,3.97306790111959,421.218100178086
11669.2345986463,3044.70083535836,100,100,9.70255025995149,120.132454303617,3.98580170337788,420.226722546675
11705.7039722873,3060.00813935062,100,100,9.65199237910758,119.825646009749,3.99848992454895,419.237710162705
11741.9909124956,3075.20302577642,100,100,9.60180579773827,119.521090930541,4.01164011711571,418.251056588904
11778.0985552948,3090.28725018482,100,100,9.55198471751093,119.218753879064,4.02480556131476,417.266755433788
11814.0299504695,3105.26252141636,100,100,9.50252349436463,118.918600604582,4.03791781615629,416.284800349665
11849.7880648395,3120.1305033528,100,100,9.45341663273099,118.620597757478,4.05097763237366,415.305185029167
11885.3757853757,3134.89281658314,100,100,9.40465878003156,118.324712855862,4.0639857402168,414.327903207039
11920.7959221671,3149.55103999057,100,100,9.35624472143633,118.030914253767,4.07694285021733,413.352948657389
11956.0512112479,3164.10671226503,100,100,9.30816937486797,117.739171110827,4.08984965391746,412.380315191674
11991.1443172924,3178.56133334557,100,100,9.26042778623791,117.449453363372,4.10270682456475,411.409996659237
12026.077836185,3192.91636579646,100,100,9.21301512490123,117.161731696846,4.11551501777479,410.441986946183
12060.8542974726,3207.17323612071,100,100,9.16592667931833,116.875977519474,4.12827487216337,409.476279973199
12095.476166706,3221.33333601455,100,100,9.1191578529115,116.592162937126,4.14098700995005,408.512869696392
12129.9458476757,3235.39802356595,100,100,9.07270416010641,116.31026072929,4.15365203753458,407.551750103459
12164.2656845493,3249.36862440036,100,100,9.0265612225479,116.030244326108,4.16627054604766,406.592915216153
12198.4379639133,3263.24643277632,100,100,8.98072476548132,115.752087786418,4.17884311187741,405.636359089132
12232.4649167276,3277.03271263384,100,100,8.93519061428985,115.475765776741,4.191370297173,404.682075804357
12266.3487201946,3290.72869859768,100,100,8.88995469118087,115.20125355117,4.20385265032626,403.730059477481
12300.0914995483,3304.3355969383,100,100,8.84501301201201,114.92852693211,4.21629070643299,402.780304253397
12333.6953297684,3317.85458649225,100,100,8.8003616832513,114.657562291833,4.22868498773441,401.832804304434
12367.1622372217,3331.28681954437,100,100,8.7559968990633,114.388336534792,4.24103600404029,400.88755383268
12400.4942012358,3344.6334226736,100,100,8.71191493851559,114.120827080672,4.25334425313433,399.944547067004
12433.6931556076,3357.89549756417,100,100,8.66811216289948,113.855011848128,4.26561022116285,399.00377826404
12466.7609900504,3371.07412178405,100,100,8.62458501315893,113.590869239182,4.27783438300764,398.065241706442
12499.6995515825,3384.17034953209,100,100,8.58133000742278,113.328378124253,4.29001720264366,397.128931703353
12532.51064586,3397.18521235558,100,100,8.53834373863485,113.067517827768,4.30215913348238,396.194842588758
12565.1960384568,3410.11971983937,100,100,8.4956228722778,112.808268114354,4.31426061870147,395.262968723027
12597.7574560937,3422.97486026826,100,100,8.45316414418537,112.550609175561,4.3263220915615,394.333304489808
12630.1965878205,3435.75160126361,100,100,8.41096435843975,112.294521617101,4.33834397571017,393.405844296471
12662.5150861511,3448.45089039563,100,100,8.36902038534928,112.039986446577,4.35032668547492,392.480582576385
12694.7145681559,3461.0736557723,100,100,8.3273291595033,111.786985061677,4.36227062614407,391.557513783964
12726.7966165123,3473.62080660609,100,100,8.2858876779004,111.535499238819,4.37417619423737,390.636632397003
12758.7627805157,3486.09323375958,100,100,8.24469299814625,111.285511122212,4.3860437777664,389.717932915649
12790.6145770524,3498.49181027067,100,100,8.20374223671898,111.037003213328,4.39787375648495,388.801409862103
12822.3534915366,3510.81739185864,100,100,8.1696928180516,110.835374923715,4.40686901772513,387.887057781915
12853.9809788127,3523.0708174117,100,100,8.13676588429392,110.641222029744,4.41543908563726,386.974871240441
12885.498464025,3535.25290945682,100,100,8.10403063519457,110.448199399874,4.42397324484703,386.064844823375
12916.9073434556,3547.36447461286,100,100,8.0714849032384,110.256294253401,4.43247185085582,385.156973139144
12948.2089853321,3559.40630402744,100,100,8.03912656248395,110.065494054761,4.44093525230482,384.251250815673
12979.4047306068,3571.37917379842,100,100,8.00695352743091,109.875786506851,4.44936379116449,383.347672500823
13010.4958937082,3583.28384538069,100,100,7.97496375192699,109.687159544581,4.45775780291731,382.446232861599
13041.4837632662,3595.1210659787,100,100,7.94315522811313,109.499601328659,4.46611761673411,381.54692658631
13072.3696028115,3606.89156892555,100,100,7.91152598540485,109.313100239578,4.4744435556443,380.649748382931
13103.1546514518,3618.5960740491,100,100,7.88007408950842,109.12764487182,4.48273593670027,379.75469297642
13133.840124524,3630.23528802558,100,100,7.84879764147064,108.943224028254,4.49099507113611,378.861755110223
13164.4272142248,3641.80990472138,100,100,7.81769477676045,108.759826714714,4.49922126452101,377.970929548676
13194.9170902191,3653.32060552337,100,100,7.78676366438127,108.577442134773,4.50785590661214,377.082211075008
13225.310900229,3664.76805965824,100,100,7.75600250601287,108.396059684677,4.51650873998086,376.195594487063
13255.6097706028,3676.15292450133,100,100,7.72540953518154,108.215668948456,4.52513398520821,375.311074601883
13285.814806865,3687.47584587541,100,100,7.69498301645718,108.036259693186,4.53373187582212,374.42864625697
13315.9270942482,3698.73745833972,100,100,7.6647212446766,107.857821864413,4.54230264109625,322.274193473774
13345.9476982084,3706.85512493435,100,100,7.64290776328962,107.729199182142,4.54849272848712,303.848191493094
13375.9025598492,3716.96089509654,100,100,7.61575192647812,107.569075426194,4.55621298800817,322.344214251603
13405.7759794313,3726.14042523517,100,100,7.59108504622553,107.42362774432,4.56323929333655,269.301053657137
13435.6687091316,3733.05598207132,100,100,7.57250182793646,107.314052232775,4.5685412818065,-193.203041003887
13465.7161027251,3714.55981113666,100,100,7.62220402692556,107.607120085416,4.55437726626047,-624.682142882709
13495.8853197826,3695.43974069272,100,100,7.67358274467463,107.910073491673,4.53979086930164,-563.117019501602
13526.169392552,3680.51753475027,100,100,7.71368112242687,108.14651263725,4.52844587085944,-476.522536885805
13556.4931096332,3666.55876291807,100,100,7.7511905971013,108.367686376443,4.51786408286198,-309.202198902042
13586.8168267143,3661.76521474952,100,100,7.76407163533233,108.443639116783,4.51423704638935,-158.079174651374
13617.1405437955,3656.97166658097,100,100,7.77695267356337,108.519591857124,4.51061349341697,-6.83459592619326
13647.5040091197,3661.35044237988,100,100,7.76518619568776,108.450211095824,4.51392337284827,159.937616619044
13677.8311613923,3666.67837931054,100,100,7.75086916853309,108.365791080416,4.51795463515258,229.409895690781
13708.1142462182,3675.25503055044,100,100,7.72782232126445,108.229895885102,4.52445301913752,296.164120992846
13738.3266618102,3684.59497601583,100,100,7.70272437911696,108.081906456858,4.53154247530163,333.043265510235
13768.4624930515,3695.35360774362,100,100,7.67381419782192,107.911438249737,4.53972528676463,325.739036080773
13798.510587003,3704.19922979569,100,100,7.65004458253411,107.77128126972,4.54646637510975,290.442152222832
13828.4869261525,3712.78723327943,100,100,7.62696722995255,107.635206200542,4.55302263160297,263.88099316876
13858.3939273926,3720.00130513196,100,100,7.60758185359532,107.520900782729,4.5585387745173,201.473204371498
13888.2429310035,3724.8264670572,100,100,7.59461586409348,107.44444712921,4.56223274989619,153.039046474506
13918.0532680412,3729.13151373812,100,100,7.58304750826739,107.376234589936,4.56553157968253,144.661620763412
13947.8291909285,3733.44631199318,100,100,7.5714529483864,107.307867539066,4.56884075893702,176.554779126949
13977.5707013482,3739.63960102984,100,100,7.55481058034252,107.20973620555,4.57359566452427,200.553598363399
14007.2629562808,3745.36596749887,100,100,7.5394229086599,107.119003159751,4.57799738638515,217.6182188342
14036.9098141188,3752.55287305818,100,100,7.52011053252072,107.005128186014,4.58352900562224,-179.469984155493
14066.7927586875,3734.68215480416,100,100,7.56813203912753,107.288285875375,4.56978910392577,-613.679514321314
14096.8380555867,3715.77613894003,100,100,7.6189355576444,107.587847632826,4.55530708498286,-646.857272109457
14127.0603503015,3695.69762489612,100,100,7.67288976816404,107.905987371903,4.53998723185078,-688.165218420839
14157.4666398636,3674.05365599857,100,100,7.73105060874344,108.248931406637,4.52354208420512,-719.373840243855
14188.0528928727,3651.82118532044,100,100,7.79079284866798,108.601200125582,4.50672400304289,-712.495754724473
14218.827092946,3630.33459366939,100,100,7.84853079116487,108.941650551674,4.49106559388801,-707.425860405245
14249.7669353312,3608.16307573515,100,100,7.90810924122088,109.292953487495,4.47534375559514,-668.930228505123
14280.8492609374,3588.84609066252,100,100,7.96001710038487,109.599026963715,4.46168437234348,-574.585179757905
14312.0178762188,3572.39460767515,100,100,8.00422489258103,109.859697175345,4.45007925105063,-421.857976224652
14343.2910921354,3562.50450612157,100,100,8.03080119300424,110.016403708549,4.44311499073864,-348.403176969356
14374.6055282551,3550.58887086665,100,100,8.06282042966753,110.205204387855,4.4347367212905,-264.884060662838
14405.9199643747,3545.91511612809,100,100,8.07537956360194,110.279259027047,4.43145411673443,-149.252380300157
14437.2344004944,3541.24136260942,100,100,8.08793869425832,110.35331364691,4.42817357456997,0.533089042804548
14468.5901656117,3545.94852492568,100,100,8.07528978876629,110.27872967183,4.43147757403502,197.490426272024
14499.9043066967,3553.61806909974,100,100,8.05468048470864,110.157207392988,4.43686537606167,314.502799049943
14531.1508644951,3565.62403983503,100,100,8.02241850201769,109.966975367414,4.44531065536501,383.782384339276
14562.2922106239,3577.56144762285,100,100,7.99034075904158,109.777829707005,4.4537212468601,382.879915813498
14593.3296460434,3589.43104647963,100,100,7.95844522961635,109.589758464532,4.46209748273456,381.979583207884
14624.264446281,3601.23357636961,100,100,7.92672992533856,109.402749915421,4.47043968895339,381.081381218303
14655.097862119,3612.96976357711,100,100,7.89519289456494,109.216792551854,4.47874818542614,380.185304561985
14685.8311202572,3624.64032106612,100,100,7.86383222144608,109.031875077068,4.48702328616833,379.291347975139
14716.4654239547,3636.24594882772,100,100,7.83264602499286,108.847986399857,4.49526529945739,-80.6367281100281
14747.2809009188,3619.68521181049,100,100,7.87714740041507,109.110387718105,4.48350823330143,-533.730931467767
14778.1368655014,3603.32999288604,100,100,7.92109651552462,109.36953264635,4.47192285727603,-341.640984716539
14808.9928300841,3598.6018875617,100,100,7.93380169826228,109.444448458891,4.46857842105062,-153.231486627823
14839.8487946667,3593.87378223737,100,100,7.94650688099991,109.519364271432,4.46523611715745,-63.1967040754445
14870.7453533991,3594.69933161985,100,100,7.94428849645814,109.506283618922,4.46581954554116,32.3879728961346
14901.6348165075,3595.87490623811,100,100,7.94112953756823,109.487656891789,4.46665045422558,94.1893244131772
14932.5141811364,3600.51729577422,100,100,7.92865468699923,109.414099227488,4.46993303241825,164.849337560443
14963.35373092,3606.04922839396,100,100,7.91378949047655,109.326446944237,4.47384728141427,184.604845862073
14994.1459706696,3611.8948227812,100,100,7.89808143411881,109.233824757702,4.47798664597677,175.311422903914
15024.8883753735,3616.83695447099,100,100,7.88480112796549,109.155517743406,4.481488802669,-8.71542992846869
15055.6757235586,3611.35856453138,100,100,7.8995224466579,109.2423216544,4.47760677631557,-165.892636201833
15086.4630717437,3606.62216576681,100,100,7.9122499152091,109.317368874719,4.47425284373412,-153.842355516009
15117.2504199289,3601.88576820159,100,100,7.92497738053744,109.392416076034,4.47090105529672,-38.4472904700446
15148.0782527741,3604.25322900437,100,100,7.91861563094428,109.354904168508,4.4725761594887,51.564667079546
15178.8858362968,3605.06397792691,100,100,7.91643701762909,109.342058026104,4.47314993040763,89.0975207823688
15209.6864914501,3609.74237033017,100,100,7.90386542154051,109.267929904112,4.47646207793813,194.660085353901
15240.4472275355,3617.04752359994,100,100,7.88423529470276,109.152181320821,4.48163807078484,257.780374591767
15271.1458378427,3625.58538366542,100,100,7.86129268558574,109.016900763327,4.48769396145997,285.638096461973
15301.7721562546,3634.56425950493,100,100,7.83716499584658,108.874632405691,4.49407020637175,286.43531204327
15332.3228150026,3643.10863020808,100,100,7.81420489159447,108.739248688543,4.50015366515227,304.740539054952
15362.8018217137,3653.16247265528,100,100,7.78718859294103,108.579947716076,4.507736516998,301.900140754327
15393.1969473674,3661.48653933731,100,100,7.7648204811794,108.448054668788,4.51402629393308,324.875956600734
15423.522972384,3672.88931456519,100,100,7.73417938225107,108.267380146369,4.52265943897559,365.986978861286
15453.7548478585,3683.64994238423,100,100,7.70526383713641,108.096880311612,4.53082454561993,365.097524184069
15483.898410392,3694.93223750344,100,100,7.67494648772124,107.918114770618,4.53940446738803,373.84606601791
15513.9499310295,3706.15363742133,100,100,7.64479277354843,107.740314100999,4.54795741319646,372.967101395239
15543.9104624194,3717.31475859688,100,100,7.61480103809311,107.563468535095,4.55648360548965,372.090214650174
15573.7810382519,3728.41620695047,100,100,7.58496965314935,107.387568472228,4.56498326274005,371.215400683409
15603.5626737309,3739.45857812053,100,100,7.55529701814048,107.212604474636,4.57345659954798,370.342654408162
15633.2563660316,3750.4424577122,100,100,7.52578155945089,107.03856726353,4.58190382673835,360.731766055863
15662.863094742,3760.85012371972,100,100,7.49781447973773,106.873660032806,4.58992524596514,331.43014246654
15692.3878906624,3770.04042734485,100,100,7.47311864938668,106.728041647355,4.59702248273418,235.838179297587
15721.8407133919,3774.75929792142,100,100,7.46043828190797,106.653272157407,4.60067178170175,96.4426641133605
15751.2567168045,3775.71789377122,100,100,7.4578623800175,106.63808341222,4.60141353047202,99.4845219591764
15780.665251953,3780.61142901964,100,100,7.44471266035194,106.560546398092,4.6052023309721,171.494040328474
15810.0357213796,3785.79814275229,100,100,7.43077512274211,106.478364033901,4.60922223205207,181.921769859488
15839.365951942,3791.29036425363,100,100,7.41601663640912,106.391340964785,4.61348352924384,241.99159419884
15868.6536935079,3799.98319927632,100,100,7.39265758454895,106.253604862406,4.62023783767875,222.390638295869
15897.8744364867,3804.30210347725,100,100,7.38105199132818,106.185172753706,4.62359805392613,137.039728521037
15927.0620060775,3807.98745857423,100,100,7.37114884688695,106.126779094375,4.6264676875006,232.301387579563
15956.2213280547,3817.85616734945,100,100,7.34463003231478,105.970411525146,4.63416264781316,252.168166832332
15985.3052766171,3822.67455733652,100,100,7.33168224010468,105.894065171531,4.63792532789167,251.781450853012
16014.3525655568,3832.49253466761,100,100,7.30529974911753,105.738501431129,4.64560362782802,350.213963976285
16043.3254419252,3842.99402941963,100,100,7.27708053641174,105.572107504117,4.65383351848922,351.255639042291
16072.2191460371,3852.81849737341,100,100,7.250680604073,105.416440921194,4.66154882303919,350.401375032077
16101.0391728474,3863.217000093,100,100,7.22273814759465,105.251678880798,4.66973181873052,332.766587175168
16129.7816256755,3871.97336727202,100,100,7.19920837456807,105.112936125058,4.67663606641266,222.403741887122
16158.4590781932,3875.98740190071,100,100,7.18842201513351,105.049334609198,4.67980520484536,101.771277407959
16187.1068318818,3877.80742673531,100,100,7.18353131441421,105.020496706915,4.68124299961024,83.3325548210794
16215.741139925,3880.76086245024,100,100,7.17559495557954,104.973700152863,4.68357731480495,24.9237827408236
16244.3536559561,3879.23423414114,100,100,7.17969725244246,104.997889250267,4.68237053295001,30.5190919890277
16272.9533042023,3882.50692575471,100,100,7.17090300143871,104.946034155126,4.68495802044191,-30.6260251581169
16301.5529524484,3877.48244704774,100,100,7.1844045873287,105.025645940209,4.68098623077549,-24.7228766675839
16330.1896603912,3881.09187837975,100,100,7.17470546230792,104.968455276613,4.68383902884596,105.073227224894
16358.7997360785,3883.497551352,100,100,7.16824103044298,104.930337905476,4.68574158082836,120.742196508334
16387.3920889567,3887.99862525036,100,100,7.15614591781933,104.859019357078,4.68930382422127,172.375819238652
16415.9513409246,3893.34910605815,100,100,7.14176831162529,104.774242138784,4.69354258634143,191.086385863852
16444.4713450047,3898.90569399637,100,100,7.12683686227929,104.686199197311,4.6979495602236,215.354888764429
16472.9507033438,3905.62419741158,100,100,7.10878315836233,104.579745954863,4.70328477834987,169.063571032892
16501.3810711357,3908.52705552258,100,100,7.10098270971922,104.533750792074,4.70559224086214,169.017720017123
16529.7903237295,3915.23110045581,100,100,7.08296785807882,104.427526641166,4.71092650627472,172.376327409991
16558.1509311983,3918.31283550775,100,100,7.0746867382014,104.378697211698,4.71338104552129,197.384281129596
16586.4892331795,3926.42257393843,100,100,7.0528945610716,104.250200149481,4.71984772981249,242.018368596121
16614.7690044723,3932.01544923458,100,100,7.03786560173334,104.161582242622,4.7243137694164,224.477892227793
16643.0085507872,3939.10991122516,100,100,7.01880163639575,104.049172017361,4.72998627033705,158.27185477284
16671.2809795647,3940.95970434933,100,100,7.01383094347391,104.019862442928,4.73146666877975,-206.209586507915
16699.5899277923,3927.44228886889,100,100,7.05015442233883,104.234042985599,4.72066161221309,-328.234410379776
16727.89887602,3922.37576248938,100,100,7.06376899711691,104.314321007014,4.71661946361376,-178.972591541268
16756.2078242476,3917.30923721267,100,100,7.07738356893158,104.394599010956,4.71258152903674,14.7813298235922
16784.5533863837,3923.21319149306,100,100,7.06151869011406,104.30105212446,4.71728728586602,250.103396942589
16812.8562919282,3931.47721141118,100,100,7.0393119337064,104.170110505238,4.72388375034172,22.076127065281
16841.2272251277,3924.46433035845,100,100,7.05815667788622,104.281228098074,4.71828524271402,-311.228120659372
16869.6348283778,3913.80613421818,100,100,7.08679697253422,104.450104924899,4.70979207560755,-276.5165696989
16898.0424316279,3908.75398435028,100,100,7.10037291530336,104.530155153579,4.70577268309166,-177.844954572241
16926.450034878,3903.70183639914,100,100,7.11394885292186,104.610205351887,4.70175746379672,52.870686611184
16954.8944030811,3911.75978711621,100,100,7.09229583774379,104.48252885486,4.70816353844315,319.591784624629
16983.2801778814,3921.86428322207,100,100,7.06514342452745,104.322425286061,4.71621163224134,286.168919419764
17011.5928180879,3927.98511127152,100,100,7.04869577086083,104.225442081311,4.72109493399,206.503502547021
17039.8613397967,3933.54849133576,100,100,7.03374606997508,104.137291520062,4.72553883760409,191.161518459444
17068.0898801679,3938.78517544723,100,100,7.01967425388564,104.054317385959,4.72972644097231,113.633654745602
17096.2808901985,3939.95965104702,100,100,7.01651824823589,104.035708072538,4.73066625113502,-23.0227090192419
17124.4634966778,3937.48730207796,100,100,7.02316184927444,104.074881910513,4.72868815312572,36.5226449040327
17152.6637990207,3942.01890400459,100,100,7.01098470290763,104.003079652069,4.73231460571368,139.778348927508
17180.8316833189,3945.36635413869,100,100,7.00198956368347,103.950040024241,4.73499560820664,120.80266354406
17208.9756685469,3948.8215278325,100,100,6.99270495385378,103.895293539765,4.73776483009745,175.390106562743
17237.0950281095,3955.23438817709,100,100,6.97547256223813,103.793683146072,4.74290978985683,247.296530152307
17265.1687960565,3962.71789328403,100,100,6.95536317520472,103.675108616259,4.74892233717734,295.251324877559
17293.1895473136,3971.79636929047,100,100,6.93096784372861,103.531262115387,4.75622884397834,329.132215111393
17321.1462505444,3981.14187687593,100,100,6.90585495526604,103.383184556546,4.76376461040295,342.22394341489
17349.0373269802,3990.90881667894,100,100,6.87960961036094,103.228429494806,4.77165580047056,349.770495874641
17376.860145664,4000.62895359902,100,100,6.85401773194641,103.074455818642,4.77952530703789,348.948386531466
17404.6153645752,4010.3026832243,100,100,6.83613923257863,102.921789863763,4.78737478880179,348.128216757964
17432.303631811,4019.93039556222,100,100,6.81834578004127,102.769850130661,4.79519911236111,347.309981872258
17459.9255857912,4029.51247515218,100,100,6.800636663648,102.618630550728,4.80299844487738,346.493677208449
17487.4818554576,4039.04930117536,100,100,6.78301118261527,102.468125139916,4.81077295118613,345.679298112354
17514.973060469,4048.54124756166,100,100,6.76546864586471,102.31832799705,4.81852279384468,344.866839942596
17542.3998113899,4057.98868309384,100,100,6.7480083718306,102.169233302187,4.8262481331785,344.05629807337
17569.7627098751,4067.39197150906,100,100,6.73062968827227,102.020835315008,4.83394912732658,343.24766788913
17597.0623488495,4076.75147159775,100,100,6.71333193209133,101.873128373262,4.84162593228544,342.440944786431
17624.299312683,4086.06753730004,100,100,6.69611444915349,101.726106891244,4.84927870195211,341.636124178184
17651.4741773606,4095.34051779973,100,100,6.67897659411483,101.579765358309,4.85690758816602,340.833201488838
17678.5875106492,4104.57075761592,100,100,6.66191773025255,101.434098337431,4.86451274074976,340.032172152507
17705.6398722594,4113.75859669232,100,100,6.6449372292998,101.289100463788,4.87209430754886,339.233031618013
17732.6318140032,4122.90437048438,100,100,6.62803447128474,101.144766443389,4.87965243447056,338.435775348766
17759.5638799479,4132.00841004429,100,100,6.6112088443734,101.001091051735,4.88718726552161,337.640398817823
17786.4366065667,4141.07104210383,100,100,6.59445974471658,100.858069132509,4.89469894284508,336.846897511213
17813.2505228846,4150.09258915531,99.9978836764502,99.9978836764502,6.57778657630026,100.715695596298,4.90207579489293,336.049621816397
17840.0061506217,4159.07306712439,99.7926156085855,99.7926156085855,6.56118930969142,100.573970191773,4.89868835141034,334.706674454832
17866.7040062731,4167.9838268183,99.588941101296,99.588941101296,6.54472089288373,100.43334504614,4.89532228888185,332.828067515316
17893.3447844055,4176.82566153056,99.3868420221587,99.3868420221587,6.52837985975209,100.29380764004,4.89197741135818,330.962346276303
17919.9291672329,4185.59935097049,99.186300549246,99.186300549246,6.51216476927706,100.155345668491,4.88865352588117,329.109384221409
17946.4578249182,4194.30566158782,98.987299163707,98.987299163707,6.49607420494488,100.017947035766,4.88535044241435,327.26905677639
17972.9314158648,4202.94534688728,98.7898206425764,98.7898206425764,6.48010677416611,99.8815998504315,4.88206797377555,325.441241266394
17999.3505869996,4211.5191477336,98.5938480518034,98.5938480518034,6.4642611077119,99.7462924205317,4.87880593557169,323.625816869853
18025.7159740475,4220.02779264727,98.3993647394909,98.3993647394909,6.44853585916741,99.6120132489211,4.87556414613538,321.822664579226
18052.0282017971,4228.47199809141,98.2063543293391,98.2063543293391,6.43292970440162,99.4787510287376,4.87234242646355,320.031667162957
18078.2878843585,4236.85246875004,98.0148007142848,98.0148007142848,6.41744134105306,99.346494639011,4.86914060015786,318.252709123677
18104.4956254136,4245.1698977981,97.8246880503291,97.8246880503291,6.40206948803076,99.2152331404016,4.86595849336683,316.485676661789
18130.6520184586,4253.42496716352,97.6360007505481,97.6360007505481,6.38681288502989,99.0849557710645,4.8627959347298,314.730457638794
18156.7576470396,4261.61834778158,97.4487234792781,97.4487234792781,6.37167029206169,98.9556519426351,4.85965275532236,312.986941542545
18182.8130849808,4269.7506998419,97.2628411464708,97.2628411464708,6.356640488997,98.8273112363317,4.85652878860348,311.255019451573
18208.8188966067,4277.82267302826,97.0783389022112,97.0783389022112,6.34172227512301,98.6999233991702,4.85342387036414,309.534584000493
18234.7756369573,4285.83490675155,96.8952021313932,96.8952021313932,6.32691446871275,98.5734783402884,4.85033783867738,307.825529350089
18260.6838519972,4293.78803037606,96.7134164485471,96.7134164485471,6.31221590660687,98.4479661273742,4.84727053384984,306.127751153837
18286.5440788189,4301.68266343938,96.5329676928142,96.5329676928142,6.29762544380723,98.3233769831958,4.84422179837463,304.441146527479
18312.3568458399,4309.51941586604,96.353841923062,96.353841923062,6.28314195308206,98.1997012822297,4.8411914768855,302.76561401836
18338.1226729948,4317.29888817525,96.1760254131372,96.1760254131372,6.26876432458204,98.0769295473827,4.83817941611234,301.101053577606
18363.8420719212,4325.0216716828,95.9995046472503,95.9995046472503,6.25449146546714,97.9550524468052,4.8351854648379,299.447366530205
18389.5155461414,4332.68834869742,95.8242663154876,95.8242663154876,6.24032229954372,97.8340607907925,4.83220947385564,297.804455548107
18415.1435912379,4340.2994927117,95.6502973094469,95.6502973094469,6.2262557669117,97.7139455287718,4.82925129592882,296.172224623484
18440.7266950252,4347.85566858786,95.4775847179919,95.4775847179919,6.21229082362119,97.5946977463705,4.82631078575067,294.550579042874
18466.2653377156,4355.35743273839,95.3061158231226,95.3061158231226,6.19842644133868,97.4763086625656,4.82338779990556,292.939425360293
18491.759992082,4362.80533330192,95.1358780959561,95.1358780959561,6.184661607022,97.3587696269076,4.82048219683137,291.338671373455
18517.2111236147,4370.19991031431,94.9668591928157,94.9668591928157,6.17099532260409,97.2420721168212,4.81759383678271,289.748226099514
18542.6191906754,4377.5416958752,94.799046951424,94.799046951424,6.15742660468522,97.1262077349764,4.81472258179519,288.167999751024
18567.9846446457,4384.83121431013,94.6324293871971,94.6324293871971,6.14395448423338,97.0111682067303,4.81186829565062,286.597903714789
18593.3079300728,4392.06898232844,94.4669946896357,94.4669946896357,6.13057800629241,96.8969453776348,4.80903084384311,285.037850526342
18618.5894848107,4399.25550917699,94.3027312188117,94.3027312188117,6.11729622969793,96.7835312110111,4.80621009354608,283.487753849228
18643.8297401581,4406.39129678992,94.1396275019448,94.1396275019448,6.10410822680058,96.6709177855861,4.80340591358007,281.947528456745
18669.0291209917,4413.47683993448,93.9776722300689,93.9776722300689,6.09101308319646,96.5590972931909,4.80061817438143,280.417090209043
18694.1880458975,4420.51262635322,93.8168542547835,93.8168542547835,6.0780098974644,96.4480620365169,4.79784674797181,278.896356029125
18719.3069272978,4427.49913690239,93.6571625850883,93.6571625850883,6.0650977809101,96.3378044269316,4.79509150792833,277.38524388955
18744.3861715746,4434.43684568696,93.4985863842981,93.4985863842981,6.05227585731668,96.2283169823479,4.79235232935465,275.88367279103
18769.4261791908,4441.32622019217,93.341114967036,93.341114967036,6.03954326270147,96.119592325148,4.78962908885265,274.391562741128
18794.4273448077,4448.16772141179,93.1847377963019,93.1847377963019,6.02689914507904,96.011623180159,4.7869216644949,272.908834739067
18819.3900573995,4454.96180397315,93.0294444806137,93.0294444806137,6.01434266423007,95.9044023726803,4.78422993579771,271.435410756186
18844.3147003652,4461.70891625908,92.875224771221,92.875224771221,6.00187299147602,95.7979228265586,4.78155378369494,269.971213719908
18869.2016516374,4468.40950052688,92.7220685593857,92.7220685593857,5.98948930945926,95.6921775623107,4.77889309051243,268.516167495529
18894.0512837887,4475.06399302428,92.5699658737307,92.5699658737307,5.97719081192871,95.5871596952936,4.77624773994299,267.070196868572
18918.8639641354,4481.67282410267,92.4189068776531,92.4189068776531,5.96497670353064,95.4828624339171,4.7736176170221,265.633227533
18943.640054838,4488.2364183275,92.2688818668,92.2688818668,5.95284619960459,95.3792790779021,4.77100260810411,264.20518606941
18968.3799130007,4494.75519458603,92.1198812666049,92.1198812666049,5.94079852598425,95.2764030165796,4.76840260083901,262.785999934456
18993.0838907664,4501.22956619254,91.970490411379,91.970490411379,5.92926508211412,95.1717187045938,4.76586611352131,261.371847762105
19017.7523354118,4507.65975586011,91.8161658593575,91.8161658593575,5.91964118869851,95.0571193850351,4.76354938348002,259.946813478656
19042.3855904496,4514.04538592427,91.6629107378176,91.6629107378176,5.91008398645315,94.9433142100499,4.76124465090964,258.514800229733
19066.9839989494,4520.38686952451,91.5107151314118,91.5107151314118,5.90059285704319,94.8302958166353,4.75895184038498,257.091839761049
19091.5478992515,4526.68461434105,91.3595692558147,91.3595692558147,5.89116719030449,94.7180569390841,4.75667087723638,255.677858118457
19116.0776250552,4532.93902269451,91.2094634553318,91.2094634553318,5.88180638409454,94.6065904072081,4.75440168753662,254.272782215649
19140.5735055058,4539.15049164314,91.0603882005647,91.0603882005647,5.87250984414681,94.4958891446057,4.75214419808825,252.87653982001
19165.0358652786,4545.31941307788,90.9123340861309,90.9123340861309,5.86327698392861,94.3859461669673,4.74989833641117,251.489059539701
19189.4650246618,4551.44617381515,90.7652918284363,90.7652918284363,5.8541072245021,94.2767545804219,4.74766403073051,250.110270807953
19213.8612996367,4557.5311556875,90.6192522635,90.6192522635,5.84499999438869,94.1683075799213,4.7454412099648,248.740103871558
19238.2250019563,4563.57473563216,90.4742063448282,90.4742063448282,5.83595472943649,94.060598447662,4.74322980371441,247.378489773296
19262.5564392226,4569.57728577756,90.3301451413385,90.3301451413385,5.82697087269078,93.9536205515435,4.7410297422503,246.025360343812
19286.8559149608,4575.53917352794,90.1870598353295,90.1870598353295,5.81804787426744,93.84736734366,4.738840956503,244.680648186166
19311.1237286934,4581.46076164592,90.044941720498,90.044941720498,5.80918519122933,93.741832358829,4.73666337805181,243.344286660065
19335.3601760116,4587.34240833332,89.9037822000003,89.9037822000003,5.80038228746534,93.6370092131511,4.73449693911435,242.016209877575
19359.5655486448,4593.18446731013,89.763572784557,89.763572784557,5.7916386335722,93.5328916026021,4.73234157253625,240.696352685411
19383.7401345295,4598.98728789165,89.6243050906004,89.6243050906004,5.78295370673899,93.4294733016588,4.73019721178112,239.384650651113
19407.8842178763,4604.75121506404,89.485970838463,89.485970838463,5.77432699063415,93.3267481619521,4.72806379092079,238.081040057485
19431.9980792347,4610.4765895581,89.3485618506056,89.3485618506056,5.76575797529496,93.2247101109523,4.72594124462566,236.785457888933
19456.0819955572,4616.16374792144,89.2120700498854,89.2120700498854,5.7572461570196,93.1233531506828,4.72382950815538,235.497841818761
19480.1362402619,4621.81302258913,89.0764874578608,89.0764874578608,5.74879103826135,93.0226713564611,4.72172851734966,234.21813019935
19504.1610832936,4627.42474195275,88.941806193134,88.941806193134,5.7403921275253,92.9226588756678,4.71963820861937,232.946262051769
19528.1567911834,4632.99923042796,88.8080184697291,88.8080184697291,5.73204893926718,92.8233099265429,4.71755851893772,231.682177056565
19552.123627107,4638.53680852061,88.6751165955054,88.6751165955054,5.72376099379443,92.7246187970073,4.71548938583173,230.425815542691
19576.0618509421,4644.03779289148,88.5430929706046,88.5430929706046,5.7155278171693,92.6265798435089,4.71343074737386,229.177118476176
19599.9717193242,4649.50249641953,88.4119400859313,88.4119400859313,5.70734894111419,92.5291874898956,4.71138254217383,227.93602745176
19623.8534857014,4654.93122826394,88.2816505216654,88.2816505216654,5.69922390291882,92.4324362263095,4.70934470937057,226.702484684042
19647.7074003877,4660.32429392471,88.1522169458068,88.1522169458068,5.69115224534946,92.3363206081067,4.70731718862442,225.476432997024
19671.5337106156,4665.68199530209,88.0236321127498,88.0236321127498,5.68313351656007,92.2408352547986,4.70529992010946,224.257815815167
19695.3326605872,4671.00463075468,87.8958888618877,87.8958888618877,5.67516727000529,92.1459748490159,4.70329284450593,223.04657715456
19719.1044915245,4676.29249515639,87.7689801162467,87.7689801162467,5.6672530643552,92.0517341354937,4.701295902993,221.842661613426
19742.8494417185,4681.54587995215,87.6428988811483,87.6428988811483,5.65939046341193,91.9581079200789,4.69930903724149,220.646014366202
19766.567746577,4686.76507321257,87.5176382428983,87.5176382428983,5.65157903602791,91.8650910687556,4.69733218940688,219.456581152003
19790.2596386721,4691.95035968733,87.3931913675041,87.3931913675041,5.64381835602586,91.7726785066936,4.69536530212238,218.274308265925
19813.9253477861,4697.10202085762,87.2695514994172,87.2695514994172,5.63610800212039,91.6808652173144,4.69340831849221,217.099142554101
19837.5651009566,4702.22033498742,87.146711960302,87.146711960302,5.62844755784124,91.5896462413764,4.691461182085,215.931031404116
19861.1791225207,4707.3055771738,87.0246661478287,87.0246661478287,5.62083661145795,91.4990166760793,4.68952383692729,214.769922736727
19884.7676341585,4712.35801939617,86.9034075344919,86.9034075344919,5.61327475590618,91.4089716741856,4.68759622749722,213.615764998771
19908.3308549351,4717.37793056452,86.7829296664514,86.7829296664514,5.60576158871553,91.3195064431615,4.68567829871831,212.468507155499
19931.8690013427,4722.36557656678,86.6632261623973,86.6632261623973,5.59829671193863,91.2306162443325,4.68376999595338,211.328098682582
19955.3822873409,4727.32122031513,86.544290712437,86.544290712437,5.59087973208181,91.1422963920581,4.68187126499857,210.194489560798
19978.8709243966,4732.24512179147,86.4261170770046,86.4261170770046,5.58351026003712,91.0545422529215,4.67998205207755,209.067630267788
20002.3351215233,4737.137538092,86.3086990857919,86.3086990857919,5.57618791101551,90.9673492449351,4.67810230383578,207.947471769581
20025.7750853194,4741.99872347084,86.1920306366999,86.1920306366999,5.56891230448162,90.880712836763,4.67623196733488,206.83396551649
20049.1910200053,4746.82892938287,86.0761056948111,86.0761056948111,5.56168306408965,90.7946285469576,4.67437099004714,205.727063434487
20072.583127461,4751.62840452575,85.9609182913821,85.9609182913821,5.55449981762044,90.7090919432106,4.67251931985019,204.626717919423
20095.9516072613,4756.39739488105,85.8464625228549,85.8464625228549,5.54736219691993,90.6240986416202,4.67067690502163,203.532881831198
20119.2966567118,4761.13614375467,85.7327325498879,85.7327325498879,5.54026983783866,90.5396443059705,4.66884369423393,202.445508485944
20142.6184708832,4765.84489181643,85.6197225964057,85.6197225964057,5.53322238017254,90.455724647026,4.66701963654931,201.364551649991
20165.9172426457,4770.52387713891,85.5074269486662,85.5074269486662,5.52621946760467,90.3723354218395,4.66520468141479,200.28996553542
20189.1931627017,4775.17333523558,85.395839954346,85.395839954346,5.51926074764835,90.2894724330722,4.66339877865727,199.221704793296
20212.4464196192,4779.7934990982,85.2849560216433,85.2849560216433,5.51234587159099,90.2071315283278,4.6616018784788,198.159724505785
20235.6771998633,4784.38459923344,85.1747696183975,85.1747696183975,5.50547449443943,90.1253085994992,4.65981393145181,197.103980183442
20258.885687828,4788.94686369896,85.0652752712249,85.0652752712249,5.49864627486584,90.0439995821257,4.65803488851457,196.054427758541
20282.0720658668,4793.48051813869,84.9564675646715,84.9564675646715,5.49186087515498,89.9632004547644,4.65626470096667,195.011023577236
20305.2365143233,4797.98578581746,84.8483411403809,84.8483411403809,5.48511796115231,89.8829072383729,4.65450332046449,193.973724397392
20328.3792115605,4802.46288765511,84.7408906962773,84.7408906962773,5.478417202213,89.8031159957013,4.65275069901697,192.942487381717
20351.5003339903,4806.91204225979,84.634110985765,84.634110985765,5.47175827115208,89.7238228306989,4.65100678898129,-210.976853073159
20374.8246624699,4792.66397258268,84.9760646580156,84.9760646580156,5.49308297711562,89.9777529905286,4.65658369473264,-989.019806589974
20398.3033783268,4760.62290440228,85.7450502943452,85.7450502943452,5.54103798949195,90.5487912959654,4.66904236315948,-1344.56313326195
20421.9367446608,4729.31880373759,86.4963487102978,86.4963487102978,5.58789000223862,91.1066953114041,4.68110514598556,-1312.79833460165
20445.7223200984,4698.37139661595,87.2390864812172,87.2390864812172,5.63420816127058,91.6582423079308,4.69292567817488,-1278.45664944856
20469.6609393872,4668.30548965005,87.9606682483987,87.9606682483987,5.67920700252448,92.1940791429753,4.70431102022512,-1247.42289286182
20493.7503101984,4638.46018226707,88.6769556255904,88.6769556255904,5.72387567826487,92.7259844358096,4.71551803935524,-1218.14128139647
20517.9909962413,4609.43265226383,89.3736163456682,89.3736163456682,5.7673204084069,93.2433152392254,4.72632851212687,-1188.5870788968
20542.3799273112,4580.6596477151,90.0641684548377,90.0641684548377,5.81038419708803,93.7561098710188,4.73695818559615,-1157.20015236288
20566.915949834,4552.81668851201,90.7323994757117,90.7323994757117,5.85205601169984,94.252329165337,4.74716371341164,-1120.26132465598
20591.5976611943,4525.52292395865,91.3874498249924,91.3874498249924,5.89290586132357,94.738760671671,4.75709192453576,-1090.94293293274
20616.4204522231,4498.81010148227,92.0271976804053,92.0271976804053,5.93330445149705,95.2124105072541,4.76678386827111,-1050.23039194181
20641.3788232017,4473.2412346723,92.6116289217759,92.6116289217759,5.98055954201585,95.6159255544913,4.77697263196327,-996.545380237599
20666.4619291586,4448.94149882193,93.1670514554988,93.1670514554988,6.02546908868157,95.999411812697,4.7866152582215,-923.517617626181
20691.6472039809,4426.81749941317,93.672742870556,93.672742870556,6.06635754895119,96.3485616883193,4.79536046393784,-794.561430325499
20716.9076548363,4408.85927087365,94.0832166657452,94.0832166657452,6.09954704152821,96.6319694549316,4.80243528673928,-614.193544480595
20742.2487717859,4395.73834312674,94.3831235856745,94.3831235856745,6.12379647866514,96.8390373636872,4.80759102210445,-534.631122384051
20767.6220341516,4381.7457853393,94.7029534779588,94.7029534779588,6.14965681849753,97.0598609010982,4.81307684986489,-385.125815142124
20792.9952965173,4376.19454642393,94.8298389388817,94.8298389388817,6.1599163383811,97.1474677727601,4.81524969311598,-218.783017941379
20818.3685588829,4370.64330750855,94.9567243998046,94.9567243998046,6.17017585826469,97.2350746444221,4.81742053068162,-138.334307794091
20843.7740483217,4369.17010294242,94.9903976470303,94.9903976470303,6.17289856066846,97.258324020881,4.81799629770404,13.5537181992181
20869.1881040288,4371.33210130247,94.9409805416579,94.9409805416579,6.16890286430205,97.2242044458187,4.8171512835918,110.171536291541
20894.5895903072,4374.76852927045,94.8624336166754,94.8624336166754,6.16255183138788,97.1699724611111,4.81580753502244,178.66132974828
20919.9711234436,4380.40506307975,94.7335985581771,94.7335985581771,6.15213467378171,97.0810195081618,4.8136018137497,238.375617583123
20945.3199966164,4386.86142120465,94.5860246581795,94.5860246581795,6.14020235820897,96.9791284985558,4.81107273039923,270.028031608647
20970.6315626151,4394.08480174966,94.4209188171506,94.4209188171506,6.12685247047076,96.8651327253565,4.80823996472585,284.603158121744
20995.9015192498,4401.25708228872,94.2569809762579,94.2569809762579,6.11359702318722,96.7519433868525,4.80542386369639,283.055831817163
21021.1302960092,4408.37876273624,94.094199708886,94.094199708886,6.10043509244173,96.639552593645,4.80262429658659,-279.809353251901
21046.5698889709,4387.07959852673,94.5810377479606,94.5810377479606,6.13979913388226,96.975685333355,4.81098721852966,-854.553143772899
21072.1447979196,4364.7841597507,95.0906477771269,95.0906477771269,6.18100443974692,97.3275407791887,4.81970960484216,-885.008401037641
21097.8568209105,4341.69023289674,95.6185089623603,95.6185089623603,6.22368547101941,97.6919975638646,4.82871036166506,-896.847423565023
21123.7107376688,4318.53737954292,96.147717039019,96.147717039019,6.266475407278,98.0573842970421,4.83769953830424,-903.640634325544
21149.70733854,4294.83599825591,96.6894628970078,96.6894628970078,6.31027910520729,98.4314276232753,4.84686606039092,-906.838658070194
21175.8411585453,4271.26349863064,97.2282628884426,97.2282628884426,6.35384461054725,98.8034370036864,4.85594719895615,-877.801977505946
21202.1102082281,4248.83665561671,97.7408764430467,97.7408764430467,6.39529277109932,99.1573662053755,4.86455427049233,-841.233012646794
21228.5011292132,4226.96419285979,98.2408184489192,98.2408184489192,6.43571635401087,99.502546455566,4.87291802758795,-782.419292014264
21255.0131314519,4207.44438788246,98.6869854198295,98.6869854198295,6.4717918734294,99.8105982392461,4.88035681457176,-728.837427840737
21281.6478956989,4188.2288402763,99.1261979365417,99.1261979365417,6.50730507971445,100.113848385512,4.88765642154663,-721.37544424369
21308.4103864584,4168.92491933075,99.5674304152971,99.5674304152971,6.54298161314979,100.41849319555,4.89496650236629,-730.527819371974
21335.3084237052,4149.02833176551,100,100,6.57975348315084,100.732491173283,4.90130360724497,-756.565913401468
21362.3444366069,4128.12025541671,100,100,6.6183947357249,101.062451960291,4.88396792080346,-774.15904725739
21389.5292399366,4107.05279633029,100,100,6.65733055143894,101.394928045822,4.86655973741168,-798.740299617519
21416.8634931641,4084.57368784735,100,100,6.69887530639573,101.74968207496,4.8480507857662,-817.52245600216
21444.3430191822,4062.24130089867,100,100,6.74014889801025,102.102120618345,4.82972943776904,-795.082153827681
21471.9619026785,4040.76592573816,100,100,6.77983860364629,102.441034231011,4.8121736333269,-756.106975312853
21499.7108408813,4020.3773047041,100,100,6.81751982509731,102.762797234464,4.79556260554161,-705.523895986275
21527.5680529868,4001.53445793185,100,100,6.85234422449178,103.060165602874,4.78025953393617,-616.630099567994
21555.4911119186,3985.98151062044,100,100,6.89285007764819,103.306501600161,4.76767279215573,-446.303361203806
21583.4773314201,3976.58195904459,100,100,6.91810819104267,103.455435474413,4.76008589159575,-328.058684163864
21611.499634179,3967.60742850573,100,100,6.94222420425707,103.597634981694,4.7528558111264,-251.290345666748
21639.521936938,3962.49849075124,100,100,6.95595274525043,103.678585002229,4.74874592807832,-182.316822875795
21667.5442396969,3957.38955408838,100,100,6.9696812833104,103.759535005468,4.74464038339175,-106.38143189308
21695.6027188716,3956.53253686746,100,100,6.97198422701706,103.773114259115,4.74395210816393,36.5743767745059
21723.7170866574,3959.44404095761,100,100,6.96416054523139,103.726982102644,4.74629084934562,-124.500443229017
21751.9068222172,3949.52265104532,100,100,6.99082092252845,103.884184393166,4.73832700113322,-363.032481472329
21780.132950993,3938.96324973345,100,100,7.01919573951422,104.051495837172,4.7298689205888,-277.014317598632
21808.3590797687,3933.88456744279,100,100,7.0328429791891,104.131966466386,4.72580745086596,-179.928369871378
21836.5852085445,3928.80588705665,100,100,7.04649021374622,104.212437065424,4.72175023112695,-163.188524268359
21864.847824612,3924.66625253404,100,100,7.0576140803839,104.278028684606,4.71844632775804,-118.333283256998
21893.1402513421,3922.11354315767,100,100,7.06447362281752,104.31847581596,4.71641037593413,-66.5031486163303
21921.4510922109,3920.90195701674,100,100,7.06772935048578,104.337673137929,4.71544443145162,-42.2575786331269
21949.7706813276,3919.72047830953,100,100,7.07090417461639,104.356393414081,4.7145027222261,-43.9768512035021
21978.09880651,3918.41076891399,100,100,7.07442357531965,104.377145477927,4.71345907300082,-142.303791426544
22006.5428850881,3911.64157846677,100,100,7.09261348347909,104.484401845501,4.70806948580572,-257.693450512993
22035.0237456991,3903.74158491411,100,100,7.11384204224155,104.609575545212,4.70178903785864,-227.197118808125
22063.5046063101,3898.70003952278,100,100,7.1273894890692,104.689457748239,4.69778636442942,-177.015185932893
22091.9854669211,3893.65849524094,100,100,7.14093693291548,104.769339933687,4.69378783323313,-90.6528570219727
22120.5032048083,3893.53295372267,100,100,7.1412742832538,104.771329112058,4.69368831699382,31.0840079801142
22149.0218622101,3895.43141500726,100,100,7.13617281112353,104.741248401085,4.69519349318318,123.858181076249
22177.5266208773,3900.59577031573,100,100,7.12229535421103,104.659420301319,4.69929097056655,228.450288283408
22205.9936394889,3908.44663395062,100,100,7.10119881547358,104.535025054595,4.70552829574976,-15.4281191064121
22234.5962649238,3899.71529305002,100,100,7.12466133884754,104.673371274332,4.69859207935298,-459.499213516578
22263.3252510274,3882.10280353904,100,100,7.1719889431101,104.952437384766,4.68463841544168,-602.607108445326
22292.1584938596,3865.02788471535,100,100,7.21787200810209,105.222985803213,4.67115865604561,-538.035136448754
22321.035768759,3851.05251725679,100,100,7.25542607790523,105.444422496538,4.6601608301219,-343.42907101326
22349.9504916908,3845.18043258818,100,100,7.271205317928,105.537464415887,4.65554919518646,-187.65620375001
22378.8652146226,3840.20046298106,100,100,7.28458730067714,105.616370963849,4.65164251314425,-172.229512396717
22407.7799375544,3835.22049532492,100,100,7.29796927818368,105.695277480899,4.64773980149926,-124.970932271551
22436.7322057552,3832.96877115147,100,100,7.30402002475889,105.730955566411,4.64597646686927,-74.1828673727077
22465.7014823184,3830.92370905167,100,100,7.30951543696007,105.763359135789,4.64437567176159,-55.4624422038953
22494.6862235513,3829.75449978897,100,100,7.31265729111139,105.781885005231,4.64346076009642,-41.3467848287235
22523.6798137137,3828.52649145874,100,100,7.31595714785498,105.801342533259,4.64250007269021,-57.2442249827717
22552.6827036343,3826.43453623489,100,100,7.32157856945513,105.834489114107,4.64086406173451,-77.1614627524973
22581.7014497642,3824.04945714979,100,100,7.32798766221877,105.872280179529,4.63899966444491,-102.340905825686
22610.7382950335,3820.49307442285,100,100,7.33754423706878,105.928630299381,4.63622135068323,-103.088669222959
22639.8021698337,3818.05993123693,100,100,7.34408248583513,105.967182930149,4.63432169223933,-70.038504237759
22668.8845662312,3816.42059656116,100,100,7.34848764291075,105.993157835705,4.6330423245303,-54.8789920892937
22697.9794549051,3814.86722046972,100,100,7.35266181538539,106.01777074597,4.63183043449413,-46.2526416368576
22727.086190729,3813.72861768058,100,100,7.35572142499839,106.035811662418,4.63094237955033,-60.1277934365425
22756.2016164766,3811.36645036532,100,100,7.36206895013553,106.073239695772,4.62910065990814,-61.7500794244656
22785.3350870667,3810.13174370534,100,100,7.36538680637315,106.092803357394,4.62813834392923,-35.4629238986495
22814.4779986138,3809.2997994605,100,100,7.36762237494304,106.105985335124,4.62749007260547,-9.36179859740022
22843.6272749206,3809.58602398285,100,100,7.36685324341762,106.101450169093,4.62771309337835,91.2498451281983
22872.7743611632,3814.61933351467,100,100,7.35332792767481,106.021698461489,4.63163707716503,268.232315717666
22901.882988442,3825.21208892448,100,100,7.32486348284019,105.853858528971,4.63990837122088,363.477185683726
22930.9110082768,3835.75067839261,100,100,7.29654459064029,105.686876844156,4.64815510789838,362.622721740332
22959.8592746527,3846.2356076266,100,100,7.26836989215727,105.520745394217,4.65637746807737,-70.7206141653285
22988.9727648942,3831.64451530511,100,100,7.30757851412519,105.751938115643,4.64493981469072,-553.172914083557
23018.1655420754,3813.98215976705,100,100,7.35504011645738,106.031794342557,4.63114011226522,-479.205344873887
23047.4467517906,3803.62346824827,100,100,7.38287559380844,106.195925583035,4.62306986320579,-372.796533111704
23076.7660348709,3792.13609921425,100,100,7.41374400995831,106.377940476128,4.61414013926306,-279.879833516905
23106.0853179512,3787.21171611357,100,100,7.42697662278575,106.455966267844,4.61031853933325,-167.957111981659
23135.4046010315,3782.28733499117,100,100,7.44020923029724,106.533992028215,4.60650075941645,-92.0870842335407
23164.7620566014,3781.80834633894,100,100,7.44149635017685,106.541581500449,4.60612961209731,-0.942700116655246
23194.1232304687,3782.23198093235,100,100,7.44035797559463,106.534869101379,4.60645786613826,21.7939015034758
23223.4811156935,3783.08806372917,100,100,7.43805754283647,106.521304653481,4.60712128959058,39.8250984382832
23252.8323574619,3784.57007769408,100,100,7.43407513192295,106.497822460771,4.60827005242104,208.374356912572
23282.1721054676,3795.31776097991,100,100,7.40519437085995,106.32752772936,4.61661132209276,365.888212339307
23311.428768383,3806.0098137355,100,100,7.37646309801772,106.158114451743,4.62492750983138,365.028053491379
23340.6032418668,3816.646764963,100,100,7.34787989188201,105.989574245994,4.63321880522393,364.16992649995
23369.6964064239,3827.22913519818,100,100,7.31944335368915,105.821898864336,4.64148539469043,354.640745923858
23398.7398110869,3837.26436123667,100,100,7.29247708033302,105.662892864864,4.64934106288889,-69.503236603231
23427.8711332701,3823.18580339386,100,100,7.330308439367,105.885964587647,4.63832477663403,-439.393020296946
23457.0402962832,3811.64753496149,100,100,7.36131363042201,106.068785970765,4.62931976775614,-282.542839272331
23486.2094592962,3806.70272712005,100,100,7.37460112782709,106.147135388109,4.62546707601423,-169.52174017036
23515.3786223093,3801.75792041492,100,100,7.38788862217872,106.225484787448,4.6216182583203,6.99439646396728
23544.5857245799,3807.11103386353,100,100,7.37350394165354,106.140665855525,4.62578505686337,198.851467187833
23573.7517592456,3813.36550433906,100,100,7.35669716920078,106.041565115261,4.63065921204249,231.748784535386
23602.8699573998,3820.61833397712,100,100,7.33720764441328,105.926645588668,4.63631917163108,306.196937740233
23631.9328793363,3831.18038514513,100,100,7.30882570683603,105.759292158262,4.64457655119374,362.993567661636
23660.9156786898,3841.68855743567,100,100,7.28058855050561,105.592792427087,4.65280947606968,362.1402458912
23689.8192013803,3852.14335204388,100,100,7.25249482862971,105.427138453816,4.66101812545451,361.28893931849
23718.6442793284,3862.54526232873,100,100,7.22454321547309,105.26232242128,4.66920267562097,360.439643041872
23747.3917307751,3872.89477398796,100,100,7.19673240588746,105.098336633704,4.67736329998671,359.59235217273
23776.0623605933,3883.19236522802,100,100,7.16906111485484,104.935173514009,4.68550016917997,358.747061837493
23804.6569605889,3893.43850692911,100,100,7.14152807704409,104.7728256012,4.69361345110342,357.903767179002
23833.1763097945,3903.6336628056,100,100,7.11413204637978,104.611285547823,4.7017033109962,357.062463352511
23861.621174754,3913.77828956184,100,100,7.08687179562356,104.450546117494,4.70976991149411,356.223145529447
23889.9923097991,3923.87283704364,100,100,7.05974611596706,104.290600182504,4.7178134126881,355.385808895208
23918.2904573184,3933.9177483855,100,100,7.03275381663631,104.131440721482,4.72583397218115,354.55044864816
23946.5163480186,3943.91346015377,100,100,7.00589372450701,103.973060817127,4.73383174514346,353.717060001722
23974.6707011786,3953.86040248591,100,100,6.97916468373032,103.815453654005,4.74180688436619,352.885638183296
24002.7542248963,3963.75899922583,100,100,6.95256555536919,103.6586125164,4.74975954031367,352.056178434481
24030.7676163289,3973.60966805569,100,100,6.92609521704419,103.502530786228,4.75768986117416,351.228676010577
24058.7115619264,3983.41282062399,100,100,6.89975256258931,103.347201941006,4.76559799290916,350.403126180606
24086.5867376588,3993.16886267034,100,100,6.87353650171667,103.192619551877,4.77348407930154,349.579524226674
24114.3938092374,4002.87819414684,100,100,6.84986079896711,103.038959431076,4.78134929823969,348.757865444403
24142.1334323296,4012.54120933622,100,100,6.83200210147956,102.886462566057,4.78919292616273,347.938145143844
24169.8062527685,4022.15829696694,100,100,6.81422828499038,102.734690506762,4.79701143488657,347.120358647577
24197.4129067566,4031.72984032517,100,100,6.79653864112938,102.58363720436,4.80480499102857,346.304501291465
24224.9540210642,4041.25621736392,100,100,6.77893247138286,102.433296694186,4.81257375889134,345.490568425166
24252.4302132226,4050.73780080933,100,100,6.76140908689718,102.283663094062,4.8203179005101,344.678555410864
24279.8420917124,4060.17495826423,100,100,6.74396780828731,102.134730602665,4.82803757569891,343.868457623514
24307.1902561465,4069.56805230897,100,100,6.72660796545052,101.986493497934,4.83573294209562,343.060270452623
24334.4752974487,4078.91744059982,100,100,6.70932889738454,101.838946135516,4.84340415520571,342.253989297731
24361.6977980281,4088.22347596476,100,100,6.69212995201048,101.692082947257,4.85105136844499,341.449609573673
24388.8583319476,4097.4865064969,100,100,6.6750104860002,101.545898439727,4.85867473318121,340.647126707674
24415.9574650902,4106.70687564558,100,100,6.65796986460795,101.400387192778,4.86627439877462,339.846536136655
24442.9957553194,4115.88492230517,100,100,6.64100746150624,101.255543858151,4.87385051261746,339.047833314675
24469.9737526361,4125.02098090172,100,100,6.6241226586257,101.111363158101,4.88140322017258,338.251013706021
24496.891999332,4134.11538147738,100,100,6.60731484599908,100.967839884068,4.88893266501094,337.456072786756
24523.7510301387,4143.16844977291,100,100,6.59058342160873,100.824968895375,4.89643898884829,336.663006046074
24550.5513723733,4152.18050730801,99.9501598329598,99.9501598329598,6.57392779123813,100.682745117958,4.90128867375878,335.738864412415
24577.2935460804,4161.14475327296,99.7452627823324,99.7452627823324,6.55736052380095,100.54127587879,4.8979062039726,334.270060660322
24603.9781098179,4170.0394660745,99.5419550611543,99.5419550611543,6.54092176405069,100.400903977174,4.89454506944958,332.394451984792
24630.6057552618,4178.86543582791,99.3402186096479,99.3402186096479,6.52461005173613,100.261616943907,4.89120507494007,330.531699508027
24657.1771618062,4187.62343914041,99.1400356767906,99.1400356767906,6.50842395157096,100.123402522963,4.88788602816925,328.681677168588
24683.6929968624,4196.31423943345,98.9413888129497,98.9413888129497,6.49236205263815,99.9862486664058,4.88458773976821,326.844260836317
24710.1539161487,4204.93858725499,98.744260862743,98.744260862743,6.47642296781279,99.8501435294647,4.88131002320703,325.019328268014
24736.5605639714,4213.49722058238,98.548634958117,98.548634958117,6.46060533320235,99.7150754657505,4.87805269473,323.206759067244
24762.9135734969,4221.990865116,98.3544945116343,98.3544945116343,6.44490780760399,99.5810330226234,4.87481557329273,321.406434641848
24789.2135670159,4230.4202345641,98.1618232099635,98.1618232099635,6.42932907197809,99.4480049366973,4.87159848050115,319.618238165399
24815.4611561992,4238.78603091916,97.9706050075619,97.9706050075619,6.41386782893755,99.3159801294785,4.86840124055236,317.842054537751
24841.6569423464,4247.08894472604,97.7808241205476,97.7808241205476,6.39852280225217,99.184947703134,4.86522368017722,316.077770346788
24867.8015166266,4255.3296553422,97.5924650207498,97.5924650207498,6.38329273636775,99.0548969363847,4.86206562858456,314.32527383514
24893.8954603121,4263.50883119035,97.4055124299348,97.4055124299348,6.36817639593913,98.9258172805181,4.85892691740709,312.58445486217
24919.9393450057,4271.62713000378,97.2199513141994,97.2199513141994,6.35317256537681,98.7976983555171,4.85580738064886,310.855204869267
24945.9337328608,4279.68519906452,97.0357668785254,97.0357668785254,6.33828004840678,98.6705299463009,4.85270685463423,309.137416848271
24971.8791767953,4287.68367543475,96.8529445614914,96.8529445614914,6.32349766764283,98.5443019990733,4.84962517795823,307.430985308999
24997.7762206994,4295.62318618161,96.6714700301347,96.6714700301347,6.30882426417109,98.4190046177747,4.8465621914385,305.735806245929
25023.6253996374,4303.50434859556,96.4913291749587,96.4913291749587,6.29425869714646,98.2946280606365,4.84351773806836,304.051777109861
25049.4272400435,4311.32777040272,96.3125081050807,96.3125081050807,6.27979984340016,98.1711627368294,4.84049166297136,302.378796775918
25075.1822599128,4319.09404997118,96.1349931435158,96.1349931435158,6.26544659705845,98.0485992032081,4.83748381335707,300.71676551579
25100.8909689858,4326.80377651163,95.9587708225913,95.9587708225913,6.25119786917184,97.9269281611444,4.834494038478,299.065584970206
25126.5538689288,4334.45753027241,95.7838278794879,95.7838278794879,6.23705258735461,97.8061404534498,4.83152218958785,297.425158118369
25152.1714535087,4342.05588272924,95.6101512519032,95.6101512519032,6.22300969543415,97.6862270613809,4.82856811990072,295.795389254916
25177.7442087631,4349.59939676979,95.4377280738335,95.4377280738335,6.20906815310983,97.5671791017263,4.82563168455163,294.176183963204
25203.2726131656,4357.0886268732,95.2665456714697,95.2665456714697,6.19522693562127,97.448987823974,4.82271274055791,292.567449087654
25228.7571377871,4364.52411928483,95.0965915592039,95.0965915592039,6.18148503342534,97.3316446075534,4.8198111467818,290.969092709898
25254.1982464521,4371.90641218625,94.9278534357429,94.9278534357429,6.16784145188199,97.2151409591526,4.81692676389388,289.381024126937
25279.596395891,4379.23603586079,94.7603191803249,94.7603191803249,6.15429521094831,97.0994685101057,4.81405945433761,287.803153825287
25304.9520358886,4386.51351285466,94.5939768490363,94.5939768490363,6.14084534488074,96.9846190138502,4.81120908229466,286.235393459585
25330.2656094281,4393.73935813387,94.4288146712259,94.4288146712259,6.12749090194505,96.8705843434505,4.80837551365135,284.677655829449
25355.5375528319,4400.914079237,94.2648210460114,94.2648210460114,6.11423094413404,96.7573564891869,4.80555861596571,283.129854858187
25380.7682958981,4408.03817642407,94.1019845388785,94.1019845388785,6.10106454689236,96.6449275562065,4.8027582584356,281.591905571965
25405.9582620339,4415.11214282148,93.9402938783661,93.9402938783661,6.08799079884866,96.5332897622354,4.79997431186752,280.0637240773
25431.1078683855,4422.13646456335,93.7797379528378,93.7797379528378,6.07500880155436,96.4224354353485,4.79720664864629,278.545227545584
25456.2175259637,4429.11162092908,93.6203058073353,93.6203058073353,6.06211766922945,96.3123570117984,4.79445514270545,277.036334187949
25481.2876397683,4436.03808447763,93.4619866405114,93.4619866405114,6.04931652851428,96.2030470338963,4.79171966949844,275.536963238849
25506.3186089068,4442.9163211782,93.3047698016412,93.3047698016412,6.03660451822807,96.0944981479497,4.78900010597047,274.047034939625
25531.3108267121,4449.74679053781,93.1486447877073,93.1486447877073,6.02398078913311,95.986703102249,4.78629633053113,272.566470514929
25556.2646808563,4456.52994572556,92.9936012405586,92.9936012405586,6.01144450370512,95.8796547451065,4.78360822302763,271.09519215944
25581.1805534617,4463.26623369393,92.8396289441387,92.8396289441387,5.99899483590905,95.773346022942,4.78093566471876,269.633123020305
25606.058821209,4469.95609529697,92.6867178217836,92.6867178217836,5.98663097098068,95.6677699784179,4.77827853824941,268.180187176019
25630.8998554435,4476.59996540567,92.5348579335847,92.5348579335847,5.97435210521338,95.5629197486179,4.77563672762578,266.736309625372
25655.7040222772,4483.19827302051,92.384039473817,92.384039473817,5.96215744575007,95.4587885632715,4.77301011819113,265.301416269403
25680.47168269,4489.75144138123,92.234252768429,92.234252768429,5.95004621038043,95.3553697430209,4.77039859660221,263.875433892069
25705.2031926276,4496.25988807402,92.0854882725939,92.0854882725939,5.93801762734269,95.2526566977303,4.76780205080611,262.458290150832
25729.8989030967,4502.72402513608,91.9346233967341,91.9346233967341,5.9270283652628,95.1450843459058,4.7653280406964,261.041606367297
25754.5591602588,4509.14384914828,91.7805476204412,91.7805476204412,5.91741998584719,95.0306697638298,4.76301409833443,259.6140736273
25779.18430776,4515.51920981109,91.6275389645338,91.6275389645338,5.907878153541,94.9170476108809,4.76071213589243,258.184165376059
25803.7746875658,4521.85051898958,91.4755875442502,91.4755875442502,5.89840225191676,94.8042105467691,4.75842207812151,256.763292683898
25828.3306369329,4528.13818311285,91.3246836052915,91.3246836052915,5.88899167268289,94.6921513280847,4.75614385052521,255.351381800206
25852.8524884974,4534.38260327318,91.1748175214437,91.1748175214437,5.87964581553525,94.5808628065312,4.75387737934664,253.94835983881
25877.3405703609,4540.5841753227,91.0259797922553,91.0259797922553,5.87036408801253,94.4703379272025,4.75162259155569,252.554154761555
25901.7952061748,4546.74328996793,90.8781610407698,90.8781610407698,5.86114590535469,94.3605697268978,4.7493794148368,251.168695369342
25926.2167152217,4552.86033286207,90.7313520113104,90.7313520113104,5.85199069036487,94.251551332477,4.74714777757686,249.791911286891
25950.6054124958,4558.93568469516,90.5855435673162,90.5855435673162,5.84289787327444,94.1432759592539,4.74492760885347,248.423732944651
25974.9616087814,4564.96972128216,90.4407266892283,90.4407266892283,5.83386689161117,94.0357369094261,4.74271883842346,247.064091570335
25999.2856107286,4570.96281364901,90.2968924724238,90.2968924724238,5.82489719007043,93.928927570542,4.7405213967116,245.712919173915
26023.5777209287,4576.91532811676,90.1540321251978,90.1540321251978,5.81598822038927,93.8228414140002,4.73833521479977,244.370148534422
26047.8382379865,4582.82762638376,90.0121369667898,90.0121369667898,5.80713944122341,93.7174719935858,4.73616022441615,243.035713189966
26072.0674565917,4588.70006560601,89.8711984254558,89.8711984254558,5.79835031802699,93.6128129440381,4.73399635792484,241.709547421126
26096.2656675888,4594.5329984757,89.7312080365832,89.7312080365832,5.78962032293503,93.5088579796505,4.73184354831559,240.391586243039
26120.4331580446,4600.32677329803,89.5921574408473,89.5921574408473,5.7809489346484,93.4056008929017,4.72970172919387,239.081765391637
26144.5702113153,4606.08173406627,89.4540383824094,89.4540383824094,5.77233563832156,93.3030355531181,4.72757083477108,237.780021312334
26168.677107111,4611.79822053523,89.3168427071545,89.3168427071545,5.76377992545254,93.2011559051642,4.72545079985505,236.486291149627
26192.7541215596,4617.47656829303,89.1805623609672,89.1805623609672,5.75528129377556,93.0999559681634,4.72334155984066,235.200512735601
26216.8015272686,4623.1171088314,89.0451893880463,89.0451893880463,5.74683924715577,92.9994298342454,4.72124305070084,233.92262457901
26240.8195933863,4628.72016961436,88.9107159292553,88.9107159292553,5.73845329548652,92.899571667322,4.71915520897755,232.652565854655
26264.8085856608,4634.28607414548,88.7771342205085,88.7771342205085,5.73012295458862,92.8003757018886,4.71707797177313,231.39027639414
26288.7687664984,4639.81514203364,88.6444365911926,88.6444365911926,5.72184774611201,92.7018362418517,4.71501127674177,230.135696674203
26312.7003950204,4645.30768905744,88.5126154626215,88.5126154626215,5.71362719743925,92.6039476593817,4.71295506208119,228.888767808432
26336.6037271185,4650.76402722814,88.3816633465246,88.3816633465246,5.70546084159144,92.5067043937907,4.71090926652448,227.649431535668
26360.4790155098,4656.18446485141,88.2515728435662,88.2515728435662,5.69734821713568,92.410100950432,4.70887382933213,226.417630213023
26384.3265097892,4661.56930658761,88.1223366418974,88.1223366418974,5.68928886809493,92.3141318996259,4.70684869028423,225.193306803637
26408.1464564825,4666.91885351092,87.993947515738,87.993947515738,5.68128234385951,92.218791875606,4.70483378967283,223.976404870223
26431.9390990964,4672.2334031672,87.8663983239872,87.8663983239872,5.67332819910046,92.1240755754878,4.70282906829449,222.766868565916
26455.7046781692,4677.51324963063,87.739682008865,87.739682008865,5.6654259936848,92.0299777582594,4.70083446744297,221.564642621895
26479.4434313194,4682.75868355918,87.6137915945798,87.6137915945798,5.65757529259248,91.9364932437926,4.69884992890204,220.369672343742
26503.1555932934,4687.96999224896,87.4887201860251,87.4887201860251,5.64977566583509,91.8436169118749,4.69687539493853,219.181903600866
26526.8413960125,4693.14745968742,87.364460967502,87.364460967502,5.64202668837618,91.7513437012608,4.69491080829542,218.001282817017
26550.5010686189,4698.2913666055,87.241007201468,87.241007201468,5.63432794005323,91.6596686087424,4.69295611218517,216.827756964303
26574.1348375203,4703.40199052868,87.1183522273118,87.1183522273118,5.62667900550127,91.5685866882401,4.69101125028313,215.661273554775
26597.7429264341,4708.47960582702,86.9964894601516,86.9964894601516,5.61907947407793,91.47809304991,4.68907616672104,214.501780632018
26621.3255564304,4713.5244837642,86.8754123896593,86.8754123896593,5.61152893979011,91.3881828592709,4.68715080608086,213.349226762167
26644.8829459746,4718.53689254554,86.7551145789069,86.7551145789069,5.60402700122205,91.2988513363473,4.68523511338844,212.203561031384
26668.4153109678,4723.51709736513,86.6355896632369,86.6355896632369,5.59657326146483,91.2100937548305,4.6833290341076,211.0647330332
26691.9228647886,4728.46536045192,86.516831349154,86.516831349154,5.58916732804737,91.1219054412566,4.68143251413408,209.932692861872
26715.4058183317,4733.38194111498,86.3988334132404,86.3988334132404,5.5818088128687,91.0342817742,4.67954549978981,208.807391110647
26738.8643800474,4738.26709578789,86.2815897010906,86.2815897010906,5.57449733213152,90.9472181834823,4.67766793781723,207.68877885807
26762.2987559796,4743.12107807214,86.1650941262687,86.1650941262687,5.56723250627724,90.8607101493989,4.67579977537362,206.576807664896
26785.709149803,4747.9441387798,86.0493406692848,86.0493406692848,5.56001395992213,90.7747532019583,4.6739409600257,205.471429567364
26809.09576286,4752.73652597533,85.9343233765922,85.9343233765922,5.55284132179471,90.6893429201374,4.67209143974429,204.372597069213
26832.4587941963,4757.49848501652,85.8200363596035,85.8200363596035,5.54571422467454,90.6044749311511,4.67025116289896,203.28026313598
26855.7984405965,4762.23025859476,85.7064737937257,85.7064737937257,5.53863230533187,90.5201449097356,4.66842007825298,202.194381189279
26879.1148966182,4766.93208677442,85.593629917414,85.593629917414,5.53159520446877,90.4363485774457,4.66659813495821,201.114905099523
26902.4083546261,4771.60420703152,85.4814990312435,85.4814990312435,5.52460256666121,90.3530817019661,4.66478528255013,200.041789180883
26925.679004825,4776.24685429172,85.3700754969987,85.3700754969987,5.51765404030221,90.2703400964341,4.66298147094303,198.97498818438
26948.9270352927,4780.86026096751,85.2593537367798,85.2593537367798,5.51074927754621,90.1881196187771,4.66118665042524,197.914457292268
26972.1526320114,4785.44465699472,85.1493282321267,85.1493282321267,5.50388793425437,90.1064161710615,4.65940077165438,196.86015211386
26995.3559788994,4790.00026986841,85.0399935231582,85.0399935231582,5.49706966994091,90.0252256988534,4.65762378565289,195.81202867711
27018.5372578417,4794.52732467798,84.9313442077285,84.9313442077285,5.49029414772053,89.9445441905928,4.65585564380342,194.770043424331
27041.6966487202,4799.02604414172,84.8233749405988,84.8233749405988,5.48356103425669,89.8643676769776,4.65409629784449,193.734153207849
27064.834329443,4803.49664864066,84.7160804326241,84.7160804326241,5.47686999971098,89.7846922303608,4.65234569986611,192.704315283776
27087.9504759737,4807.93935625186,84.6094554499554,84.6094554499554,5.47022071769329,89.7055139641567,4.65060380230559,191.680487305824
27111.0452623597,4812.35438278099,84.5034948132562,84.5034948132562,5.46361286521302,89.6268290322606,4.64887055794326,190.662627320787
27134.1188607603,4816.74194179443,84.3981933969336,84.3981933969336,5.45704612263107,89.5486336284765,4.64714591989851,189.650693764423
27157.1714414739,4821.1022446507,84.2935461283831,84.2935461283831,5.45052017361278,89.4709239859572,4.64542984162564,188.644645455358
27180.203172965,4825.43550053134,84.1895479872478,84.1895479872478,5.44403470508171,89.3936963766536,4.64372227691001,187.644441590765
27203.2142218905,4829.74191647126,84.0861940046897,84.0861940046897,5.43758940717423,89.3169471107742,4.6420231798641,186.650041741141
27226.2047531259,4834.02169738853,83.9834792626754,83.9834792626754,5.43118397319494,89.2406725362538,4.64033250492374,185.661405844279
27249.1749297906,4838.27504611359,83.8813988932739,83.8813988932739,5.42481809957291,89.1648690382332,4.63865020684436,184.678494204248
27272.1249132726,4842.50216341804,83.779948077967,83.779948077967,5.41849148581866,89.0895330385461,4.63697624069731,183.701267484055
27295.0548632535,4846.70324804281,83.6791220469725,83.6791220469725,5.41220383448192,89.0146609952166,4.63531056186629,182.72968670043
27317.9649377324,4850.87849672592,83.578916078578,83.578916078578,5.40595485111016,88.9402494019652,4.63365312604378,181.763713221662
27340.8552930494,4855.02810422966,83.4793254984882,83.4793254984882,5.39974424420785,88.8662947877238,4.63200388922753,180.803308761812
27363.7260839091,4859.1522633674,83.3803456791823,83.3803456791823,5.39357172519635,88.7927937161581,4.63036280771721,179.848435377799
27386.5774634031,4863.25116502985,83.2819720392835,83.2819720392835,5.38743700837463,88.7197427851998,4.62872983811104,178.899055462939
27409.4095830329,4867.32499821089,83.1842000429387,83.1842000429387,5.38133981088059,88.6471386265857,4.62710493730243,177.955131743796
27432.2225927314,4871.37395003293,83.0870251992097,83.0870251992097,5.37527985265311,88.5749779054064,4.62548806247679,177.01662727848
27455.0166408847,4875.39820577191,82.9904430614743,82.9904430614743,5.36925685639462,88.5032573196602,4.62387917110836,176.083505449565
27477.7918743534,4879.39794888175,82.8944492268381,82.8944492268381,5.36327054753455,88.4319735998177,4.622278220957,175.155729959663
27500.5484384937,4883.37336101849,82.7990393355563,82.7990393355563,5.35732065419314,88.3611235083915,4.6206851700652,174.233264830661
27523.2864771774,4887.32462206395,82.7042090704653,82.7042090704653,5.35140690714606,88.2907038395142,4.61909997675501,173.316074398384
27546.0061328124,4891.25191014901,82.6099541564238,82.6099541564238,5.34552903978957,88.2207114185241,4.61752259962506,172.404123308184
27568.7075463624,4895.15540167651,82.5162703597637,82.5162703597637,5.33968678810626,88.1511431015566,4.61595299754764,171.497376511837
27591.3908573665,4899.03527134375,82.4231534877501,82.4231534877501,5.33387989063132,88.0819957751434,4.61439112966584,170.595799262987
27614.0562039582,4902.89169216457,82.3305993880503,82.3305993880503,5.32810808841956,88.013266355819,4.6128369553907,169.699357116581
27636.703722884,4906.72483549118,82.2386039482117,82.2386039482117,5.3223711250127,87.9449517897315,4.61129043439844,168.808015921477
27659.3335495225,4910.53487103547,82.1471630951487,82.1471630951487,5.31666874640746,87.877049052263,4.60975152662771,167.921741818798
27681.9458179018,4914.3219668901,82.0562727946376,82.0562727946376,5.31100070102406,87.8095551476535,4.60822019227693,167.040501239956
27704.5406607179,4918.08628954916,81.9659290508202,81.9659290508202,5.30536673967523,87.7424671086329,4.6066963918016,166.164260899903
27727.1182093521,4921.82800392852,81.8761279057156,81.8761279057156,5.29976661553578,87.6757819960584,4.60518008591173,165.292987796173
27749.6785938883,4925.54727338584,81.7868654387399,81.7868654387399,5.29420008411265,87.6094968985575,4.60367123556925,164.4266492057
27772.2219431299,4929.24425974027,81.6981377662336,81.6981377662336,5.28866690321545,87.5436089321772,4.60216980198552,163.56521268124
27794.7483846164,4932.91912329178,81.6099410409973,81.6099410409973,5.28316683292747,87.4781152400397,4.60067574661882,162.708646047452
27817.2580446401,4936.57202284025,81.5222714518341,81.5222714518341,5.27769963557718,87.4130129920014,4.59918903117193,-443.245589714345
27839.9713092637,4912.87426138788,82.091017726691,82.091017726691,5.31316744324643,87.8353562630253,4.60880577982598,-1051.21042129861
27862.7981330207,4888.6998073477,82.6712046236551,82.6712046236551,5.34934870400093,88.2661951848816,4.61854784442707,-1059.63947172517
27885.7366972062,4864.37944988519,83.2548932027554,83.2548932027554,5.38574833451715,88.6996344084061,4.62827999879797,-1044.07466191077
27908.7873410617,4840.68364051075,83.823592627742,83.823592627742,5.42121322056341,89.1219428893516,4.63769663757154,-1022.1097542759
27931.9477575794,4817.14667432231,84.3884798162645,84.3884798162645,5.45644037024872,89.5414204551961,4.6469867203526,-998.632039061718
27955.2194958071,4794.31500313932,84.9364399246562,84.9364399246562,5.49061192370592,89.9483282008811,4.65593862190408,-981.07443180048
27978.5961602557,4771.38111917226,85.4868531398658,85.4868531398658,5.52493645631156,90.3570575904227,4.6648718989034,-946.551830971787
28002.0740255364,4749.96476223473,86.0008457063664,86.0008457063664,5.55698974667669,90.7387415001283,4.67316145059976,-890.349049863674
28025.6462218225,4729.49014156023,86.4922366025546,86.4922366025546,5.58763356548817,91.1036417159576,4.68103941379558,-834.175776369881
28049.3075384067,4710.56370996547,86.9464709608288,86.9464709608288,5.61596025098618,91.4409499906065,4.68828110843858,-773.524348757816
28073.0510122957,4692.82138188145,87.3722868348452,87.3722868348452,5.64251472033357,91.7571550842245,4.69503462297999,-714.355119828832
28096.8755541839,4676.58325435493,87.7620018954816,87.7620018954816,5.66681789281578,92.0465522033843,4.70118601269733,-673.501624353407
28120.7883620371,4660.67019928829,88.143915217081,88.143915217081,5.69063453801529,92.3301558569334,4.70718704084932,-691.177319650327
28144.7884800937,4643.46692664799,88.5567937604483,88.5567937604483,5.71638221745388,92.6367538642525,4.71364453072047,-708.860698976991
28168.8877624813,4626.57442466904,88.9622138079431,88.9622138079431,5.74166477473028,92.9378132936803,4.71995515397606,-743.863407476303
28193.0904210107,4607.53688028975,89.419114873046,89.419114873046,5.77015775977009,93.2771018286574,4.72703149501017,-797.998314315092
28217.4061461882,4587.85683625764,89.8914359298168,89.8914359298168,5.79961235690814,93.6278410403387,4.73430728686265,-841.484334079351
28241.8296530295,4566.52358009087,90.4034340778191,90.4034340778191,5.83154127256554,94.0080439219134,4.74214944733167,-847.409465281644
28266.3617722239,4546.3713753762,90.8870869909713,90.8870869909713,5.8617025400071,94.3671980164739,4.74951497611027,-819.221860913898
28290.9989902797,4526.24298412886,91.3701683809074,91.3701683809074,5.89182816646709,94.7259277056446,4.75683095918636,-798.682423875545
28315.7389684935,4506.93467657542,91.8335677621899,91.8335677621899,5.9207263955298,95.070041802094,4.76381082682286,-766.974839268146
28340.5812491776,4488.21463908009,92.2693796781695,92.2693796781695,5.9528864509116,95.3796227870744,4.77101128996443,-747.214253169104
28365.5277125697,4469.73181735429,92.6918441747592,92.6918441747592,5.9870454701668,95.6713094205569,4.7783676668296,-743.002195670203
28390.5804909568,4451.0650926563,93.118512167856,93.118512167856,6.02154436962327,95.9658983186201,4.78577413742572,-747.829446686119
28415.7469794681,4432.17637077668,93.5502543822473,93.5502543822473,6.05645355307827,96.2639906649941,4.79324516945969,-771.436764235526
28441.0249252208,4412.15040151399,94.0079908225373,94.0079908225373,6.09346453980945,96.580030479862,4.8011402996423,-779.364157037071
28466.4040737205,4392.69604721671,94.4526617779037,94.4526617779037,6.12941909658097,96.8870493536971,4.80878485198817,-727.090760872489
28491.872520786,4375.17958456595,94.8530380670641,94.8530380670641,6.16179213971513,97.1634853923563,4.81564674837827,-644.146345630936
28517.4125222235,4359.8391415172,95.2036767653211,95.2036767653211,6.19014357313042,97.4055805797364,4.82163980955822,-539.109966535099
28542.9849595015,4347.62435944051,95.482871784217,95.482871784217,6.21271831752528,97.5983481514594,4.82640085516418,-346.647994762061
28568.5573967796,4342.10987330997,95.6089171814863,95.6089171814863,6.22290991276491,97.6853750090824,4.82854711624617,-215.641769787701
28594.1298340577,4336.59538817564,95.7349625559854,95.7349625559854,6.2331015061634,97.7724018509838,4.83069141446453,-170.640882447235
28619.7347896624,4333.3769178271,95.8085275925235,95.8085275925235,6.23904972079421,97.8231941377275,4.83194200535463,-81.9710540426436
28645.3587624889,4332.39609891466,95.8309463105222,95.8309463105222,6.24086242085771,97.8386729304611,4.83232298643395,36.143396599155
28670.9885363726,4335.22940232164,95.766185089791,95.766185089791,6.23562605234912,97.7939591554392,4.8312222727958,170.096437392787
28696.6015598334,4341.112316185,95.6317184872,95.6317184872,6.22475354754891,97.7011179559012,4.82893515996222,262.412153680254
28722.179873478,4348.66263134124,95.4591398550575,95.4591398550575,6.21079943574547,97.5819626644458,4.82599653564216,294.37732437296
28747.7137770716,4356.15859393835,95.2878035671235,95.2878035671235,6.19694577560149,97.4636651378506,4.82307542038825,292.767290177323
28773.2037425986,4363.60075123804,95.117697114559,95.117697114559,6.18319155569547,97.3462167395054,4.82017167283489,291.167645864281
28798.6502347778,4370.98964241733,94.9488081733181,94.9488081733181,6.16953577954763,97.2296089603887,4.81728515342938,289.578300579798
28824.0537112153,4378.3257987346,94.781124600352,94.781124600352,6.15597746531302,97.1138334164468,4.81441572439619,287.999164663501
28849.4146225531,4385.60974369127,94.6146344299138,94.6146344299138,6.14251564548269,96.9988818460425,4.81156324970233,286.430149625833
28874.7334126141,4392.84199318925,94.4493258699601,94.4493258699601,6.12914936659276,96.8847461074703,4.80872759502357,284.871168125402
28900.0105185427,4400.02305568418,94.2851872986472,94.2851872986472,6.11587768894115,96.7714181765381,4.80590862771142,265.741040762992
28925.2463709427,4406.26535930751,94.1425060729712,94.1425060729712,6.10434097810611,96.672905267845,4.8034554326821,177.18460439008
28950.4464720113,4408.95953014655,94.0809250252216,94.0809250252216,6.09936174739486,96.6303872133117,4.80239584743259,28.1490275169276
28975.6311741231,4407.68364251867,94.1100881710019,94.1100881710019,6.10171977858159,96.6505226326973,4.80289769816795,-28.4081173804072
29000.8231664246,4407.52842309842,94.1136360434648,94.1136360434648,6.10200664728832,96.6529722278303,4.80295874404811,-30.4733729145822
29026.0160459095,4406.14824553147,94.1451829592806,94.1451829592806,6.1045574218824,96.6747534987901,4.80350148133557,-8.27447273173548
29051.2168167874,4407.11144221264,94.1231670351397,94.1231670351397,6.10277729033827,96.6595528112826,4.80312272965302,51.2991900448183
29076.4120799083,4408.73352125708,94.0860909426954,94.0860909426954,6.09977944562957,96.6339539723859,4.80248475233047,139.089724311869
29101.5980730863,4414.11895726174,93.9629952625887,93.9629952625887,6.0898263543262,96.5489637192016,4.80036537655611,237.591345805082
29126.7533381493,4420.69416855208,93.8127047188096,93.8127047188096,6.07767438032538,96.4451970284783,4.79777519463262,269.735665655317
29151.8711880064,4427.67940937928,93.6530420713307,93.6530420713307,6.06476461040721,96.3349594570091,4.7950203720859,277.346239196613
29176.9494111845,4434.61586063083,93.4944946141525,93.4944946141525,6.05194501092291,96.2254918581815,4.79228160779469,275.844914106014
29201.9884079949,4441.50398962224,93.3370516657773,93.3370516657773,6.03921471820351,96.1167868570565,4.78955877839929,274.353048005636
29226.9885729501,4448.34425718087,93.1807026930088,93.1807026930088,6.02657288057112,96.0088371810872,4.78685176201,272.870561920233
29251.9502948786,4455.13711777079,93.0254373080963,93.0254373080963,6.01401865810816,95.9016356581496,4.78416043818016,85.7752586356584
29276.9849449272,4452.63270891805,93.0826809390161,93.0826809390161,6.01864718028366,95.9411589840766,4.78515303839762,-393.68261529383
29302.1208506264,4435.38584217325,93.47689503604,93.47689503604,6.05052196985679,96.2133403952023,4.79197739511635,-697.17945154989
29327.3508180338,4417.51865712876,93.8852878370568,93.8852878370568,6.08354320043648,96.4953113589845,4.79902648312986,-679.188782597773
29352.6759600255,4401.04937896638,94.2617284807686,94.2617284807686,6.11398088999568,96.7552212566364,4.80550546299859,-650.593225007373
29378.0874224204,4384.50976605496,94.6397767758866,94.6397767758866,6.14454856869195,97.0162411420635,4.81199423503361,-617.430490375553
29403.5859656737,4369.61598921399,94.980205960823,94.980205960823,6.17207449614183,97.2512872671104,4.81782204852566,-583.825047639585
29429.1585211843,4354.69317938612,95.3212987568887,95.3212987568887,6.19965408089432,97.4867915762125,4.82364676638348,-537.422723199462
29454.8048480918,4342.08979794562,95.6093760469573,95.6093760469573,6.22294701504115,97.6856918284258,4.82855492607519,-488.52121164572
29480.5244756817,4329.59982105771,95.8948612329666,95.8948612329666,6.24603036061147,97.8828023868004,4.83340880924367,-482.063269270786
29506.3111436574,4317.26050471724,96.1769027493203,96.1769027493203,6.26883526295394,98.0775352958888,4.83819428696523,-456.600084114809
29532.1306089151,4306.0364562825,96.4334524278286,96.4334524278286,6.2895789833821,98.2546676055839,4.84253875529599,-323.279525442569
29557.9500741728,4300.56669576586,96.5584755253519,96.5584755253519,6.29968791899708,98.3409886259738,4.84465300227959,-211.846356653105
29583.7695394305,4295.09693699135,96.683498583055,96.683498583055,6.30979685139234,98.4273096188702,4.84676533764095,-181.4132850891
29609.6218854936,4291.19274272765,96.7727373090822,96.7727373090822,6.31701238639064,98.4889236569286,4.84827190909572,-133.144677070672
29635.4977524254,4288.2096007767,96.8409234108182,96.8409234108182,6.3225256789417,98.5360021087896,4.84942240525245,-110.878977291461
29661.3916201994,4285.45256748882,96.9039413145412,96.9039413145412,6.32762108886152,98.5795122269994,4.85048519512505,-99.539402912716
29687.302146717,4283.05302230066,96.9587880616991,96.9587880616991,6.33205580729911,98.6173806471036,4.85140978566497,-90.8585000441782
29713.2271893937,4280.74286542289,97.0115916474769,97.0115916474769,6.33632532276818,98.6538383856725,4.85229958721556,-89.0578544543732
29739.1662228466,4278.4341189573,97.0643629952616,97.0643629952616,6.34059223158456,98.6902738658228,4.8531885066241,-86.2515301585304
29765.119253629,4276.26709547951,97.1138949604683,97.1138949604683,6.34459721512022,98.724472744776,4.85402255142749,-87.3369080194285
29791.0854362622,4273.89965539078,97.1680078767822,97.1680078767822,6.3489725985317,98.7618344982841,4.85493339187713,-80.5560084869765
29817.0660023361,4272.08247274979,97.2095434800049,97.2095434800049,6.3523310238709,98.7905123644041,4.85563228697865,-74.4524621265546
29843.0576195621,4270.03019838201,97.2564526084113,97.2564526084113,6.3561239338868,98.8229003303869,4.8564213473965,-42.0578719868355
29869.061728955,4269.89564313579,97.2595281568961,97.2595281568961,6.35637261210892,98.8250238138771,4.85647307199877,70.4358069861047
29895.0666578033,4273.6934969611,97.1727200694606,97.1727200694606,6.34935361014743,98.765087987346,4.85501269169975,166.275762647113
29921.048477152,4278.53977933979,97.0619479008048,97.0619479008048,6.34039695539278,98.6886063865971,4.85314783239105,179.3247190479
29947.0258731155,4283.01106864891,96.9597470023106,96.9597470023106,6.33213334392308,98.6180427386188,4.85142594794971,-79.2216609288256
29973.0363467801,4274.4212139597,97.1560865380639,97.1560865380639,6.34800868028032,98.7536035222248,4.85473275984583,-269.615736278743
29999.0468204447,4268.98540263283,97.2803336541067,97.2803336541067,6.3580548727144,98.8393887735086,4.85682294889939,-208.985480117121
30025.0572941093,4263.54959130596,97.4045807701496,97.4045807701496,6.36810106514848,98.9251740247924,4.85891126535448,-167.913513911754
30051.1009298198,4260.24481421411,97.4801185322489,97.4801185322489,6.37420878755091,98.9773283613235,4.86017997214335,-56.3602786105353
30077.1647682216,4260.6127995473,97.4717074389189,97.4717074389189,6.37352869561102,98.9715210011378,4.86003873643592,51.9707486213164
30103.2263555128,4262.95381160958,97.418198591781,97.418198591781,6.36920215514559,98.934576321504,4.85914003675328,144.330062098852
30129.2736310163,4268.13367495036,97.2998017154203,97.2998017154203,6.35962899287513,98.8528303131193,4.85715028717448,233.964356910406
30155.2892952026,4275.13468381297,97.1397786557035,97.1397786557035,6.3466900812689,98.7423438984142,4.85445827583393,289.161062542985
30181.2623558433,4283.16678986159,96.9561876603065,96.9561876603065,6.33184554782888,98.615585224449,4.85136595712394,308.394803315561
30207.1867099106,4291.13957681443,96.7739525299558,96.7739525299558,6.31711064495096,98.4897626947375,4.84829241833811,306.693272217964
30233.0628974365,4299.05366746547,96.5930590293608,96.5930590293608,6.30248422161869,98.364866480657,4.84523750124481,305.002948874095
30258.8914497131,4306.90967492496,96.4134931445723,96.4134931445723,6.28796514471264,98.2408869064087,4.84220104976816,281.473727066256
30284.6728894856,4313.58052428139,96.2610165878539,96.2610165878539,6.27563641725991,98.1356109036363,4.83961957828735,222.277065828164
30310.4144588766,4318.36205822446,96.1517243834408,96.1517243834408,6.26679942729951,98.0601511302625,4.8377674759716,190.347536933864
30336.1275257507,4323.37478755828,96.0371477129537,96.0371477129537,6.25753515367423,97.9810427470496,4.83582424641633,246.931234995932
30361.8107796544,4331.05341518837,95.8616362242658,95.8616362242658,6.24334390122582,97.8598624924102,4.83284442682953,242.539503573382
30387.4484991063,4335.82215095885,95.752636549512,95.752636549512,6.23453056420275,97.784604693385,4.83099192972102,213.055986054836
30413.0580210202,4341.97194673015,95.6120697890252,95.6120697890252,6.22316482171582,97.6875516972707,4.82860077268082,267.549300376103
30438.6312706293,4349.51606567114,95.4396327846596,95.4396327846596,6.20922216144501,97.5684941913804,4.82566414261934,260.346450596911
30464.160164123,4355.27620830486,95.3079723816031,95.3079723816031,6.19857655624159,97.4775905058861,4.82341946767766,233.993478804915
30489.6552939561,4361.455354392,95.1667347567542,95.1667347567542,6.18715656998069,97.3800743177902,4.82100912250325,266.580443999427
30515.1143032471,4368.85958533617,94.9974951923162,94.9974951923162,6.17347244365279,97.2632244541886,4.81811763814219,290.036591929089
30540.5301652635,4376.21092868083,94.8294644872953,94.8294644872953,6.15988606151985,97.1472092361884,4.81524328379205,288.454514497853
30565.9033326449,4383.50991015293,94.6626306250759,94.6626306250759,6.14639645195981,97.0320203670301,4.81238592291976,286.882583402021
30591.2342511703,4390.75704783481,94.4969817637757,94.4969817637757,6.13300265747902,96.917649670598,4.80954542071062,285.320710968769
30616.5233599003,4397.9528523187,94.3325062327154,94.3325062327154,6.11970373442666,96.804089088981,4.80672164403519,283.76881065928
30641.771091315,4405.09782685715,94.1691925289795,94.1691925289795,6.10649875271675,96.6913306800996,4.80391446141695,264.291665593107
30666.9778714488,4411.28755921254,94.0277129322848,94.0277129322848,6.0950592014486,96.5936474248215,4.80147987777513,174.831351623678
30692.1492824936,4413.90551411326,93.9678739631254,93.9678739631254,6.09022082919194,96.5523321720463,4.8004494108774,127.072616007739
30717.3057639894,4417.68285617583,93.8815347159811,93.8815347159811,6.08323973603619,96.4927200518793,4.79896179788399,169.257323811219
30742.4407354223,4422.41771084655,93.7733094663646,93.7733094663646,6.0744890163535,96.4179969473977,4.79709576679079,233.028237226315
30767.548796137,4429.39090139009,93.6139222539408,93.6139222539408,6.06160151716205,96.3079495474686,4.79434490752787,276.975897863361
30792.6173292292,4436.31541796794,93.4556475893042,93.4556475893042,6.04880397473996,96.1986702956827,4.79161007602516,275.476907905843
30817.6467335722,4443.1917262872,93.2984748277211,93.2984748277211,6.03609552839087,96.0901518424839,4.78889114928723,273.987357412573
30842.6374022694,4450.02028559781,93.1423934720502,93.1423934720502,6.02347532935217,95.9823869402198,4.78618800578198,272.507167648345
30867.5897227676,4456.80154881673,92.9873931699033,92.9873931699033,6.01094254056557,95.8753684411815,4.78350052541381,271.036260847184
30892.5040769684,4463.53596264911,92.8334637108774,92.8334637108774,5.99849633645316,95.7690892956925,4.78082858949772,269.574560193172
30917.3808413361,4470.22396770636,92.6805950238545,92.6805950238545,5.98613590269912,95.6635425502439,4.77817208073376,268.121989803179
30942.2203870036,4476.86599862142,92.5287771743674,92.5287771743674,5.97386043603677,95.5587213456766,4.77553088318234,266.198896530003
30967.0230798748,4483.43867682664,92.3785445296769,92.3785445296769,5.96171314355615,95.4549946308337,4.77291436495156,264.766231971652
30991.7894122357,4489.99020265463,92.2287953678941,92.2287953678941,5.94960494383268,95.3516017322119,4.77030339290625,263.823461934685
31016.5196070419,4496.49702197761,92.0800680690832,92.0800680690832,5.93757936841778,95.2489143692564,4.76770739258081,262.406640011659
31041.2140151216,4502.95954663183,91.928970880836,91.928970880836,5.92667586652025,95.1408868642529,4.76524322214972,260.989557199248
31065.8729824607,4509.37773757445,91.7749342982132,91.7749342982132,5.91706993127633,95.0265013868646,4.76292971915406,259.561630656988
31090.4968527265,4515.75148032396,91.6219644722249,91.6219644722249,5.90753052045784,94.9129080684872,4.76062819331356,258.132054089324
31115.0859677107,4522.0811865449,91.4700515229225,91.4700515229225,5.89805701793742,94.8000995724043,4.75833856940709,256.711510369786
31139.6406644994,4528.36726246951,91.3191857007317,91.3191857007317,5.88864881571813,94.6880686587149,4.75606077296546,255.299925778241
31164.1612755616,4534.61010899678,91.1693573840773,91.1693573840773,5.87930531378514,94.5768081825671,4.75379473025856,253.897227458823
31188.6481288347,4540.81012178903,91.0205570770632,91.0205570770632,5.8700259199612,94.4663110924376,4.75154036828263,252.503343406959
31213.1015478087,4546.96769136642,90.8727754072059,90.8727754072059,5.8608100497652,94.3565704284471,4.74929761474803,251.11820245306
31237.5218516082,4553.0832031991,90.7260031232217,90.7260031232217,5.85165712627424,94.2475793207178,4.74706639806709,249.741734249082
31261.9093550722,4559.1570377973,90.5802310928647,90.5802310928647,5.84256657998881,94.139330987768,4.74484664734243,248.373869257794
31286.2643688322,4565.18957079939,90.4354503008146,90.4354503008146,5.83353784870098,94.0318187349426,4.7426382923555,247.014538735132
31310.5871993889,4571.18117305781,90.2916518466126,90.2916518466126,5.82457037736579,93.9250359528819,4.74044126355533,-175.295005716886
31335.0672154382,4556.63467552459,90.6407677874098,90.6407677874098,5.84634173234404,94.1842847162079,4.74576892592757,-719.609185914811
31359.6479346187,4535.87661731871,91.1389611843509,91.1389611843509,5.87740976455092,94.5542363768487,4.75333453374776,-798.549918905938
31384.3325046358,4517.29388283097,91.5849468120567,91.5849468120567,5.90522204775348,94.8854192560373,4.76007063277187,-759.595661910748
31409.1315130274,4498.28910582364,92.0391061526026,92.0391061526026,5.93426732940601,95.2206325997451,4.7669919132663,-799.610850399444
31434.0601187276,4477.53114303869,92.5135738734015,92.5135738734015,5.97263114965971,95.5482243696883,4.77526622698237,-880.656407782881
31459.1345302076,4454.25362833542,93.0456313523333,93.0456313523333,6.01565147873925,95.9155784458334,4.78451064889519,-977.677556472747
31484.3616293031,4428.35248509235,93.6376574836035,93.6376574836035,6.06352066580914,96.3243373132835,4.79475475626896,-1041.39890320896
31509.743236922,4401.54977667022,94.2502908189665,94.2502908189665,6.11305608018827,96.7473242307493,4.80530886961146,-1052.74904877566
31535.2729017245,4374.75569147876,94.8627270519141,94.8627270519141,6.16257555754723,97.1701750607085,4.8158125564215,-1018.82483973412
31560.9445010231,4349.38465697823,95.4426364119262,95.4426364119262,6.20946502436594,97.5705680175425,4.82571532634674,-960.007430984659
31586.7497349905,4325.33754901984,95.9922845938323,95.9922845938323,6.25390767689859,97.9500674289112,4.83506292468803,-897.563188152721
31612.691552011,4302.93840891603,96.5042649390622,96.5042649390622,6.29530463832888,98.3035594371506,4.84373648993673,-865.924879353978
31638.7796628905,4280.28353998024,97.0220905147375,97.0220905147375,6.33717422489322,98.6610872297087,4.85247646485045,-891.663594212786
31665.0177241361,4256.28106620757,97.570718486684,97.570718486684,6.38153438677417,99.0398822467179,4.861700747526,-918.249801045977
31691.4092360594,4231.95644488876,98.1267098311141,98.1267098311141,6.426489925508,99.4237612349201,4.87101170122867,-924.322416515952
31717.9547591821,4207.35017805066,98.6891387874135,98.6891387874135,6.47196598729071,99.812085011617,4.88039265915908,-920.502687032933
31744.6588072305,4182.94007154241,99.2470840790306,99.2470840790306,6.51707951544171,100.197313084255,4.88966149005931,-919.152294907587
31771.5275543839,4158.10862039631,99.8146601052271,99.8146601052271,6.56297175150922,100.589190606894,4.89905237973024,-933.102370937409
31798.5860945861,4132.62039185268,100,100,6.61007781044975,100.991433061408,4.88769416491744,-1002.72463407163
31825.8546402383,4103.63351311278,100,100,6.66364989828969,101.448889460666,4.8637399877716,-1106.13352912272
31853.3629555134,4072.0298693609,100,100,6.72205815929391,101.947642334471,4.83775174485461,-1213.71425567168
31881.1366093952,4036.53699906545,100,100,6.78765429271071,102.507773033273,4.80872373613536,-1327.00211735621
31909.1702237906,3997.97350619319,100,100,6.8606256484764,103.116491008033,4.77737367484956,-1342.51988583658
31937.4764726459,3960.89961228607,100,100,6.96024918995328,103.703918887825,4.74746060235844,-1321.76758485986
31966.0816615924,3922.749812499,100,100,7.06276386432074,104.308394265015,4.7169177420418,-1376.30515063321
31994.9816786428,3881.75490108431,100,100,7.17292381320267,104.957949824378,4.68436329373344,-1387.07563948579
32024.1860986583,3842.15456329886,100,100,7.27933631747726,105.585408664355,4.65317499052505,-1356.18471573266
32053.7110025429,3802.10708964569,100,100,7.38695034805431,106.219952276041,4.62188990915662,-1370.08729320354
32083.5386613429,3760.83637134562,100,100,7.49785143458836,106.873877936218,4.5899146355526,-1324.51509648654
32113.6904882764,3722.66335531217,100,100,7.60042849475996,107.478721169841,4.56057630257224,-1289.87465946828
32144.1616765104,3682.6402803005,100,100,7.70797696224618,108.112878190298,4.53005766913509,-1283.43262852553
32174.948051054,3644.04340049944,100,100,7.81169301282808,108.724437454209,4.50085804834373,-1225.88766254153
32206.0793014233,3606.7362278259,100,100,7.91194341203187,109.315561585911,4.47433358801803,-1234.57586533974
32237.5307103989,3566.78035968345,100,100,8.01931128380457,109.948653727971,4.44612475818836,-1205.88879950486
32269.3221096668,3530.47243371583,100,100,8.11687654570116,110.523945010409,4.42062262050063,-1158.58320029736
32301.4572798825,3492.71611022711,100,100,8.22281856490454,111.152767078549,4.39235886907552,-1162.76083130864
32333.9271355962,3455.35224005945,100,100,8.34622619414866,111.901660891873,4.35685275613847,-1117.46933381761
32366.7657165275,3419.73593503675,100,100,8.46386186051738,112.61552780034,4.32327991030345,-1120.51578491847
32399.9811087574,3381.33772047574,100,100,8.59068578440208,113.385153248624,4.28737916573803,-1148.80610700641
32433.5809316639,3342.97820784711,100,100,8.71738188122549,114.154002983964,4.25181585962315,-1133.24705227987
32467.5815748499,3304.72969154367,100,100,8.84371137273513,114.920627990954,4.21665149767838,-1129.24301612805
32501.9512297618,3265.77152620946,100,100,8.97238473558598,115.701476678906,4.1811347858184,-1071.06898495803
32536.6913197526,3230.70838722003,100,100,9.08819337203414,116.40425633602,4.14942481467665,-995.751288970281
32571.7601496493,3196.25920424986,100,100,9.20197419775345,117.094730312207,4.11850333093033,-913.526280200956
32607.1997944408,3166.29704261547,100,100,9.30093502054128,117.695269747258,4.09179535502881,-885.593133113835
32643.0028106055,3133.16719292229,100,100,9.41035827325851,118.359299981819,4.06246305177864,-901.939312796601
32679.1879391725,3101.36810482666,100,100,9.51538620683171,118.99665741394,4.03450386071144,-887.224670862725
32715.7570051063,3068.61787665244,100,100,9.62355562284908,119.653078795198,4.00590586004624,-883.531683678534
32752.7195883824,3036.40056299658,100,100,9.7299648968628,120.298818831509,3.97894192885218,-868.194666560188
32790.0997307439,3004.07391875633,100,100,9.83673527448178,120.946750209292,3.95236075822837,-876.181897233042
32827.9140087424,2970.51657310422,100,100,9.96691167721352,121.782776018781,3.91849213286912,-888.819112727098
32866.2243920438,2936.4128648431,100,100,10.1019235535101,122.655363018918,3.88349725831991,-934.992152438226
32905.0581529597,2898.38740365448,100,100,10.252461108629,123.628293084273,3.84488195302176,-986.119116163378
32944.3976551928,2859.324715679,100,100,10.4071049015085,124.627761923755,3.80564963390517,-956.516428627583
32984.3266651939,2822.5657694296,100,100,10.5526284987026,125.568286584309,3.76912836099851,-976.321094664694
33024.7308727639,2780.89370076205,100,100,10.7176024697701,126.634519766627,3.72818391201465,-914.459441016003
33065.6625994939,2748.18735641511,100,100,10.8470823751009,127.471353423559,3.69638433865743,-826.250817923191
33107.1808766616,2712.7693176038,100,100,10.9872975047298,128.377569252068,3.6622761064015,-882.920326115545
33149.1840102078,2674.44460522996,100,100,11.1390197540084,129.358156041789,3.62574702981973,-817.328966093697
33191.8429086881,2643.57258650019,100,100,11.2612378172716,130.148056131401,3.59660329993641,-833.754647431293
33234.9523856832,2602.93482357471,100,100,11.4221171145919,131.18782527826,3.55861812921851,-780.299166803639
33278.7884490713,2575.72905378189,100,100,11.5298210040838,131.883919699082,3.53342477187604,-792.817301534629
33323.1173295367,2533.03613069883,100,100,11.6988363969524,132.976272747462,3.49464928497505,-793.620247979374
33368.0671989682,2504.87563014942,100,100,11.8103199338017,133.696795175949,3.47079219923858,-697.661206042709
33413.083232983,2470.27040999776,100,100,11.9810157678807,134.749802232209,3.43914055758867,-424.693393670905
33458.0992669978,2466.63960563872,100,100,11.9995051444426,134.863168159782,3.43579434496865,-80.6558027267866
33503.1153010126,2463.00880127968,100,100,12.0179945210044,134.976534087355,3.43245190992282,-13.3731244241859
33548.7833764963,2465.4268757591,100,100,12.0056808061403,134.901033666734,3.43467751387377,-343.417624841016
33595.0950908146,2431.4213203325,100,100,12.1788494644602,135.962801515498,3.40353163278994,-726.886189450216
33642.0543423516,2397.6294988022,100,100,12.3509297120309,137.017895872932,3.37290444295768,-707.195512105607
33689.6284348977,2364.5677636526,100,100,12.51929209417,138.050194477257,3.3432457104546,-664.946851950428
33737.7327902447,2334.00841607618,100,100,12.6749114085012,139.004360122511,3.31609761031754,-581.743504437362
33786.3850534804,2308.28022928079,100,100,12.8059286947202,139.807680674216,3.29343669123426,-528.698515137631
33835.5643100779,2282.28503680671,100,100,12.9383056709828,140.619338041524,3.27071967601661,-512.543714372812
33884.8188483368,2257.82860644528,100,100,13.0628467108175,141.382950078662,3.24950982288414,-283.297169928959
33934.0733865956,2254.37769421693,100,100,13.0804200112111,141.490699168685,3.2465295938319,-70.0628082398054
33983.3279248545,2250.92678390734,100,100,13.0979933018337,141.598448198799,3.2435524620859,36.3291559603656
34032.6579755623,2257.95918912479,100,100,13.0621817363118,141.378872848075,3.24962265574083,156.248212627595
34081.8343880167,2266.3182427087,100,100,13.0196143947174,141.117875071972,3.25685473115033,256.304739862603
34130.8294189427,2283.12099538234,100,100,12.9340486658219,140.593236602293,3.27144743467672,358.930224452129
34179.4638682839,2301.36041397415,100,100,12.8411669114598,140.023740589127,3.28737202011358,418.212164188796
34227.7128655793,2323.6388312743,100,100,12.7277171064217,139.328133447474,3.30694292346087,-59.2442161088281
34276.9254921505,2295.58637646748,100,100,12.8705704108462,140.204025466267,3.28232126580941,-679.00256151188
34326.8895275929,2256.29762372487,100,100,13.0706430317503,141.430752510034,3.24818727442856,-727.871637042676
34377.5218024603,2222.36517540183,100,100,13.243439402105,142.490237709062,3.21903030920298,-619.996466003247
34428.9271891766,2193.03463414374,100,100,13.3928011876645,143.40603588686,3.19406548712783,-600.48145438329
34481.2930480592,2160.05246692144,100,100,13.5607583809736,144.435850112797,3.16625228595439,-687.305197182954
34534.5584650197,2120.43370927171,100,100,13.7625115069096,145.672881020033,3.13320060054429,-702.688694703006
34588.6366115893,2084.6233583797,100,100,13.9448708402638,146.791000655283,3.10365691205607,-616.264941566676
34643.5046865992,2053.29397239611,100,100,14.1044114702787,147.769209490328,3.07806366613902,-551.384167246289
34699.068488574,2023.73296985105,100,100,14.2549468485456,148.692203444869,3.05412901049986,-493.630066896558
34754.7228349092,1998.39335040573,100,100,14.3792445836753,149.448425396831,3.03452272972011,-256.860590387185
34810.3771812443,1995.14215333653,100,100,14.3862073849852,149.479181479913,3.0334325689639,-58.4176474841044
34866.0315275795,1991.8909584354,100,100,14.3931701816518,149.509937542485,3.03234294790151,30.3826359181207
34921.5917765255,1998.52114589374,100,100,14.3789708953776,149.447216460995,3.03456559191315,30.3864980134604
34977.1520254715,1995.26752122385,100,100,14.3859388956652,149.477995508999,3.03347459614889,-228.958463794816
35034.3089422677,1972.7135967821,100,100,14.4342406415461,149.691353961035,3.02592669919424,-457.402707076429
35092.0938292137,1942.69282903592,100,100,14.4985334655542,149.975348196795,3.01591995927011,-442.072038688929
35149.9750296729,1921.58085371571,100,100,14.5437471164908,150.175065917113,3.00890997596268,-209.994427919341
35207.8562301322,1918.38336988047,100,100,14.5505948849165,150.205313876986,3.00785024044674,-55.2421824335903
35265.7374305914,1915.18588604522,100,100,14.5574426533423,150.235561836859,3.0067910172127,102.863595483591
35323.7152661628,1930.30104689584,100,100,14.5250718497493,150.092573536545,3.01180269833368,322.250792461276
35381.2391081398,1952.4063931658,100,100,14.477730784078,149.883458600736,3.01915277066869,158.868994232801
35438.3196514093,1948.50813031462,100,100,14.4860793489631,149.920335878112,3.01785480194821,-62.3176383182007
35495.4001946788,1945.29214386485,100,100,14.4929667428024,149.950758871346,3.01678458168843,-56.3412025456911
35552.4807379483,1942.07615741509,100,100,14.4998541366418,149.98118186458,3.0157148828325,175.730876906753
35609.6558039032,1965.37038226537,100,100,14.4499669548293,149.7608202256,3.02347479381076,441.948883726308
35666.1532119193,1992.31358039698,100,100,14.3922650895627,149.505939570081,3.03248455699155,476.33287765644
35721.8865731142,2018.82958752524,100,100,14.2799166550357,148.845303538028,3.05017878678559,475.206999801229
35776.887913037,2044.93548548901,100,100,14.1469759261486,148.030189572874,3.07127510435739,434.997043802337
35831.1870990884,2066.37499321006,100,100,14.0377981538546,147.360776010709,3.08872111016178,387.958950963079
35884.9229082976,2086.84862891761,100,100,13.9335389532055,146.721520222386,3.10548371364777,426.123733755458
35938.1315267144,2111.94655201439,100,100,13.8057311990088,145.937878623812,3.12617045731033,471.135402215565
35990.7078252404,2136.6876483098,100,100,13.6797405366863,145.165378358485,3.1467134653954,470.0227396027
36042.6753332088,2161.08451835138,100,100,13.5555027996664,144.403625994918,3.16711846519888,468.912876785842
36094.0561706758,2185.14901827897,100,100,13.4329576121721,143.652251344537,3.18739083482865,467.805798014433
36144.8711638231,2208.89232044565,100,100,13.3120480805174,142.910905568889,3.20753563196525,466.701488228148
36195.1399484813,2232.32496781652,100,100,13.1927205160888,142.179259481134,3.22755761965065,465.599932992013
36244.8810632341,2255.45692290995,100,100,13.0749241861188,141.457002017931,3.24746128947214,456.463282522498
36294.112033359,2277.50209055789,100,100,12.9626621731583,140.768677715165,3.26655933210366,455.305224173243
36342.866470446,2300.07019070627,100,100,12.8477371976801,140.06402570038,3.28624264902838,462.349924945074
36391.1425329933,2322.36413478119,100,100,12.7342083246568,139.36793376058,3.30581956367276,461.259159848915
36438.9551609644,2344.39197936577,100,100,12.6220345270364,138.680150342133,3.32529367840538,460.17108523466
36486.3185427567,2366.16138248232,100,100,12.5111768073836,138.00043633582,3.34466841011912,445.555569167061
36533.2461670565,2386.40386225247,100,100,12.4080947368546,137.368398013564,3.36280046401513,435.185396873563
36579.7757315389,2406.83258627319,100,100,12.3040642428521,136.730544519206,3.38121404441978,424.770239613561
36625.9103621829,2425.76485461991,100,100,12.2076542455024,136.139415405667,3.39838260446014,432.857544666333
36671.6849277506,2446.61617527764,100,100,12.1014717356978,135.488367022516,3.41740809152231,405.906190409716
36717.0693789415,2462.76686383389,100,100,12.0192265544872,134.984088188387,3.43222932195935,404.576107802702
36762.1562014176,2483.21869104579,100,100,11.9150784106311,134.345513334672,3.45110477359338,334.970695044719
36806.8716881325,2492.84800576022,100,100,11.8660424372814,134.044853732405,3.46003363913571,282.292102593756
36851.4144489158,2508.41558940589,100,100,11.7963057234533,133.60622079018,3.47377973790005,317.186427091937
36895.6807709952,2521.01704144675,100,100,11.7464183132318,133.283796520376,3.48444137758734,352.18780064649
36939.7258252587,2539.51777881216,100,100,11.6731764462346,132.810431489384,3.50018221542018,434.742347630339
36983.4500052255,2559.17404438575,100,100,11.5953600024697,132.307500791073,3.51818612449955,449.023711823603
37026.8383525844,2578.63336917828,100,100,11.5183232200885,131.809609074566,3.53610528885166,447.965528786407
37069.899275365,2597.90033739699,100,100,11.4420479508469,131.316639047056,3.55394182690541,446.909911218511
37112.6408427729,2616.97935245075,100,100,11.3665167622567,130.828478041694,3.57169776937754,445.856850414098
37155.0708039744,2635.87464688773,100,100,11.2917128982434,130.345017763322,3.58937506416479,444.806337814945
37197.196605564,2654.59029163901,100,100,11.2176202425526,129.86615405196,3.60697558089183,443.758365005114
37239.0254078237,2673.13020462655,100,100,11.1442232846718,129.391786662563,3.62450111514379,442.712923700779
37280.5640998775,2691.49815878815,100,100,11.0715070880606,128.921819059692,3.64195339240989,441.670005742421
37321.8193138286,2709.69778956717,100,100,10.9994572605003,128.456158225877,3.65933407176172,440.629603092701
37362.7974379638,2727.7326019101,100,100,10.9280599263913,127.994714482579,3.67664474928788,439.591707825534
37403.5046290982,2745.6059768108,100,100,10.8573017008453,127.537401322747,3.69388696130416,438.556312120243
37443.9468241282,2763.32117743718,100,100,10.7871696654307,127.084135254053,3.7110621873571,437.52340825969
37484.1297508529,2780.88135487227,100,100,10.7176513454445,126.634835652009,3.72817185303688,436.49298862434
37524.0589381212,2798.289553499,100,100,10.6487346885947,126.189424622183,3.74521733261406,435.465045684449
37563.7397253546,2815.54871605559,100,100,10.5804080449866,125.747826870854,3.76219995151356,434.439572000149
37603.1772714913,2832.66168838567,100,100,10.5126601483179,125.309969583471,3.77912098863794,433.416560214469
37642.3765633958,2849.63122390555,100,100,10.4454800981932,124.875782310356,3.79598167855094,432.396003049607
37681.3424237704,2866.45998780892,100,100,10.3788573434784,124.44519685912,3.81278321353163,431.377893306771
37720.0795186058,2883.15056102775,100,100,10.3127816666199,124.018147193316,3.82952674550816,430.362223858336
37758.5923642028,2899.70544396633,100,100,10.247243168862,123.594569336903,3.84621338787982,429.348987647655
37796.8853337941,2916.1270600243,100,100,10.1822322562998,123.174401284101,3.86284421723508,428.338177685159
37834.9626637952,2932.41775892301,100,100,10.1177396267108,122.757582914283,3.87942027497271,427.329787045272
37872.8284597078,2948.57981984855,100,100,10.0537562571116,122.344055911558,3.89594256883282,426.323808866398
37910.4867017002,2964.61545442364,100,100,9.99027339199285,121.933763688729,3.91241207434352,425.320236345913
37947.9412498858,2980.52680951966,100,100,9.92728253218704,121.526651315347,3.9288297361891,424.319062736477
37985.1958493194,2996.31596991926,100,100,9.86477542432723,121.122665449579,3.94519646950466,423.320281348178
38022.2541347287,3011.98496083915,100,100,9.81060621065861,120.788187125591,3.95884594751964,422.323885544669
38059.1196349996,3027.53575032189,100,100,9.75924413134702,120.476498588412,3.97163130420446,421.329868740035
38095.7957774292,3042.97025150508,100,100,9.70826613599921,120.167140848008,3.98437028287472,420.338224397632
38132.2858917624,3058.29032477539,100,100,9.65766608001862,119.860076616162,3.99706360100001,419.348946030197
38168.5932140235,3073.4977798146,100,100,9.60743798627982,119.555269620951,4.01015444219041,418.362027196634
38204.7208901581,3088.5943775442,100,100,9.55757603870581,119.252684567765,4.02332592298089,417.377461498432
38240.6719794941,3103.58183197466,100,100,9.50807457616009,118.952287102243,4.03644412857008,416.395242583531
38276.4494580338,3118.46181196497,100,100,9.45892808663521,118.65404377501,4.04950981204717,415.41536414063
38312.0562215875,3133.23594289779,100,100,9.41013120171991,118.357922008095,4.06252370592944,414.437819899871
38347.4950887565,3147.9058082751,100,100,9.36167869132897,118.063890062955,4.07548652293154,413.462603630391
38382.7688037761,3162.47295123892,100,100,9.31356545868046,117.771917009991,4.08839895669838,412.489709138936
38417.8800392244,3176.93887602136,100,100,9.26578653550644,117.481972699486,4.10126168250367,411.519130271716
38452.8313986062,3191.30504932798,100,100,9.2183370774839,117.194027733876,4.11407535791604,410.550860911257
38487.6254188184,3205.57290165826,100,100,9.17121235987343,116.908053441288,4.12684062343465,409.584894974024
38522.2645725036,3219.74382856646,100,100,9.12440777335481,116.624021850262,4.13955810309586,408.62122641081
38556.7512702975,3233.81919186634,100,100,9.07791882004795,116.341905665609,4.15222840505258,407.659849206342
38591.0878629769,3247.80032078269,100,100,9.03174110970957,116.06167824533,4.16485212212793,406.700757379608
38625.2766435122,3261.68851305248,100,100,8.98587035609623,115.783313578543,4.17742983234437,405.74394498115
38659.3198490314,3275.48503597834,100,100,8.94030237348489,115.506786264371,4.18996209942974,404.789406089656
38693.2196626987,3289.19112743692,100,100,8.89503307334235,115.232071491727,4.20244947330145,403.837134816416
38726.9782155124,3302.80799684439,100,100,8.85005846113644,114.959145019969,4.21489249052988,402.887125304684
38760.5975880268,3316.33682608135,100,100,8.80537463328108,114.687983160355,4.2272916747821,401.939371723021
38794.0798120025,3329.77877037923,100,100,8.76097777420868,114.418562758278,4.23964753724699,400.993868268233
38827.4268719867,3343.13495917003,100,100,8.71686415356356,114.150861176238,4.25196057704251,400.050609169522
38860.640706829,3356.40649690144,100,100,8.67303012350972,113.884856277502,4.26423128160637,399.10958867856
38893.723211136,3369.5944638188,100,100,8.62947211614811,113.620526410429,4.27646012707049,398.170801074832
38926.6762366653,3382.69991671576,100,100,8.58618664103733,113.357850393429,4.28864757862043,397.234240665445
38959.5015936652,3395.72388965499,100,100,8.54317028281326,113.096807500514,4.30079409084029,396.299901780897
38992.2010521601,3408.66739466056,100,100,8.50041969890213,112.83737744742,4.31290010804392,395.367778779513
39024.7763431854,3421.53142238318,100,100,8.45793161732344,112.579540378276,4.32496606459303,394.43786604134
39057.2291599748,3434.3169427397,100,100,8.41570283457769,112.323276852786,4.33699238520284,393.510157972056
39089.5611591004,3447.02490552808,100,100,8.37373021361526,112.068567833901,4.3489794852359,392.584649001655
39121.77396157,3459.65624101883,100,100,8.33201068188298,111.815394675966,4.36092777098452,391.661333580865
39153.8691538823,3472.21186052427,100,100,8.29054122944391,111.563739113309,4.37283763994258,390.740206186898
39185.8482890416,3484.69265694637,100,100,8.24931890716791,111.313583249264,4.38470948106684,389.821261316795
39217.712887536,3497.09950530433,100,100,8.20834082498914,111.064909545592,4.39654367502867,388.904493490364
39249.4644382772,3509.43326324265,100,100,8.17341219522115,110.857306144112,4.40590184076999,387.989897250758
39281.1043995076,3521.69477152076,100,100,8.14046354187565,110.6630251811,4.41447597425208,387.07746716007
39312.634199673,3533.88485448484,100,100,8.10770681988629,110.469875936836,4.42301415856731,386.167197802595
39344.0552382642,3546.00432052272,100,100,8.07513985698438,110.277845602589,4.43151675000161,385.259083783369
39375.3688866281,3558.0539625026,100,100,8.04276052260501,110.086921615531,4.43998409795899,384.35311972891
39406.5764887499,3570.03455819625,100,100,8.01056672674978,109.897091652037,4.44841654515172,383.449300284788
39437.6793620077,3581.94687068732,100,100,7.97855641888968,109.70834362121,4.45681442778384,382.547620115546
39468.6787979007,3593.79164876557,100,100,7.94672758690566,109.520665658638,4.46517807572818,381.648073908342
39499.5760627512,3605.56962730736,100,100,7.91507825606624,109.334046120362,4.47350781269733,380.75065636682
39530.372398384,3617.28152764322,100,100,7.88360648803978,109.148473577055,4.4818039564086,379.85536221504
39561.0690227802,3628.92805791285,100,100,7.85231037994051,108.963936808396,4.4900668187434,378.962186195591
39591.6671307112,3640.50991340821,100,100,7.82118806340661,108.780424797633,4.49829670590125,378.071123068942
39622.1678943489,3652.02777690507,100,100,7.79023770370933,108.597926726332,4.50687993763728,377.18216761571
39652.5724638574,3663.48231898365,100,100,7.75945749889127,108.416431969291,4.51553589199878,376.29531463366
39682.8819679634,3674.87419833853,100,100,7.72884567893371,108.235930089638,4.5241642316544,375.410558937792
39713.0975145092,3686.20406207858,100,100,7.69840050495058,108.056410834072,4.53276519061802,374.527895361379
39743.2201909861,3697.47254601707,100,100,7.66812026840893,107.877864128268,4.54133899863682,373.647318757264
39773.2510650514,3708.6802749524,100,100,7.63800329037452,107.700280072429,4.54988588130054,372.768823991207
39803.1911850288,3719.82786293995,100,100,7.60804792078138,107.52364893698,4.55840606014743,371.892405949243
39833.0415803914,3730.91591355514,100,100,7.57825253772484,107.347961158398,4.56689975276655,371.01805953437
39862.8032622311,3741.94502014836,100,100,7.54861554677656,107.173207335175,4.575367172897,370.145779665331
39892.4772237115,3752.91576609177,100,100,7.51913538032133,106.999378223902,4.58380853052386,369.275561278233
39922.0644405078,3763.8287250185,100,100,7.48981049691425,106.826464735488,4.59222403197118,368.407399324318
39951.5658712322,3774.68446105446,100,100,7.46063938065789,106.654457931477,4.60061387999208,367.541288771678
39980.9824578464,3785.483529043,100,100,7.43162054059854,106.483349020497,4.60897827385597,366.677224605581
40010.3151260611,3796.22647476277,100,100,7.40275251014081,106.313129354802,4.61731740943315,365.815201826489
40039.5647857239,3806.91383513897,100,100,7.37403384647996,106.143790426928,4.62563147927681,364.955215450132
40068.7323311946,3817.54613844826,100,100,7.34546313005126,105.975323866443,4.63392067270248,364.097260507844
40097.81864171,3828.12390451753,100,100,7.31703896399591,105.807721436805,4.64218517586514,363.241332047233
40126.8245817368,3838.64764491683,100,100,7.28875997364253,105.640975032293,4.65042517183398,362.387425131226
40155.751001315,3849.11786314656,100,100,7.26062480600422,105.475076675054,4.65864084066492,361.535534837049
40184.5987363903,3859.53505481924,100,100,7.2326321292901,105.310018512213,4.66683235947103,360.685656258305
40213.3686091373,3869.89970783598,100,100,7.20478063243105,105.145792813082,4.67499990249083,359.837784502222
40242.0614282729,3880.21230255781,100,100,7.17706902461941,104.982391966444,4.68314364115456,358.99191469213
40270.6779893607,3890.4733119722,100,100,7.14949603486144,104.819808477913,4.69126374414862,358.148041965868
40299.2190751067,3900.68320185471,100,100,7.12206041154297,104.658034967377,4.69936037747806,357.306161474661
40327.6854556466,3910.84243092621,100,100,7.09476092200693,104.497064166502,4.70743370452733,356.466268384492
40356.0778888246,3920.9514510055,100,100,7.06759635214322,104.336888916316,4.71548388611921,355.628357876814
40384.3971204645,3931.01070715786,100,100,7.04056550598954,104.177502164855,4.72351108057221,354.792425147761
40412.6438846332,3941.02063783933,100,100,7.01366720534369,104.018896964877,4.73151544375625,353.958465405607
40440.8189038969,3950.98167503704,100,100,6.98690028938646,103.86106647164,4.73949712914674,353.12647387404
40468.9228895699,3960.89424440577,100,100,6.96026361431472,103.704003940735,4.74745628787731,352.296445790385
40496.956541957,3970.75876540068,100,100,6.93375605298469,103.547702725984,4.75539306879092,351.46837640504
40524.9205505886,3980.57565140649,100,100,6.90737649456486,103.392156277397,4.76330761848963,350.642260983799
40552.81559445,3990.34530986324,100,100,6.88112384419802,103.237358139173,4.77120008138306,349.818094804805
40580.6423422042,4000.06814238857,100,100,6.85505419495084,103.083306260226,4.77907062784672,348.995873160206
40608.4014524086,4009.74454489686,100,100,6.83717075569544,102.930598123247,4.78692156957776,348.17559135528
40636.0935737262,4019.37490771512,100,100,6.81937240467395,102.778616561592,4.79474734336571,347.357244709773
40663.7193451307,4028.95961569596,100,100,6.80165843062117,102.62735550171,4.80254811650812,346.540828555785
40691.2793961069,4038.49904832746,100,100,6.78402813218637,102.476808954711,4.81032405397371,345.726338236986
40718.7743468451,4047.99357984031,100,100,6.76648081773525,102.326971014674,4.81807531845025,344.913769114382
40746.2048084304,4057.44357931212,100,100,6.74901580515718,102.177835856999,4.82580207039103,344.103116558187
40773.5713830283,4066.8494107691,100,100,6.73163242167729,102.029397736809,4.83350446806026,343.294375952968
40800.8746640634,4076.21143328509,100,100,6.71433000367339,101.881650987379,4.84118266757718,342.487542697332
40828.1152363956,4085.53000107811,100,100,6.6971078964976,101.734590018619,4.84883682295908,341.682612200221
40855.2936764903,4094.80546360447,100,100,6.6799654543024,101.588209315583,4.85646708616322,340.879579884826
40882.4105525853,4104.03816565057,100,100,6.66290203987093,101.442503437026,4.86407360712776,340.078441186115
40909.4664248526,4113.22844742229,100,100,6.64591702445185,101.297467013988,4.87165653381147,339.279191554248
40936.4618455565,4122.3766446323,100,100,6.62900978759791,101.153094748421,4.87921601223265,317.516131329909
40963.3973592084,4130.35238905795,100,100,6.61426941886785,101.027225545356,4.88581585081759,214.404171779827
40990.280860162,4133.9156658848,100,100,6.60768395028812,100.970991695502,4.88876719636903,112.401776311585
41017.1411885683,4136.39329094379,100,100,6.60310492856986,100.931891057991,4.89082034308685,84.3559852894089
41043.9854281218,4138.44596762959,100,100,6.59931127501007,100.899496742827,4.89252197413281,81.8786215746102
41070.816352884,4140.78813941075,100,100,6.59498259121067,100.862533761091,4.89446428741067,44.3632999726073
41097.6321011549,4140.82591107789,100,100,6.59491278351982,100.861937667562,4.89449561673318,54.1399152364662
41124.4476048187,4143.69173084452,100,100,6.58961631991472,100.816710735641,4.89687320479458,124.076817570074
41151.2445626047,4147.47797467668,100,100,6.58261877495723,100.756958132206,4.90001611568048,153.932180695255
41178.0170573757,4151.93779349527,99.9557075772509,99.9557075772509,6.57437636266981,100.686575505763,4.90138018786171,191.580279868031
41204.7607943757,4157.73062933685,99.8232999008719,99.8232999008719,6.56367033552794,100.59515587244,4.89919503598669,247.292944335667
41231.4672701647,4165.15565399123,99.653585051629,99.653585051629,6.5499477793132,100.47797785292,4.8963911696858,289.104254447448
41258.126137591,4173.15877710044,99.4706565234185,99.4706565234185,6.53515681068054,100.351676573186,4.89336518568329,297.479323016601
41284.7338796686,4181.00136892584,99.2913972816951,99.2913972816951,6.52066252787303,100.227908717754,4.89039605271356,283.923215554761
41311.2917117743,4188.25371787938,99.1256293056141,99.1256293056141,6.5072591021827,100.113455779643,4.88764698588994,286.177609685157
41337.8035565357,4196.18872219843,98.9442577783217,98.9442577783217,6.49259402726364,99.9882295165308,4.88463540886951,290.023947555117
41364.2652673263,4203.6173175766,98.7744613125349,98.7744613125349,6.47886487181722,99.8709951456372,4.88181247755396,302.539568845377
41390.6802152154,4212.18600371737,98.5786056293172,98.5786056293172,6.46302865810393,99.7357684334583,4.87855202727104,323.48455156319
41417.0414282036,4220.68959031122,98.3842379357434,98.3842379357434,6.4473127580911,99.6015690897171,4.87531181168051,321.682352758117
41443.3495302362,4229.12879289142,98.1913418767676,98.1913418767676,6.43171584936622,99.4683858222261,4.87209165198487,319.892299745269
41469.6051346,4237.5043152335,97.9999013660914,97.9999013660914,6.41623663124683,99.3362075243524,4.8688913719867,318.114277161336
41495.8088441727,4245.81684962471,97.8099005800067,97.8099005800067,6.40087382428254,99.2050232707655,4.86571079803111,316.348171336941
41521.9612516652,4254.06707712538,97.6213239514199,97.6213239514199,6.38562616977199,99.0748223133123,4.8625497589496,314.593870262976
41548.0629398559,4262.25566782278,97.4341561640507,97.4341561640507,6.37049242929366,98.9455940770113,4.85940808600581,312.851263552193
41574.1144818195,4270.38328107748,97.2483821468005,97.2483821468005,6.3554713842506,98.8173281561642,4.85628561284267,311.120242404998
41600.1164411475,4278.45056576265,97.0639870682822,97.0639870682822,6.34056183542812,98.6900143105798,4.85318217543114,309.400699577947
41626.0693721638,4286.4581604965,96.8809563315086,96.8809563315086,6.32576260256426,98.5636424619054,4.85009761202047,307.692529349031
41651.9738201327,4294.40669386802,96.699275568731,96.699275568731,6.31107252393252,98.4382026900644,4.84703176308972,305.995627486628
41677.8303214623,4302.2967846564,96.5189306364252,96.5189306364252,6.29649045593641,98.3136852297936,4.84398447130081,304.309891219116
41703.6394039007,4310.12904204423,96.3399076104176,96.3399076104176,6.28201527271538,98.1900804672786,4.84095558145279,302.635219205683
41729.4015867278,4317.90406582474,96.1621927811487,96.1621927811487,6.26764586576182,98.067378936883,4.83794494043742,300.971511504239
41755.1173809412,4325.62244660329,95.9857726490677,95.9857726490677,6.25338114354869,97.945571317969,4.83495239719598,295.320957782879
41780.7872894365,4333.07934076502,95.8153293539424,95.8153293539424,6.23959968771725,97.8278903498496,4.83205760024059,291.734120210862
41806.4130220062,4340.58713532004,95.6437226212563,95.6437226212563,6.2257241603452,97.7094060972219,4.82913942635768,290.409609053165
41831.9944304489,4347.95038656716,95.4754197356078,95.4754197356078,6.21211577062729,97.5932029546703,4.82627390254152,290.776237204563
41857.5325167925,4355.4514696618,95.3039664077303,95.3039664077303,6.19825264703794,97.4748246189482,4.82335113626791,292.919221556079
41883.0266207133,4362.89869601371,95.1337440911151,95.1337440911151,6.18448905876518,97.3572962233603,4.82044575099585,291.31859782814
41908.4772076112,4370.29260555789,94.9647404443911,94.9647404443911,6.17082400792837,97.2406092469228,4.81755760700257,289.728281675607
41933.884735759,4377.63373029516,94.7969433075393,94.7969433075393,6.1572565113104,97.1247552938654,4.81468656634587,288.14818332726
41959.2496564514,4384.92259445427,94.6303406981882,94.6303406981882,6.14378560005814,97.0097260910725,4.81183249282931,286.578214182139
41984.5724141508,4392.15971464972,94.4649208080063,94.4649208080063,6.13041031939072,96.8955134855928,4.80899525196832,285.018286791353
42009.8534466277,4399.34560003547,94.3006719991893,94.3006719991893,6.11712972831544,96.7821094422137,4.80617471095727,283.468314835528
42035.0931850989,4406.48075245457,94.1375828010384,94.1375828010384,6.1039428993513,96.6695060410996,4.80337073863719,281.928213097856
42060.2920543616,4413.56566658503,93.9756419066278,93.9756419066278,6.09084891825934,96.5576954754898,4.80058320546458,280.397897451128
42085.4504729234,4420.6008300819,93.8148381695566,93.8148381695566,6.07784688378007,96.4466700494566,4.79781198348083,278.877284835293
42110.5688531296,4427.58672371566,93.6551606007849,93.6551606007849,6.06493590737773,96.3364221757213,4.79505694628245,277.366293235165
42135.6476012871,4434.52382150719,93.4965983655499,93.4965983655499,6.05211511299084,96.2269443735237,4.79231796899214,275.864841662542
42160.6871177852,4441.41259085928,93.3391407803593,93.3391407803593,6.03938363678911,96.1182292665472,4.78959492823044,274.372850138952
42185.6877972127,4448.25349268481,93.1827773100614,93.1827773100614,6.02674062693662,96.0102695808955,4.78688770208824,272.890239675462
42210.6500284732,4455.04698153181,93.0274975649873,93.0274975649873,6.0141852433606,95.9030581431193,4.78419617009986,271.416932254836
42235.5741948962,4461.79350570531,92.8732912981644,92.8732912981644,6.00171665752629,95.7965878782934,4.78152021321683,269.95285081788
42260.4606743461,4468.49350738628,92.7201484025994,92.7201484025994,5.98933405221713,95.690851808139,4.77885971378232,268.497919240587
42285.3098393289,4475.14742274758,92.5680589086268,92.5680589086268,5.97703662132043,95.5858430491947,4.77621455550622,267.052062320045
42310.1220570953,4481.75568206712,92.4170129813229,92.4170129813229,5.96482356961824,95.48155481103,4.77358462344071,265.615205761575
42334.8976897417,4488.31870983825,92.2670009179829,92.2670009179829,5.95269411258336,95.3779803945035,4.77096980395661,264.187276157812
42359.637094309,4494.83692487746,92.118013145658,92.118013145658,5.94064747618027,95.2751131900631,4.76836998472007,262.768200975625
42384.3406228786,4501.31074042959,91.9685422296898,91.9685422296898,5.92914359079803,95.1702720112904,4.76583689279717,261.353911309624
42409.0086226664,4507.740366921,91.8142311938961,91.8142311938961,5.91952054027316,95.0556827286992,4.7635203141631,259.928741333259
42433.6414371924,4514.12543904088,91.6609894630189,91.6609894630189,5.90996417308813,94.9418874974385,4.76121573204628,258.496842436977
42458.2394094661,4520.46636985941,91.5088071233742,91.5088071233742,5.9004738710118,94.8288789557408,4.75892307103115,257.073995385145
42482.8028777689,4526.76356698877,91.3576743922696,91.3576743922696,5.89104902398191,94.7166498391113,4.75664225645743,255.660126233814
42507.3321757423,4533.01743268275,91.2075816156139,91.2075816156139,5.88168902995592,94.605192978553,4.75437321440716,254.25516190894
42531.8276324747,4539.22836393404,91.058519265583,91.058519265583,5.87239329476547,94.4945012988327,4.75211587169203,252.859030188152
42556.2895725859,4545.39675256916,90.9104779383402,90.9104779383402,5.86316123197426,94.3845678167889,4.74987015584085,251.471659689258
42580.7183163093,4551.52298534127,90.7634483518096,90.7634483518096,5.85399226273912,94.2753856396779,4.74763599508757,250.092979856656
42605.1141795725,4557.60744402077,90.6174213435014,90.6174213435014,5.8448858156745,94.1669479635593,4.74541331835934,248.722920946203
42629.477474076,4563.65050548388,90.4723878683869,90.4723878683869,5.83584132671981,94.0592480717168,4.74320205526507,247.361414012644
42653.8085073697,4569.65254179908,90.3283389968221,90.3283389968221,5.82685823901006,93.9522793331184,4.74100213608407,246.008390894923
42678.1075829283,4575.61392031168,90.1852659125197,90.1852659125197,5.81793600274933,93.8460352009086,4.73881349175509,244.663784204955
42702.3750002243,4581.53500372645,90.0431599105653,90.0431599105653,5.80907407508706,93.7405092109359,4.73663605386554,243.327527314815
42726.6110547997,4587.41615018833,89.9020123954801,89.9020123954801,5.80027191999726,93.6356949803144,4.73446975464099,241.99955434289
42750.8160383361,4593.25771336141,89.7618148793261,89.7618148793261,5.79152900816034,93.5315862060165,4.73231452693491,240.679800145337
42774.9902387226,4599.06004250609,89.6225589798539,89.6225589798539,5.78284481684755,93.4281766634972,4.73017030421864,239.368200301009
42799.1339401232,4604.82348255451,89.4842364186917,89.4842364186917,5.77421882980816,93.3254602053502,4.72803702057157,238.064691100293
42823.2474230418,4610.54837418441,89.3468390195743,89.3468390195743,5.76565053715889,93.2234307599914,4.72591461067161,236.769209535897
42847.3309643861,4616.23505389122,89.2103587066107,89.2103587066107,5.75713943527599,93.1220823303743,4.72380300978571,235.481693289763
42871.3848375302,4621.88385405873,89.0747875025905,89.0747875025905,5.74868502668951,93.0214089927301,4.72170215376087,234.202080723165
42895.4093123755,4627.49510302807,88.9401175273264,88.9401175273264,5.74028681998004,92.9214048953387,4.71961197901506,232.930310865651
42919.4046554105,4633.0691251653,88.8063409960327,88.8063409960327,5.73194432967753,92.8220642573241,4.71753242252851,231.666323406613
42943.371129769,4638.60624092752,88.6734502177395,88.6734502177395,5.72365707616241,92.7233813674759,4.71546342183518,230.410058681356
42967.3089952878,4644.10676692752,88.5414375937395,88.5414375937395,5.71542458556874,92.6253505830973,4.71340491501432,229.161457664392
42991.2185085618,4649.5710159971,88.4102956160696,88.4102956160696,5.70724638968951,92.5279663288768,4.71135684068235,227.920461959769
43015.0999229993,4654.99929724901,88.2800168660237,88.2800168660237,5.69912202588391,92.4312230957838,4.70931913798483,226.687013788517
43038.9534888753,4660.39191613762,88.1505940126972,88.1505940126972,5.69105103698653,92.3351154399877,4.70729174658861,225.461055982098
43062.7794533838,4665.74917451823,88.0220198115624,88.0220198115624,5.6830329712186,92.2396379818011,4.70527460667414,224.242531972803
43086.5780606892,4671.07137070529,87.8942871030731,87.8942871030731,5.67506738210082,92.1447854046413,4.70326765892804,223.031385784311
43110.3495519762,4676.35879952919,87.7673888112993,87.7673888112993,5.66715382836842,92.0505524540194,4.70127084453566,221.827562022978
43134.0941654992,4681.61175239212,87.6413179425892,87.6413179425892,5.65929187388751,91.9569339365437,4.69928410517401,220.631005868688
43157.8121366302,4686.83051732253,87.5160675842593,87.5160675842593,5.65148108757358,91.8639247189497,4.69730738300458,219.441663067569
43181.5036979058,4692.01537902868,87.3916309033116,87.3916309033116,5.64372104331139,91.7715197271456,4.69534062066656,218.25947992323
43205.1690790736,4697.16661895098,87.2680011451766,87.2680011451766,5.63601131987656,91.6797139452794,4.69338376127008,217.084403287914
43228.8085071368,4702.28451531324,87.1451716324822,87.1451716324822,5.62835150085894,91.5885024148257,4.69143674838953,215.916380556182
43252.4222063989,4707.36934317302,87.0231357638475,87.0231357638475,5.62074117458722,91.4978802336881,4.6894995260572,214.755359654521
43276.0103985069,4712.4213744708,86.9018870127009,86.9018870127009,5.61317993405533,91.4078425553231,4.68757203875686,213.601289037007
43299.5733024932,4717.44087807827,86.7814189261216,86.7814189261216,5.60566737685019,91.3183845878794,4.68565423141759,212.454117675939
43323.1111348178,4722.42811984562,86.661725123705,86.661725123705,5.59820310508089,91.229501593355,4.68374604940769,211.313795052952
43346.6241094088,4727.38336264791,86.5427992964501,86.5427992964501,5.59078672530936,91.1411888867712,4.68184743852874,210.180271155042
43370.112437702,4732.30686643046,86.4246352056689,86.4246352056689,5.58341784848235,91.053441835363,4.67995834500975,209.05349646548
43393.5763286803,4737.19888825343,86.3072266819178,86.3072266819178,5.57609608986479,90.9662558577851,4.67807871550143,207.933421956991
43417.0159889118,4742.05968233545,86.1905676239492,86.1905676239492,5.56882106897442,90.8796264233341,4.6762084970706,206.819999085789
43440.4316225875,4746.88950009648,86.0746519976845,86.0746519976845,5.5615924095177,90.7935490511847,4.67434763719471,205.71317978452
43463.8234315578,4751.68859019974,85.9594738352062,85.9594738352062,5.55440973932702,90.7080193096426,4.67249608375641,204.612916454155
43487.1916153691,4756.4571985929,85.8450272337704,85.8450272337704,5.54727269029906,90.6230328154099,4.67065378503835,203.519161959894
43510.5363712985,4761.19556854845,85.7313063548373,85.7313063548373,5.54018089833436,90.5385852328663,4.66882068971791,202.431869624573
43533.8578943888,4765.90394070328,85.6183054231213,85.6183054231213,5.53313400327812,90.4546722733631,4.66699674686218,201.350993219551
43557.1563774828,4770.58255309756,85.5060187256587,85.5060187256587,5.52613164886195,90.3712896945307,4.66518190592299,200.276486963058
43580.4320112557,4775.23164121279,85.394440610893,85.394440610893,5.51917348264698,90.2884332996003,4.66337611673198,199.208305510948
43603.684984249,4779.85143800924,85.2835654877783,85.2835654877783,5.51225915596777,90.2060989367366,4.66157932949591,198.146403950933
43626.9154829015,4784.44217396256,85.1733878248986,85.1733878248986,5.50538832387758,90.1242824983852,4.65979149479183,197.090737799538
43650.1236915813,4789.00407709982,85.0639021496043,85.0639021496043,5.49856064509436,90.0429799206309,4.6580125635626,196.041262993286
43673.3097926165,4793.53737303479,84.955103047165,84.955103047165,5.49177578194801,89.9621871825682,4.65624248711228,194.997935884724
43696.4739663255,4798.04228500263,84.846985159937,84.846985159937,5.4850334003284,89.8819003056834,4.65448121710177,193.960713235894
43719.6163910467,4802.51903389384,84.7395431865478,84.7395431865478,5.47833316963463,89.8021153532495,4.65272870554438,192.929552214903
43742.7372431674,4806.96783828773,84.6327718810944,84.6327718810944,5.47167476272485,89.7228284297299,4.65098490480164,191.904410388991
43765.8366971528,4811.38891448513,84.5266660523568,84.5266660523568,5.4650578558674,89.6440356801949,4.64924976757907,190.885245719177
43788.9149255736,4815.78247654058,84.4212205630261,84.4212205630261,5.45848212869254,89.5657332897487,4.64752324692206,189.87201655679
43811.9720991338,4820.14873629392,84.3164303289458,84.3164303289458,5.45194726414525,89.4879174829658,4.64580529621182,188.864681636927
43835.0083866976,4824.48790340131,84.2122903183686,84.2122903183686,5.44545294843872,89.4105845233385,4.64409586916151,187.863200073232
43858.0239553161,4828.80018536564,84.1087955512245,84.1087955512245,5.43899887100892,89.3337307127348,4.64239491981219,186.867531355396
43881.0189702529,4833.08578756651,84.0059410984038,84.0059410984038,5.43258472446969,89.2573523908641,4.64070240252916,185.877635341782
43903.9935950103,4837.34491328951,83.9037220810517,83.9037220810517,5.42621020456889,89.1814459347556,4.63901827199808,184.89347225526
43926.9479913538,4841.57776375514,83.8021336698766,83.8021336698766,5.41987501014517,89.1060077582426,4.63734248322139,183.915002681302
43949.8823193369,4845.78453814708,83.7011710844702,83.7011710844702,5.41357884308563,89.0310343114585,4.63567499151461,182.942187559223
43972.7967373255,4849.96543364005,83.6008295926388,83.6008295926388,5.40732140828412,88.9565220803408,4.6340157525028,181.974988180684
43995.6914020214,4854.12064542716,83.5011045097481,83.5011045097481,5.40110241360032,88.8824675861435,4.63236472211713,181.013366185387
44018.5664684856,4858.25036674674,83.4019911980783,83.4019911980783,5.39492156981958,88.8088673849585,4.63072185659137,180.057283553793
44041.4220901616,4862.35478890873,83.3034850661906,83.3034850661906,5.3887785906134,88.7357180672458,4.62908711245856,179.106702605305
44064.2584188975,4866.43410132062,83.205581568305,83.205581568305,5.38267319250065,88.6630162573711,4.62746044654766,178.16158599645
44087.075604968,4870.48849151295,83.1082762036891,83.1082762036891,5.37660509480937,88.5907586131512,4.6258418159804,177.221896712026
44109.8737970966,4874.5181451643,83.0115645160568,83.0115645160568,5.37057401963938,88.5189418254083,4.62423117816794,176.287598062362
44132.6531424765,4878.52324612592,82.9154420929779,82.9154420929779,5.36457969182541,88.4475626175321,4.6226284908078,175.358653680931
44155.413786792,4882.50397644593,82.8199045652976,82.8199045652976,5.35862183890091,88.3766177450471,4.62103371188078,174.435027520599
44178.1558742384,4886.46051639307,82.7249476065662,82.7249476065662,5.35270019106244,88.3061039951906,4.61944679964789,173.516683848823
44200.8795475429,4890.39304448009,82.6305669324779,82.6305669324779,5.34681448113475,88.236018186495,4.61786771264741,172.603587242613
44223.584947984,4894.30173748667,82.5367583003199,82.5367583003199,5.34096444453639,88.1663571683796,4.61629640969186,171.695702586677
44246.2722154116,4898.18677048209,82.4435175084298,82.4435175084298,5.33514981924585,88.0971178207468,4.61473284986522,170.792995069848
44268.9414882656,4902.04831684737,82.3508403956632,82.3508403956632,5.32937034576836,88.028297053587,4.61317699252003,169.895430180808
44291.592903595,4905.8865482971,82.2587228408697,82.2587228408697,5.3236257671033,87.95989180659,4.61162879727462,169.002973704049
44314.2265970766,4909.70163490094,82.1671607623774,82.1671607623774,5.31791582871193,87.8918990487616,4.61008822401035,168.11559171742
44336.8427030331,4913.49374510473,82.0761501174864,82.0761501174864,5.31224027848584,87.8243157780476,4.6085552328689,167.233250588434
44359.441354451,4917.26304575123,81.9856869019704,81.9856869019704,5.30659886671595,87.7571390209638,4.60702978424967,166.355916970519
44382.0226829983,4921.00970210055,81.8957671495867,81.8957671495867,5.30099134606183,87.6903658322323,4.60551183880708,165.48355779979
44404.5868190418,4924.73387785024,81.8063869315943,81.8063869315943,5.29541747152174,87.623993294423,4.60400135744807,164.616140291829
44427.1338916642,4928.43573515503,81.7175423562794,81.7175423562794,5.28987700040302,87.5580185176024,4.60249830132951,163.753631939035
44449.6640286806,4932.11543464627,81.6292295684895,81.6292295684895,5.284369692293,87.4924386389865,4.60100263185577,162.896000506899
44472.1773566554,4935.77313545107,81.5414447491743,81.5414447491743,5.27889530903038,87.4272508226001,4.59951431067625,37.7919069462209
44494.8043348781,4933.82137289761,81.5882870504574,81.5882870504574,5.28181646000075,87.4620352803113,4.60030868214866,-626.466399184973
44517.5598590563,4907.34252258598,82.2237794579365,82.2237794579365,5.32144664920842,87.9339433242859,4.61104106085659,-1187.3893629444
44540.4510534652,4879.62094479397,82.8890973249447,82.8890973249447,5.36293679549888,88.4279993500482,4.62218890928366,-1233.38608731882
44563.483709352,4850.70068455515,83.5831835706763,83.5831835706763,5.40622097784482,88.9434183837267,4.63372375231121,-1270.52236239865
44586.6621180288,4820.90875387567,84.2981899069839,84.2981899069839,5.45080976609637,89.4743723929725,4.64550603910213,-1292.43102280282
44609.9908348418,4790.59343279074,85.0257576130222,85.0257576130222,5.49618189881164,90.0146543050375,4.65739224305089,-1306.94456020209
44633.4746345568,4759.72739005003,85.7665426387994,85.7665426387994,5.54237828194423,90.5647512195024,4.66938893670645,-1321.98522959332
44657.1157555509,4728.29498366756,86.5209203919785,86.5209203919785,5.58942232643746,91.1249419090072,4.68149785864804,-1325.94161709623
44680.9104586037,4696.83025680499,87.2760738366802,87.2760738366802,5.63651474413143,91.6857086165175,4.69351162577308,-1293.97526535359
44704.8602922697,4666.51473409766,88.0036463816561,88.0036463816561,5.68188717860957,92.225994121912,4.70498610656975,-1259.90269196543
44728.9633822471,4636.28824894986,88.7290820252033,88.7290820252033,5.72712635294654,92.7646927932838,4.7163299537598,-1234.69176779299
44753.2170665452,4606.80902298268,89.4365834484157,89.4365834484157,5.7712471243934,93.2900737558381,4.72730129757071,-1193.6255010693
44777.6248007416,4578.20473891662,90.123086266001,90.123086266001,5.81405839362702,93.799861438613,4.737861176406,-1174.03982107089
44802.1930152485,4549.30930893028,90.8165765856734,90.8165765856734,5.85730541319617,94.3148379456809,4.74844373200625,-1188.98928498725
44826.9201601892,4519.59308473383,91.5297659663882,91.5297659663882,5.90178089357327,94.8444427083431,4.75923905841333,-1184.30680545238
44851.8130183482,4490.54400157273,92.2161371069091,92.2161371069091,5.94858144059343,95.3428619551128,4.77008255636843,-1179.86874410327
44876.8773257733,4460.65018651716,92.8994243081793,92.8994243081793,6.00382968240649,95.8146311689735,4.78197391482524,-1201.076746859
44902.1065037508,4430.13766573718,93.5968533545787,93.5968533545787,6.06022138494578,96.2961644866355,4.79405012586858,-1174.38558462093
44927.5106934869,4401.18708937349,94.2585808143202,94.2585808143202,6.11372638056428,96.7530479799776,4.80545136175725,-1162.35460909058
44953.0984742437,4370.86691380815,94.9516133986709,94.9516133986709,6.16976260037545,97.2315458018177,4.81733312714022,-1201.163991292
44978.8616522204,4339.50616682449,95.668430472583,95.668430472583,6.2277219518189,97.7264654005061,4.82955980749382,-1177.73392899485
45004.8116471673,4309.96255548005,96.3437130175989,96.3437130175989,6.28232296478946,98.1927078748328,4.84102000594962,-1162.50507268471
45030.9659606345,4278.93464398438,97.0529224232141,97.0529224232141,6.33966718646475,98.6823748305841,4.85299582196389,-1227.3669749777
45057.326598015,4245.507439117,97.816972820183,97.816972820183,6.40144566118317,99.2099062323985,4.86582926383499,-1259.01843655987
45083.9093183843,4212.27798048399,98.5765033032232,98.5765033032232,6.46285867128111,99.7343169022034,4.87851700453853,-1281.17572398408
45110.7311088703,4177.08687625795,99.3808713998182,99.3808713998182,6.52789709586273,100.289685280068,4.89187851988409,-1343.90827119242
45137.7988946538,4139.85533320436,100,100,6.59670655661153,100.877254841349,4.89369064211383,-1376.29509995207
45165.1199147037,4102.23182929719,100,100,6.66624041964821,101.471010132468,4.8625845269434,-1377.8219685821
45192.7018150192,4064.20888338559,100,100,6.73651251125859,102.0710692172,4.8313409647438,-1379.58831815906
45220.5450021589,4025.76802611106,100,100,6.80755696557988,102.677723569708,4.79994921303474,-1362.35203252106
45248.6488695285,3987.98929996128,100,100,6.88745482337101,103.274688609637,4.76929530603916,-1324.01303549082
45277.0170438843,3950.99830672585,100,100,6.98685559735211,103.860802946106,4.73951046968765,-1294.81916674861
45305.6472092587,3914.18675720577,100,100,7.08577417708451,104.444074035477,4.71009506104612,-1262.54211538111
45334.5436610897,3878.36852974863,100,100,7.18202353998242,105.01160615028,4.68168637146234,-1232.38190250759
45363.7121256814,3842.62860503581,100,100,7.27806249075809,105.57789757493,4.65354684364431,-1221.21690146062
45393.1529493598,3806.7938763306,100,100,7.374356195175,106.145691148461,4.62553805884494,-1201.05008348854
45422.8700591561,3771.57696409702,100,100,7.46898972693671,106.7036955528,4.59821036731615,-1176.95627209517
45452.8680341258,3736.51183277656,100,100,7.56321539886769,107.259295021198,4.57119357306368,-1162.14991887485
45483.1457256487,3701.52760317252,100,100,7.65722367481859,107.813612619289,4.54442911193047,-1137.25373855317
45513.6990635046,3667.33151719548,100,100,7.74911408153485,108.355442251024,4.51844911348949,-1096.12989210851
45544.5271782464,3634.24555815914,100,100,7.83802139784257,108.879682160009,4.49384375178308,-1056.99864006348
45575.6468112656,3601.85283205711,100,100,7.92506588527784,109.392937942164,4.47087775499979,-1057.60340800933
45607.0588172683,3568.11188362116,100,100,8.0157332639028,109.927556017394,4.44706236979599,-1060.76128526663
45638.7635581401,3534.90103052067,100,100,8.10497619073503,110.453774845979,4.42372654036686,-1034.19948262415
45670.7304323913,3502.26273220311,100,100,8.19268057038073,110.970921667102,4.40089421596023,-955.348587797218
45702.9887032254,3473.54362886235,100,100,8.28614258517693,111.537046132505,4.37410286149907,-927.317023901955
45735.5372268154,3442.16628846913,100,100,8.38977754516737,112.165950365219,4.34439249472272,-948.831619527281
45768.4091573115,3411.47063346163,100,100,8.49116099381905,112.781191399616,4.31552652008318,-972.154963514118
45801.636809184,3377.90725138329,100,100,8.60201614327537,113.45391103706,4.28418655648117,-1043.59710808912
45835.2221516303,3341.74478580776,100,100,8.72145570144408,114.178724784204,4.25067730142741,-1062.33818858964
45869.1790595231,3306.15453950478,100,100,8.83900529951186,114.892069390942,4.21795619604076,-1050.9890857279
45903.507410396,3269.9777241289,100,100,8.95849225306101,115.617170754885,4.18495495271245,-1036.55906741629
45938.2141492362,3234.59559129277,100,100,9.07535448150025,116.326344089024,4.15292842363044,-1011.90534281837
45973.323329261,3199.33062281563,100,100,9.1918297324741,117.033169067301,4.12125090711602,-1018.43805526993
46008.8492719324,3162.6580943003,100,100,9.31295395708351,117.768206139232,4.08856332882266,-1032.03887207854
46044.8074256165,3125.55625664135,100,100,9.43549612965679,118.511847966512,4.05575387217812,-1032.06149988241
46081.2000987043,3087.98759150436,100,100,9.559580167997,119.264846538921,4.02279569757951,-1016.52340292122
46118.0359056688,3051.11779290784,100,100,9.68135594805104,120.003837546638,3.99111479141146,-992.771399008506
46155.3104857907,3014.41291883553,100,100,9.80258700550419,120.73952292902,3.96083886797125,-962.400459468603
46193.0448752282,2978.9291261396,100,100,9.93360754028346,121.567530088327,3.92717778867414,-946.111544306132
46231.1823957181,2942.62962896466,100,100,10.0773122419741,122.496299156599,3.88985078610482,-878.2954967209
46269.7894786656,2911.5246865429,100,100,10.2004524180014,123.292158896819,3.85817529000791,-856.596602215184
46308.8346402875,2876.11298011213,100,100,10.3406424786093,124.198212703271,3.82245708787908,-861.104269438907
46348.3875117992,2843.84358464206,100,100,10.4683925636151,125.023866464259,3.79022200810654,-865.885606144586
46388.2604154163,2807.33934467123,100,100,10.6129078137898,125.957874138864,3.7541117656797,-736.461069865009
46428.5503412917,2784.80678147061,100,100,10.7021111230661,126.534398591222,3.73200817291027,-634.71151377569
46469.1740275076,2755.9825434557,100,100,10.8162223049768,127.271903591794,3.70393686068778,-630.506230325041
46510.1786042319,2733.3396531162,100,100,10.9058623841759,127.851250905127,3.68204449925625,-583.349816457316
46551.5136701124,2707.94972805503,100,100,11.0063775948765,128.500884615724,3.65766083427983,-565.748897326735
46593.3267747136,2686.29866735144,100,100,11.092091157373,129.054854699108,3.63700404700857,-622.787833689956
46635.5918034416,2655.58688953824,100,100,11.2136748489533,129.840654819895,3.60791536027542,-695.650001721295
46678.2933152744,2627.19169326407,100,100,11.3260875137999,130.567182238715,3.58124036122365,-643.550389419199
46721.4430869088,2600.33726263079,100,100,11.4324005000275,131.25428719772,3.55620456550383,-621.062846772044
46765.0283986562,2573.32375546396,100,100,11.5393432483063,131.94546233332,3.53120643492658,-601.643560994536
46809.0834574124,2547.60899803412,100,100,11.6411444255429,132.603407295584,3.50758155785807,-597.251118071687
46853.566053687,2520.44454200537,100,100,11.7486847595422,133.298444650905,3.48395610074037,-575.485703489947
46898.3807489264,2496.21968340744,100,100,11.8488726281978,133.939578612581,3.46316640828193,-474.715485290397
46943.5632778507,2477.72146606171,100,100,11.9430722799572,134.517155193547,3.44601943855709,-426.453197197884
46989.0577494631,2457.55018661625,100,100,12.0457917725327,135.146970402119,3.42743392946666,-404.400265049464
47035.1112001282,2440.69946202796,100,100,12.1316017918682,135.673106716371,3.41199698071202,-501.077797999719
47081.80780769,2411.07519167557,100,100,12.2824593528248,136.598076104715,3.38505269773569,-667.796133377516
47129.2001581872,2377.86721964264,100,100,12.4515664263699,137.634940716537,3.35514009480409,-714.081419753003
47177.1978101195,2342.95896331047,100,100,12.6293319660735,138.724893924621,3.32402281271727,-667.992507841742
47225.6914508014,2313.41175910439,100,100,12.7797970781789,139.647457048596,3.29794230598689,-547.005074205518
47274.4703610919,2289.75038434765,100,100,12.9002894056597,140.386244774869,3.27722529001131,-378.744489007553
47323.5208078085,2276.3594292748,100,100,12.9684810200738,140.804355444794,3.26556630231777,-264.185085300907
47372.8580618318,2263.75782123512,100,100,13.0326529922569,141.197820044663,3.25463757197656,-259.806880767498
47422.6763193476,2250.59814511092,100,100,13.0996668501329,141.608709407696,3.2432691036689,-348.547347041656
47472.958012921,2228.86824884398,100,100,13.2103233865362,142.287189877248,3.22459518144958,-419.246947852912
47523.5069110145,2208.32522730437,100,100,13.3149359250824,142.928612124689,3.20705281918747,-318.28580099317
47574.1763569695,2196.6518871333,100,100,13.3743808196056,143.293093078634,3.19713251010114,-166.631904814395
47624.9244793344,2191.42582471358,100,100,13.4009938305141,143.456268329951,3.19270246136756,-84.9637226549524
47675.6726016994,2188.02838834555,100,100,13.4182948123742,143.562347723701,3.18982621208728,-187.847641360139
47727.4401429482,2172.16849910126,100,100,13.4990591377053,144.057546824945,3.17643778334758,-413.917117854901
47779.7687597829,2144.94120661186,100,100,13.6377104154428,144.90767450001,3.15360004980433,-477.73225820328
47832.5736891143,2121.94281267841,100,100,13.7548266034011,145.625761734446,3.13445247673972,-397.84804159005
47885.6855855212,2102.80240492044,100,100,13.8522965223471,146.223389660668,3.11861577194313,-293.954406107769
47939.0317846968,2090.64898641609,100,100,13.9141861503798,146.602860275355,3.10860632125924,-199.815590244612
47992.4630108142,2081.46661066072,100,100,13.9609461479684,146.889564939637,3.1010674755036,-116.923060134301
48045.8942369317,2078.15430148733,100,100,13.977813631187,146.992986375969,3.0983530123029,-61.992011302701
48099.3254630491,2074.84199231394,100,100,13.9946811144056,147.0964078123,3.09564118557952,1.33978700687981
48152.7530084415,2078.29746948097,100,100,13.9770845676837,146.988516189533,3.09847028504716,1.338840188324
48206.180553834,2074.98505420381,100,100,13.9939525912212,147.091940938781,3.09575825761685,-26.0288452717162
48259.679743371,2075.51429004208,100,100,13.9912575298144,147.075416415348,3.09619139061745,-25.9918329396023
48313.178932908,2072.20397021011,100,100,14.0081148825828,147.178775737748,3.09348328914452,178.934339575343
48366.7635867287,2094.67526683248,100,100,13.893682865873,146.477146254731,3.11191836833604,332.48924260928
48419.773394095,2107.64548187652,100,100,13.8276338127368,146.072172504044,3.12261447606448,314.451171773372
48472.4569850236,2127.91067977502,100,100,13.724436053234,145.439424845388,3.1394085884115,260.540827583062
48524.6388427703,2134.96721265925,100,100,13.6885016208561,145.219096147732,3.1452800902241,-75.2231584840057
48577.0971292109,2120.03931762503,100,100,13.764519892641,145.685195254134,3.13287352500922,-174.134054420908
48629.5554156515,2116.6976644475,100,100,13.781536806203,145.789532909,3.13010376397251,-63.7011500807743
48682.013702092,2113.35601126997,100,100,13.7985537197651,145.893870563866,3.12733673236724,106.123981922768
48734.5549359389,2127.84063164038,100,100,13.7247927638168,145.441611983822,3.13935036510972,372.440289186066
48786.738511503,2152.35974957196,100,100,13.5999324960713,144.676042629838,3.1598043024829,469.311230495139
48838.3276254566,2176.54232024972,100,100,13.4767860493669,143.920981413399,3.18012371611668,468.203153432137
48889.343556255,2200.39975508289,100,100,13.3552953126568,143.176072031915,3.2003137756781,467.09785068889
48939.8063560863,2223.94281721749,100,100,13.2354054760861,142.440978423757,3.22037934724971,302.706899107861
48989.7349475636,2230.78892184304,100,100,13.2005426209481,142.227220004302,3.22624083552828,300.866644616036
49039.5103123695,2253.94041199936,100,100,13.0826468113316,141.504352590711,3.2461521753018,464.573502549911
49088.7744063973,2276.80003012406,100,100,12.9662373202735,140.790598403922,3.26594916586894,463.47723588539
49137.5438771108,2299.37673760965,100,100,12.8512685131032,140.085677639111,3.28563583130286,462.383684549873
49185.8344989013,2321.67903331881,100,100,12.7376971105203,139.389324933192,3.30521597999948,-96.3638792539005
49234.5593932673,2290.02794612499,100,100,12.8988759601218,140.377578362351,3.27746745240856,-438.825632823532
49283.3585536293,2278.88297828728,100,100,12.9556301905193,140.725561754392,3.26775985028609,-149.727292378064
49332.1577139913,2275.41481382234,100,100,12.9732913455774,140.833849517286,3.26474564309496,-71.0701472874943
49380.9568743532,2271.94665125842,100,100,12.9909524909548,140.942137220823,3.2617345941378,113.431692920629
49429.8305274067,2286.49400640037,100,100,12.9168720667291,140.487919850146,3.27438573973137,379.792893120372
49478.3932317387,2308.95228732497,100,100,12.8025063306869,139.786696761004,3.29402637590179,461.916615137138
49526.4835855322,2331.13965985235,100,100,12.6895201587509,139.093932343467,3.31356206285225,460.826919464503
49574.1162238945,2353.06401892205,100,100,12.5778733470169,138.409380090962,3.33299632770632,459.739909605905
49621.3050515238,2374.73287205603,100,100,12.4675276644521,137.732805593395,3.35233251736799,458.655574051724
49668.0632927122,2396.15336570111,100,100,12.3584467187497,137.063985714653,3.37157381094079,457.573901627515
49714.4035370301,2417.33230930476,100,100,12.2505958337261,136.402707840875,3.39072323106978,456.494881471798
49760.3377811397,2438.27619735869,100,100,12.1439419370671,135.748769192181,3.40978365431866,455.418503010555
49805.8774671318,2458.99122961617,100,100,12.0384534573737,135.101976191415,3.42875782068003,454.344755937858
49851.0335177319,2479.48332966528,100,100,11.9341002295806,134.462143884227,3.44764834230598,453.273630199081
49895.8163686836,2499.75816201867,100,100,11.8308534079289,133.829095405476,3.46645771153544,452.205115970953
49940.2359985809,2519.8211478625,100,100,11.7511526909547,133.314394987475,3.48342778140017,451.139203648172
49984.3019563906,2539.67747959115,100,100,11.6725442128817,132.80634534067,3.50032810219023,450.075883829668
50028.0233868801,2559.33213424036,100,100,11.5947341465443,132.30345585992,3.51833131746746,449.015147304385
50071.4090541424,2578.78988591943,100,100,11.5177035919023,131.805604393533,3.53624980550792,447.956985041519
50114.4673633889,2598.05531733224,100,100,11.4414344066632,131.312673687168,3.5540856840109,446.9013881775
50157.2063811646,2617.13283046757,100,100,11.3659091639608,130.82455111031,3.57184098300449,445.848348006636
50199.6338541216,2636.02665653094,100,100,11.2911111130361,130.341128402155,3.58951764973491,444.797855972448
50241.7572264762,2654.74086518283,100,100,11.2170241426647,129.862301435233,3.60711755321172,443.749903659162
50283.5836562593,2673.27937314175,100,100,11.1436327470984,129.38796999529,3.624642488438,442.704482785586
50325.1200304614,2691.64595220465,100,100,11.0709219943132,128.918037576078,3.64209418035161,441.661585193726
50366.3729791632,2709.8442367326,100,100,10.9988774963752,128.452411187819,3.65947428750158,440.621202844975
50407.3488887319,2727.87773064437,100,100,10.9274853817533,127.991001178269,3.6767844054807,439.583327814213
50448.0539141597,2745.74981395734,100,100,10.8567322694249,127.533721065361,3.69402607013408,438.547952283717
50488.4939906099,2763.46374891082,100,100,10.7866052446347,127.080487380528,3.71120076056107,437.515068536501
50528.6748442337,2781.02268570414,100,100,10.7170918361782,126.631219521891,3.72830990192663,436.484668951845
50568.6020023114,2798.42966787874,100,100,10.6481799950945,126.185839616548,3.74535486809676,435.456746002787
50608.2808027702,2815.68763737088,100,100,10.579858074664,125.744272391299,3.76233698411117,434.431292249841
50647.7164031244,2832.7994392595,100,100,10.5121148116115,125.306445051158,3.77925752850542,433.40830033577
50686.9137888803,2849.76782623118,100,100,10.4449393084307,124.872287165118,3.79611773549335,432.387762984789
50725.877781444,2866.59546278292,100,100,10.3783210167455,124.441730558615,3.81291879702026,431.369672997225
50764.6130455688,2883.28492918103,100,100,10.3122497216375,124.014709212236,3.82966186469568,430.354023246344
50803.1240963727,2899.83872519344,100,100,10.2467155268704,123.591159166219,3.84634805161456,429.340806677089
50841.4153059579,2916.25927361111,100,100,10.1817088409489,123.17101843036,3.86297843407452,428.330016299978
50879.4909096583,2932.54892357284,100,100,10.1172203639567,122.754226898936,3.87955405319625,427.321645190172
50917.3550119405,2948.70995370685,100,100,10.0532410751189,122.340726270331,3.89607591645373,426.315686485344
50955.0115919816,2964.74457510134,100,100,9.98976222104242,121.930459971024,3.91254499912037,425.312133383906
50992.4645089452,2980.65493411531,100,100,9.92677530458804,121.523373083675,3.9289622456365,424.310979139973
51029.7175069755,2996.44311503995,100,100,9.86427207433448,121.119412279027,3.94532857090343,423.312217062754
51066.7742199271,3012.11114262035,100,100,9.81018944991081,120.785658031178,3.95894949052115,422.315840516679
51103.6381758478,3027.66098444631,100,100,9.75883050057682,120.473988488131,3.97173446935856,421.3218429173
51140.3128012302,3043.0945532205,100,100,9.70785558484533,120.164649436244,3.98447307606727,420.33021772723
51176.8014250465,3058.41370891163,100,100,9.65725855950023,119.857603595678,3.99716602794475,419.34095845954
51213.1072825785,3073.62026079966,100,100,9.60703344874327,119.552814702562,4.01026113431412,418.354058673896
51249.2335190579,3088.71596941955,100,100,9.55717443777408,119.250247470034,4.02343218135934,417.369511972129
51285.1831931261,3103.70254840986,100,100,9.50767586668455,118.949867551188,4.03654995937575,416.387312002551
51320.9592801247,3118.58166627149,100,100,9.45853222464993,118.651641503825,4.04961522128304,415.407452454703
51356.564675228,3133.35494804225,100,100,9.40973814439796,118.355536756888,4.06262869943537,414.429927057193
51392.0021964253,3148.02397689188,100,100,9.36128839694077,118.06152157849,4.07559110639037,413.454729581221
51427.2745873615,3162.59029564212,100,100,9.31317788655426,117.769565045455,4.08850313564167,412.481853834082
51462.3845200464,3177.05540821626,100,100,9.26540164599048,117.479637014252,4.10136546231721,411.511293661546
51497.3345974364,3191.42078102198,100,100,9.21795483191027,117.191708093292,4.11417874384515,410.543042945823
51532.1273559,3205.68784427127,100,100,9.17083272052379,116.90574961646,4.12694362058917,409.577095603214
51566.7652675695,3219.85799324088,100,100,9.12403070342735,116.62173361786,4.13966071645491,408.61344558734
51601.2507425882,3233.9325894766,100,100,9.07754428362597,116.339632807675,4.15233063946922,407.652086882527
51635.5861312574,3247.91296194431,100,100,9.03136907173148,116.059420549093,4.16495398233345,406.693013506428
51669.7737260885,3261.80040813079,100,100,8.98550078232681,115.781070836249,4.17753132295251,405.736219509304
51703.8157637659,3275.59619509682,100,100,8.93993523048768,115.504558273112,4.19006322494069,404.781698972996
51737.7144270247,3289.30156048516,100,100,8.89466832845345,115.229858053284,4.20255023810568,403.829446007625
51771.4718464489,3302.91771348574,100,100,8.84969608243913,114.956945940657,4.2149928989118,402.879454754712
51805.0901021918,3316.44583576021,100,100,8.80501458958185,114.685798250876,4.22739173092355,401.931719385918
51838.5712256259,3329.88708232808,100,100,8.76062003501393,114.416391833584,4.23974724523061,400.986234098311
51871.9172009231,3343.24258241619,100,100,8.71650868905733,114.148704055392,4.25205994085502,400.042993118998
51905.1299665697,3356.51344027347,100,100,8.6726769045325,113.882712783551,4.26433030514159,399.10199070074
51938.2114168203,3369.70073595271,100,100,8.62912111417637,113.618396370279,4.27655881413232,398.163221124331
51971.1634030916,3382.80552606094,100,100,8.58583782816393,113.355733637727,4.28874593292571,397.22667869668
52003.9877353017,3395.82884447997,100,100,8.54282363172839,113.094703863531,4.30089211602155,396.292357747446
52036.686183155,3408.77170305843,100,100,8.50007518287546,112.835286766945,4.31299780765196,395.360252635285
52069.2604773766,3421.6350922769,100,100,8.45758921018653,112.577462495507,4.32506344209945,394.430357742253
52101.7123108992,3434.41998188717,100,100,8.41536251070729,112.321211612228,4.3370894440025,393.50266747259
52134.0433400032,3447.12732152698,100,100,8.3733919479173,112.066515083273,4.34907622864919,392.577176256481
52166.2551854132,3459.75804131135,100,100,8.33167444977694,111.813354266101,4.36102420225966,391.653878546322
52198.349433353,3472.31305240159,100,100,8.29020700684804,111.561710898069,4.37293376225771,390.732768817156
52230.3276365605,3484.79324755304,100,100,8.24898667048478,111.311567085449,4.38480529753216,389.813841567513
52262.1913152645,3497.19950164241,100,100,8.20801055109192,111.062905292858,4.39663918868837,388.897091318353
52293.9419581253,3509.53267217578,100,100,8.1731450673603,110.855731030935,4.4059712980061,387.982512611132
52325.581023141,3521.79359977802,100,100,8.14019797438466,110.661459268608,4.41454513943279,387.070100008807
52357.10993852,3533.98310866451,100,100,8.10744279503451,110.46831912048,4.42308303460091,386.159848096527
52388.5301035223,3546.10200709588,100,100,8.07487735738298,110.276297779835,4.43158533973997,385.251751478929
52419.8428892706,3558.15108781662,100,100,8.04249953119757,110.085382685808,4.44005240419911,384.345804782827
52451.0496395319,3570.13112847814,100,100,8.01030722680334,109.895561516679,4.44848457063729,383.442002653683
52482.1516714724,3582.04289204699,100,100,7.97829839398591,109.706822183407,4.45688217520666,382.540339756505
52513.1502763848,3593.88712719894,100,100,7.94647102093256,109.519152823385,4.46524554772957,381.640810777995
52544.0467203909,3605.66456869939,100,100,7.91482313320997,109.332541794413,4.47357501186949,380.743410423266
52574.8422451198,3617.37593777083,100,100,7.88335279277682,109.146977668877,4.48187088529592,379.848133414555
52605.538068363,3629.02194244774,100,100,7.85205809703008,108.962449228122,4.49013347984374,378.954974496256
52636.1353847062,3640.60327791959,100,100,7.82093717788336,108.77894545702,4.49836310166713,378.063928429445
52666.6353661415,3652.1206268623,100,100,7.78998820087619,108.596455538718,4.50695002255655,377.174989993047
52697.0391626571,3663.57465975876,100,100,7.75920936431274,108.414968849559,4.51560575273467,376.288153985801
52727.347902809,3674.96603520871,100,100,7.72859889842912,108.234474954171,4.52423387011604,375.403415223062
52757.5626942726,3686.29540022858,100,100,7.69815506458767,108.054963600719,4.53283460867964,374.520768538508
52787.684624377,3697.56339054145,100,100,7.66787615449779,107.876424716306,4.54140819813856,373.640208783329
52817.7147606212,3708.77063085782,100,100,7.63776048946147,107.69884840253,4.5499548640494,372.761730825766
52847.6541511745,3719.91773514729,100,100,7.60780641964319,107.522224931173,4.55847482791806,371.885329551584
52877.5038253596,3731.00530690164,100,100,7.57801232336308,107.346544740038,4.5669683073021,371.01099986273
52907.2647941217,3742.03393938959,100,100,7.54837660641225,107.171798428911,4.57543551590987,370.138736678763
52936.9380504812,3753.00421590363,100,100,7.51889770138956,106.997976755646,4.58387666369651,369.268534935813
52966.5245699738,3763.91670999912,100,100,7.48957406705911,106.825070632383,4.59229195695684,368.400389584772
52996.0253110754,3774.77198572603,100,100,7.46040418772752,106.65307112187,4.60068159841545,367.534295595191
53025.4412156147,3785.57059785358,100,100,7.43138657264028,106.481969433909,4.60904578731397,366.670247951882
53054.7732091727,3796.31309208802,100,100,7.40251975539656,106.311756921902,4.61738471949556,365.808241654464
53084.0222014703,3807.0000052838,100,100,7.37380229338173,106.142425079505,4.62569858748689,364.948271718731
53113.1890867437,3817.63186564849,100,100,7.34523276721673,105.973965537383,4.63398758057765,364.090333178615
53142.2747441086,3828.20919294148,100,100,7.31680978022411,105.80637006006,4.64225188489758,363.234421079995
53171.280037914,3838.73249866682,100,100,7.28853195790987,105.639630542864,4.65049168349121,362.380530485925
53200.2058180844,3849.20228626045,100,100,7.26039794746033,105.473739008962,4.65870715639042,361.528656473894
53229.0529204532,3859.61905127184,100,100,7.23240641725401,105.308687606477,4.66689848068476,360.678794137085
53257.8221670847,3869.98328154046,100,100,7.20455605638745,105.144468605699,4.67506583058976,359.83093858509
53286.5143665883,3880.29545736709,100,100,7.17684557421487,104.981074396365,4.68320937751326,358.985084938565
53315.1303144226,3890.55605168023,100,100,7.14927369990101,104.818497485025,4.69132929011972,358.141228335605
53343.6707931909,3900.76553019782,100,100,7.12183918198653,104.656730492478,4.69942573439276,357.299363929864
53372.1365729282,3910.9243515843,100,100,7.09454078796599,104.495766151284,4.70749887369588,356.45948688656
53400.5284113806,3921.03296760331,100,100,7.06737730387752,104.335597303346,4.71554886883142,355.62159238598
53428.8470542758,3931.09182326611,100,100,7.04034753390398,104.176216897556,4.72357587809785,354.785675625169
53457.0932355867,3941.10135697589,100,100,7.01345029998518,104.017617987509,4.73158005734551,353.951731813292
53485.2676777875,3951.06200066806,100,100,6.98668444144091,103.859793729283,4.7395615600307,353.119756173452
53513.3710921026,3960.97417994675,100,100,6.96004881460412,103.70273737927,4.74752053726831,352.289743942016
53541.4041787488,3970.83831421752,100,100,6.93354229246432,103.546442292081,4.75545713788297,351.46169037094
53569.3676271703,3980.65481681656,100,100,6.90716376432041,103.390901918491,4.76337150845886,350.635590726121
53597.2621162681,3990.42409513634,100,100,6.88091213544301,103.236109803456,4.77126379338805,349.811440285631
53625.0883146225,4000.14655074792,100,100,6.85490928457425,103.082068858777,4.77913419516067,348.989234341197
53652.8468807103,4009.82257952006,100,100,6.83702653603916,102.929366619915,4.7869849327604,348.168968198579
53680.5384631152,4019.45257173508,100,100,6.81922886994789,102.777390906935,4.79481050377893,347.350637177632
53708.1637007335,4029.03691220176,100,100,6.80151557511625,102.626135646978,4.80261107549476,346.534236610045
53735.723222974,4038.57598036526,100,100,6.78388595027283,102.47559485183,4.810386812858,345.71976184146
53763.2176499526,4048.07015041422,100,100,6.76633930386105,102.325762616234,4.81813787853817,344.907208230385
53790.6475926818,4057.51979138499,100,100,6.74887495384653,102.176633116244,4.82586443297069,344.096571148641
53818.0136532554,4066.92526726336,100,100,6.73149222752909,102.028200607617,4.83356663440225,343.287845980616
53845.3164250284,4076.28693708353,100,100,6.71419046135983,101.880459424256,4.84124463893492,342.481028124259
53872.5564927919,4085.60515502464,100,100,6.6969690007627,101.733403976683,4.84889860056916,341.676112990498
53899.7344329443,4094.88027050492,100,100,6.67982719996056,101.587028750555,4.85652867124579,340.873096000658
53926.8508136575,4104.11262827335,100,100,6.66276442180573,101.441328305215,4.86413500088676,340.071972592254
53953.9061950387,4113.30256849916,100,100,6.64578003761458,101.296297272284,4.87171773743503,339.272738212621
53980.9011292894,4122.45042685904,100,100,6.62887342700637,101.15193035428,4.87927702689334,338.475388322166
54007.8361608585,4131.55653462222,100,100,6.61204397774602,101.008222323279,4.88681301336211,337.679918395263
54034.7118265935,4140.62121873348,100,100,6.59529108559067,100.8651680196,4.89432583907625,336.886323916392
54061.5286558865,4149.6448018941,100,100,6.57861415414009,100.722762350535,4.90181564444128,336.094600384148
54088.2871708175,4158.62760264089,99.8027976539225,99.8027976539225,6.5620125946906,100.581000289095,4.8988564981401,334.778719423347
54114.9878862937,4167.54181459118,99.5990442379158,99.5990442379158,6.54553779759672,100.440320661682,4.89548937575628,332.921293783827
54141.6314899646,4176.38706238736,99.3968671454318,99.3968671454318,6.52919045657546,100.300729392001,4.89214344806188,331.054933999901
54168.2186646519,4185.16412640732,99.1962485392612,99.1962485392612,6.51296912937176,100.16221416452,4.88881852195146,329.201339653181
54194.7500811116,4193.87377375344,98.9971708856357,98.9971708856357,6.49687239826566,100.024762873213,4.8855144072447,327.36038607404
54221.2263983256,4202.51675856765,98.7996169470251,98.7996169470251,6.48089886949008,99.88836361659,4.88223091661889,325.531950492398
54247.648263786,4211.09382233694,98.6035697751556,98.6035697751556,6.46504717266614,99.7530046928745,4.8789678655436,323.715911996051
54274.0163137688,4219.60569418954,98.4090127042391,98.4090127042391,6.44931596025582,99.6186745953302,4.87572507221719,321.912151489576
54300.331173601,4228.05309118222,98.2159293444065,98.2159293444065,6.43370390703093,99.4853620077265,4.87250235750538,320.120551652073
54326.5934579184,4236.436718579,98.0243035753371,98.0243035753371,6.41820970955808,99.3530557999398,4.86929954488149,318.340996901613
54352.8037709163,4244.75727012159,97.8341195400779,97.8341195400779,6.40283208569881,99.2217450236859,4.86611646036863,316.57337335508
54378.9627065924,4253.0154282918,97.6453616390447,97.6453616390447,6.38756977412466,99.091418908379,4.8629529324834,314.817568792328
54405.0708489826,4261.2118645663,97.4580145241989,97.4580145241989,6.37242153384629,98.9620668571104,4.85980879218136,313.073472620253
54431.12877239,4269.34723966399,97.2720630933945,97.2720630933945,6.35738614375635,98.8336784427456,4.85668387280405,311.340975838607
54457.1370416069,4277.42220378615,97.087492484888,97.087492484888,6.34246240218561,98.7062434041336,4.85357801002753,309.619971005962
54483.0962121306,4285.43739684973,96.9042880720061,96.9042880720061,6.32764912647182,98.5797516424258,4.85049104181238,307.910352208348
54509.0068303726,4293.39344871397,96.7224354579663,96.7224354579663,6.3129451525409,98.4541932174991,4.84742280835518,306.212015026376
54534.8694338623,4301.2909794006,96.5419204708434,96.5419204708434,6.29834933449995,98.3295583444811,4.84437315204124,304.524856501382
54560.6845514448,4309.1305993078,96.3627291586787,96.3627291586787,6.28386054424182,98.2058373903737,4.84134191739881,302.848775111171
54586.4527034724,4316.91290941825,96.1848477847258,96.1848477847258,6.26947767106063,98.0830208707691,4.83832895105448,301.183670738258
54612.1744019916,4324.63850150125,96.0082628228287,96.0082628228287,6.25519962127818,97.9610994466608,4.83533410168975,299.529444639015
54637.8501509244,4332.30795830941,95.8329609529277,95.8329609529277,6.2410253178805,97.840063921339,4.83235721999896,297.885999420174
54663.4804462446,4339.92185376985,95.6589290566892,95.6589290566892,6.2269537001644,97.7199052373733,4.82939815864828,296.253239007878
54689.0657761494,4347.48075317013,95.4861542132542,95.4861542132542,6.21298372339392,97.6006144736788,4.82645677223574,294.63106862424
54714.6066212259,4354.98521333926,95.3146236951027,95.3146236951027,6.19911435846576,97.4821828426588,4.82353291725248,293.019394762046
54740.1034546134,4362.43578282371,95.1443249640294,95.1443249640294,6.185344591584,97.3646016874279,4.82062645204496,291.41812515685
54765.5567421614,4369.8330020588,94.9752456672274,94.9752456672274,6.17167342394331,97.2478624791065,4.8177372367782,289.827168766443
54790.9669425826,4377.17740353541,94.8073736334764,94.8073736334764,6.1580998714209,97.1319568141903,4.81486513339997,288.246435743695
54816.334507603,4384.46951196237,94.6406968694316,94.6406968694316,6.14462296427637,97.0168764119874,4.81201000560593,286.675837416945
54841.6598821065,4391.70984442455,94.4752035560103,94.4752035560103,6.13124174685952,96.9026131121234,4.80917171880575,285.115286266201
54866.9435042772,4398.89891053678,94.3108820448735,94.3108820448735,6.11795527732594,96.7891588721124,4.80635014008998,283.56469589971
54892.1858057367,4406.0372125938,94.1477208549988,94.1477208549988,6.10476262735979,96.6765057649903,4.80354513819794,282.023981035454
54917.3872116786,4413.12524571631,93.9857086693414,93.9857086693414,6.09166288190397,96.5646459770105,4.80075658348624,280.493057478275
54942.548140999,4420.16349799327,93.8248343315824,93.8248343315824,6.07865513889706,96.4535718053973,4.7979843478983,278.971842101007
54967.669006424,4427.15245062058,93.6650868429581,93.6650868429581,6.06573850901708,96.3432756561582,4.7952283049345,277.460252823178
54992.7502146337,4434.0925780362,93.5064553591724,93.5064553591724,6.05291211543168,96.2337500419509,4.79248832962316,275.958208595718
55017.7921663826,4440.98434805191,93.3489291873849,93.3489291873849,6.04017509355475,96.1249875800043,4.78976429849227,274.465629376352
55042.7952566183,4447.82822198167,93.1924977832761,93.1924977832761,6.02752659080906,96.0169809900925,4.78705608954176,272.982436113339
55067.7598745955,4454.62465476687,93.0371507481858,93.0371507481858,6.01496576639488,95.9097230925585,4.78436358221671,271.508550733161
55092.686403988,4461.37409509843,92.8828778263217,92.8828778263217,6.00249179106428,95.8032068063869,4.78168665738102,270.04389611443
55117.5752229982,4468.07698553583,92.7296689020382,92.7296689020382,5.99010384690113,95.6974251473257,4.7790251972918,268.588396075071
55142.4267044631,4474.73376262333,92.577513997181,92.577513997181,5.97780112710634,95.5923712260521,4.77637908557441,267.141975357676
55167.2412159581,4481.34485700324,92.4264032684974,92.4264032684974,5.96558283578852,95.4880382463848,4.77374820719803,265.704559609251
55192.0191198983,4487.9106935265,92.2763270051085,92.2763270051085,5.95344818775956,95.3844195035392,4.7711324484519,264.27607536824
55216.760773637,4494.43169136059,92.1272756260437,92.1272756260437,5.94139640833527,95.2815083824241,4.76853169692207,262.856450046801
55241.4665295623,4500.90826409479,91.978201661725,91.978201661725,5.92974596639637,95.1774449745296,4.76598176796197,261.442842078758
55266.1367351907,4507.34068307956,91.8238236060906,91.8238236060906,5.92011873642114,95.0628059239136,4.76366443863589,260.018344875488
55290.7717340064,4513.72852174809,91.6705154780458,91.6705154780458,5.91055822861652,94.9489613870167,4.76135911055579,258.585878980758
55315.3718693169,4520.07219351432,91.5182673556564,91.5182673556564,5.90106382423686,94.8359039959447,4.75906570825852,257.162469571924
55339.9374796956,4526.37210632787,91.367069448131,91.367069448131,5.89163491271485,94.7236264801891,4.75678415703709,255.748042649679
55364.4688990711,4532.62866277387,91.216912093427,91.216912093427,5.88227089151207,94.6121216648478,4.75451438292764,254.342525085078
55388.9664568132,4538.8422601703,91.0677857559127,91.0677857559127,5.87297116597328,94.5013824688901,4.75225631269669,252.945844605044
55413.4304778178,4545.01329066315,90.9196810240844,90.9196810240844,5.86373514918404,94.3914019034609,4.75000987382872,251.557929774281
55437.8612825897,4551.14214131931,90.7725886083366,90.7725886083366,5.85456226183165,94.2821730702252,4.747774994514,250.178709985716
55462.2591873226,4557.22919421733,90.626499338784,90.626499338784,5.84545193206935,94.1736891597507,4.74555160363684,248.808115446553
55486.6245039783,4563.27482653611,90.4814041631335,90.4814041631335,5.83640359538352,94.0659434499269,4.74333963076394,247.446077160158
55510.9575403635,4569.27941064146,90.3372941446048,90.3372941446048,5.82741669446419,93.9589293044225,4.7411390061331,246.092526917938
55535.2586002048,4575.24331417086,90.1941604598995,90.1941604598995,5.81849067907815,93.8526401711751,4.73894966064232,244.747397284247
55559.5279832222,4581.16690011607,90.0519943972143,90.0519943972143,5.8096250059453,93.7470695809183,4.7367715258388,243.410621582874
55583.7659852009,4587.05052690412,89.9107873543012,89.9107873543012,5.80081913861746,93.642211145739,4.73460453390866,242.082133887598
55607.972898061,4592.89454847625,89.77053083657,89.77053083657,5.79207254736023,93.5380585576699,4.73244861766649,240.761869007715
55632.1490099264,4598.69931436528,89.6312164552332,89.6312164552332,5.78338470903715,93.4346055873112,4.73030371054539,239.449762478163
55656.2946051913,4604.46516977114,89.4928359254928,89.4928359254928,5.77475510699669,93.3318460824839,4.72816974658711,238.14575054549
55680.409964586,4610.19245563473,89.3553810647664,89.3553810647664,5.76618323096169,93.2297739669138,4.72604666043247,236.849770157503
55704.4953652408,4615.88150871028,89.2188437909533,89.2188437909533,5.75766857692108,93.1283832389421,4.72393438731203,235.561758954174
55728.5510807483,4621.53266163594,89.0832161207374,89.0832161207374,5.74921064702422,93.0276679702668,4.72183286303682,234.281655255088
55752.5773812247,4627.14624300299,88.9484901679284,88.9484901679284,5.74080894947728,92.9276223047096,4.71974202398948,233.009398048996
55776.5745333695,4632.72257742344,88.8146581418374,88.8146581418374,5.73246299844214,92.828240457011,4.71766180711541,231.744926982903
55800.5428005243,4638.26198559628,88.6817123456892,88.6817123456892,5.72417231393717,92.7295167116499,4.7155921499143,230.488182353182
55824.4824427296,4643.76478437219,88.5496451750674,88.5496451750674,5.7159364217404,92.6314454216896,4.71353299043163,229.239105095177
55848.393716781,4649.23128681695,88.4184491163933,88.4184491163933,5.70775485329462,92.5340210076486,4.71148426725056,227.997636771732
55872.2768762841,4654.66180227346,88.2881167454369,88.2881167454369,5.69962714561457,92.4372379563947,4.70944591948386,226.763719567259
55896.1321717076,4660.0566364225,88.1586407258599,88.1586407258599,5.69155284119598,92.3410908200622,4.7074178867661,225.537296276358
55919.9598504362,4665.41609134214,88.0300138077886,88.0300138077886,5.68353148792665,92.2455742149932,4.70540010924594,224.318310292868
55943.7601568217,4670.74046556595,87.9022288264172,87.9022288264172,5.67556263899934,92.1506828207002,4.70339252757864,223.106705604197
55967.5333322332,4676.03005413999,87.7752787006401,87.7752787006401,5.6676458528265,92.0564113788502,4.70139508291865,221.902426780296
55991.2796151065,4681.28514867863,87.6491564317129,87.6491564317129,5.65978069295666,91.9627546922704,4.69940771691253,220.705418965331
56014.999240992,4686.50603741917,87.52385510194,87.52385510194,5.65196672799275,91.869707623974,4.69743037169176,219.515627871014
56038.6924426017,4691.69300527538,87.3993678733909,87.3993678733909,5.64420353151191,91.7772650962065,4.69546298986593,218.3329997667
56062.3594498557,4696.84633388996,87.2756879866411,87.2756879866411,5.63649068198704,91.6854220895108,4.69350551451599,217.157481469763
56086.0004899273,4701.96630168586,87.1528087595394,87.1528087595394,5.62882776270993,91.5941736418123,4.69155788918758,215.989020340329
56109.6157872871,4707.05318391664,87.0307235860006,87.0307235860006,5.62121436171592,91.5035148475216,4.68962005788461,214.827564274667
56133.2055637462,4712.10725271578,86.9094259348214,86.9094259348214,5.61365007171007,91.4134408566555,4.68769196506289,213.673061693026
56156.7700384991,4717.12877714495,86.7889093485212,86.7889093485212,5.60613448999497,91.3239468739768,4.68577355562388,212.52546153419
56180.309428165,4722.11802324143,86.6691674422058,86.6691674422058,5.59866721839971,91.2350281581494,4.68386477490869,211.384713249475
56203.8239468287,4727.07525406447,86.5501939024528,86.5501939024528,5.59124786321053,91.1466800209116,4.68196556869203,210.25076679408
56227.3138060803,4732.0007297408,86.4319824862209,86.4319824862209,5.58387603510269,91.0588978262654,4.68007588317643,209.123572620624
56250.7792150546,4736.89470750923,86.3145270197785,86.3145270197785,5.57655134907371,90.9716769896817,4.67819566498646,208.003081672694
56274.220380469,4741.75744176436,86.1978213976553,86.1978213976553,5.56927342437798,90.8850129773209,4.67632486116315,206.889245375514
56297.6375066619,4746.58918409945,86.0818595816132,86.0818595816132,5.56204188446258,90.7989013052692,4.67446341915851,205.782015630864
56321.0307956286,4751.39018334842,85.9666355996379,85.9666355996379,5.55485635690443,90.7133375387899,4.67261128683009,204.681344813348
56344.4004470579,4756.16068562713,85.852143544949,85.852143544949,5.54771647334846,90.6283172915878,4.67076841243571,203.58718575824
56367.7466583676,4760.90093437372,85.7383775750307,85.7383775750307,5.54062186944731,90.5438362250902,4.66893474462828,202.499491758503
56391.069624739,4765.61117038834,85.6253319106799,85.6253319106799,5.53357218480182,90.4598900477389,4.66711023245076,201.418216560402
56414.3695391507,4770.29163187196,85.513000835073,85.513000835073,5.52656706290294,90.3764745142985,4.66529482533112,200.343314352781
56437.6465924126,4774.94255446457,85.4013786928503,85.4013786928503,5.51960615107459,90.2935854251755,4.66348847307746,199.274739764164
56460.900973198,4779.56417128259,85.2904598892178,85.2904598892178,5.51268910041763,90.2112186257516,4.66169112587325,198.212447857429
56484.1328680759,4784.15671295557,85.1802388890663,85.1802388890663,5.50581556575498,90.12937000573,4.65990273427263,197.156394120947
56507.3424615428,4788.72040766226,85.0707102161059,85.0707102161059,5.49898520557756,90.0480354984917,4.65812324919574,196.106534464691
56530.5299360531,4793.2554811659,84.9618684520184,84.9618684520184,5.49219768199158,89.9672110804676,4.65635262192426,195.062825215756
56553.6954720497,4797.76215684899,84.8537082356241,84.8537082356241,5.48545266066639,89.8868927705182,4.65459080409696,194.025223112217
56576.8392479935,4802.24065574731,84.7462242620647,84.7462242620647,5.47874981078364,89.8070766293272,4.65283774770532,192.993685296326
56599.9614403927,4806.69119658331,84.6394112820007,84.6394112820007,5.47208880498726,89.7277587588068,4.65109340508924,191.968169309319
56623.0622238316,4811.11399579898,84.5332641008245,84.5332641008245,5.4654693193343,89.6489353015118,4.64935772893292,190.948633089453
56646.1417709981,4815.50926758803,84.4277775778872,84.4277775778872,5.45889103324676,89.5706024400659,4.64763067226067,189.935034963172
56669.200252712,4819.87722392751,84.3229466257397,84.3229466257397,5.45235362946422,89.4927563965984,4.6459121884329,188.927333641315
56692.2378379514,4824.21807460887,84.2187662093872,84.2187662093872,5.44585679399743,89.4153934321903,4.64420223114214,187.925488214816
56715.2546938797,4828.53202726841,84.1152313455582,84.1152313455582,5.43940021608266,89.338509846332,4.64250075440915,186.929458149721
56738.2509858712,4832.81928741728,84.0123371019853,84.0123371019853,5.43298358813686,89.2621019763885,4.64080771257909,185.939203281422
56761.2268775374,4837.08005847083,83.9100785967,83.9100785967,5.4266066057137,89.1861661970763,4.63912306031777,184.954683810964
56784.1825307512,4841.31454177751,83.8084509973397,83.8084509973397,5.42026896746032,89.1106989199483,4.63744675260797,183.975860300845
56807.1181056723,4845.52293664721,83.707449520467,83.707449520467,5.41397037507493,89.0356965928888,4.63577874474578,183.002693667769
56830.0337607712,4849.70544037915,83.6070694309005,83.6070694309005,5.40771053326504,88.9611556996164,4.63411899233708,182.035145182454
56852.9296528526,4853.86224828921,83.507306041059,83.507306041059,5.40148914970658,88.8870727591968,4.63246745129403,58.9295601590232
56875.9825677844,4852.41318336627,83.5420835992095,83.5420835992095,5.40365792653769,88.9128981022661,4.6330434041394,-803.615155407785
56899.2081964393,4816.67210929274,84.3998693769742,84.3998693769742,5.45715063907428,89.5498781885269,4.64717338629752,-1534.72808806983
56922.6093916797,4780.85368707667,85.25951151016,85.25951151016,5.51075911651334,90.1882367791497,4.66118920964425,-1525.85147003401
56946.1895692988,4744.98551245085,86.1203477011797,86.1203477011797,5.56444205705743,90.8274820609275,4.67508152147822,-1518.46665800163
56969.9495102432,4708.96929545215,86.9847369091484,86.9847369091484,5.61834656867349,91.4693657649098,4.68888939868936,-1501.87220438826
56993.8923024945,4673.34210339088,87.8397895186189,87.8397895186189,5.67166883703897,92.1043162374594,4.70241047339333,-1483.51497830015
57018.0228672714,4637.65175024364,88.6963579941527,88.6963579941527,5.72508563691765,92.7403923715913,4.71582030594447,-1481.51344137135
57042.3416389782,4601.56376016476,89.5624697560459,89.5624697560459,5.779097569389,93.3835552207584,4.7292439971621,-1468.53536918613
57066.8471870683,4565.95150974544,90.4171637661093,90.4171637661093,5.83239747499739,94.0182394022516,4.74235910349535,-1430.9771012465
57091.5478904258,4531.15074110507,91.2523822134784,91.2523822134784,5.88448285746525,94.6384612949928,4.75505090156755,-1423.37424882627
57116.4479687113,4495.35103443314,92.1062620700997,92.1062620700997,5.9396973248196,95.2669997705993,4.76816480867698,-1435.66925436362
57141.5552179301,4459.35675851426,92.9289883768169,92.9289883768169,6.00622013082999,95.8350434017708,4.78248707912798,-1443.4143424043
57166.8772762933,4422.56064859176,93.7700423179027,93.7700423179027,6.07422484601937,96.4157411755077,4.79703941133035,-1461.05768890172
57192.4177289007,4385.04369578381,94.6275726677987,94.6275726677987,6.14356178668652,97.0078149305556,4.81178504438206,-1462.09530654119
57218.1824745462,4347.54755902503,95.484627222285,95.484627222285,6.21286025618108,97.5995601771432,4.82643075969497,-1455.61504916603
57244.1782422094,4309.7003136591,96.3497071163635,96.3497071163635,6.28280762690135,98.1968464438806,4.84112148079397,-1457.99194442095
57270.4098956417,4271.40039978991,97.2251337190877,97.2251337190877,6.35359159672691,98.8012764981716,4.85589456067491,-1455.47615883884
57296.8827092994,4232.9902183453,98.1030807235361,98.1030807235361,6.42457935752594,99.4074467400992,4.87061675206555,-1447.00134982372
57323.603754748,4194.42881386076,98.9844842546112,98.9844842546112,6.49584660112307,100.016003508288,4.88530368592273,-1443.75742054767
57350.5805064647,4155.46362522084,99.8751171378093,99.8751171378093,6.56786009823837,100.63093259574,4.90005043307593,-1445.19365953774
57377.8206051448,4116.0749654272,100,100,6.64065623338961,101.252544692802,4.87400750533581,-1446.18730217612
57405.3322764892,4076.28231063974,100,100,6.71419901171999,101.880532436474,4.84124084166037,-1447.57572904738
57433.1063979677,4036.04459357563,100,100,6.78856433171112,102.515543930042,4.80832219227407,-1404.28961852775
57461.1442059413,3997.90619752015,100,100,6.86080651775324,103.117557499489,4.77731915838969,-1344.31278242304
57489.4455244312,3960.3071857202,100,100,6.96184113583048,103.713305759417,4.74698446316339,-1309.70585172368
57518.0065950752,3923.4331937285,100,100,7.06092750857046,104.297566236329,4.71746274955121,-1263.95720536333
57546.8494739113,3887.75105015851,100,100,7.15681119208195,104.862942131191,4.68910780268369,-1270.77026202799
57575.9771517129,3849.7659342801,100,100,7.25888333418543,105.464808127248,4.6591499403647,-1291.41183162475
57605.4106622391,3812.12443867798,100,100,7.36003211310152,106.06122953389,4.62969154695847,-1306.2388658104
57635.1178441913,3772.51406321387,100,100,7.46647159024006,106.688847418727,4.59893501296556,-1245.98235970292
57665.0936106499,3737.76053778307,100,100,7.5598599268118,107.239509558783,4.57215238271588,-1133.06418813148
57695.3474983707,3704.26999899965,100,100,7.64985441425172,107.770159946895,4.54652035544151,-1111.32844120812
57725.8709257995,3670.21697887705,100,100,7.74136037990766,108.30972273092,4.52063441737271,-1083.57575852057
57756.6844017833,3637.80681735903,100,100,7.82845171912204,108.823254773492,4.49637477443452,-1076.61535530621
57787.7806792698,3603.5639876477,100,100,7.92046773380285,109.36582504965,4.47208842942361,-1072.53830184959
57819.1670431089,3570.7917913366,100,100,8.00853191898574,109.885093455698,4.44894997471236,-1043.06098787991
57850.8402698127,3537.78898884072,100,100,8.09721578023697,110.408015767175,4.42575165057244,-1021.78506021173
57882.8246427537,3505.74740705061,100,100,8.18331668618574,110.915707743187,4.40332717847867,-1028.61370253469
57915.1459851883,3471.64324885408,100,100,8.29241927413959,111.575135945599,4.37229755502482,-1081.6140205085
57947.8183762743,3435.44927362953,100,100,8.41196290426515,112.300581248872,4.33805911746341,-1112.35666337597
57980.8678688595,3398.53707362281,100,100,8.53387873023751,113.040422119134,4.30342231775084,-1138.21668940774
58014.3173187217,3359.75906750793,100,100,8.66195705242356,113.817659828775,4.2673366776365,-1173.106087339
58048.1685738889,3319.58620687061,100,100,8.79464238370643,114.6228549721,4.23027518920088,-1168.72919538609
58082.4044833609,3280.18361036305,100,100,8.92478364046707,115.412611510193,4.19423869537778,-1107.54825827363
58117.0204608648,3243.3294193716,100,100,9.04650787078788,116.151289690604,4.16081113952448,-1040.73228938462
58152.0328649779,3207.71910535664,100,100,9.16412374969725,116.865036519737,4.12876420328238,-1020.97380667813
58187.4724065387,3171.39982820903,100,100,9.28408123452242,117.592993282197,4.09633178192128,-1045.31579283241
58223.3441246367,3133.17631942852,100,100,9.41032812968687,118.35911705687,4.06247110351903,-1051.71337218754
58259.7083424837,3095.4283284232,100,100,9.53500445625025,119.115709904517,4.02930234098145,-1090.97548873271
58296.3714359781,3053.505312747,100,100,9.67347030446535,119.955983862619,3.99309378304218,-905.463724266789
58333.4992981216,3028.6132949141,100,100,9.75568515250107,120.454901080577,3.97251906770666,-843.932913076415
58370.7901095619,2990.70094476214,100,100,9.88700453431465,121.266333050769,3.9393674344089,-680.153355291364
58408.4541397656,2977.6325078746,100,100,9.93874067312221,121.600705725225,3.92583769485684,-564.79406089502
58446.1702628814,2948.12668185793,100,100,10.0555501679047,122.355650026687,3.89547827936395,-445.137638000384
58483.8863859972,2944.054775958,100,100,10.0716702816308,122.459834947776,3.8913088926376,-155.225361574204
58522.0382072361,2936.35005276358,100,100,10.1021722178678,122.656970146319,3.88343312258016,-438.759502411001
58560.5147873597,2910.43333670564,100,100,10.2047729214522,123.320082478422,3.85706906443686,-652.285497954497
58599.4307375584,2885.86802758434,100,100,10.302023591405,123.948617335378,3.83226041195179,-730.274331247044
58638.7695252152,2853.2859103513,100,100,10.4310116987295,124.782272482694,3.7996235992694,-799.432025375488
58678.5506441314,2822.61704042517,100,100,10.5524255239041,125.566974750304,3.76917903509302,-776.442048587577
58718.690368704,2791.23200690801,100,100,10.6766745419387,126.370000979482,3.73829673060742,-697.81601695842
58759.2620567497,2766.29532394878,100,100,10.7753954296838,127.008037911129,3.71395407956208,-668.081616662064
58800.101387399,2736.84280192415,100,100,10.8919939013152,127.761618361769,3.68542244108178,-578.195826124666
58841.2214147827,2718.90676522224,100,100,10.9630001962878,128.220534803941,3.66816237601877,-441.62950506466
58882.7409064002,2700.34675204887,100,100,11.0364767280315,128.695416482304,3.65039279023444,-532.753869196114
58924.8254773167,2674.36637742674,100,100,11.1393294470896,129.360157600201,3.62567286527957,-729.912240775524
58967.5315278957,2638.45703951634,100,100,11.2814895620756,130.278943944612,3.59179817165662,-863.018022025775
59010.9250413146,2600.06090200799,100,100,11.4334945736084,131.261358237765,3.55594788231576,-910.021993283476
59054.9883905402,2558.86937104627,100,100,11.5965661621901,132.315296248191,3.51790632396563,-903.129562968546
59099.6062030016,2519.97032321007,100,100,11.7505621263329,133.310578145387,3.48355419646902,-783.47772975939
59144.607514818,2488.65478301408,100,100,11.8873958528595,134.175780254225,3.45614213788125,-583.150881888202
59189.6750976894,2467.44656784218,100,100,11.9953957993566,134.837972084845,3.43653772869293,-275.547839154277
59234.7426805609,2463.81823286181,100,100,12.013872600944,134.951260910108,3.43319672715885,-80.5087548342526
59279.8102634323,2460.18989788144,100,100,12.0323494025314,135.064549735371,3.42985949309986,4.54796146921007
59324.9443128345,2464.22846640985,100,100,12.0117835424881,134.938452038548,3.43357428465854,-137.982241995585
59371.0168076464,2447.60501442611,100,100,12.096436207047,135.457492137449,3.41831339968192,-583.250655814685
59417.7858662294,2410.07856950542,100,100,12.2875345154531,136.629194001904,3.38415051583694,-780.384529045777
59465.1004301325,2374.18361100137,100,100,12.4703247015453,137.749955371457,3.35184079721632,-668.083536934088
59512.4861638869,2346.81085969769,100,100,12.6097167084782,138.604624760086,3.32744011645756,-326.020981400877
59559.8718976413,2343.28612415535,100,100,12.6276659440411,138.714678862344,3.32431290529272,-74.3838775955225
59607.2576313958,2339.76139045896,100,100,12.6456151702038,138.824732906965,3.32118905853814,-20.3875913862885
59654.6824855644,2341.35316462968,100,100,12.6375092770921,138.775032361987,3.32259937560054,-168.590018112264
59703.1523373888,2323.59450023873,100,100,12.727942856181,139.329517611552,3.30690384825637,-516.598463778318
59752.3966315078,2290.87418694591,100,100,12.8945665940275,140.351155876828,3.27820589189224,-692.742483309759
59802.392439421,2254.84666551303,100,100,13.0780318387752,141.476056307013,3.24693441846347,-695.454761113023
59852.9370757159,2220.95285633697,100,100,13.2506314445378,142.534335061876,3.21782317927767,-573.400250882553
59903.560100305,2196.83710338094,100,100,13.3734376310971,143.287310004241,3.19728964175622,-271.788302848304
59954.1831248941,2193.43536446073,100,100,13.390760523118,143.393523738146,3.19440509821575,-67.1974649445877
60004.8061494832,2190.03362554051,100,100,13.408083415139,143.499737472051,3.19152348141883,55.9242749193655
60055.5078058846,2199.10187377656,100,100,13.3619045963946,143.216596252893,3.19921170489407,322.431922276822
60106.0003882037,2222.6618784545,100,100,13.2419284822301,142.48097364153,3.21928397062714,244.326283775833
60156.4102269301,2223.75498733459,100,100,13.2363619741761,142.446843104636,3.22021870087175,-197.117301754457
60207.2109879059,2202.71151813225,100,100,13.3435229742671,143.103891011815,3.20227782323437,-373.658510413753
60258.0907291808,2185.76120232547,100,100,13.4298401483152,143.633136898972,3.18790844642317,-199.915118663612
60308.9704704557,2182.36825910316,100,100,13.4471182494428,143.739076001596,3.18504084594276,-66.6855439373838
60359.8502117306,2178.97531588085,100,100,13.4643963505705,143.84501510422,3.18217614271385,188.238600701804
60410.8091792694,2201.53823514753,100,100,13.3494977580266,143.140524853993,3.20128084583903,408.422454533511
60461.2458833052,2220.38758494442,100,100,13.2535100120956,142.551984736551,3.21734017662536,403.576170198161
60510.8503492607,2241.91246739476,100,100,13.1438974806236,141.879905488103,3.23579029873472,182.31141079824
60560.4548152162,2238.4745052849,100,100,13.1614048343031,141.987250231858,3.23283543184622,-69.3075118063765
60610.0592811717,2235.03654317504,100,100,13.1789121879825,142.094594975613,3.22988361545175,109.46981517781
60659.7400493582,2249.34324151631,100,100,13.1060572757287,141.64789171992,3.24218736050589,287.45822622304
60709.1048285258,2263.50800053274,100,100,13.0339251701499,141.205620287489,3.25442133509592,374.975609354878
60758.1606888822,2286.24858079492,100,100,12.9181218631897,140.495582863259,3.27417184284565,463.020887295524
60806.728606353,2308.70984876343,100,100,12.8037409160334,139.794266508556,3.29381363887922,461.928464572201
60854.8240101341,2330.90012036126,100,100,12.690739980976,139.101411572286,3.31335044634827,460.8387396663
60902.4615435572,2352.82729488917,100,100,12.5790788319046,138.416771411704,3.3327857944061,459.751700700586
60949.6551189764,2374.49888393083,100,100,12.4687192171027,137.740111489894,3.35212303184523,458.667336161995
60996.4179678205,2395.92203772132,100,100,12.3596247249722,137.071208552462,3.3713653395288,457.585634874003
61042.762686322,2417.10356924624,100,100,12.2517606613121,136.409849875075,3.39051574174373,456.506585971141
61088.7012773705,2438.04997630611,100,100,12.1450939369585,135.755832574541,3.40957711658762,455.430178875388
61134.2451888854,2458.76746175266,100,100,12.039592964734,135.108962976958,3.42855220548812,454.356403279059
61179.4053490538,2479.2619520789,100,100,11.9352275647802,134.469056037277,3.44744362194138,453.285249123967
61224.1921987438,2499.53911452428,100,100,11.8319688774525,133.835934805214,3.46625385954676,452.216706585157
61268.6157213622,2519.60437283744,100,100,11.7520108733742,133.319941453782,3.48324409105245,451.150766056034
61312.6854704016,2539.4629218235,100,100,11.673393617485,132.81183507561,3.50013210499087,450.087418130939
61356.4105948898,2559.11974078861,100,100,11.5955749829195,132.308890218069,3.51813625241041,449.02665359905
61399.7998629337,2578.5796059825,100,100,11.5185360611638,131.810984674702,3.53605564909364,447.968463426688
61442.8616835314,2597.84710212895,100,100,11.4422587019292,131.318001139486,3.5538924137202,446.91283874741
61485.6041268025,2616.92663312474,100,100,11.3667254707956,130.829826933087,3.57164857724339,445.859770855534
61528.0349427773,2635.82243197935,100,100,11.2919196098625,130.346353748544,3.58932608778349,444.809251192506
61570.1615788673,2654.53857006043,100,100,11.2178250011471,129.867477414708,3.60692681517648,443.761271341981
61611.9911961281,2673.07896570341,100,100,11.1444261324999,129.393097675955,3.62445255520752,442.715823020103
61653.5306844164,2691.44739223805,100,100,11.071708065829,128.923117986815,3.64190503355522,441.672898067043
61694.7866765305,2709.64748547959,100,100,10.9996564074434,128.457445320305,3.65928590947073,440.632488443628
61735.7655614168,2727.68275072759,100,100,10.9282572803457,127.995989988852,3.676596779213,439.594586225059
61776.4734965166,2745.55656931142,100,100,10.8574972983194,127.538665476819,3.69383917925953,438.559183590584
61816.9164193217,2763.27220471804,100,100,10.7873635416699,127.085388283717,3.71101458931051,437.526272821146
61857.1000581975,2780.83280833405,100,100,10.7178435344922,126.636077777289,3.7281244351022,436.495846298587
61897.0299425317,2798.24142483155,100,100,10.6489252233497,126.190656055705,3.74517009104418,435.4678964929
61936.7114122592,2815.50099722425,100,100,10.5805969572569,125.749047818194,3.76215288269369,434.44241596196
61976.1496268076,2832.61437161852,100,100,10.5128474688715,125.311180243484,3.77907408907939,232.802490198615
62016.08726493,2833.97989338765,100,100,10.5074415565654,125.276241622293,3.78042782420365,-648.580125972259
62056.8203914725,2780.29291690988,100,100,10.7199808901609,126.649891589986,3.72759713878274,-1312.53232109689
62098.3588242936,2725.99581261589,100,100,10.9349356356118,128.039152458312,3.67497389154497,-1277.07914067608
62140.719678857,2673.14688707355,100,100,11.1441572411655,129.391359820817,3.6245169255114,-1224.8774340393
62183.875277014,2621.24863943957,100,100,11.3496152440289,130.719242872962,3.57568379509969,-1149.50658540421
62227.8619035375,2572.97632593654,100,100,11.5407186738765,131.954351762199,3.53088613164645,-1090.86954359123
62272.687834121,2524.36572580309,100,100,11.7331613338261,133.198116147599,3.4872816071552,-1058.56221424465
62318.4337038951,2477.10044040187,100,100,11.9462347685256,134.536545704027,3.44544549205181,-1050.60770889775
62365.0907542406,2427.28650560078,100,100,12.1999054451819,136.091904342599,3.399766863782,-1032.30265516982
62412.6087936065,2379.88324524194,100,100,12.4413000906553,137.571993614607,3.35694736794153,-946.084180014876
62460.7744691318,2336.76165665716,100,100,12.6608909059257,138.918394688566,3.31853314531451,-769.729160299281
62509.4502714403,2305.34153582679,100,100,12.8208935907867,139.899436570795,3.29085960281649,-566.33089070648
62558.915517481,2281.18134933069,100,100,12.9439260490954,140.653798877774,3.26975912295131,-606.895063140773
62609.2481584925,2244.77469086293,100,100,13.1293219975422,141.790537241757,3.23825265896661,-738.641638672398
62660.5770232863,2206.08992809276,100,100,13.3263188817953,142.99840568652,3.20515052339996,-786.739174570492
62712.8428243589,2163.27270894929,100,100,13.5443597371511,144.3353033225,3.16895584640878,-773.142549352678
62766.1162334734,2124.49307407204,100,100,13.7418397446847,145.546133993633,3.13656931351878,-734.341866526781
62820.3705200863,2084.31062016551,100,100,13.9464634170142,146.800765394507,3.10340027010117,-709.949874111398
62875.7933472051,2046.62782098532,100,100,14.1383579381861,147.977349164983,3.07264824067218,-720.563759257756
62932.5522758485,2003.47651251336,100,100,14.3581000979331,149.324678193809,3.03784651836417,-785.686381707794
62990.741268714,1956.31480445016,100,100,14.4693604851909,149.846485319935,3.02045488876399,-809.337186427224
63050.2294196303,1908.23602405821,100,100,14.5723265582906,150.301307015675,3.00449051719325,-746.681211068929
63110.9433410803,1866.56217548269,100,100,14.6615757552085,150.695538531586,2.99128617890712,-646.740589070558
63172.9345685778,1828.87762374591,100,100,14.7422814277989,151.052031595353,2.97965460326741,-601.641370020758
63236.2138005694,1791.19428461254,100,100,14.8229845034638,151.408513187981,2.96809148341081,-579.817088294095
63300.8056629122,1754.73577815196,100,100,14.9010644632865,151.753407954391,2.95696843899647,-552.599989813515
63366.7206762982,1719.07618641421,100,100,14.977433458083,152.09074504679,2.9461497288568,-528.192489466511
63433.6504610087,1684.56815353269,100,100,15.0513362610917,152.417188477839,2.93573697231544,-448.185700785251
63500.7030864479,1659.02718602837,100,100,15.1060350930015,152.65880413565,2.92806559393523,-213.11852454745
63567.7557118872,1655.9878403314,100,100,15.1125441909582,152.687556120466,2.92715471398192,-45.32776572222
63634.8083373264,1652.94849463443,100,100,15.1190532889149,152.716308105283,2.92624425948144,-83.1536694888243
63703.3203043351,1644.7151470166,100,100,15.1366859215599,152.794194962949,2.92378004504625,-235.024767798993
63771.9601873086,1620.71441293916,100,100,15.1880861717185,153.021240126805,2.91661445053634,-196.832111997858
63840.6000702821,1617.69408075068,100,100,15.1945545501251,153.049812245242,2.91571457549201,-44.002583594745
63909.2399532556,1614.67374856221,100,100,15.2010229285317,153.078384363679,2.91481511690617,223.33051113849
63978.0082307412,1648.38151546061,100,100,15.1288339844239,152.759511389462,2.92487699237613,144.472341368603
64046.0708212289,1634.44202442981,100,100,15.1586869599101,152.891377940499,2.92070969860448,-124.638922877647
64114.1334117167,1631.4150195273,100,100,15.1651696286784,152.920013182316,2.91980593528927,-44.4738421035019
64182.1960022045,1628.38801462479,100,100,15.1716522974467,152.948648424132,2.91890259159697,5.23104342265678
64250.3851140086,1632.1277580984,100,100,15.1636432194972,152.913270728308,2.9200186976177,271.955258869994
64318.4179820477,1665.43429841683,100,100,15.0923135468814,152.598193327772,2.92998717543557,454.414554092237
64385.0902803757,1693.33974620703,100,100,15.0325509165979,152.334209861868,2.93837853910869,426.523355987974
64450.6638503804,1721.84024999363,100,100,14.9715139074985,152.064597210383,2.94698618303677,426.354022034046
64515.1520236532,1748.79209356615,100,100,14.9137935270555,151.809634769635,2.95516104547318,451.403359444399
64578.6463251189,1779.6119690406,100,100,14.8477893246786,151.518081034047,2.96455103984282,484.826184941863
64641.041012456,1809.8263717336,100,100,14.783081809825,151.232255026055,2.97380026158595,408.623149810602
64702.3940428483,1830.17815124106,100,100,14.7394962030482,151.03972870173,2.9800548815846,406.595396688838
64763.0648208894,1859.44069052906,100,100,14.6768272098905,150.762907250934,2.98908284217612,481.750731754797
64822.7808058925,1888.1745624312,100,100,14.6152904169313,150.491086954388,2.99798793270945,480.61075883563
64881.5880446929,1916.40422706091,100,100,14.5548334401081,150.224036421235,3.00719455389752,479.473785786524
64939.5290212477,1944.15227123137,100,100,14.4954079072402,149.961541981896,3.0164053785273,470.937720182064
64996.6430313141,1970.58796015587,100,100,14.4387929295712,149.711462325827,3.02521666626488,286.717489048246
65052.9908496479,1976.6837617731,100,100,14.4257380902054,149.65379649475,3.02725347953677,122.052775625014
65109.1648996083,1984.32156649969,100,100,14.4093808791159,149.581543428654,3.02980819145896,106.761619646526
65165.1227313752,1988.65514308032,100,100,14.4001000413045,149.540548115692,3.03125901596624,236.563766146094
65220.9586226689,2010.7679106584,100,100,14.320969646211,149.097016212529,3.04369643354346,344.460008779135
65276.1804768676,2026.91009506762,100,100,14.2387677712105,148.593002906482,3.05669155192688,382.941578543772
65330.9625476954,2052.89298735406,100,100,14.1064534319778,147.781729592415,3.07773761700614,451.094995203955
65385.051257177,2076.02115918914,100,100,13.9886763677355,147.059590255266,3.09660628147478,449.756453722577
65438.5373846657,2101.2754645396,100,100,13.8600722582164,146.271065876599,3.11735623008222,471.611307827745
65491.3806859194,2126.16732013892,100,100,13.7333138746772,145.493858398589,3.13795988369443,470.497444864752
65543.6053303949,2150.70966454238,100,100,13.6083353292879,144.72756383601,3.15842312827454,469.386388650794
65595.2340249697,2174.91466390507,100,100,13.485074667561,143.971802320568,3.17875148730977,468.278123119311
65646.2881349228,2198.79377552333,100,100,13.3634735447759,143.226216116925,3.1989501519677,467.172632922066
65696.7877923376,2222.35780478949,100,100,13.2434769359442,142.490467844377,3.2190240081056,466.069903364515
65746.7519934894,2245.61695637709,100,100,13.125032875156,141.764238878686,3.23897766052515,464.969920348353
65796.1986865571,2268.58088035649,100,100,13.0080922207427,141.047227912186,3.25881545480822,463.872670317815
65845.1448508095,2291.25871384237,100,100,12.8926084431926,140.339149653418,3.27854149702201,462.778140216327
65893.6065682571,2313.65911869202,100,100,12.7785374331775,139.639733650054,3.2981596715422,461.686317442947
65941.59908863,2335.79031570348,100,100,12.6658373274033,138.948723221121,3.31767365720913,460.597189816995
65989.1368884244,2357.6601157034,100,100,12.5544683502994,138.265874486333,3.33708694200359,459.510745545623
66036.233724669,2379.2759478642,100,100,12.4443926698173,137.590955481933,3.35640283640475,458.42697319184
66082.9026839755,2400.64488554682,100,100,12.3355742658301,136.923745353793,3.37562448557165,457.345861650595
66129.1562273705,2421.77366992895,100,100,12.2279788098088,136.264033619667,3.39475488047275,456.26740012192
66175.0062313442,2442.66873164674,100,100,12.1215735546147,135.611619493458,3.41379686807218,453.405285499274
66220.4640254983,2463.17310820739,100,100,12.0171578103591,134.971403872278,3.43260308558786,452.321099972978
66265.5434119286,2483.62060875713,100,100,11.9130316994407,134.332964111511,3.45147691893832,416.738343581858
66310.2516624553,2500.59105930698,100,100,11.8272819586974,133.806421401627,3.46718063108531,374.989070878523
66354.6564970549,2517.03704175176,100,100,11.7621745829713,133.38562990365,3.48106953240004,385.005888055078
66398.7711964208,2534.67160109159,100,100,11.6923617952855,132.934427145426,3.49604125689602,424.689967313879
66442.5789750466,2554.37683605621,100,100,11.6143514884571,132.430243502606,3.51378325497145,449.28334909105
66486.0488072273,2573.8839783754,100,100,11.5371254030844,131.931128313513,3.53172298159406,448.224536192084
66529.1891870279,2593.19765815102,100,100,11.460665209233,131.436963111068,3.54957957123065,447.16829091965
66572.008264872,2612.32232213876,100,100,11.3849533028105,130.947634119338,3.56735507562023,446.114604528917
66614.5138666688,2631.26224386558,100,100,11.3099727655132,130.463031994669,3.58505146251636,445.063468426689
66656.7135115915,2650.02153303768,100,100,11.2357073275813,129.983051584972,3.60267062031657,444.014874162749
66698.6144286239,2668.60414429909,100,100,11.1621413331246,129.50759170562,3.62021436236958,382.801325078665
66740.2235719758,2681.98929481019,100,100,11.1091513687729,129.165115507975,3.63290742502419,314.298045707724
66781.6250543026,2694.69422172288,100,100,11.0588543158085,128.840043701214,3.64499925426089,373.759940678028
66822.8313371879,2712.86476823541,100,100,10.986919628847,128.375127025561,3.66236757336945,440.447843138988
66863.7616237579,2730.8710965823,100,100,10.9156350589488,127.914412081738,3.67966616365633,439.410385729266
66904.4220315409,2748.71656671298,100,100,10.8449873045378,127.457812901141,3.69689655129443,438.375426524771
66944.8184600903,2766.40442178227,100,100,10.7749635264114,127.005246503505,3.71406020619279,437.342957826193
66984.956601685,2783.93779382706,100,100,10.7055513252675,126.556632751661,3.73115854477772,436.312972027985
67024.8419513634,2801.31970909169,100,100,10.6367387206224,126.111894215275,3.7481929326001,435.285461618248
67064.4798163415,2818.55309302818,100,100,10.568514131015,125.670956042916,3.76516468678224,434.260419169997
67103.8753248613,2835.64077499531,100,100,10.5008663554043,125.233745841819,3.7820750783158,433.237837341387
67143.0334345093,2852.58549267854,100,100,10.4337845556712,124.800193564801,3.79892533422214,432.21770886986
67181.9589400462,2869.3898962508,100,100,10.3672582401467,124.370231403798,3.81571663958464,431.20002656745
67220.6564807794,2886.05655229245,100,100,10.3012772480932,123.943793689566,3.8324501394624,430.18478331976
67259.130547513,2902.58794748734,100,100,10.2358317350723,123.52081679712,3.84912694069351,429.171972082348
67297.3854891025,2918.9864921104,100,100,10.1709121591382,123.101239056492,3.86574811359563,428.161585877262
67335.4255186435,2935.25452332104,100,100,10.1065092677992,122.68500066847,3.88231469357096,427.153617790072
67373.2547193167,2951.39430827535,100,100,10.042614085697,122.272043624963,3.898827682622,426.148060968987
67410.8770499143,2967.40804706923,100,100,9.97921790295552,121.862311633705,3.91528805078415,425.144908621317
67448.2963500673,2983.2978755236,100,100,9.91631226415434,121.455750046985,3.93169673748065,424.144154011219
67485.5163451944,2999.0658678218,100,100,9.85388895788777,121.052305794169,3.94805465280489,423.145790457493
67522.5406511895,3014.71403900892,100,100,9.80159244775231,120.733487498699,3.96108611808239,422.149811332581
67559.3727788649,3030.2443473615,100,100,9.75029801474465,120.422209470163,3.97386330823532,421.15621005877
67596.0161381658,3045.65869663608,100,100,9.6993865783281,120.113255639729,3.98659424743818,420.16498010942
67632.4740421694,3060.95893820381,100,100,9.64885202368311,119.806588899881,3.99927964944812,419.176115005387
67668.7497108834,3076.14687307831,100,100,9.59868840231397,119.502173152432,4.01246266428753,418.18960831136
67704.8462748549,3091.22425384318,100,100,9.54888992568256,119.199973269892,4.0256247693311,417.205453639091
67740.7667786008,3106.1927864851,100,100,9.49945095915383,118.899955058722,4.03873373244558,416.223644642728
67776.5141838723,3121.05413213832,100,100,9.45036601623406,118.602085224376,4.05179030306393,415.244175018478
67812.0913727606,3135.80990874552,100,100,9.40162975308521,118.306331338006,4.06479521018451,414.267038503799
67847.5011506556,3150.46169264001,100,100,9.35323696329918,118.012661804751,4.07774916313382,413.292228873943
67882.7462490642,3165.01102005384,100,100,9.30518257291669,117.721045833511,4.09065285229328,412.319739942885
67917.8293282972,3179.45938855585,100,100,9.25746163567765,117.431453408122,4.10350694979191,411.349565563371
67952.7529800316,3193.8082584238,100,100,9.21006932848918,117.143855259855,4.11631211016702,410.381699623775
67987.5197297564,3208.05905395414,100,100,9.1630009470996,116.858222841165,4.12906897099461,409.416136045697
68022.1320391068,3222.21316471285,100,100,9.11625190196715,116.574528300618,4.14177815349116,408.452868787373
68056.5923080939,3236.27194673063,100,100,9.06981771431236,116.292744458935,4.15444026308842,407.49189184013
68090.9028772356,3250.23672364539,100,100,9.02369401234465,116.012844786097,4.16705588998261,406.533199226803
68125.0660295937,3264.10878779491,100,100,8.97787652765334,115.734803379439,4.17962560965947,405.576785002852
68159.0839927219,3277.88940126223,100,100,8.93236109175496,115.458594942701,4.19214998339637,404.622643254657
68192.9589405303,3291.57979687633,100,100,8.88714363278808,115.18419476597,4.20462955874278,403.67076809762
68226.6929950701,3305.18117917044,100,100,8.84222017234816,114.911578706472,4.21706486998019,402.721153678799
68260.288228242,3318.69472529996,100,100,8.79758682245582,114.640723170173,4.22945643856242,401.773794173401
68293.7466634344,3332.12158592241,100,100,8.75323978265045,114.371605094144,4.24180477353765,400.828683783922
68327.0702770921,3345.46288604094,100,100,8.70917533720424,114.104201929654,4.25411037195268,399.885816742413
68360.2610002213,3358.71972581352,100,100,8.66538985244953,113.838491625947,4.26637371924067,398.945187305947
68393.320719833,3371.89318132931,100,100,8.62187977421454,113.574452614688,4.27859528959296,398.00678975859
68426.2512803278,3384.98430535398,100,100,8.57864162536177,113.31206379502,4.29077554631589,397.070618412121
68459.0544848254,3397.9941280454,100,100,8.53567200342404,113.051304519219,4.30291494217327,396.136667602367
68491.7320964414,3410.9236576411,100,100,8.49296757833405,112.792154578917,4.31501391971522,395.204931690417
68524.2858395135,3423.77388111898,100,100,8.45052509024204,112.534594191858,4.32707291159411,394.275405060648
68556.7174007805,3436.54576483239,100,100,8.40834134741826,112.278603989169,4.33909234086801,393.348082123162
68589.0284305145,3449.24025512091,100,100,8.36641322423565,112.024165003119,4.35107262129256,392.422957313144
68621.2205436109,3461.85827889789,100,100,8.32473765922925,111.771258655341,4.3630141576015,391.500025084859
68653.2953206365,3474.4007442158,100,100,8.28331165322895,111.519866745503,4.37491734577654,390.579279918386
68685.2543088374,3486.86854081052,100,100,8.24213226756178,111.269971440395,4.38678257330703,389.660716316414
68717.0990231104,3499.26254062542,100,100,8.20119662232091,111.021555263428,4.39861021943998,388.744328801188
68748.8309469374,3511.58359831614,100,100,8.16763389753492,110.823234547095,4.40740449114055,387.830111918965
68780.4515332857,3523.83255173705,100,100,8.13471898111871,110.629152513097,4.41597230931356,386.918060237791
68811.9622054755,3536.01022241007,100,100,8.10199561296038,110.436199938917,4.424504241157,386.008168344807
68843.3643580162,3548.11741597667,100,100,8.06946162817117,110.244364059338,4.43300064173875,385.100430847797
68874.6593574122,3560.15492263382,100,100,8.03711490336419,110.053632353861,4.44146185927859,384.19484237724
68905.84854294,3572.12351755454,100,100,8.00495335552432,109.863992540034,4.44988823533712,383.291397582734
68936.9332273984,3584.02396129372,100,100,7.9729749409177,109.67543256703,4.45828010499812,382.390091133159
68967.9146978318,3595.8570001799,100,100,7.94117765403901,109.487940609433,4.46663779704456,381.490917716297
68998.7942162287,3607.62336669343,100,100,7.90955952659522,109.301505061248,4.47496163412838,380.593872040012
69029.5730201956,3619.32377983183,100,100,7.87811862652386,109.116114530116,4.48325193293455,379.698948833448
69060.2523236081,3630.95894546268,100,100,7.84685305704472,108.931757831716,4.49150900433951,378.806142840627
69090.8333172403,3642.5295566646,100,100,7.81576095574359,108.748423984365,4.49973315356412,377.915448826735
69121.3171693717,3654.03629405696,100,100,7.78484049368629,108.566102203798,4.50839629556802,377.026861575096
69151.7050263753,3665.47982611848,100,100,7.75408987456252,108.384781898111,4.5170474016718,376.140375885381
69181.9980132848,3676.86080949548,100,100,7.72350733385755,108.204452662886,4.52567093432316,375.255986577645
69212.1972343439,3688.1798893,100,100,7.69309113805113,108.02510427646,4.53426712678146,374.373688487052
69242.3037735374,3699.43769939826,100,100,7.66283958384232,107.846726695359,4.54283620805874,373.493476467925
69272.3186951045,3710.63486268981,100,100,7.63275099739942,107.669310049875,4.55137840302842,372.615345392872
69302.2430440363,3721.77199137781,100,100,7.60282373363365,107.492844639779,4.55989393253052,371.739290149504
69332.0778465569,3732.84968723066,100,100,7.57305617549613,107.317320930181,4.5683830134735,370.865305641369
69361.8241105894,3743.86854183546,100,100,7.54344673329674,107.14272954751,4.57684585893284,369.993386791889
69391.4828262064,3754.82913684348,100,100,7.51399384404458,106.969061275627,4.58528267824651,369.123528540704
69421.0549660676,3765.73204420806,100,100,7.48469597080863,106.796307052055,4.59369367710741,368.255725841091
69450.5414858428,3776.57782641509,100,100,7.45555160209845,106.624457964324,4.60207905765296,367.389973664463
69479.9433246221,3787.36703670654,100,100,7.4265592512635,106.453505246435,4.61043901855187,366.526266998367
69509.2614053134,3798.10021929709,100,100,7.39771745591102,106.283440275424,4.61877375508828,365.66460084616
69538.4966350278,3808.77790958426,100,100,7.3690247773414,106.114254568031,4.62708345924326,364.804970225495
69567.6499054536,3819.40063435225,100,100,7.3404798000004,105.945939777475,4.63536831977393,363.947370172404
69596.722093218,3829.96891196967,100,100,7.31208113094783,105.778487690316,4.64362852229006,363.091795736112
69625.7140602397,3840.48325258143,100,100,7.28382739934192,105.611890223418,4.65186424932852,362.23824198094
69654.6266540689,3850.94415829498,100,100,7.25571725593885,105.446139420996,4.66007568042534,361.386703989663
69683.4607082191,3861.35212336116,100,100,7.22774937260676,105.281227451752,4.66826299218584,360.53717685641
69712.2170424881,3871.7076343497,100,100,7.1999224418542,105.117146606092,4.67642635835248,359.689655691614
69740.8964632699,3882.01117031977,100,100,7.1722351763718,104.953889293429,4.68456594987088,358.844135620517
69769.4997638577,3892.26320298556,100,100,7.14468630858733,104.79144803955,4.69268193495388,358.000611783826
69798.0277247377,3902.46419687722,100,100,7.11727459023325,104.629815484077,4.70077447914373,357.159079335858
69826.4811138754,3912.6146094972,100,100,7.08999879192656,104.468984377981,4.70884374537249,356.319533444909
69854.8606869926,3922.71489147218,100,100,7.0628577027606,104.308947581179,4.71688989402075,355.481969295161
69883.1671878375,3932.76548670086,100,100,7.03585012990785,104.149698060192,4.72491308297467,323.797557798926
69911.5079410524,3941.05713399276,100,100,7.01356913428419,104.018318691171,4.73154465785361,-260.161976357222
69940.022351931,3917.97393484418,100,100,7.07559741902706,104.384067019864,4.71311104187982,-820.61222996023
69968.714417126,3894.11280009384,100,100,7.13971614239184,104.762141570947,4.69414798022844,-833.434311625211
69997.5824224675,3870.0013970795,100,100,7.20450737700784,105.144181568877,4.67508012139439,-823.870907959272
70026.6090145677,3846.41512553361,100,100,7.2678874985436,105.517900971568,4.65651840067876,-766.144971662461
70055.7974582829,3825.40024011439,100,100,7.32435789020083,105.850877313811,4.64005544942589,-721.650133292377
70085.1234523771,3804.18817368893,100,100,7.38135813907248,106.186977946713,4.62350937578264,-664.396013265071
70114.5804666938,3786.34504367846,100,100,7.42930551161255,106.469698506284,4.60964634780304,-587.807109394478
70144.1295512507,3769.50396927339,100,100,7.47456019887879,106.736541710183,4.59660783829174,-483.13223018096
70173.7490472395,3757.75879540277,100,100,7.50612137826784,106.922641465496,4.58754092651799,-348.835250750743
70203.4071435409,3748.82585550294,100,100,7.53012563071703,107.064181978042,4.5806593903157,-232.855045162468
70233.0652398423,3743.94672069538,100,100,7.5432366540719,107.14149082028,4.57690597022479,-164.512744107925
70262.7233361437,3739.06758588782,100,100,7.55634767742677,107.218799662518,4.57315624980697,-108.772418331579
70292.4201334974,3737.4905453727,100,100,7.56058544003036,107.24378753049,4.57194505038714,59.5622872317396
70322.1294614653,3742.60595058755,100,100,7.54683951992632,107.162735034435,4.57587519104567,193.39758521973
70351.7981826333,3748.97411669064,100,100,7.52972722895704,107.061832811392,4.58077350263652,286.289769634771
70381.4165072559,3759.57922526927,100,100,7.5012295891624,106.893797145569,4.58894483044832,347.741415403801
70410.951283819,3769.54409982248,100,100,7.4744523616111,106.735905850259,4.5966388548301,352.436405611252
70440.4079845365,3780.36996948374,100,100,7.44536150112788,106.564372272536,4.60501529365576,367.086682735146
70469.7803299117,3791.13945920112,100,100,7.41642214266091,106.393732022904,4.61336638173748,366.223692614868
70499.0692372665,3801.85311007193,100,100,7.38763283219434,106.223976527794,4.62169231319124,365.362741258671
70528.2756082584,3812.51145444856,100,100,7.35899213921129,106.055097352195,4.62999327885804,364.503823690523
70557.4003292504,3823.11501614011,100,100,7.33049865615209,105.887086196466,4.63826946638202,342.77047977712
70586.4442716694,3832.44995511394,100,100,7.30541416725612,105.739176095004,4.64557029464035,333.235751662117
70615.4174699342,3842.44840162516,100,100,7.27854672643077,105.580752859236,4.65340548223036,330.308805896679
70644.315276953,3851.56525776521,100,100,7.2540482613361,105.436298233398,4.66056377297539,277.380885879909
70673.1446813531,3858.46082666791,100,100,7.23551875385286,105.327039426362,4.66598683736037,274.880582713446
70701.9225638762,3867.4003823632,100,100,7.21149672369262,105.185394087959,4.67302880136757,223.851974262721
70730.6339258795,3871.32990755402,100,100,7.20093745476843,105.123131605976,4.6761282878886,155.384443485588
70759.3161449208,3876.31845201346,100,100,7.18753243000601,105.044089191322,4.68006669002697,136.479289499483
70787.9614519987,3879.15392758753,100,100,7.17991304912393,104.999161690346,4.68230706200891,111.109467006006
70816.5858207303,3882.68165516826,100,100,7.17043347528045,104.943265605127,4.68509621553577,112.901076161053
70845.1841819278,3885.6144353774,100,100,7.16255262112631,104.896796333125,4.68741651729452,188.566155542458
70873.7609576827,3893.46295093599,100,100,7.14146239204916,104.772438291166,4.69363282718942,277.719493168611
70902.2801278376,3901.47109253745,100,100,7.11994322201041,104.645551008869,4.69998589517126,318.770318406913
70930.7407596752,3911.6264205599,100,100,7.09265421522331,104.484642019278,4.70805742559202,356.401362881392
70959.1275022859,3921.73157426705,100,100,7.06550003492607,104.324528030927,4.71610582289425,355.563605579245
70987.4411005746,3931.78699820766,100,100,7.03847948654438,104.165202000037,4.72413124520501,210.772342075906
71015.8160455623,3933.67995130229,100,100,7.03339281581028,104.13520856515,4.7256439065013,-325.794154288767
71044.3304485377,3913.25278119998,100,100,7.08828392147728,104.458872684528,4.70935163503477,-692.265516475867
71072.970520175,3894.11387941562,100,100,7.13971324207988,104.762124469325,4.69414883589322,-631.13731915053
71101.727994617,3877.02704784168,100,100,7.18562831855605,105.032861642739,4.6806264452861,-571.142227130658
71130.6003870069,3861.19902892401,100,100,7.22816076208874,105.2836532002,4.66814243581844,-539.051269263684
71159.6007276908,3845.83067762248,100,100,7.26945800448672,105.527161423091,4.65605959208332,-556.288680107333
71188.7284723909,3828.86303302857,100,100,7.31505280629527,105.796010104425,4.64276332975468,-577.223411837681
71218.0096446959,3812.11568326706,100,100,7.36005564030492,106.061368261494,4.62968472118915,-625.559777553238
71247.4312378534,3792.14094412409,100,100,7.41373099090297,106.377863709573,4.61414390106939,-645.20544797886
71277.0195985177,3774.04213957625,100,100,7.46236540222407,106.66463537723,4.60011694833854,-663.574005304225
71306.7618673687,3752.7706806594,100,100,7.51952524831376,107.001677071392,4.58369677339178,-682.128437439455
71336.672632562,3733.35110867509,100,100,7.57170877508031,107.309376015177,4.56876771286915,-674.30406310371
71366.7506240212,3712.32001830809,100,100,7.62822271204981,107.642609121334,4.55266565840331,-691.137280142232
71396.9655463888,3691.68042820098,100,100,7.68368462458192,107.969638990027,4.53692954603327,-617.361698940253
71427.2822454207,3674.95011368128,100,100,7.72864168214513,108.234727227351,4.52422179697894,-478.075051227536
71457.7667677007,3662.6128812076,100,100,7.76179381863585,108.430208023964,4.51487817922556,-531.424612710758
71488.4398035195,3642.44948205429,100,100,7.81597612915595,108.749692749353,4.49967619396105,-692.172602661488
71519.2392161159,3620.06333659607,100,100,7.87613131803769,109.104396412157,4.48377638434512,-604.161157926951
71550.0790907305,3605.2094189191,100,100,7.91604619418998,109.339753544846,4.47325286633954,-317.510442054128
71580.9189653451,3600.47937215252,100,100,7.92875659389654,109.414700119122,4.46990620874972,-153.374364357532
71611.7588399597,3595.74932658734,100,100,7.94146699037474,109.489646674362,4.46656168690377,113.276177580427
71642.6392830342,3607.47081381939,100,100,7.90996946080964,109.303922228746,4.47485362962943,379.866118869279
71673.4193885764,3619.17207987772,100,100,7.87852626880465,109.11851818328,4.48314436246842,260.432196675585
71704.0999779319,3623.47715760081,100,100,7.86695782956323,109.05030515215,4.48619795048475,225.502554867369
71734.7441154717,3633.00096246915,100,100,7.84136582750119,108.899402511187,4.49295949251434,344.450725284403
71765.3079203087,3644.56027774566,100,100,7.81030408017628,108.716247645347,4.50124759059604,248.843879233616
71795.7747870711,3648.18807154218,100,100,7.80055561224726,108.658766032448,4.50398279557111,154.025414743009
71826.2113572841,3653.94095488507,100,100,7.7850966854413,108.567612832483,4.50832430414446,265.217757544245
71856.6000071722,3664.32000001953,100,100,7.75720651463719,108.40315909334,4.51616968986732,240.254562705704
71886.902582381,3668.5222986308,100,100,7.74591425947114,108.336574575144,4.51935079831068,75.075839608435
71917.1704459377,3668.8673765653,100,100,7.74498697932068,108.331106889447,4.51961213885363,68.8517043357512
71947.4354626289,3672.69009060422,100,100,7.73471472921486,108.270536807207,4.52250843514165,63.5976537925382
71977.6689780224,3672.71494126378,100,100,7.73464795147849,108.270143053848,4.52252727062307,13.0920907492817
72007.9022888471,3673.48172778039,100,100,7.73258747224929,108.257993486316,4.52310850028574,81.8749400064934
72038.1292889026,3677.66512558987,100,100,7.7213460065907,108.191708447261,4.52628112154266,65.3824202721953
72068.321905304,3677.43210853626,100,100,7.72197216105301,108.195400552387,4.52610433509857,-0.348648656861768
72098.5164348324,3677.64407169255,100,100,7.72140258181363,108.192042041738,4.52626514793566,42.355281966538
72128.7092240814,3679.98983045028,100,100,7.71509914912105,108.154873998451,4.52804529222187,154.790323198858
72158.8827673535,3686.98819581382,100,100,7.69629341094282,108.04398640359,4.53336118290816,246.81149204069
72188.9990374614,3694.87004924545,100,100,7.67511359761574,107.919100130198,4.53935712131066,317.502560411377
72219.0510638952,3706.0917840214,100,100,7.64495898362522,107.741294154825,4.54791021559765,372.971953634642
72249.0120953161,3717.25323667711,100,100,7.61496635742917,107.564443336689,4.55643655515098,372.095055420085
72278.8831655176,3728.35501319049,100,100,7.58513409066705,107.388538074202,4.56493635846478,371.220230010454
72308.6652898049,3739.3977092561,100,100,7.55546058261136,107.213568928709,4.5734098401605,370.34747232083
72338.3594654511,3750.38191053386,100,100,7.52594425949928,107.039526620556,4.58185721108365,1.91633107778258
72368.1915933559,3739.51178136154,100,100,7.55515405243796,107.211761480718,4.57349747068384,-473.486385830153
72398.0786938882,3722.10566889662,100,100,7.60192708824166,107.487557591219,4.56014935989225,-405.406195978713
72428.0139184891,3715.25944009469,100,100,7.62032401090422,107.596034614964,4.55491206800671,-213.886809821837
72458.0118187992,3709.28676400675,100,100,7.63637355631927,107.69067038373,4.55034893301311,-228.577094113689
72488.0489124337,3701.5368156337,100,100,7.65719891944731,107.813466649821,4.54443613505995,-209.404872787575
72518.0860060681,3696.70693646389,100,100,7.67017758494728,107.889995047067,4.54075585687672,-160.79713448743
72548.1230997026,3691.8770584642,100,100,7.68315624730295,107.966523425773,4.53707915350553,-170.018263664382
72578.2829701734,3686.47235314884,100,100,7.69767956350772,108.052159819734,4.53296909859271,-169.412632600218
72608.4428406442,3681.65813235352,100,100,7.71061615242613,108.128440113402,4.52931183989603,-159.623390954964
72638.6027111151,3676.8439115582,100,100,7.72355274134455,108.20472040707,4.52565811591074,-156.131799872826
72668.8940505799,3672.21977614177,100,100,7.73597854014539,108.277988838769,4.52215197944311,-184.16862859947
72699.2250458369,3665.67917930999,100,100,7.7535541803354,108.381623189643,4.51719828506301,-186.825926157048
72729.5560410939,3660.88654358146,100,100,7.76643276669272,108.457561472568,4.51357257810939,-158.01115947312
72759.8870363508,3656.09390785294,100,100,7.77931135305001,108.533499755492,4.50995035241018,-141.734445938279
72790.2577913665,3652.28301463909,100,100,7.78955183868945,108.5938825393,4.50707259908147,-126.841837993138
72820.6927504136,3648.38119932073,100,100,7.80003664671036,108.655705964311,4.50412846153665,-180.483534079082
72851.2270483724,3641.27906766449,100,100,7.81912122167846,108.768237713775,4.49884371160554,-194.363062061142
72881.7613463312,3636.51172002241,100,100,7.83193185486269,108.843775312405,4.49545419471798,-171.301734514883
72912.387725852,3630.80213752813,100,100,7.84727442529405,108.934242419732,4.49139763687789,-178.382199953231
72943.0542920335,3625.57814952642,100,100,7.86131212488576,109.017015386704,4.48768882733898,-162.637814084735
72973.720858215,3620.82705094964,100,100,7.87407909420682,109.092295522388,4.48431802193098,-154.927615675677
73004.3874243965,3616.0759535675,100,100,7.8868460603177,109.167575639142,4.48094938020351,-130.426598429716
73035.1832121998,3612.81072518792,100,100,7.89562025640618,109.219312480944,4.47863550806139,-169.427911223481
73066.0194562447,3605.633767147,100,100,7.91490590195662,109.33302983839,4.47355321054832,-193.075444647581
73096.8557002896,3600.90328212746,100,100,7.92761747931967,109.40798335669,4.47020605133347,-153.40663447971
73127.6919443344,3596.17279830917,100,100,7.94032905345477,109.482936855956,4.46686102844123,-112.710580049973
73158.5687510446,3593.94756838021,100,100,7.94630860571542,109.518195145859,4.46528826031078,-46.9865516521898
73189.46467545,3593.27031068791,100,100,7.94812850653211,109.528926148415,4.46480967566735,8.79158856528349
73220.366423103,3594.49086808724,100,100,7.94484867164339,109.509586678786,4.46567221504221,45.4745017202109
73251.2576776546,3596.08031667296,100,100,7.94057756654983,109.484402207603,4.46679565403335,44.6899074923501
73282.1352784342,3597.2513125179,100,100,7.93743091156344,109.465848030149,4.46762348030433,25.4608822814172
73313.0028277776,3597.65240267169,100,100,7.93635311753209,109.459492842878,4.46790705788578,23.0819022119055
73343.8669358019,3598.67619659664,100,100,7.93360201788225,109.443271048206,4.46863096721984,34.7721387435096
73374.72226324,3599.79851944476,100,100,7.93058615510047,109.425488083925,4.46942465975465,48.7338888448496
73405.5679707955,3601.68312797763,100,100,7.92552190755171,109.395626866825,4.47075770144004,56.8845166874384
73436.3975380962,3603.30688764652,100,100,7.9211586030354,109.369898743904,4.4719065085435,46.4060646212379
73467.2132126562,3604.54384105501,100,100,7.91783470942163,109.350299483034,4.4727818198193,108.693376295243
73498.0183123543,3610.00465765056,100,100,7.90316061314333,109.2637740179,4.47664783063564,31.870075712347
73528.7768134976,3606.50587767495,100,100,7.91256240009595,109.319211434538,4.47417052492607,12.5896420121658
73559.5651543893,3610.77951035876,100,100,7.90107845875439,109.251496643295,4.47719662215488,129.651260877692
73590.3170549335,3614.48464757183,100,100,7.89112215657182,109.192789540587,4.47982158933186,170.978317952949
73621.0374323085,3621.28993703812,100,100,7.87283524451706,109.084961191815,4.48464633483432,300.238117473194
73651.7000785811,3632.9141710366,100,100,7.84159905009988,108.90077770278,4.49289783456244,378.655830499111
73682.2646135968,3644.47396621796,100,100,7.81053601319311,108.71761523295,4.50118253949237,377.765492035671
73712.7322019014,3655.97000113268,100,100,7.77964431042201,108.53546303084,4.50985675108188,376.877259455866
73743.1039862309,3667.40294224332,100,100,7.74892215089401,108.354310536494,4.51850319197119,231.388420918489
73773.5621799809,3670.045353705,100,100,7.74182156446758,108.312442094879,4.52050440169565,-356.900469567336
73804.1990892625,3645.59807128308,100,100,7.80751536130637,108.699804029824,4.50202984078335,-744.52165687537
73834.9617347402,3624.33205546419,100,100,7.86466058091262,109.036759479268,4.4868045402189,-586.03663514
73865.7647836532,3609.5183189023,100,100,7.90446748391823,109.271479950825,4.47630340922739,-317.310041661369
73896.5678325662,3604.78382199643,100,100,7.91718984186789,109.346497036602,4.47295165560756,-153.702216921498
73927.3708814792,3600.04932509056,100,100,7.92991219981756,109.421514122378,4.46960204276557,-50.873641659875
73958.2144400982,3601.6476345753,100,100,7.92561728405703,109.396189252155,4.47073259273124,20.4570374751581
73989.0443112171,3601.31098075393,100,100,7.92652192725476,109.40152345959,4.47049444338501,89.6094616916753
74019.8770643404,3607.17318914014,100,100,7.91076922639812,109.308638027813,4.47464292348576,277.947723121514
74050.6597095219,3618.43684042197,100,100,7.88050197598553,109.130167894414,4.48262303526087,141.786620733227
74081.477449364,3615.9072995685,100,100,7.8872992608557,109.170247925504,4.48082984020744,-249.165522973964
74112.3513586933,3603.06540839305,100,100,7.92180749679564,109.373724930768,4.47173564646478,-313.926503990439
74143.2658488431,3596.51028333286,100,100,7.93942217668214,109.477589478299,4.46709960038064,-182.377109765675
74174.1803389929,3591.78921766625,100,100,7.95210844272236,109.552393748977,4.46376321248775,-152.713664096827
74205.0948291427,3587.06815320394,100,100,7.96479470552643,109.627198000573,4.46042894850456,-92.9739870532779
74236.0500069222,3586.0369479612,100,100,7.96756572058432,109.643537225983,4.45970093944791,-82.077368865632
74267.0140862111,3581.98598350165,100,100,7.97845131643968,109.707723887075,4.45684202354191,-51.1305149301962
74298.0131836116,3582.86873883036,100,100,7.97607921027991,109.693736818643,4.45746488374568,199.251865396228
74329.0046433841,3594.33771765532,100,100,7.94526021159236,109.512013314459,4.46556397942368,145.287608590475
74360.0396711659,3591.88041887639,100,100,7.95186337033897,109.550948685406,4.46382764447439,-265.633428891194
74391.1155372282,3577.83898795201,100,100,7.98959496334602,109.773432140147,4.45391695088271,-301.572288764573
74422.1914032905,3573.13717876889,100,100,8.0022294841046,109.847931295983,4.45060251773296,-151.300966750196
74453.2672693528,3568.43537079636,100,100,8.01486400161013,109.922430432637,4.44729018328769,-146.810455482138
74484.384081303,3564.00664338222,100,100,8.02676470754454,109.992602666544,4.44417214574983,-82.0213008596112
74515.5395598137,3563.32771652525,100,100,8.02858909367632,110.003360116655,4.44369431279603,-63.0222687312406
74546.7009744304,3560.07929139705,100,100,8.03731813671411,110.05483071455,4.44140865496403,46.4087082370041
74577.8908225492,3566.22135808575,100,100,8.02081341139315,109.957510988127,4.44573117930673,262.645657070239
74609.0269527106,3576.448938915,100,100,7.99333024964317,109.795457168343,4.45293684897322,355.457370788453
74640.0740427952,3588.32484206156,100,100,7.96141777957297,109.607286035753,4.46131628102354,382.063617008633
74671.0183795755,3600.13360768653,100,100,7.92968571886801,109.420178682762,4.46966165322015,381.165216164871
74701.8612161171,3611.87596333701,100,100,7.89813211249171,109.234123581542,4.47797328603144,380.268941147982
74732.6037813427,3623.55262320672,100,100,7.86675504129019,109.049109415846,4.486251494017,338.867746930415
74763.2472806749,3632.67772072664,100,100,7.84223443027658,108.904524207115,4.49272986034152,273.210712219424
74793.8138051305,3640.27585740075,100,100,7.82181700970574,108.78413336476,4.49813026167635,216.210576520359
74824.3165298523,3645.88153829895,100,100,7.80675363964628,108.69531255589,4.50224353593181,150.639905299146
74854.77235548,3649.45864765257,100,100,7.79714136900241,108.638634027094,4.50494122661273,202.013027826675
74885.1983290586,3658.18045489615,100,100,7.77370446410483,108.500438866103,4.51152691603696,331.405879611057
74915.5517612522,3669.60130008475,100,100,7.7430148082732,108.319478029041,4.52016802699041,375.820422522169
74945.8107249132,3680.95983111631,100,100,7.71249260064716,108.139504546403,4.5287816493132,374.936789796121
74975.9763169012,3692.25668900464,100,100,7.68213611871904,107.960508261462,4.53736801471648,374.055246425235
75006.0496140044,3703.4925036197,100,100,7.65194366992652,107.782479194065,4.54592735070379,373.175787269798
75036.0316734473,3714.6678939635,100,100,7.62191359091122,107.605407536258,4.55445988067848,372.298407208342
75065.9235333818,3725.78346843723,100,100,7.59204424680085,107.429283648054,4.56296582404774,371.423101134311
75095.7262133632,3736.83982509985,100,100,7.56233403051439,107.254098053338,4.57144539632314,370.549863958864
75125.4407148101,3747.8375519187,100,100,7.53278136208863,107.079841435894,4.57989880921821,369.678690611375
75155.0680214506,3758.77722701211,100,100,7.50338468802622,106.906504635562,4.58832627074266,357.95789251813
75184.6090997544,3769.01734229706,100,100,7.47586784416908,106.744252210021,4.59623174877652,277.296907896297
75214.0699173377,3775.13827030162,100,100,7.45941992190694,106.647267421504,4.60096500827787,113.06207321779
75243.482967785,3775.67374387495,100,100,7.45798101792032,106.638782957837,4.60137936469989,64.0052035225191
75272.8918468148,3778.90317986939,100,100,7.44930300175225,106.587613238684,4.60387929849722,3.59147625655525
75302.2755931307,3775.88489619294,100,100,7.45741361753443,106.635437294746,4.60154276948088,-38.3434352623059
75331.6768765671,3776.64915988669,100,100,7.45535991753776,106.6233277008,4.60213426993893,-70.5591584346188
75361.0781600035,3771.7358365606,100,100,7.4685628109644,106.701178252765,4.59833321148238,-61.8666472778115
75390.5177435802,3773.00887272167,100,100,7.46514195716599,106.681007268437,4.59931769777474,-28.8164799660558
75419.9473940622,3770.03943245673,100,100,7.47312132281176,106.728057411143,4.59702171371376,-89.1968709086162
75449.4002245641,3767.75673966657,100,100,7.47925528706243,106.76422618773,4.59525766484866,23.009609317482
75478.8708990428,3771.39523928595,100,100,7.46947805085808,106.706574943369,4.59806985799277,116.608397102202
75508.3131413284,3774.62648045907,100,100,7.46079518388331,106.655376621548,4.60056902067961,197.737071401172
75537.7301797995,3783.03390108756,100,100,7.43820308660337,106.522162848895,4.60707931270422,236.091174463061
75567.081841797,3788.50125197437,100,100,7.42351143162897,106.43553384932,4.61131892285359,260.266840093011
75596.3911451347,3798.30140517216,100,100,7.39717683696714,106.280252528479,4.61893015738744,-118.346375865912
75625.8957196782,3781.54084267651,100,100,7.44221517572768,106.54582003848,4.60592235092694,-589.564342566591
75655.5428393326,3763.42767547068,100,100,7.4908881818308,106.832819279366,4.59191443440547,-609.281004007001
75685.3230620769,3745.33289183436,100,100,7.53951178831315,107.119527236545,4.57797194727732,-584.102822626743
75715.1806222616,3728.59307812665,100,100,7.58449437172894,107.384765986461,4.56511883560925,-441.771642310271
75745.0771553939,3718.93522789495,100,100,7.61044657533469,107.537792547393,4.55772310771718,-242.600582248192
75774.9736885263,3714.08724543643,100,100,7.62347388729565,107.614607787357,4.554016076075,-162.158683652387
75804.8702216587,3709.23926297791,100,100,7.6365011992566,107.691423027321,4.55031266414593,-94.5007903981434
75834.8058296142,3708.43306081241,100,100,7.63866759470119,107.704197127337,4.54969715062313,-34.6332700310756
75864.7479454806,3707.16550159994,100,100,7.64207373105402,107.724281330592,4.54872960555071,10.8797103793848
75894.7002991972,3709.0846952948,100,100,7.63691654758845,107.693872119035,4.55019464816128,218.146424736981
75924.6371546512,3720.23011846083,100,100,7.60696699522041,107.517275284718,4.55871386483367,371.860731645782
75954.4843223945,3731.31602590168,100,100,7.57717737121951,107.341621464273,4.56720660307898,370.986460097086
75984.2428128625,3742.3430106024,100,100,7.54754608213913,107.16690126198,4.57567307649882,370.11425491084
76013.9136185783,3753.31165557862,100,100,7.51807156132211,106.993105440081,4.58411349494419,369.244111023152
76043.4977145925,3764.22253411546,100,100,7.48875226825871,106.820224914997,4.59252806460838,368.376023386618
76072.9960589075,3775.07620999907,100,100,7.45958668796449,106.648250753658,4.60091698811694,367.509986970617
76102.4095928901,3785.87323774102,100,100,7.43057333037729,106.477174169946,4.60928046461482,366.645996758807
76131.7392416704,3796.61416279596,100,100,7.40171072977236,106.306986521251,4.61761868985088,365.784047753695
76160.985914529,3807.29952177262,100,100,7.37299744419535,106.137679305122,4.6259318562598,364.924134971332
76190.1505052723,3817.92984263846,100,100,7.34443205491243,105.969244156028,4.63422015304139,364.066253443169
76219.2338925964,3828.50564491826,100,100,7.31601316587659,105.801672842211,4.64248376623769,363.210398218026
76248.2369404402,3839.02743988686,100,100,7.28773940320975,105.634957262631,4.6507228788076,362.356564359144
76277.1604983278,3849.49573075608,100,100,7.25960941470047,105.469089444005,4.65893767069935,361.504746944288
76306.0054017012,3859.91101285638,100,100,7.23162186931578,105.304061537928,4.66712831892082,360.654941067843
76334.7724722424,3870.27377381305,100,100,7.20377545672777,105.139865818082,4.67529499760774,359.807141837759
76363.4625181872,3880.58449371745,100,100,7.1760688868534,104.976494677523,4.68343787808997,358.961344376785
76392.0763346289,3890.84364529329,100,100,7.14850088940771,104.813940626045,4.69155712895582,358.117543823453
76420.6147038137,3901.05169405815,100,100,7.12107021346976,104.652196287623,4.69965291611445,357.27573533027
76449.0783954276,3911.20909848049,100,100,7.09377562706075,104.491254397921,4.70772540285657,356.43591406434
76477.4681668752,3921.3163101322,100,100,7.06661591673406,104.331107801881,4.71577474991341,355.598075206417
76505.7847635504,3931.3737738369,100,100,7.03958988717677,104.171749451368,4.72380111551389,354.76221395315
76534.0289190994,3941.38192781411,100,100,7.01269636082226,104.013172402887,4.73180465544033,346.904031902671
76562.2013556771,3950.94491711186,100,100,6.98699906386893,103.861648893063,4.73946764519549,319.709479377013
76590.3056028178,3959.37411706679,100,100,6.96434844202083,103.728090031664,4.74623466467784,-117.558405140088
76618.5605938661,3944.31941495545,100,100,7.00480285838099,103.966628550556,4.73415690636048,-521.22171002761
76646.9187180843,3929.8661323176,100,100,7.04364116346856,104.195637707168,4.72259688169718,-506.358583448097
76675.3295879463,3915.57394752923,100,100,7.08204657261244,104.422094302984,4.71119950007318,-378.945998676029
76703.8175030049,3908.30456544241,100,100,7.10158057650347,104.53727609957,4.70541533626902,-312.901292968824
76732.3422672704,3897.7346064531,100,100,7.1299837636739,104.704754827705,4.69702034328293,-273.537366228462
76760.867031536,3892.69938766344,100,100,7.14351420990093,104.784536787089,4.69302761766946,-176.520960621597
76789.3917958015,3887.66416887378,100,100,7.15704465612796,104.864318746472,4.68903901539668,-15.7602948421078
76817.9535047266,3891.79968801446,100,100,7.14593184818628,104.798792334633,4.69231462648913,161.933865716626
76846.4848632987,3896.90946999922,100,100,7.13220103860982,104.71782893745,4.69636576056731,268.086462165219
76874.9788104239,3907.08740047274,100,100,7.10485129538571,104.55656181688,4.70444769662866,352.568030573935
76903.3985310516,3916.9754097516,100,100,7.07828061724264,104.399888435319,4.7123156220068,351.728457638789
76931.7465089616,3927.05421552311,100,100,7.05119723810446,104.240191924345,4.72035185249644,355.121468491711
76960.0217316338,3937.08352389305,100,100,7.02424686647961,104.081279689059,4.72836519060777,354.286732147958
76988.2249261345,3947.06376938019,100,100,6.99742833474597,103.923144844605,4.73635579075306,353.45396589491
77016.3568081809,3956.99538011762,100,100,6.97074049244078,103.765780607306,4.7443238049822,352.623164965195
77044.4180823859,3966.87877798694,100,100,6.94418220590003,103.609180292538,4.75226938303443,351.794324602496
77072.4094424965,3976.71437874886,100,100,6.91775235790753,103.453337312663,4.76019267238866,350.967440066293
77100.3315716248,3986.50259217029,100,100,6.89144984735341,103.298245175012,4.76809381831245,350.142506631765
77128.1851424735,3996.24382214795,100,100,6.86527358890194,103.143897479928,4.77597296390957,349.319519583901
77155.9708175553,4005.93846682874,100,100,6.84420495728785,102.990663740658,4.78383204825085,348.498474223482
77183.6892494057,4015.58691872696,100,100,6.82637317494078,102.838396706205,4.79166771574752,347.679365864882
77211.341080791,4025.1895648383,100,100,6.8086260485396,102.686852555734,4.79947831697977,346.862189834074
77238.9269449102,4034.74678675104,100,100,6.7909628728521,102.53602526721,4.8072640178279,346.046941471674
77266.4474655918,4044.25896075418,100,100,6.77338295243992,102.385908902229,4.81502498187253,345.233616131431
77293.9032574852,4053.72645794288,100,100,6.75588560146369,102.236497604352,4.82276137044166,344.422209179467
77321.2949262477,4063.14964432117,100,100,6.73847014349323,102.087785597487,4.83047334265645,343.612715994671
77348.6230687258,4072.52888090198,100,100,6.72113591132262,101.93976718431,4.83816105547586,342.805131970719
77375.8882731324,4081.8645238047,100,100,6.70388224678997,101.792436744722,4.84582466374008,341.999452511987
77403.0911192196,4091.15692435025,100,100,6.68670850060167,101.645788734353,4.85346432021291,341.19567303634
77430.2321784463,4100.4064291537,100,100,6.66961403216122,101.499817683096,4.86108017562301,340.393788974369
77457.3120141427,4109.61338021471,100,100,6.6525982094021,101.354518193686,4.86867237870418,339.593795770125
77484.3311816693,4118.77811500558,100,100,6.635660408625,101.209884940302,4.8762410762345,338.795688878986
77511.2902285733,4127.90096655718,100,100,6.61880001433908,101.065912667219,4.88378641307459,337.999463768183
77538.1896947401,4136.98226354286,100,100,6.60201641910681,100.922596187479,4.89130853220493,337.205115919705
77565.0301125413,4146.02233036012,100,100,6.58530902339309,100.779930381603,4.89880757476215,336.41264082602
77591.8120069794,4155.02148721048,99.8852231494747,99.8852231494747,6.56867723541761,100.63791019633,4.9002172258391,335.315875418996
77618.5358958285,4163.96366892305,99.6808304246161,99.6808304246161,6.55215074601925,100.49678916414,4.89684152098285,333.675821599618
77645.2023946787,4172.83656869157,99.4780212870498,99.4780212870498,6.53575230001686,100.356761504884,4.89348708934948,331.804290251953
77671.8121912911,4181.64097232627,99.2767777753996,99.2767777753996,6.51948044511559,100.217814817299,4.89015373663725,329.945575045913
77698.3659612404,4190.37765223226,99.0770822346913,99.0770822346913,6.50333375379526,100.079936911674,4.88684127149718,328.099550534917
77724.8643682111,4199.04736772862,98.87891730906,98.87891730906,6.48731082272062,99.9431158048156,4.88354950546482,326.266093190807
77751.3080642844,4207.65086535773,98.6822659346804,98.6822659346804,6.47141027216969,99.8073397151665,4.88027825289405,324.445081358811
77777.6976902165,4216.18887918512,98.4871113329116,98.4871113329116,6.45563074547957,99.672597058072,4.87702733089286,322.63639521657
77804.033875708,4224.66213109031,98.2934370036501,98.2934370036501,6.43997090850893,99.5388764411911,4.87379655926105,320.839916733788
77830.3172396657,4233.07133104897,98.1012267188807,98.1012267188807,6.42442944911652,99.4061666600434,4.87058576042991,319.055529633559
77856.5483904558,4241.41717740662,97.9104645164202,97.9104645164202,6.40900507665536,99.2744566936897,4.86739475940353,317.283119355377
77882.7279261499,4249.70035714423,97.7211346938462,97.7211346938462,6.39369652148186,99.1437357005406,4.86422338370192,315.522573012705
77908.8564347642,4257.92154613607,97.5332218026041,97.5332218026041,6.37850253447928,99.0139930142869,4.86107146330586,313.773779362337
77934.9344944904,4266.08140939997,97.3467106422864,97.3467106422864,6.36342188659518,98.8852181399504,4.85793883060319,312.03662876785
77960.9626739211,4274.18060134036,97.1615862550775,97.1615862550775,6.34845336839229,98.757400750048,4.8548253203368,310.311013164597
77986.9415322676,4282.2197659843,96.9778339203588,96.9778339203588,6.33359578961227,98.6305306808676,4.85173076955406,308.596826027499
78012.8716195723,4290.19953721075,96.7954391494685,96.7954391494685,6.31884797875199,98.5045979288487,4.84865501755767,306.893962338984
78038.753476914,4298.12053897332,96.6143876806097,96.6143876806097,6.30420878265184,98.3795926470681,4.84559790585794,305.202318557732
78064.5876366084,4305.98338551674,96.4346654739032,96.4346654739032,6.28967706609568,98.2555051418233,4.84255927812639,303.521792586111
78090.374622402,4313.78868158719,96.2562587065785,96.2562587065785,6.27525171142211,98.1323258693129,4.83953898015063,301.852283745357
78116.1149496609,4321.5370226369,96.0791537682995,96.0791537682995,6.26093161814634,98.010045432408,4.83653685979054,300.193692743201
78141.8091255543,4329.22899502289,95.9033372566197,95.9033372566197,6.24671570259289,97.8886545775161,4.83355276693566,298.545921644743
78167.4576492331,4336.86517620041,95.728795972562,95.728795972562,6.23260289753807,97.7681441915276,4.83058655346364,296.908873849357
78193.0610120028,4344.44613491097,95.5555169163206,95.5555169163206,6.21859215186251,97.6485052988488,4.8276380732,295.282454061708
78218.6196974926,4351.9724313653,95.3834872830788,95.3834872830788,6.20468243021298,97.5297290585148,4.82470718187884,293.666568264646
78244.1341818192,4359.44461742135,95.2126944589405,95.2126944589405,6.19087271267343,97.4118067613797,4.82179373710462,292.061123697591
78269.6049337462,4366.86323675751,95.0431260169712,95.0431260169712,6.17716199444489,97.2947298273836,4.81889759831505,290.466028829605
78295.0324148395,4374.2288250412,94.874769713344,94.874769713344,6.16354928553382,97.1784898028916,4.81601862674488,288.881193335904
78320.4170796183,4381.541910093,94.7076134835886,94.7076134835886,6.15003361044885,97.0630783581037,4.81315668539068,287.306528073284
78345.7593757023,4388.8030120464,94.5416454389395,94.5416454389395,6.13661400790548,96.9484872845338,4.81031163897654,285.741945061847
78371.0597439541,4396.01264350343,94.3768538627788,94.3768538627788,6.12328953053849,96.8347084925534,4.80748335392065,284.187357458817
78396.3186186195,4403.17130968616,94.2132272071735,94.2132272071735,6.11005924462191,96.7217340090009,4.80467169830279,282.642679537041
78421.5364274623,4410.27950858433,94.050754089501,94.050754089501,6.09692222979622,96.6095559748516,4.8018765418326,281.10782666798
78446.7135918968,4417.33773109913,93.8894232891628,93.8894232891628,6.08387757880259,96.4981666429489,4.79909775581871,279.582715296432
78471.8505271164,4424.34646118332,93.7292237443813,93.7292237443813,6.07092439722393,96.3875583757929,4.7963352131386,278.067262923716
78496.9476422189,4431.30617597777,93.5701445490795,93.5701445490795,6.05806180323253,96.2777236433852,4.79358878820932,276.56138808746
78522.0053403287,4438.21734594458,93.4121749498382,93.4121749498382,6.04528892734407,96.1686550211288,4.79085835695882,275.065010341959
78547.0240187157,4445.08043499675,93.2553043429314,93.2553043429314,6.03260491217792,96.060345187781,4.78814379679811,273.578050240898
78572.0040689113,4451.89590062473,93.0995222714347,93.0995222714347,6.02000891222331,95.9527869234567,4.78544498659404,272.100429318412
78596.9458768215,4458.66419401971,92.9448184224066,92.9448184224066,6.00750009361142,95.8459731076827,4.78276180664278,270.63207007138
78621.8498228371,4465.38576019394,92.7911826241386,92.7911826241386,5.99507763389304,95.7398967174985,4.78009413864396,269.17289594232
78646.7162819412,4472.061038098,92.6386048434743,92.6386048434743,5.98274072182186,95.6345508256059,4.77744186567538,267.72283130412
78671.5456238137,4478.69046073532,92.4870751831927,92.4870751831927,5.97048855714275,95.5299285985618,4.77480487216848,266.28180144202
78696.3382129339,4485.27445527377,92.3365838794567,92.3365838794567,5.9583203503856,95.4260232950167,4.77218304388421,264.849732536513
78721.09440868,4491.81344315467,92.1871212993219,92.1871212993219,5.94623532266381,95.322828263995,4.76957626788962,263.426551650506
78745.8145654263,4498.30784019909,92.0386779383065,92.0386779383065,5.93423270547785,95.2203369432168,4.76698443253497,262.012186713811
78770.499032638,4504.75805671168,91.8858066389197,91.8858066389197,5.92398408444069,95.1088336835497,4.76459534222362,260.592056301687
78795.1481549642,4511.16378174151,91.7320692382037,91.7320692382037,5.91439680659604,94.9946703745884,4.76228519469632,259.161122083632
78819.7622762335,4517.52517419937,91.5793958192152,91.5793958192152,5.90487588012974,94.8812971640293,4.75998700322192,257.734077848356
78844.3417369134,4523.84264422125,91.42777653869,91.42777653869,5.89542069120218,94.7687067423982,4.75770069279079,256.316045766447
78868.8868727907,4530.11659653878,91.2772016830692,91.2772016830692,5.88603063406233,94.6568918965378,4.75542618914162,254.906952361861
78893.398015059,4536.34743057756,91.1276616661386,91.1276616661386,5.87670511090055,94.5458455078553,4.75316341874859,253.506725018116
78917.8754904043,4542.53554055317,90.979147026724,90.979147026724,5.86744353170489,94.4355605506112,4.75091230880877,252.115291964443
78942.3196210882,4548.68131556498,90.8316484264404,90.8316484264404,5.85824531412069,94.3260300902477,4.74867278722993,250.732582263118
78966.7307250294,4554.78513968779,90.6851566474931,90.6851566474931,5.84910988331344,94.2172472817548,4.74644478261855,249.358525794256
78991.109115883,4560.84739206126,90.5396625905297,90.5396625905297,5.84003667183493,94.1092053680775,4.74422822426811,247.993053242637
79015.4551031184,4566.86844697743,90.3951572725418,90.3951572725418,5.83102511949224,94.001897678555,4.74202304214781,246.636096084476
79039.7689920948,4572.84867396609,90.2516318248139,90.2516318248139,5.82207467321998,93.8953176273998,4.73982916689126,245.28758657408
79064.0510841356,4578.78843787834,90.1090774909198,90.1090774909198,5.81318478695524,93.7894587122086,4.73764652978578,243.947457732629
79088.3016766004,4584.68809896817,89.9674856247639,89.9674856247639,5.80435492151549,93.6843145125077,4.73547506276169,242.615643332832
79112.5210629562,4590.54801297223,89.8268476886664,89.8268476886664,5.79558454447915,93.5798786883322,4.73331469838192,241.292077889053
79136.7095328461,4596.36853118785,89.6871552514916,89.6871552514916,5.7868731300689,93.4761449788348,4.73116536983191,239.976696646199
79160.8673721569,4602.15000054925,89.5483999868179,89.5483999868179,5.77822015903752,93.373107200928,4.7290270109097,238.669435565893
79184.9948630853,4607.89276370215,89.4105736711485,89.4105736711485,5.76962511855632,93.2707592479542,4.72689955601624,237.370231314414
79209.0922842025,4613.59715907663,89.273668182161,89.273668182161,5.761087502106,93.1690950883873,4.7247829401459,236.07902125488
79233.1599105169,4619.2635209585,89.1376754969961,89.1376754969961,5.75260680936992,93.0681087645608,4.72267709887726,234.795743435765
79257.1980135361,4624.89217955903,89.0025876905833,89.0025876905833,5.74418254612967,92.9677943914246,4.72058196836404,233.520336576535
79281.2068613273,4630.48346108322,88.8683969340027,88.8683969340027,5.73581422416292,92.8681461553291,4.71849748532628,232.252740061013
79305.1867185761,4636.03768779655,88.7350954928827,88.7350954928827,5.72750136114353,92.7691583128347,4.71642358704166,230.992893925537
79329.1378466444,4641.55517809032,88.6026757258322,88.6026757258322,5.71924348054372,92.6708251895481,4.71436021133707,229.740738849842
79353.0605036266,4647.03624654559,88.4711300829059,88.4711300829059,5.71104011153841,92.5731411789821,4.71230729658033,228.496216144919
79376.9549444054,4652.48120399574,88.3404511041023,88.3404511041023,5.70289078891158,92.476100741441,4.71026478167205,227.259267746894
79400.821420705,4657.89035758775,88.210631417894,88.210631417894,5.69479505296452,92.3796984029285,4.70823260603781,226.029836205602
79424.6601811449,4663.26401084212,88.0816637397891,88.0816637397891,5.68675244942619,92.2839287540796,4.70621070962034,224.807864674528
79448.4714712909,4668.6024637116,87.9535408709215,87.9535408709215,5.67876252936532,92.188786449114,4.70419903287197,223.593296904168
79472.2555337063,4673.90601263864,87.8262556966727,87.8262556966727,5.67082484910439,92.0942662048123,4.70219751674719,222.386077230068
79496.0126080012,4679.17495061166,87.6998011853201,87.6998011853201,5.66293897013544,92.0003627995131,4.70020610269539,221.186150566998
79519.7429308812,4684.4095672202,87.5741703867153,87.5741703867153,5.65510445903755,91.9070710721299,4.69822473265382,219.993462399735
79543.4467361946,4689.61014870884,87.4493564309879,87.4493564309879,5.64732088739606,91.8143859211905,4.69625334904052,218.807958773582
79567.1242549794,4694.77697803012,87.325352527277,87.325352527277,5.63958783172347,91.7223023038937,4.69429189474758,217.629586286497
79590.7757155087,4699.91033489633,87.2021519624881,87.2021519624881,5.63190487338184,91.6308152351861,4.69234031313449,216.458292081932
79614.4013433351,4705.0104958302,87.0797481000752,87.0797481000752,5.62427159850699,91.5399197868592,4.69039854802153,215.294023840409
79638.0013613347,4710.07773421467,86.958134378848,86.958134378848,5.61668759793394,91.4496110866616,4.68846654368345,214.136729772478
79661.5759897496,4715.11232034157,86.8373043118024,86.8373043118024,5.60915246712414,91.3598843174324,4.68654424484315,212.986358608809
79685.1254462304,4720.11452145938,86.7172514849749,86.7172514849749,5.6016658060939,91.2707347162491,4.68463159666557,211.842859596377
79708.6499458765,4725.08460182001,86.5979695563198,86.5979695563198,5.59422721934443,91.1821575735946,4.68272854475169,210.706182489075
79732.149701277,4730.02282272464,86.4794522546087,86.4794522546087,5.58683631579324,91.0941482325397,4.6808350351326,209.576277538341
79755.62492255,4734.92944256869,86.3616933783513,86.3616933783513,5.57949270870678,91.0067020879419,4.67895101426373,208.453095491438
79779.075817381,4739.80471688591,86.2446867947381,86.2446867947381,5.5721960156345,90.9198145856598,4.67707642901926,207.33658758175
79802.5025910609,4744.64889839153,86.1284264386032,86.1284264386032,5.56494585834426,90.8334812217837,4.67521122668647,206.226705519509
79825.9054465235,4749.46223702467,86.012906311408,86.012906311408,5.55774186275884,90.74769754188,4.6733553549604,205.123401489309
79849.2845843813,4754.24497998986,85.8981204802435,85.8981204802435,5.55058365889382,90.662459140251,4.67150876193844,204.026628142573
79872.6402029615,4758.99737179778,85.7840630768534,85.7840630768534,5.54347088079657,90.5777616592092,4.66967139611516,202.936338588971
79895.9724983411,4763.71965430522,85.6707282966746,85.6707282966746,5.53640316648649,90.493600788365,4.6678432063772,201.852486392614
79919.281664381,4768.41206675429,85.558110397897,85.558110397897,5.52938015789629,90.4099722639275,4.66602414199822,200.775025565096
79942.5678927596,4773.07484581081,85.4462037005405,85.4462037005405,5.52240150081456,90.3268718680209,4.66421415263395,199.70391055936
79965.8313730059,4777.70822560208,85.33500258555,85.33500258555,5.5154668448292,90.244295428011,4.66241318831742,198.639096263158
79989.0722925319,4782.31243775384,85.2245014939077,85.2245014939077,5.50857584327214,90.1622388158466,4.66062119945418,197.580537994897
80012.290836664,4786.8877114266,85.1146949257615,85.1146949257615,5.50172815316497,90.0806979474119,4.65883813681767,196.528191495816
80035.4871886747,4791.43427335125,85.0055774395699,85.0055774395699,5.49492343516559,89.9996687818923,4.65706395154465,195.482012926142
80058.6615298124,4795.95234786403,84.8971436512633,84.8971436512633,5.48816135351595,89.9191473211504,4.65529859513075,194.44195885887
80081.814039332,4800.44215694082,84.7893882334203,84.7893882334203,5.48144157599066,89.8391296091157,4.65354201942604,193.407986273207
80104.944894524,4804.90392023085,84.6823059144596,84.6823059144596,5.47476377384658,89.7596117311831,4.65179417663076,192.380052551942
80128.0542707432,4809.33785508972,84.5758914778468,84.5758914778468,5.46812762177338,89.6805898136249,4.65005501929109,191.358115474003
80151.1423414372,4813.74417661187,84.4701397613151,84.4701397613151,5.46153279784495,89.6020600230121,4.64832450029498,190.342133209334
80174.2092781742,4818.12309766243,84.3650456561016,84.3650456561016,5.45497898347171,89.5240185656463,4.6466025728681,189.332064315916
80197.2552506699,4822.47482890851,84.2606041061957,84.2606041061957,5.44846586335383,89.4464616870028,4.64488919056982,188.327867732485
80220.2804268147,4826.79957884988,84.1568101076028,84.1568101076028,5.44199312543525,89.3693856711829,4.64318430728931,187.329502773224
80243.2849726998,4831.09755384916,84.0536587076202,84.0536587076202,5.43556046085855,89.2927868403767,4.64148787724168,186.336929126329
80266.2690526427,4835.36895816141,83.9511450041262,83.9511450041262,5.42916756392063,89.2166615543354,4.63979985496417,185.350106846429
80289.2328292129,4839.61399396323,83.8492641448824,83.8492641448824,5.42281413202916,89.1410062098524,4.63812019531244,184.368996350798
80312.1764632565,4843.83286138134,83.7480113268479,83.7480113268479,5.41649986565981,89.0658172402545,4.636448853457,183.393558414813
80335.1001139206,4848.0257585206,83.6473817955057,83.6473817955057,5.41022446831432,88.9910911149021,4.63478578487949,182.423754166866
80358.0039386774,4852.19288149161,83.5473708442014,83.5473708442014,5.40398764647918,88.9168243386974,4.63313094536926,181.459545084973
80380.8880933476,4856.33442443778,83.4479738134933,83.4479738134933,5.39778910958514,88.8430134516022,4.63148429101988,180.500892992066
80403.7527321235,4860.45057956194,83.3491860905136,83.3491860905136,5.39162856996734,88.7696550281632,4.62984577822574,179.547760051329
80426.5980075917,4864.54153715245,83.2510031083411,83.2510031083411,5.38550574282627,88.6967456770471,4.62821536367869,178.600108762833
80449.4240707555,4868.60748560896,83.153420345385,83.153420345385,5.37942034618919,88.6242820405813,4.62659300436483,177.65790195843
80472.2310710565,4872.64861146754,83.056433324779,83.056433324779,5.37337210087254,88.5522607943062,4.62497865756117,176.721102798496
80495.0191563964,4876.66509942561,82.9600376137854,82.9600376137854,5.36736073044462,88.4806786465304,4.62337228083257,175.789674766983
80517.7884731581,4880.65713236621,82.8642288232109,82.8642288232109,5.36138596118926,88.4095323378988,4.62177383202858,174.863581668432
80540.5391662263,4884.62489138205,82.7690026068308,82.7690026068308,5.35544752206983,88.3388186409636,4.62018326928036,173.942787624397
80563.271379008,4888.568555799,82.674354660824,82.674354660824,5.34954514469408,88.2685343597659,4.61860055099769,173.027257068123
80585.9852534525,4892.48830319928,82.5802807232172,82.5802807232172,5.34367856327943,88.198676329422,4.61702563586604,172.116954743048
80608.6809300711,4896.38430944423,82.4867765733385,82.4867765733385,5.33784751461891,88.1292414157181,4.61545848284359,171.211845696768
80631.3585479565,4900.25674869665,82.3938380312804,82.3938380312804,5.33205173804771,88.0602265147117,4.61389905115843,170.311895278045
80654.0182448019,4904.10579344285,82.3014609573716,82.3014609573716,5.32629097541015,87.991628552339,4.61234730030571,169.417069135476
80676.6601569193,4907.93161451425,82.209641251658,82.209641251658,5.32056497102741,87.9234444840296,4.61080319004491,168.527333210906
80699.2844192585,4911.73438110868,82.1183748533916,82.1183748533916,5.31487347166561,87.8556712943273,4.60926668039706,167.64265373712
80721.8911654247,4915.5142608113,82.0276577405287,82.0276577405287,5.30921622650451,87.7883059965168,4.60773773164213,166.762997235287
80744.4805276965,4919.27141961517,81.937485929236,81.937485929236,5.30359298710671,87.7213456322574,4.60621630431636,165.888330509843
80767.0526370433,4923.00602194148,81.8478554734046,81.8478554734046,5.29800350738742,87.6547872712225,4.60470235920965,165.01862064853
80789.6076231421,4926.71823065948,81.7587624641725,81.7587624641725,5.29244754358456,87.5886280107441,4.60319585736302,164.153835014777
80812.1456143954,4930.40820710606,81.6702030294546,81.6702030294546,5.28692485422952,87.522864975464,4.60169676006618,163.293941246953
80834.6667379465,4934.07611110499,81.5821733334803,81.5821733334803,5.28143520011831,87.4574953169913,4.60020502885494,162.438907256711
80857.1711196968,4937.7221009859,81.4946695763385,81.4946695763385,5.27597834428321,87.3925162135634,4.59872062550884,161.588701220715
80879.6588843217,4941.34633360289,81.4076879935306,81.4076879935306,5.27055405196487,87.3279248697148,4.59724351204876,160.743291584574
80902.1301552857,4944.94896435293,81.3212248555297,81.3212248555297,5.26516209058478,87.2637185159493,4.59577365073459,159.902647055064
80924.585054859,4948.53014719385,81.2352764673476,81.2352764673476,5.25980222971837,87.1998944084188,4.59431100406284,159.066736596409
80947.023704132,4952.09003466214,81.1498391681087,81.1498391681087,5.25447424106833,87.1364498286066,4.59285553476443,158.235529431747
80969.4462230306,4955.62877789041,81.0649093306301,81.0649093306301,5.24917789843853,87.0733820830162,4.59140720580239,157.408995037682
80991.8527303309,4959.14652662463,80.9804833610089,80.9804833610089,5.24391297770815,87.0106885028636,4.58996598036973,156.587103140254
81014.2433436741,4962.643429241,80.896557698216,80.896557698216,5.23867925680651,86.9483664437772,4.58853182188716,155.769823714027
81036.6181795802,4966.11963276267,80.8131288136958,80.8131288136958,5.23347651568796,86.8864132854995,4.587104694001,154.957126980173
81058.9773534626,4969.57528287613,80.730193210973,80.730193210973,5.22830453630743,86.8248264315949,4.58568456058111,154.148983400537
81081.3209796417,4973.01052394731,80.6477474252645,80.6477474252645,5.22316310259627,86.7636033091631,4.5842713857187,153.345363677822
81103.6491713588,4976.42549903757,80.5657880230983,80.5657880230983,5.21805200043837,86.7027413685539,4.5828651337244,152.546238752141
81125.9620407891,4979.82034991925,80.484311601938,80.484311601938,5.21297101764685,86.6422380830901,4.58146576912616,151.751579798042
81148.2596990553,4983.19521709114,80.4033147898126,80.4033147898126,5.2079199439409,86.5820909487917,4.58007325666729,150.961358222409
81170.5422562405,4986.55023979364,80.3227942449526,80.3227942449526,5.20289857092314,86.5222974841059,4.57868756130452,150.175545661652
81192.8098214008,4989.88555602367,80.2427466554319,80.2427466554319,5.19790669205726,86.4628552296415,4.57730864820605,149.394113979826
81215.0625025781,4993.20130254941,80.1631687388142,80.1631687388142,5.19294410264596,86.4037617479056,4.57593648274964,148.617035264919
81237.3004068126,4996.49761492477,80.0840572418057,80.0840572418057,5.18801059980933,86.3450146230464,4.57457103052075,147.84428182715
81259.5236401547,4999.77462750364,80.0054089399126,80.0054089399126,5.18310598246348,86.2866114605988,4.57321225731067,147.075826198448
81281.7323076772,5003.032473454,79.9272206371041,79.9272206371041,5.18396536323834,86.1753596273682,4.57288487947947,146.311641126746
81303.9265134872,5006.27128477166,79.8494891654801,79.8494891654801,5.1852434790946,86.0608278186901,4.57263188296359,145.55169957574
81326.1063607375,5009.49119229399,79.7722113849443,79.7722113849443,5.18651413504098,85.9469644916423,4.57237702174684,144.795974722854
81348.2719516383,5012.69232571326,79.6953841828819,79.6953841828819,5.18777738225729,85.8337650600083,4.57212027798964,144.04443995482
81370.4233874685,5015.87481358992,79.619004473842,79.619004473842,5.18903327147669,85.7212249775952,4.57186163363291,143.297068868253
81392.5607685867,5019.03878336561,79.5430691992254,79.5430691992254,5.19028185299084,85.6093397377738,4.57160107039467,142.553835266231
81414.6841944422,5022.184361376,79.467575326976,79.467575326976,5.19152317665495,85.4981048730246,4.57133856976653,141.814713155621
81436.7937635858,5025.31167286342,79.3925198512779,79.3925198512779,5.19275729189277,85.3875159544911,4.57107411301013,141.079676745583
81458.8895736804,5028.42084198934,79.3178997922558,79.3178997922558,5.19398424770152,85.2775685915385,4.57080768115357,140.348700445991
81480.9717215115,5031.51199184665,79.2437121956805,79.2437121956805,5.19520409265672,85.1682584313195,4.57053925498771,139.621758863725
81503.0403029975,5034.58524447171,79.169954132679,79.169954132679,5.19641687491699,85.0595811583479,4.57026881506239,138.898826802292
81525.0954131998,5037.64072085634,79.0966226994478,79.0966226994478,5.1976226422287,84.9515324940751,4.56999634168268,138.17987925972
81547.1371463329,5040.67854095953,79.0237150169714,79.0237150169714,5.19882144193067,84.8441081964755,4.56972181490496,137.464891424453
81569.1655957743,5043.698823719,78.9512282307439,78.9512282307439,5.20001332095871,84.7373040596383,4.56944521453285,136.753838676998
81591.1808540739,5046.70168706268,78.8791595104957,78.8791595104957,5.20119832585011,84.6311159133608,4.5691665201134,136.046696584921
81613.183012964,5049.68724791986,78.8075060499233,78.8075060499233,5.20237650274809,84.5255396227548,4.5688857109327,135.343440901745
81635.1721633684,5052.65562223237,78.7362650664231,78.7362650664231,5.2035478974062,84.4205710878507,4.5686027660119,134.644047566705
81657.1483954118,5055.60692496545,78.6654338008293,78.6654338008293,5.2047125551926,84.3162062432137,4.56831766410277,133.948492699839
81679.111798429,5058.54127011852,78.5950095171555,78.5950095171555,5.2058705210943,84.2124410575623,4.56803038368344,133.256752603196
81701.0624609739,5061.45877073586,78.5249895023394,78.5249895023394,5.2070218397214,84.1092715333911,4.56774090295391,132.568803757754
81723.0004708283,5064.35953891701,78.4553710659919,78.4553710659919,5.20816655531118,84.0066937066027,4.56744919983153,131.884622820896
81744.9259150106,5067.24368582711,78.3861515401492,78.3861515401492,5.20930471173217,83.9047036461426,4.56715525194632,131.204186626082
81766.8388797848,5070.11132170713,78.3173282790288,78.3173282790288,5.21043635248823,83.8032974536367,4.56685903663636,130.527472180579
81788.7394506685,5072.96255588383,78.2488986587882,78.2488986587882,5.21156152072242,83.7024712630397,4.5665605309429,129.854456661991
81810.6277124419,5075.79749677968,78.1808600772877,78.1808600772877,5.21268025922095,83.6022212402838,4.56625971160542,129.185117419865
81832.5037491554,5078.61625192266,78.1132099538563,78.1132099538563,5.21379261041706,83.5025435829328,4.56595655505677,128.519431972943
81854.3676441381,5081.41892795581,78.0459457290606,78.0459457290606,5.21489861639475,83.4034345198438,4.56565103741793,127.857378004821
81876.219480006,5084.20563064678,77.9790648644773,77.9790648644773,5.21599831889258,83.3048903108296,4.56534313449288,127.198933365834
81898.0593386695,5086.97646489715,77.9125648424683,77.9125648424683,5.21709175930733,83.2069072463295,4.56503282176329,126.544076070054
81919.8873013417,5089.7315347517,77.8464431659593,77.8464431659593,5.21817897869767,83.1094816470809,4.56472007438308,125.892784293774
81941.7034485454,5092.47094340745,77.7806973582213,77.7806973582213,5.21926001778772,83.0126098638002,4.56440486717289,125.245036373063
81963.5078601216,5095.1947932227,77.7153249626552,77.7153249626552,5.22033491697063,82.9162882768627,4.56408717461448,124.600810803986
81985.3006152361,5097.90318572587,77.6503235425791,77.6503235425791,5.22140371631205,82.8205132959903,4.56376697084498,123.960086240187
82007.0817923877,5100.59622162423,77.5856906810186,77.5856906810186,5.22246645555358,82.7252813599425,4.563444229651,123.322841490503
82028.8514694146,5103.2740008125,77.5214239805,77.5214239805,5.22352317411617,82.6305889362126,4.56311892446261,122.689055519173
82050.6097235025,5105.93662238141,77.4575210628463,77.4575210628463,5.2245739111035,82.5364325207247,4.56279102834736,122.058707443155
82072.3566311909,5108.58418462602,77.3939795689754,77.3939795689754,5.22561870530526,82.4428086375396,4.56246051400385,121.431776531799
82094.0922683805,5111.21678505407,77.3307971587022,77.3307971587022,5.22665759520043,82.3497138385598,4.56212735375556,120.808242204197
82115.8167103401,5113.83452039409,77.267971510542,77.267971510542,5.22769061896052,82.257144703242,4.56179151954425,120.188084027411
82137.5300317131,5116.43748660345,77.2055003215172,77.2055003215172,5.22871781445269,82.1650978383134,4.56145298292326,119.571281717298
82159.2323065245,5119.02577887638,77.1433813069668,77.1433813069668,5.22973921924297,82.0735698774872,4.56111171505092,118.957815135792
82180.9236081874,5121.59949165176,77.0816122003577,77.0816122003577,5.2307548705993,81.9825574811877,4.56076768668351,118.347664288533
82202.6040095094,5124.15871862086,77.0201907530993,77.0201907530993,5.2317648054946,81.8920573362763,4.56042086816821,117.74080932523
82224.2735826993,5126.70355273502,76.9591147343595,76.9591147343595,5.23276906060978,81.8020661557802,4.56007122943593,117.137230537652
82245.9323993731,5129.23408621315,76.8983819308844,76.8983819308844,5.23376767233674,81.7125806786268,4.55971873999394,116.536908358098
82267.5805305606,5131.7504105492,76.8379901468192,76.8379901468192,5.23476067678126,81.6235976693798,4.55936336891832,115.939823358077
82289.2180467114,5134.25261651949,76.7779372035322,76.7779372035322,5.23574810976595,81.5351139179801,4.55900508484633,115.345956248296
82310.8450177008,5136.74079418998,76.7182209394406,76.7182209394406,5.2367300068331,81.4471262394883,4.55864385596855,114.755287875787
82332.4615128362,5139.21503292339,76.6588392098386,76.6588392098386,5.23770640324746,81.3596314738335,4.55827965002084,114.167799222747
82354.0676008629,5141.67542138632,76.5997898867284,76.5997898867284,5.23867733399909,81.2726264855609,4.55791243427624,113.583471405985
82375.6633499699,5144.12204755615,76.5410708586524,76.5410708586524,5.23964283380606,81.1861081635883,4.55754217553647,113.002285676089
82397.2488277955,5146.554998728,76.482680030528,76.482680030528,5.2406029371172,81.1000734209597,4.55716884012355,112.424223415886
82418.8241014333,5148.97436152147,76.4246153234846,76.4246153234846,5.24155767811478,81.0145191946071,4.55679239387094,111.849266138116
82440.3892374378,5151.38022188739,76.3668746747027,76.3668746747027,5.24250709071714,80.9294424451116,4.55641280211471,111.27739548567
82461.9443018296,5153.77266511439,76.3094560372546,76.3094560372546,5.24345120858129,80.8448401564713,4.55603002968434,110.708593229807
82483.4893601015,5156.15177583552,76.2523573799476,76.2523573799476,5.24439006510557,80.7607093358672,4.55564404089349,110.142841269279
82505.0244772231,5158.51763803461,76.1955766871693,76.1955766871693,5.24532369343208,80.6770470134382,4.55525479953039,109.58012162914
82526.5497176471,5160.87033505276,76.1391119587338,76.1391119587338,5.24625212644931,80.5938502420514,4.55486226884821,109.020416459265
82548.0651453135,5163.20994959451,76.0829612097317,76.0829612097317,5.24717539679453,80.5111160970844,4.55446641155498,108.463708033819
82569.5708236558,5165.53656373418,76.0271224703797,76.0271224703797,5.24809353685631,80.4288416762005,4.55406718980354,107.90997874943
82591.0668156055,5167.85025892191,75.9715937858742,75.9715937858742,5.24900657877693,80.3470240991359,4.55366456518104,107.359211125001
82612.5531835973,5170.15111598979,75.916373216245,75.916373216245,5.24991455445474,80.265660507482,4.55325849869834,106.811387800482
82634.0299895742,5172.43921515782,75.8614588362124,75.8614588362124,5.25081749554656,80.1847480644754,4.55284895077916,106.266491533896
82655.4972949926,5174.71463603981,75.8068487350445,75.8068487350445,5.25171543346999,80.1042839547888,4.55243588124885,105.72450520387
82676.9551608266,5176.97745764927,75.7525410164174,75.7525410164174,5.25260839940572,80.0242653843231,4.55201924932317,105.185411806113
82698.4036475736,5179.22775840514,75.6985337982767,75.6985337982767,5.25349642429984,79.9446895800044,4.55159901359652,104.649194451642
82719.8428152583,5181.46561613747,75.6448252127008,75.6448252127008,5.25437953886603,79.8655537895832,4.55117513203004,104.115836368818
82741.2727234379,5183.69110809311,75.5914134057654,75.5914134057654,5.25525777358782,79.7868552814336,4.55074756193948,103.585320899845
82762.6934312066,5185.90431094123,75.5382965374106,75.5382965374106,5.25613115872078,79.7085913443575,4.55031625998271,103.057631499917
82784.1049972001,5188.1053007788,75.4854727813089,75.4854727813089,5.25699972429468,79.6307592873912,4.54988118214694,102.532751737554
82805.5074796002,5190.29415313605,75.4329403247347,75.4329403247347,5.25786350011563,79.5533564396124,4.54944228373569,102.010665293368
82826.9009361392,5192.47094298183,75.380697368436,75.380697368436,5.25872251576822,79.4763801499502,4.54899951935546,101.491355957836
82848.2854241044,5194.63574472887,75.3287421265071,75.3287421265071,5.25957680061756,79.3998277869996,4.54855284290197,100.974807631293
82869.6610003423,5196.78863223904,75.2770728262631,75.2770728262631,5.2604263838114,79.3236967388352,4.54810220754623,100.461004323096
82891.0277212631,5198.92967882851,75.2256877081158,75.2256877081158,5.26127129428213,79.2479844128288,4.54764756572017,99.949930150278
82912.3856428449,5201.05895727287,75.1745850254511,75.1745850254511,5.26211156074881,79.1726882354682,4.54718886910199,99.4415693369842
82933.7348206378,5203.17653981216,75.1237630445082,75.1237630445082,5.26294721171917,79.0978056521799,4.54672606860116,98.9359062141551
82955.0753097678,5205.28249815587,75.0732200442592,75.0732200442592,5.26377827549156,79.0233341271513,4.54625911434298,98.432925216748
82976.4071649417,5207.37690348785,75.0229543162915,75.0229543162915,5.26460478015691,78.9492711431582,4.54578795565281,97.9326108843932
82997.7304404502,5209.45982647121,74.9729641646909,74.9729641646909,5.26542675360066,78.8756142013904,4.54531254104008,97.4349478607954
83019.0451901725,5211.5313372531,74.9232479059255,74.9232479059255,5.2662442235046,78.8023608212839,4.54483281818156,96.9399208913064
83040.3514675801,5213.59150546949,74.8738038687323,74.8738038687323,5.26705721734885,78.7295085403505,4.54434873390459,96.4475148233252
83061.6493257405,5215.64040024983,74.824630394004,74.824630394004,5.26786576241361,78.6570549140142,4.54386023416958,95.9577146056962
83082.9388173213,5217.67809022177,74.7757258346776,74.7757258346776,5.26866988578106,78.5849975154437,4.54336726405243,95.4705052865359
83104.2199945939,5219.70464351565,74.7270885556244,74.7270885556244,5.26946961433713,78.5133339353935,4.54286976772613,94.9858720130578
83125.4929094374,5221.72012776914,74.6787169335407,74.6787169335407,5.27026497477335,78.4420617820402,4.54236768844221,94.5038000315686
83146.757613342,5223.72461013164,74.6306093568407,74.6306093568407,5.27105599358853,78.371178680827,4.54186096851155,94.0242746852939
83168.014157413,5225.71815726876,74.5827642255497,74.5827642255497,5.27184269709061,78.3006822743045,4.54134954928482,93.5472814153425
83189.262592374,5227.7008353667,74.5351799511992,74.5351799511992,5.2726251113983,78.2305702219767,4.54083337113238,93.072805757396
83210.5029685712,5229.67271013655,74.4878549567228,74.4878549567228,5.27340326244284,78.1608402001485,4.54031237342357,92.6008333424345
83231.7353359763,5231.63384681861,74.4407876763534,74.4407876763534,5.27417717596969,78.0914899017732,4.53978649450571,92.131349897158
83252.95974419,5233.58431018659,74.3939765555218,74.3939765555218,5.27494687754016,78.0225170363033,4.53925567168237,91.6643412410615
83274.176242446,5235.52416455183,74.3474200507562,74.3474200507562,5.27571239253313,77.9539193295423,4.53871984119117,91.1997932859733
83295.3848796139,5237.45347376738,74.3011166295828,74.3011166295828,5.27647374614659,77.8856945234996,4.53817893818091,90.7376920369369
83316.5857042028,5239.37230123217,74.255064770428,74.255064770428,5.27723096339936,77.8178403762434,4.53763289668839,90.2780235898521
83337.7787643645,5241.28070989496,74.2092629625209,74.2092629625209,5.27798406913258,77.7503546617609,4.53708164961411,89.8207741310533
83358.9641078971,5243.17876225843,74.1637097057976,74.1637097057976,5.27873308801137,77.6832351698138,4.53652512869801,89.3659299377254
83380.1417822478,5245.06652038307,74.1184035108064,74.1184035108064,5.27947804452635,77.6164797058005,4.53596326449398,88.9134773750722
83401.3118345165,5246.94404589109,74.0733428986139,74.0733428986139,5.28021896299519,77.5500860906182,4.535395986344,88.4634028968034
83422.474311459,5248.81139997032,74.0285264007123,74.0285264007123,5.28095586756413,77.4840521605246,4.5348232223516,88.0156930458184
83443.6292594898,5250.66864337803,73.9839525589273,73.9839525589273,5.28168878220951,77.4183757670032,4.53424489935455,87.5703344509892
83464.7767246855,5252.51583644465,73.9396199253283,73.9396199253283,5.28241773073922,77.3530547766312,4.53366094289676,87.1273138280909
83485.9167527876,5254.35303907759,73.8955270621378,73.8955270621378,5.28314273679423,77.288087070945,4.53307127719965,86.6866179780568
83507.0493892062,5256.18031076487,73.8516725416432,73.8516725416432,5.28386382384999,77.2234705463116,4.53247582513245,86.2482337861594
83528.1746790222,5257.99771057879,73.808054946109,73.808054946109,5.28458101521791,77.1592031137988,4.53187450818193,85.8121482246194
83549.2926669905,5259.80529717959,73.7646728676899,73.7646728676899,5.28529433404678,77.0952826990457,4.53126724642133,85.3783483469989
83570.4033975435,5261.60312881895,73.7215249083452,73.7215249083452,5.28600380332418,77.031707242139,4.53065395847817,84.9468212902556
83591.5069147931,5263.39126334358,73.6786096797541,73.6786096797541,5.28670944587785,76.9684746974863,4.53003456150156,84.5175542748458
83612.6032625343,5265.1697581987,73.6359258032312,73.6359258032312,5.28741128437712,76.9055830336926,4.52940897112828,84.0905346013989
83633.6924842478,5266.93867043149,73.5934719096442,73.5934719096442,5.28810934133424,76.8430302334385,4.52877710144815,83.6657496529108
83654.7746231026,5268.69805669453,73.5512466393312,73.5512466393312,5.28880363910571,76.7808142933587,4.52813886496832,83.243186892674
83675.8497219591,5270.44797324917,73.50924864202,73.50924864202,5.28949419989369,76.7189332239225,4.52749417257665,82.8228338628614
83696.9178233716,5272.18847596886,73.4674765767473,73.4674765767473,5.29018104574722,76.6573850493165,4.52684293350392,82.404678185942
83717.9789695912,5273.91962034251,73.4259291117797,73.4259291117797,5.29086419856362,76.5961678073253,4.52618505528524,81.9887075630155
83739.0332025684,5275.64146147773,73.3846049245346,73.3846049245346,5.29154368008972,76.5352795492172,4.52552044372013,81.5749097719942
83760.0805639557,5277.35405410405,73.3435027015029,73.3435027015029,5.29221951192317,76.4747183396303,4.52484900283146,81.1632726689787
83781.1210951104,5279.05745257618,73.3026211381718,73.3026211381718,5.2928917155137,76.4144822564572,4.52417063482352,80.7537841874779
83802.1548370969,5280.75171087714,73.2619589389487,73.2619589389487,5.29356031216435,76.3545693907343,4.52348524003853,80.3464323363599
83823.1818306897,5282.43688262142,73.221514817086,73.221514817086,5.29422532303273,76.29497784653,4.52279271691216,79.9412051999549
83844.2021163755,5284.11302105805,73.1812874946067,73.1812874946067,5.29488676913225,76.2357057408364,4.52209296192752,79.5380909386988
83865.2157343559,5285.78017907373,73.1412757022304,73.1412757022304,5.29554467133332,76.1767512034582,4.52138586956818,79.137077787126
83886.2227245499,5287.43840919581,73.1014781793006,73.1014781793006,5.29619905036454,76.1181123769076,4.52067133226939,78.7381540523693
83907.2231265965,5289.08776359531,73.0618936737125,73.0618936737125,5.29684992681391,76.0597874162976,4.51994924036812,78.3413081164945
83928.2169798568,5290.72829408993,73.0225209418416,73.0225209418416,5.29749732112997,76.0017744892351,4.51921948205174,77.9465284342328
83949.2043234166,5292.36005214695,72.9833587484732,72.9833587484732,5.29814125362301,75.944071775719,4.51848194330487,77.5538035318475
83970.1851960888,5293.98308888617,72.944405866732,72.944405866732,5.29878174446617,75.8866774680358,4.51773650785484,77.1631220074682
83991.1596364158,5295.59745508277,72.9056610780136,72.9056610780136,5.29941881369662,75.8295897706583,4.51698305711554,76.7744725308312
84012.1276826714,5297.20320117018,72.8671231719157,72.8671231719157,5.30005248121663,75.7728069001446,4.51622147012951,76.3878438420009
84033.089372864,5298.80037724291,72.8287909461702,72.8287909461702,5.30068276679476,75.7163270850378,4.51545162350833,76.0032247510955
84054.0447447377,5300.38903305931,72.7906632065767,72.7906632065767,5.30130969006689,75.6601485657684,4.51467339137114,75.6206041380722
84074.9938357755,5301.96921804436,72.7527387669354,72.7527387669354,5.30193327053736,75.6042695945554,4.51388664528129,75.2399709513931
84095.9366832013,5303.54098129241,72.7150164489823,72.7150164489823,5.30255352758002,75.5486884353099,4.51309125418127,74.8613142084097
84116.8733239818,5305.10437156986,72.6774950823233,72.6774950823233,5.30317048043931,75.49340336354,4.51228708432516,74.4846229951497
84137.8037948288,5306.65943731788,72.6401735043709,72.6401735043709,5.30378414823133,75.4384126662546,4.5114739992096,74.1098864638766
84158.7281322018,5308.20622665501,72.6030505602797,72.6030505602797,5.30439454994485,75.3837146418715,4.510651859502,73.7370938345722
84179.6463723093,5309.74478737984,72.5661251028837,72.5661251028837,5.3050017044424,75.3293076001229,4.50982052296701,73.3662343940443
84200.5585511119,5311.27516697357,72.5293959926342,72.5293959926342,5.30560563046124,75.2751898619644,4.50897984439034,72.9972974944017
84221.4647043235,5312.7974126026,72.4928620975376,72.4928620975376,5.30620634661441,75.2213597594837,4.50812967550037,72.6302725537031
84242.3648674139,5314.31157112105,72.4565222930947,72.4565222930947,5.30680387139172,75.1678156358116,4.50726986488707,72.2651490552402
84263.2590756107,5315.81768907334,72.4203754622399,72.4203754622399,5.30739822316076,75.1145558450304,4.50640025791869,71.9019165464551
84284.1473639013,5317.31581269659,72.3844204952818,72.3844204952818,5.30798942016784,75.0615787520894,4.50552069665524,71.540564639104
84305.029767035,5318.8059879232,72.3486562898432,72.3486562898432,5.30857748053905,75.0088827327133,4.50463101975975,71.1810830090454
84325.9063195247,5320.28826038319,72.3130817508033,72.3130817508033,5.30916242228113,74.9564661733198,4.50373106240618,70.8234613945799
84346.7770556494,5321.76267540671,72.2776957902391,72.2776957902391,5.30974426328249,74.9043274709307,4.50282065618468,70.4676895968176
84367.6420094556,5323.22927802635,72.2424973273677,72.2424973273677,5.31032302131411,74.8524650330902,4.50189962900334,70.1137574793986
84388.5012147594,5324.68811297958,72.20748528849,72.20748528849,5.31089871403052,74.8008772777784,4.50096780498719,69.7616549684759
84409.3547051486,5326.13922471109,72.172658606934,72.172658606934,5.3114713589707,74.7495626333292,4.50002500437356,69.4113720498656
84430.2025139844,5327.58265737505,72.1380162229988,72.1380162229988,5.31204097355899,74.6985195383496,4.49922305444056,69.0628987713762
84451.0446744033,5329.01845483751,72.1035570838998,72.1035570838998,5.31260757510603,74.6477464416353,4.49841871719365,68.7162252416695
84471.8812193188,5330.44666067859,72.0692801437138,72.0692801437138,5.31317118080962,74.5972418020931,4.49760787180727,68.3713416288465
84492.7121814235,5331.86731819481,72.0351843633247,72.0351843633247,5.31373180775565,74.5470040886587,4.4967904486766,68.0282381604853
84513.5375931907,5333.28047040125,72.0012687103701,72.0012687103701,5.31428947291895,74.4970317802199,4.49596637722113,67.6869051232737
84534.3574868764,5334.68616003383,71.9675321591882,71.9675321591882,5.31484419316418,74.4473233655365,4.49513558586771,67.3473328634986
84555.1718945207,5336.08442955146,71.933973690765,71.933973690765,5.31539598524669,74.397877343164,4.49429800203276,67.0095117850109
84575.9808479501,5337.47532113823,71.9005922926825,71.9005922926825,5.31594486581337,74.3486922213758,4.49345355210454,66.6734323498895
84596.7843787786,5338.85887670554,71.867386959067,71.867386959067,5.3164908514035,74.2997665180887,4.49260216142469,66.3390850777679
84617.5825184099,5340.23513789424,71.8343566905382,71.8343566905382,5.31703395844961,74.2510987607866,4.49174375426963,66.0064605449592
84638.375298039,5341.60414607673,71.8015004941584,71.8015004941584,5.31757420327827,74.2026874864463,4.49087825383141,65.6755493848502
84659.1627486537,5342.96594235905,71.7688173833828,71.7688173833828,5.31811160211097,74.1545312414638,4.49000558219821,65.346342287434
84679.9449010364,5344.32056758295,71.7363063780093,71.7363063780093,5.31864617106487,74.1066285815811,4.48912566033439,65.0188299977117
84700.7217857658,5345.66806232791,71.7039665041303,71.7039665041303,5.31917792615365,74.0589780718144,4.4882384080601,64.693003316435
84721.4934332185,5347.0084669132,71.6717967940832,71.6717967940832,5.3197068832883,74.0115782863818,4.48734374403049,64.3688531003326
84742.2598735705,5348.34182139988,71.6397962864029,71.6397962864029,5.32023305827792,73.9644278086322,4.48644158571448,64.0463702602736
84763.0211367989,5349.66816559277,71.6079640257735,71.6079640257735,5.32075646683048,73.9175252309757,4.4855318493729,63.7255457610447
84783.7772526836,5350.98753904243,71.5762990629818,71.5762990629818,5.32127712455362,73.8708691548136,4.48461445003639,63.4063706215654
84804.5282508086,5352.2999810471,71.5448004548697,71.5448004548697,5.32179504695542,73.8244581904699,4.48368930148253,63.0888359146544
84825.2741605638,5353.60553065465,71.5134672642884,71.5134672642884,5.32231024944512,73.7782909571222,4.4827563162128,62.7729327662226
84846.0150111465,5354.90422666448,71.4822985600525,71.4822985600525,5.32282274733396,73.7323660827345,4.48181540542874,62.4586523553274
84866.7508315626,5356.19610762942,71.451293416894,71.451293416894,5.32333255583583,73.6866822039903,4.48086647900765,62.1459859125141
84887.4816506287,5357.48121185758,71.420450915418,71.420450915418,5.32383969006807,73.6412379662267,4.4799094454778,61.8349247213455
84908.207496973,5358.75957741427,71.3897701420576,71.3897701420576,5.32434416505221,73.596032023367,4.47894421199316,61.5254601166947
84928.9283990373,5360.03124212376,71.3592501890297,71.3592501890297,5.32484599571465,73.5510630378581,4.47797068430718,61.2175834848311
84949.644385078,5361.29624357119,71.3288901542914,71.3288901542914,5.32534519688742,73.5063296806031,4.47698876674656,60.9112862633255
84970.355483168,5362.5546191043,71.2986891414967,71.2986891414967,5.32584178330887,73.4618306309,4.47599836218387,60.6065599402369
84991.0617211975,5363.80640583528,71.2686462599532,71.2686462599532,5.32633576962441,73.4175645763766,4.47499937200986,60.3033960538922
85011.7631268763,5365.0516406425,71.23876062458,71.23876062458,5.32682717038715,73.3735302129291,4.47399169610506,60.0017861920255
85032.4597277345,5366.29036017229,71.2090313558651,71.2090313558651,5.32731600005866,73.329726244659,4.47297523281063,59.7017219931299
85053.151551124,5367.52260084067,71.1794575798238,71.1794575798238,5.3278022730096,73.2861513838121,4.47194987889868,59.4031951447343
85073.8386242203,5368.74839883511,71.1500384279575,71.1500384279575,5.32828600352046,73.2428043507165,4.47091552954193,59.1061973822225
85094.5209740234,5369.96779011615,71.1207730372123,71.1207730372123,5.32876720578216,73.1996838737247,4.46987207828223,58.8107204905867
85115.1986273595,5371.18081041922,71.0916605499388,71.0916605499388,5.3292458938968,73.15678868915,4.46881941699916,58.5167563034003
85135.8716108819,5372.38749525619,71.0627001138515,71.0627001138515,5.32972208187825,73.1141175412109,4.46775743587692,58.2242967009829
85156.5399510729,5373.58787991712,71.0338908819892,71.0338908819892,5.33019578365284,73.0716691819699,4.46668602337124,57.9333336124196
85177.2036742446,5374.78199947187,71.0052320126751,71.0052320126751,5.33066701306003,73.0294423712762,4.46560506617505,57.6438590132631
85197.8628065407,5375.96988877173,70.9767226694784,70.9767226694784,5.33113578385299,72.9874358767081,4.46451444918354,57.3558649265173
85218.5173739373,5377.15158245106,70.9483620211745,70.9483620211745,5.33160210969932,72.9456484735151,4.46341405545823,57.0693434220515
85239.1674022445,5378.32711492886,70.9201492417073,70.9201492417073,5.3320660041816,72.9040789445623,4.4623037661903,56.7842866153829
85259.8129171076,5379.49652041038,70.8920835101508,70.8920835101508,5.3325274807981,72.8627260802734,4.46118346066298,56.5006866685881
85280.4539440082,5380.65983288868,70.8641640106717,70.8641640106717,5.33298655296331,72.8215886785757,4.46005301621306,56.218535789227
85301.0905082658,5381.8170861462,70.8363899324913,70.8363899324913,5.33344323400863,72.7806655448446,4.4589123081914,55.9378262299094
85321.7226350387,5382.96831375628,70.8087604698492,70.8087604698492,5.33389753718294,72.7399554918497,4.4577612099225,55.6585502894482
85342.3503493252,5384.11354908474,70.7812748219661,70.7812748219661,5.33434947565323,72.6994573396988,4.45659959266326,55.3807003110569
85362.9736759652,5385.25282529135,70.7539321930076,70.7539321930076,5.33479906250517,72.6591699157863,4.45542732556039,55.1042686812296
85383.592639641,5386.38617533133,70.7267317920481,70.7267317920481,5.33524631074371,72.61909205474,4.45424427560691,54.829247831738
85404.2072648787,5387.51363195688,70.6996728330349,70.6996728330349,5.33569123329369,72.5792225983669,4.45305030759774,54.5556302388147
85424.8175760491,5388.63522771863,70.6727545347528,70.6727545347528,5.33613384300041,72.5395603956018,4.45184528408394,54.2834084212838
85445.4235973694,5389.7509949671,70.6459761207895,70.6459761207895,5.33657415263018,72.5001043024561,4.45062906532602,54.0125749415739
85466.0253529038,5390.86096585417,70.6193368195,70.6193368195,5.33701217487093,72.4608531819653,4.44940150924581,53.7431224050926
85486.622866565,5391.96517233448,70.5928358639726,70.5928358639726,5.33744792233278,72.4218059041402,4.44816247137729,53.4750434598349
85507.2161621151,5393.06364616689,70.5664724919945,70.5664724919945,5.33788140754856,72.3829613459143,4.44691180481621,53.2083307973187
85527.8052631669,5394.1564189159,70.5402459460184,70.5402459460184,5.3383126429744,72.3443183910945,4.44564936016848,52.942977150201
85548.3901931849,5395.243521953,70.5141554731281,70.5141554731281,5.33874164099029,72.3058759303128,4.44437498549682,52.678975292577
85568.9709754866,5396.32498645809,70.4882003250058,70.4882003250058,5.33916841390059,72.2676328609762,4.44308852626651,52.4163180415012
85589.5476332432,5397.40084342087,70.4623797578991,70.4623797578991,5.3395929739346,72.229588087218,4.44178982528971,52.1549982550403
85610.1201894811,5398.47112364217,70.436693032588,70.436693032588,5.34001533324712,72.1917405198498,4.44047872266799,51.8950088313177
85630.6886670827,5399.5358577353,70.4111394143529,70.4111394143529,5.34043550391891,72.1540890763148,4.43915505573364,51.6363427102063
85651.2530887877,5400.59507612743,70.3857181729418,70.3857181729418,5.34085349795729,72.1166326806383,4.43781865898942,51.3789928721067
85671.8134771939,5401.64880906087,70.3604285825392,70.3604285825392,5.34126932729664,72.0793702633828,4.43646936404668,51.1229523373262
85692.3698547583,5402.69708659441,70.3352699217342,70.3352699217342,5.3416830037989,72.0423007616004,4.43510699956186,50.868214166288
85712.9222437984,5403.73993860462,70.310241473489,70.310241473489,5.34209453925412,72.0054231187869,4.43373139117128,50.6147714594579
85733.470666493,5404.77739478716,70.2853425251083,70.2853425251083,5.34250394538095,71.9687362848356,4.43234236142438,50.3626173563209
85754.0151448829,5405.809484658,70.2605723682079,70.2605723682079,5.34291123382712,71.932239215994,4.43093972971459,50.1117450359964
85774.5557008727,5406.83623755479,70.2359302986851,70.2359302986851,5.34331641617,71.8959308748153,4.42952331220946,49.8621477161365
85795.0923562311,5407.85768263801,70.2114156166878,70.2114156166878,5.34371950391705,71.8598102301181,4.42809292177755,49.6138186533867
85815.625132592,5408.87384889231,70.1870276265845,70.1870276265845,5.34412050850634,71.8238762569385,4.42664836791443,49.3667511431661
85836.1540514561,5409.8847651277,70.1627656369352,70.1627656369352,5.34451944130702,71.7881279364884,4.42518945666617,49.1209385184382
85856.6791341908,5410.89045998078,70.1386289604614,70.1386289604614,5.34491631361979,71.7525642561117,4.42371599055075,48.8763741505047
85877.2004020322,5411.89096191597,70.1146169140168,70.1146169140168,5.34531113667744,71.7171842092413,4.42222776847734,48.6330514482132
85897.7178760854,5412.88629922671,70.0907288185589,70.0907288185589,5.34570392164526,71.6819867953561,4.42072458566356,48.390963858635
85918.2315773256,5413.87650003667,70.06696399912,70.06696399912,5.34609467962156,71.6469710199384,4.41920623355029,48.1501048650036
85938.7415265993,5414.8615923009,70.0433217847785,70.0433217847785,5.34648342163809,71.6121358944336,4.41767249971384,47.9104679877674
85959.2477446248,5415.84160380704,70.019801508631,70.019801508631,5.34687015866056,71.5774804362069,4.4161231677762,47.6720467851216
85979.7502519935,5416.81656217649,69.9964025077643,69.9964025077643,5.34725490158905,71.543003668502,4.41455801731251,47.434834850471
86000.2490691706,5417.78649486552,69.9731241232276,69.9731241232276,5.3476376612585,71.5087046204022,4.41297682375567,47.1988258141468
86020.7442164959,5418.75142916647,69.9499657000046,69.9499657000046,5.34801844843915,71.4745823267876,4.41137935829864,46.9640133429753
86041.2357141852,5419.71139220887,69.9269265869871,69.9269265869871,5.34839727383698,71.4406358282958,4.40976538779396,46.7303911384096
86061.7235823306,5420.66641096053,69.9040061369472,69.9040061369472,5.34877414809417,71.406864171283,4.40813467464988,46.4979529386625
86082.2078409017,5421.61651222873,69.8812037065106,69.8812037065106,5.34914908178954,71.3732664077823,4.40648697672415,46.2666925165695
86102.6885097464,5422.56172266124,69.8585186561303,69.8585186561303,5.34952208543897,71.3398415954672,4.40482204721422,46.0366036801753
86123.1656085917,5423.5020687475,69.8359503500599,69.8359503500599,5.34989316949585,71.3065887976103,4.40313963454473,45.8076802736394
86143.6391570447,5424.43757681968,69.8134981563278,69.8134981563278,5.35026234435151,71.2735070830456,4.40143948225137,-643.950932938001
86164.3425549361,5396.98613573349,70.4723327423963,70.4723327423963,5.33942931992115,72.2442531037471,4.44229269281437,-1472.07359139471
86185.1773728678,5363.29026627285,71.2810336094516,71.2810336094516,5.32613208805914,73.4358164570259,4.47541296044759,-1615.47736962894
86206.1419409747,5329.46017352374,72.0929558354302,72.0929558354302,5.3127818883344,74.6321262541347,4.4981690935563,-1588.57189928164
86227.2366838338,5296.47602676912,72.884575357541,72.884575357541,5.29976552003208,75.7985214574959,4.51656788180507,-1551.75738053503
86248.4607168712,5263.79170069115,73.6689991834125,73.6689991834125,5.28686746845872,76.9543143129559,4.52989454368403,-1520.70532590598
86269.815413244,5231.72632618469,74.4385681715675,74.4385681715675,5.27421367063782,78.0882196189368,4.53976150321478,-1495.65320433401
86291.302750764,5199.71487541918,75.2068429899397,75.2068429899397,5.26158115247218,79.2202180575592,4.54747918411478,-1487.29398845897
86312.920035377,5167.6170808115,75.9771900605241,75.9771900605241,5.24891456086943,80.3552698127975,4.55370539971166,-1456.39556563264
86334.6712420546,5136.55319701539,76.7227232716305,76.7227232716305,5.23665597630155,81.4537601065468,4.55867126544084,-1436.5931392752
86356.5577313832,5104.92746611521,77.481740813235,77.481740813235,5.22417567283063,82.5721186046211,4.56291582965245,-1439.03908913435
86378.575410668,5073.37338220474,78.2390388270863,78.2390388270863,5.2117236430517,83.6879435005455,4.56651718785628,-1398.91546074862
86400.722822969,5043.14423667045,78.9645383199091,78.9645383199091,5.19979446705494,84.7569155317218,4.56949628088218,-1345.17626316257
86423.0085458021,5013.60298352446,79.6735283954129,79.6735283954129,5.18813675057917,85.8015621077601,4.57204661659497,-1356.52623879684
86445.4376777319,4982.4873629206,80.4203032899057,80.4203032899057,5.20897937040314,86.5947063785821,4.58036544072369,-1399.36715876804
86468.0096224785,4950.6299547143,81.1848810868568,81.1848810868568,5.2566595037935,87.1624714822707,4.59345267576102,-1394.96333919287
86490.7292413277,4919.30729212973,81.9366249888864,81.9366249888864,5.3035392976707,87.720706309629,4.6062017700387,-1388.21192485594
86513.6059888118,4887.33253524032,82.7040191542323,82.7040191542323,5.35139506370599,88.2905628102951,4.61909680027101,-1427.75722571401
86536.6357400313,4853.76395689844,83.5096650344376,83.5096650344376,5.40163625981022,88.8888245156897,4.63250652631592,-1424.20019304813
86559.8184076842,4821.51679936103,84.2835968153354,84.2835968153354,5.44989972063185,89.463535761009,4.64526657398543,-1376.64081740146
86583.162489374,4789.71333465226,85.0468799683457,85.0468799683457,5.49749911822785,90.0303394796636,4.65773577742051,-1385.78362074472
86606.6671513089,4756.59457779346,85.8417301329569,85.8417301329569,5.54706707851277,90.6205844330573,4.67060067305134,-1390.97050407463
86630.3346480989,4724.09825325241,86.6216419219421,86.6216419219421,5.59570346094475,91.1997363512883,4.68310643240911,-1367.97196676943
86654.1817324366,4691.59596279797,87.4016968928487,87.4016968928487,5.64434877240023,91.7789945944724,4.69549982384419,-1416.87213149253
86678.2103491169,4656.26450670434,88.2496518390959,88.2496518390959,5.6972284206287,92.4086744385628,4.70884374948662,-1461.9076713347
86702.4124029083,4621.08717564179,89.093907784597,89.093907784597,5.74987739403286,93.0356074548608,4.72199864871356,-1405.49512132328
86726.8003672457,4587.9714732793,89.8886846412968,89.8886846412968,5.7994407827346,93.6257979707936,4.7342650203577,-1390.56363623777
86751.3781696756,4552.99716095466,90.7280681370882,90.7280681370882,5.85178590340719,94.2491127720117,4.747097816372,-1422.03335448328
86776.1251626682,4517.82996898545,91.5720807443492,91.5720807443492,5.90441970190071,94.8758650886325,4.75987678842187,-1329.42366580226
86801.0649265771,4486.94241045286,92.2984591896488,92.2984591896488,5.95523771971781,95.3997004619447,4.77151838330484,-1309.12155993919
86826.2115748115,4452.26076698866,93.0911824688307,93.0911824688307,6.01933458460516,95.9470287852815,4.78530041878543,-1412.42896636464
86851.5530567122,4415.63151299244,93.9284225601728,93.9284225601728,6.08703092508406,96.5250933223765,4.79976978516063,-1386.87274486039
86877.1016690137,4381.68268235623,94.7043958318576,94.7043958318576,6.14977344224934,97.0608567607655,4.81310156065711,-1353.70120082403
86902.873444087,4346.15904297642,95.5163647319676,95.5163647319676,6.21542644153656,97.6214730418434,4.82697135406959,-1413.71074318303
86928.8504933476,4308.52481344832,96.3765756926099,96.3765756926099,6.28498012712508,98.2153975993388,4.84157628817428,-1374.0620265258
86955.0405071782,4274.47826254743,97.1547825703444,97.1547825703444,6.34790324595673,98.7527032099918,4.85471081347018,-1308.06512865401
86981.4507397047,4239.72026542998,97.9492510758863,97.9492510758863,6.41214122381646,99.3012365084347,4.8680439217189,-1321.93454015907
87008.0767327372,4204.36784410132,98.7573064205413,98.7573064205413,6.47747778653393,99.8591507120014,4.88152707959882,-1298.02061684762
87034.9337163515,4170.29825909205,99.5360397921816,99.5360397921816,6.54044347584337,100.396819835414,4.89444720352714,-1296.23902901393
87062.0307761059,4134.43050731371,100,100,6.60673244631625,100.962866725982,4.88919376446979,-1331.77833852157
87089.3708720938,4097.80003426373,100,100,6.67443103978884,101.540950501573,4.85893296371776,-1330.05004937023
87116.9590357232,4061.3731728979,100,100,6.74175332841239,102.115820979564,4.82901857043169,-1315.94098062272
87144.8034297969,4024.85405992149,100,100,6.80924611181152,102.692147326259,4.79920521957549,-1314.6258424181
87172.91163657,3987.81643787418,100,100,6.88791933172148,103.27742757225,4.76915558796494,-1318.2654397764
87201.2910796328,3950.38834336864,100,100,6.98849466742036,103.870467684387,4.73902123838398,-1317.97337584768
87229.9567176129,3912.63253983658,100,100,7.08995061020836,104.468700275608,4.70885801434314,-1333.39824247478
87258.902632217,3873.56920040662,100,100,7.19492011316037,105.087650492071,4.67789568777569,-1315.92089131168
87288.1442715216,3836.06232203379,100,100,7.29570715383663,105.681938917651,4.64839924755653,-1297.76228647991
87317.6972993617,3797.26769874009,100,100,7.39995457312478,106.296631384696,4.6181266199295,-1327.33290632715
87347.5151549656,3757.25739476085,100,100,7.50746872278395,106.930586050889,4.58715434038651,-1224.98001771006
87377.6006813481,3723.8872528135,100,100,7.59713968447764,107.459328777014,4.56151343848691,-1099.34531501962
87408.0071108618,3690.75584644999,100,100,7.68616912509458,107.984288789129,4.53622615100761,-1179.65445994127
87438.7057575968,3651.80437709167,100,100,7.79083801509372,108.601466448354,4.5067113165353,-1193.75210774798
87469.7557892143,3617.04323151603,100,100,7.88424682822553,109.152249327968,4.48163502817263,-1211.8116277105
87501.1694708249,3576.11012309186,100,100,7.99424070248889,109.800825632231,4.45269798303123,-1302.43400038957
87532.9687833696,3534.71247866176,100,100,8.10548286003672,110.456762409654,4.4235943503,-1316.34082386536
87565.1826623193,3491.84694586188,100,100,8.22568929305061,111.170187967043,4.39152956694427,-1354.07018463103
87597.8123654552,3446.90971749496,100,100,8.37411066355315,112.070876577749,4.34887067982269,-1352.40143417692
87630.8907569612,3402.98322443116,100,100,8.51919371693299,112.951306756658,4.30757947124807,-1352.48650715797
87664.4199814292,3356.82381561616,100,100,8.67165177825288,113.876491849453,4.26461770836077,-1351.98102415915
87698.417712644,3311.68806172876,100,100,8.82072885074017,114.781159559042,4.22302695187381,-1325.77076639412
87732.8877528406,3266.05124583878,100,100,8.97146086083338,115.695870185282,4.18138872545042,-1301.89850018725
87767.845779865,3221.29976514284,100,100,9.11926873279815,116.59283580688,4.14095682593979,-1273.87254099921
87803.3173393235,3176.33292954428,100,100,9.26778789183944,117.494117843066,4.10072208801937,-1272.35097589913
87839.3288567761,3130.34820247473,100,100,9.41966900382346,118.41580174399,4.059976786636,-1280.1743592742
87875.9022028497,3083.41164838663,100,100,9.57469386711812,119.356563362569,4.01879932481815,-1279.01836449098
87913.0596090625,3036.04521627269,100,100,9.73113855731495,120.305941138751,3.9786485699269,-1269.40481341476
87950.8102434472,2988.3230210887,100,100,9.89641840609607,121.327175269711,3.93690174697282,-1244.8177935719
87989.1204329986,2941.36334924329,100,100,10.0823252687039,122.528698543051,3.88855572437967,-1164.8740093252
88028.00396433,2898.40206194922,100,100,10.2524030784622,123.627918033052,3.84489675751197,-1094.42154571862
88067.4252986332,2855.66481715819,100,100,10.4215939348584,124.721405109025,3.80199623628459,-1028.54426245795
88107.4322087462,2816.70659687782,100,100,10.5758241545446,125.718201008896,3.76334225530165,-994.611166113051
88148.0457279627,2775.47883793024,100,100,10.7390391647246,126.773065958683,3.72289891641309,-1010.48888067088
88189.2566541344,2734.02390464599,100,100,10.9031535267641,127.833743454466,3.68270403406546,-977.473849749476
88231.0026590169,2694.39060716929,100,100,11.0600562839416,128.847812067941,3.64470979161001,-881.449649300707
88273.4005454209,2659.85530118071,100,100,11.196776796101,129.731442048019,3.61194335912303,-883.761793134117
88316.3553652157,2618.95914649019,100,100,11.3586790307731,130.777822478712,3.57354562304558,-864.22694893882
88360.0125547734,2585.00286859653,100,100,11.4931072505833,131.646637284309,3.54199145790295,-859.597195117596
88404.2390485675,2543.41457878438,100,100,11.6577495527198,132.710726877444,3.50374376101613,-833.713420296114
88449.1658742813,2510.67454965885,100,100,11.7873628114422,133.548422402525,3.47568789649787,-794.950649658432
88494.6561404375,2471.5374528621,100,100,11.9745635247075,134.710240891143,3.44030917671825,-760.761135209324
88540.8496474372,2440.9250983125,100,100,12.1304527698284,135.666061592436,3.41220315369226,-729.1188525625
88587.6074017754,2403.76493585117,100,100,12.3196858347101,136.826326886189,3.37844160042014,-703.010739673864
88634.9698313474,2374.75759820354,100,100,12.4674017499144,137.732033559881,3.35235465513864,-623.884339500002
88682.6984607904,2344.43911330524,100,100,12.6217945038709,138.678678661966,3.32533548843285,-503.450790170673
88730.9202028567,2326.45130785002,100,100,12.7133949526129,139.240318466479,3.30942303451736,-431.72331268317
88779.4686718336,2302.66115722462,100,100,12.8345430536614,139.983127008625,3.28851104711906,-404.307179750396
88828.0910148408,2287.16445090267,100,100,12.913457919438,140.46698631714,3.27497013623792,-195.09234949837
88876.713357848,2283.68946295384,100,100,12.9311538221582,140.575487132157,3.27194242939012,-71.4689335569545
88925.3357008552,2280.21447689914,100,100,12.9488497152329,140.683987888034,3.26891790512063,63.9989860569285
88974.3644132588,2289.93903148752,100,100,12.8993287458,140.380354576477,3.27738987545651,-156.922274368226
89023.8120784486,2264.76133975564,100,100,13.0275427109038,141.166486820213,3.2555063499834,-447.009592447585
89073.6155788387,2245.5728084117,100,100,13.1252576926553,141.765617326697,3.23893965447514,-353.444587956141
89123.4957710225,2229.52867810791,100,100,13.2069602404821,142.266569053679,3.22516093763826,-195.188454761442
89173.3759632064,2226.10073314056,100,100,13.2244165832279,142.373601028543,3.2222256099432,-68.7235380311858
89223.2561553902,2222.67279153881,100,100,13.241872908835,142.480632898322,3.21929330102027,95.3807983085961
89273.2132758501,2235.6232957215,100,100,13.1759242305749,142.076274587041,3.23038718245681,300.091094692204
89322.8810050253,2252.56932172435,100,100,13.0896289017689,141.547162641995,3.24496910865981,312.22146944368
89372.1750850426,2266.52129720639,100,100,13.0185803673507,141.111535027397,3.25703063649625,-22.4081857036355
89422.1091187962,2250.34579972395,100,100,13.1009518846382,141.616588479669,3.2430515458562,-426.232136609861
89472.638804972,2223.70043120911,100,100,13.2366397938127,142.448546530422,3.22017204202593,-522.64100109315
89523.2468449774,2197.48707726433,100,100,13.370127727644,143.267015632829,3.19784112797043,-292.597879097678
89573.8548849828,2194.08482086737,100,100,13.3874532548448,143.373245524098,3.19495558604392,-67.227586695742
89624.4629249882,2190.6825644704,100,100,13.4047787820457,143.479475415369,3.19207297260275,68.5197432567188
89675.1495621992,2201.02550614351,100,100,13.3521087606288,143.156533978525,3.20084527275837,334.976135280998
89725.5980154678,2224.56040622055,100,100,13.2322604882242,142.421695217264,3.22090762003366,465.966227508395
89775.5127456226,2247.79136010405,100,100,13.1139600204027,141.696346678763,3.24085018344161,464.866502361171
89824.9116063713,2270.72796786079,100,100,12.9971584701319,140.980188616637,3.26067728520551,463.769508950322
89873.8114895635,2293.37932031195,100,100,12.8818095436436,140.272937184866,3.28039300978861,462.675234263795
89922.2283961808,2315.7540363837,100,100,12.7678693502303,139.574323271575,3.30000122155167,461.583665740602
89970.1775007252,2337.86029699677,100,100,12.6552962296677,138.884091440896,3.31950558076221,460.49479123865
90017.6732097427,2359.7058758797,100,100,12.5440505953023,138.20199897087,3.33890955813967,459.408598999819
90064.7292151223,2381.29816764097,100,100,12.4340947910979,137.527814976943,3.35821644809676,458.325077619406
90111.3585427297,2402.64421339277,100,100,12.3253929611497,136.861319611901,3.37742938081697,457.24421602211
90157.5735968649,2423.75072418293,100,100,12.2179109303611,136.202303334253,3.39655133329085,456.16600343551
90203.3862009755,2444.62410246028,100,100,12.1116160951335,135.550566238007,3.41558513941853,455.090429368983
90248.8076350021,2465.27046177185,100,100,12.0064773230616,134.905917437655,3.43453349927334,454.017483596574
90293.8486696924,2485.69564486706,100,100,11.9024648607399,134.268174502904,3.45339898760996,420.802099560639
90338.5195981784,2503.02144423214,100,100,11.8176604000576,133.744236894453,3.46922867246842,419.564889464995
90382.881316551,2523.05061750507,100,100,11.7383676661549,133.231764875645,3.48616582854413,446.625127636288
90426.8908705486,2542.49027503387,100,100,11.6614087437576,132.734376371238,3.50289863534188,445.538360251014
90470.5639313583,2562.11658592883,100,100,11.5837108864331,132.232212101697,3.52088964501993,51.454682574088
90514.8156369262,2547.01441597823,100,100,11.6434982938778,132.618620438053,3.50703726149446,-592.923176361953
90559.7364568127,2509.24412889219,100,100,11.7930256499266,133.585021547584,3.47447945535156,-830.279431493442
90605.3231461632,2471.86789266305,100,100,11.9728808050381,134.699923448825,3.44061402378997,-805.36256926872
90650.9773256078,2435.76214837705,100,100,12.1567443890088,135.827266259658,3.40748916375702,-434.86167508334
90696.6315050524,2432.16138676738,100,100,12.1750807769623,135.93969415152,3.40420597512999,-78.8703609061504
90742.285684497,2428.56062515771,100,100,12.1934171649158,136.052122043382,3.4009264426799,10.8512710786421
90788.0075541672,2433.15293304642,100,100,12.1700314626179,135.908734740729,3.40510970589558,214.224002918988
90833.6431288496,2448.13158258337,100,100,12.0937547304423,135.441050907992,3.41879559994472,391.102808257906
90878.9994868083,2468.74013343117,100,100,11.9888084928214,134.797582615083,3.43772976705671,453.836287111171
90923.977218926,2489.12847062321,100,100,11.884983663242,134.160990133393,3.45658148627055,452.766401484957
90968.5865405019,2509.30214135166,100,100,11.7927959866025,133.583537224601,3.474528454722,451.699122786745
91012.8372230163,2529.26645652163,100,100,11.713760016982,133.072724683321,3.49144356083658,450.634441509751
91056.7386206343,2549.02650475005,100,100,11.6355327120038,132.567138573032,3.5088795382565,449.572348344177
91100.2996947082,2568.58716531214,100,100,11.5580947552905,132.066654051235,3.52684228910407,448.512834165622
91143.5290364605,2587.95312013067,100,100,11.4814276117557,131.571151324949,3.54472132860739,407.12020109561
91186.4348880101,2603.65454253062,100,100,11.4192678465328,131.169410348134,3.55928717253233,405.886358296541
91229.0819944429,2622.67789868764,100,100,11.3439570038364,130.682673446842,3.57701927450131,445.540826792096
91271.4197639591,2641.51877442576,100,100,11.2693685759447,130.20060554049,3.59467329877367,444.491078464547
91313.4555554381,2660.18119380829,100,100,11.1954866321462,129.723103668272,3.61225109228852,443.443867422853
91355.1964461143,2678.66903036052,100,100,11.1222958376887,129.250068721087,3.62975442916001,442.39918542109
91396.6492464159,2696.98601492905,100,100,11.049781422665,128.781405240452,3.64718501453886,441.357024337582
91437.8205138141,2715.13574301917,100,100,10.9779291529659,128.317021230767,3.66454448821518,440.317376168399
91478.7165657611,2733.1216816523,100,100,10.9067253031317,127.856827983852,3.68183442798379,439.280233020389
91519.3434917904,2750.94717578111,100,100,10.8361566309563,127.400739914816,3.69905635279039,438.245587103857
91559.7071648436,2768.6154542971,100,100,10.7662103537037,126.948674408338,3.71621172567631,437.213430732484
91599.8132518833,2786.12963566155,100,100,10.6968741258159,126.500551674598,3.73330195653692,436.183756312849
91639.6672238481,2803.49273318868,100,100,10.6281360179976,126.056294614097,3.75032840470812,435.156556343523
91679.2743649957,2820.70766000677,100,100,10.5599844975758,125.615828690721,3.76729238139381,434.131823410856
91718.6397816831,2837.77723372101,100,100,10.4924084100402,125.179081812439,3.78419515194603,433.109550179965
91757.7684106221,2854.70418079982,100,100,10.4253969616785,124.745984219066,3.80103793800861,432.089729398782
91796.6650266485,2871.49114070438,100,100,10.358939703228,124.316468376614,3.81782191953421,431.072353889484
91835.3342500411,2888.14066977958,100,100,10.2930265144719,123.890468877728,3.83454823668359,430.057416545486
91873.7805534195,2904.65524492306,100,100,10.2276475897142,123.467922347813,3.85121799161562,429.044910332098
91912.008268252,2921.03726704768,100,100,10.1627934240721,123.048767356442,3.8678322501755,428.034828278842
91950.0215909995,2937.28906435142,100,100,10.098454800531,122.632944333693,3.88439204348816,427.02716348009
91987.8245889193,2953.41289540773,100,100,10.0346227777101,122.220395491075,3.90089836946324,426.021909090597
92025.421205553,2969.4109520882,100,100,9.97128867829219,121.811064746748,3.91735219421764,425.019058324593
92062.8152659176,2985.28536232868,100,100,9.90844407807282,121.404897654753,3.93375445342109,424.018604454269
92100.0104814206,3001.03819274883,100,100,9.84676185224097,121.007596058926,3.9498755716847,423.020540804922
92137.0104545159,3016.67145113465,100,100,9.79512738969472,120.694254575972,3.96269380437285,422.024860755225
92173.8186831176,3032.1870887926,100,100,9.74388141193635,120.383270596002,3.97546514436626,421.031557734027
92210.4385647866,3047.58700278339,100,100,9.69301765324008,120.074606095733,3.98819032424172,420.040625220932
92246.8734007037,3062.87303804281,100,100,9.64253002004142,119.768224096635,4.00090988293241,419.052056741683
92283.126399444,3078.04698939667,100,100,9.59241258428215,119.464088624544,4.01411908478482,418.065845867924
92319.2006805619,3093.11060347605,100,100,9.54265957708447,119.162164671278,4.02727447204874,417.081986216616
92355.0992780013,3108.06558053908,100,100,9.49326538273396,118.862418158118,4.0403768126797,416.10047144667
92390.8251433386,3122.91357620455,100,100,9.44422453295367,118.564815901066,4.0534268535004,415.121295260509
92426.38114887,3137.65620310268,100,100,9.39553170145187,118.26932557775,4.06642532099681,414.144451398883
92461.770090552,3152.29503244776,100,100,9.34718169872787,117.975915695914,4.07937292207629,413.169933643079
92496.9946908025,3166.83159553724,100,100,9.29916946712069,117.684555563363,4.09227034478996,412.197735812864
92532.057601172,3181.26738518125,100,100,9.25149007608758,117.395215259311,4.10511825902124,411.227851763463
92566.9614048909,3195.60385706676,100,100,9.2041387176984,117.107865607047,4.11791731714268,410.260275388116
92601.7086193005,3209.84243105971,100,100,9.15711070233483,116.822478147824,4.13066815464265,409.295000614111
92636.3016981742,3223.98449244873,100,100,9.11040145458259,116.539025115942,4.14337139072368,408.332021403089
92670.7430339343,3238.03139313351,100,100,9.06400650930637,116.257479414921,4.15602762887391,407.3713317506
92705.0349597708,3251.9844527609,100,100,9.01792150789749,115.977814594735,4.16863745741321,406.412925683317
92739.1797516672,3265.8449598115,100,100,8.972142194685,115.700004830031,4.18120145001529,405.456797260681
92773.1796303375,3279.61417263926,100,100,8.92666441350209,115.424024899291,4.19372016620703,404.50294057331
92807.0367630807,3293.29332046678,100,100,8.88148410439869,115.149850164886,4.20619415184627,403.551349740203
92840.7532655555,3306.88360433834,100,100,8.83659730049379,114.877456553971,4.21862393957923,402.602018911825
92874.3312034799,3320.38619803304,100,100,8.79200012495945,114.606820540185,4.23101004927851,401.654942267408
92907.7725942601,3333.80224893998,100,100,8.74768878813019,114.337919126109,4.24335298846274,400.710114012459
92941.0794085515,3347.13287889741,100,100,8.70365958473142,114.070729826446,4.25565325269883,399.767528381903
92974.2535717554,3360.37918499769,100,100,8.65990889122075,113.805230651885,4.26791132598758,398.827179637288
93007.296965455,3373.5422403597,100,100,8.61643316323686,113.541400093626,4.28012768113364,397.889062066214
93040.2114287931,3386.62309487032,100,100,8.57322893315043,113.279217108512,4.29230278010043,396.95316998333
93072.9987597948,3399.62277589648,100,100,8.53029280771242,113.018661104758,4.30443707435087,396.019497726611
93105.6607166381,3412.54228896926,100,100,8.48762146579452,112.759711928242,4.31653100517461,395.088039660881
93138.1990188735,3425.38261844126,100,100,8.44521165621799,112.502349849328,4.32858500400232,394.158790174435
93170.6153485974,3438.14472811856,100,100,8.40306019566634,112.246555550199,4.34059949270767,393.231743680307
93202.9113515787,3450.82956186855,100,100,8.3611639666778,111.992310112674,4.35257488389776,392.306894614956
93235.0886383438,3463.43804420458,100,100,8.3195199157143,111.739595006491,4.36451158119225,391.384237436544
93267.1487852188,3475.97108084866,100,100,8.27812505130289,111.488392078025,4.37640997949195,390.463766628234
93299.0933353336,3488.42955927312,100,100,8.2369764422468,111.238683539439,4.38827046523725,389.545476694689
93330.9237995878,3500.81434922224,100,100,8.19657260940772,110.993870984099,4.39988330478282,388.629362162846
93362.6416575811,3513.12630321468,100,100,8.16348840027932,110.798790719587,4.40848279759064,387.715417579846
93394.2483585096,3525.36625702767,100,100,8.1305976672633,110.604851282442,4.41704608784058,386.803637515778
93425.7453220289,3537.53503016367,100,100,8.09789820822416,110.412039687824,4.42557353674873,385.894016562277
93457.1339390865,3549.63342630034,100,100,8.06538786355023,110.220343201632,4.4340654985121,384.986549329771
93488.4155727242,3561.66223372448,100,100,8.03306451498753,110.029749333631,4.44252232050365,384.081230449489
93519.5915588518,3573.62222575074,100,100,8.0009260845147,109.840245830818,4.45094434346047,383.178054574488
93550.6632069934,3585.51416112562,100,100,7.96897053325731,109.651820671017,4.45933190166527,382.277016375725
93581.6318010081,3597.33878441748,100,100,7.93719586043993,109.464462056703,4.4676853231216,381.378110544448
93612.4985997846,3609.0968263931,100,100,7.90560010237417,109.278158409032,4.47600492972293,380.481331790831
93643.2648379132,3620.78900438144,100,100,7.87418133148124,109.092898362083,4.48429103741595,379.586674845246
93673.9317263331,3632.41602262499,100,100,7.84293765534782,108.908670757283,4.49254395635832,378.694134455137
93704.5004529597,3643.97857261931,100,100,7.81186721581365,108.725464638034,4.50080919394181,377.803705386432
93734.9721832888,3655.47733344134,100,100,7.78096818808928,108.543269244509,4.50948460417763,376.915382426273
93765.3480609817,3666.91297206664,100,100,7.75023877990366,108.362074008622,4.51813223343597,376.029160377363
93795.6292084306,3678.2861436764,100,100,7.7196772306791,108.18186854917,4.52675231878195,375.145034059317
93825.8167273056,3689.59749195424,100,100,7.68928181073373,108.002642667122,4.53534509293526,374.262998311636
93855.9116990828,3700.84764937358,100,100,7.65905082050932,107.824386341074,4.54391078438214,373.383047990474
93885.9151855567,3712.03723747557,100,100,7.62898258982439,107.64708972284,4.55244961748359,372.505177969713
93915.8282293345,3723.16686713832,100,100,7.59907547715079,107.470743133188,4.56096181258023,371.62938313953
93945.6518543162,3734.23713883747,100,100,7.56932786891348,107.295337057709,4.56944758609364,370.75565840616
93975.3870661577,3745.24864289861,100,100,7.53973817881225,107.120862142822,4.57790715062462,369.88399869554
94005.0348527206,3756.20195974182,100,100,7.51030484716457,106.947309191896,4.5863407150482,369.014398947045
94034.5961845073,3767.09766011857,100,100,7.48102634026907,106.774669161497,4.59474848460576,368.146854118261
94064.0720150824,3777.93630534139,100,100,7.45190114978829,106.602933157747,4.60313066099428,347.085911129286
94093.4632814817,3787.52960010747,100,100,7.42612241714632,106.450929464291,4.61056511994717,311.59855033257
94122.7801038206,3796.22966068501,100,100,7.40274394905313,106.313078874549,4.61731988518274,269.672796619796
94152.0297389361,3803.32338047731,100,100,7.38368197812221,106.20068040926,4.62283632418952,171.823087529959
94181.22481947,3806.2718121777,100,100,7.3757590658829,106.153963142744,4.62513151700934,130.554167161999
94210.397284777,3810.94350681386,100,100,7.3632054677764,106.079941145431,4.6287709954074,126.865747767939
94239.5339886382,3813.66924852595,100,100,7.35588095950679,106.036752353911,4.63089608013539,86.0466596381979
94268.6498676391,3815.95594698444,100,100,7.34973623137828,106.00052010837,4.632679780903,-159.327902263702
94297.9397772189,3804.36357675133,100,100,7.38088680271095,106.184198722893,4.62364590298409,-425.191743486781
94327.3203643216,3791.00973620877,100,100,7.41677072929552,106.395787455834,4.61326568072198,-425.691764254907
94356.7947139955,3779.30951487979,100,100,7.44821111394399,106.581174947787,4.60419396186404,-401.790156180099
94386.3631325229,3767.28693315186,100,100,7.48051773305533,106.771670170969,4.59489470292318,-405.17267875394
94416.0480032969,3755.30170092856,100,100,7.51272398801467,106.961573599279,4.58564685096866,-449.073634913262
94445.8569187862,3740.56984229985,100,100,7.55231087178807,107.194996732585,4.57431037242379,-507.146005063474
94475.7893824172,3725.00409917071,100,100,7.59413853791156,107.441632586554,4.56236880745779,-515.701136147716
94505.8547190159,3709.62890855503,100,100,7.63545415865141,107.685249176907,4.55061018382036,-527.189105607645
94536.0520056282,3693.23430073853,100,100,7.67950911807639,107.94501821368,4.53811198185174,-537.568927290387
94566.3726482503,3677.09635025466,100,100,7.72287439779072,108.200720570187,4.5258496150136,-512.144999786199
94596.7726795325,3662.1365112148,100,100,7.76307390175458,108.437756004103,4.51451786319813,-403.080698899643
94627.2125385035,3652.57296477042,100,100,7.7887726958509,108.589288341795,4.50729147447975,-235.589038066313
94657.6523974746,3647.79391702707,100,100,7.80161476909717,108.665011326015,4.50368552335251,-156.999633965307
94688.0922564456,3643.0148713376,100,100,7.81445683682433,108.740734277692,4.50008302172496,-60.7108304401236
94718.5720475833,3644.09543447885,100,100,7.81155318912036,108.72361298699,4.50089726169855,30.2088515114723
94749.0428007197,3644.85611727912,100,100,7.80950911156289,108.711560131531,4.5014705668836,5.7572542422873
94779.5071945989,3644.44625361251,100,100,7.81061048144038,108.718054333227,4.50116165334829,59.3353726628111
94809.975014581,3648.47155289575,100,100,7.79979385205946,108.654274331336,4.50419661234486,144.647813032045
94840.4092199133,3653.25559838346,100,100,7.78693834906681,108.578472158931,4.50780682605208,192.74036170622
94870.8035707599,3660.19567081574,100,100,7.76828925341093,108.468508203035,4.51305020881959,188.74110061568
94901.140291082,3664.71804759741,100,100,7.75613689649877,108.396852115031,4.51647089396635,124.700816254855
94931.4395749416,3667.75703003163,100,100,7.747970659811,108.3487000916,4.51877129605643,74.9156780293724
94961.7137538146,3669.25594962861,100,100,7.74394282073333,108.324950032784,4.51990644155439,21.6505372133036
94992.0356991862,3669.06896867457,100,100,7.74444526875988,108.327912705809,4.5197648205373,-119.821022526664
95022.444149856,3661.97917147648,100,100,7.76349669904655,108.440249018435,4.51439886235959,-287.449149724336
95052.9414830269,3651.56165289627,100,100,7.79149025421401,108.605312361056,4.50652811803333,-344.753925528937
95083.5304981754,3640.91941309714,100,100,7.82008767159595,108.773936363086,4.49858792604963,-352.09933632501
95114.1596406263,3630.00678023448,100,100,7.8494116788162,108.946844685085,4.49083279797027,-255.774581662404
95144.7887830771,3625.25110090305,100,100,7.86219095736494,109.022197401841,4.48745672379812,-155.266486453613
95175.417925528,3620.49542157162,100,100,7.87497023591368,109.097550118598,4.48408281857619,-90.1961690273915
95206.0873006992,3619.72220944648,100,100,7.87704798179093,109.109801498516,4.48353446994737,27.5269544078684
95236.7632271832,3622.18407089342,100,100,7.87043256241837,109.070793833075,4.48528057854952,106.366948591558
95267.4183044009,3626.24580116429,100,100,7.85951803708899,109.006436590016,4.48816268570074,160.224773086568
95298.0390451003,3632.00197491488,100,100,7.84405026842604,108.915231254248,4.49224984034445,231.002774804863
95328.6112565574,3640.38154291094,100,100,7.82153301566848,108.782458800569,4.49820541714997,279.174950302542
95359.1130957412,3649.05231996733,100,100,7.79823323712678,108.645072201925,4.50463469577685,235.346544004574
95389.5350694309,3654.7197517183,100,100,7.78300393255132,108.555272964066,4.508912420545,14.5644634205602
95419.9570431206,3649.9384794133,100,100,7.79585198355407,108.631031195987,4.50530324053426,-157.165072891602
95450.3790168102,3645.15720829342,100,100,7.80870003137222,108.70678940913,4.50169751480295,-69.8324845475583
95480.8408943219,3645.68680881509,100,100,7.80727690922408,108.698398002704,4.50209673537605,29.993464855269
95511.2983467068,3646.98439007368,100,100,7.80379009878387,108.677838106581,4.5030750498585,77.7043201030676
95541.7449624619,3650.41931802142,100,100,7.79455989254416,108.623412411599,4.50566604897205,201.346250552505
95572.1629289245,3659.23924549466,100,100,7.77085932274012,108.483662556661,4.51232717445751,313.921918537692
95602.5075784377,3669.49403500391,100,100,7.74330304687196,108.32117762119,4.52008677719756,356.638619330795
95632.7674266158,3680.85314987652,100,100,7.7127792703707,108.141194887716,4.52870065730931,374.94510172638
95662.9338928856,3692.15058562153,100,100,7.68242123564835,107.962189446761,4.5372872783392,374.063538703291
95693.0080542218,3703.38697221253,100,100,7.65222724986408,107.784151316528,4.54584686782987,354.307268707254
95722.990968031,3713.42924388284,100,100,7.62524204375718,107.625033680534,4.55351321132545,341.255164767798
95752.8927986832,3723.82295055078,100,100,7.59731247504432,107.460347632545,4.56146419661236,294.761774415485
95782.7111691762,3731.03247634085,100,100,7.57793931469124,107.346114246114,4.56698914341878,306.114179095634
95812.4719212183,3742.06096473685,100,100,7.54830398493875,107.171370218093,4.5754562877391,329.946677893495
95842.1449632762,3750.64245925875,100,100,7.52524412298905,107.035398282016,4.58205781324845,252.723728024479
95871.7501132194,3757.04197040992,100,100,7.50804760281241,106.933999403424,4.58698825758062,245.569373650783
95901.3048355952,3765.17031204939,100,100,7.48620543585561,106.805207577362,4.59325987750733,207.420206260291
95930.7957545144,3769.2892295061,100,100,7.47513723932043,106.739944215637,4.59644187215408,144.975581951638
95960.2544470235,3773.71656627203,100,100,7.46324027028239,106.669794016253,4.59986509344519,199.818008521884
95989.678578497,3781.05507813045,100,100,7.44352050352852,106.553516873295,4.60554601052732,264.069417198656
96019.0456017472,3789.24151223635,100,100,7.42152223273075,106.423804584591,4.61189331306327,322.306361133902
96048.3491792655,3799.96498596968,100,100,7.39270652664589,106.253893448335,4.62022367351381,365.514647677673
96077.5700622999,3810.6330598158,100,100,7.36403968900672,106.084860111384,4.62852903470719,364.655371278371
96106.709139888,3821.24625907827,100,100,7.3355203082377,105.916696250415,4.63680958484658,363.798124583406
96135.7672860689,3831.80510067892,100,100,7.3071469952864,105.749393674914,4.64506550900097,336.1626230923
96164.745360233,3840.75586714381,100,100,7.28309483997736,105.607570704277,4.65207801935114,193.526566746576
96193.6559018635,3843.00808574736,100,100,7.27704276478861,105.571884784626,4.65384454608302,69.8713361731303
96222.5495002927,3844.79471964612,100,100,7.27224179090755,105.543575954543,4.65524646951315,-8.50783874765255
96251.4296721839,3842.51655582563,100,100,7.27836358508516,105.57967297058,4.65345894550232,14.8997487294542
96280.3269666461,3845.65558937701,100,100,7.26992849488431,105.529935658704,4.65592215338218,213.100945959031
96309.2006735627,3854.82761086845,100,100,7.24528179157959,105.384606949731,4.66312851876845,267.071887231807
96338.0056795444,3861.05995208386,100,100,7.22853448402331,105.285856842837,4.66803292107735,230.033305038466
96366.7641898415,3868.0691367677,100,100,7.20969967258378,105.174797818171,4.67355611788357,245.990261960345
96395.4705879082,3875.1957599458,100,100,7.19054928494033,105.061878005807,4.67917998579119,60.8749683905651
96424.2517051926,3871.56868744755,100,100,7.20029581462438,105.11934818989,4.67631671037273,-298.010464537988
96453.0812917173,3858.02716734129,100,100,7.23668406651251,105.333910665175,4.66564555788294,-346.731802874492
96482.0132399765,3851.54092635513,100,100,7.25411364376524,105.43668375936,4.66054465091095,-346.977286943656
96511.0477936041,3837.91410778299,100,100,7.29073110640946,105.652597770503,4.64985024501461,-467.563348795678
96540.1650270411,3824.35128205675,100,100,7.32717660993997,105.867497828757,4.63923554848755,-418.694488708796
96569.3773370264,3813.49184942318,100,100,7.35635765955122,106.039563204562,4.63075773764425,-397.793131206986
96598.6655488102,3801.08017632498,100,100,7.38970983002443,106.236223496869,4.62109103394068,-379.80961709611
96627.9918448361,3791.2294956557,100,100,7.41618020016386,106.392305414635,4.6134362765539,-251.891942139669
96657.3181408621,3786.3060610015,100,100,7.42941026436241,106.470316178421,4.60961611560042,-167.884606377424
96686.644436888,3781.38262832605,100,100,7.44264032324374,106.548326910854,4.60579977213682,-98.5876833188478
96716.0089163136,3780.51987341755,100,100,7.44495868504374,106.561997076927,4.60513140987789,30.6942163750528
96745.3800970261,3783.18547338726,100,100,7.43779578735059,106.519761218387,4.60719678474574,117.676809922347
96774.7305830572,3787.43005183326,100,100,7.42638991943916,106.452506785298,4.61048789926588,240.16872145925
96804.0481759553,3797.27571089416,100,100,7.39993304317259,106.296504433837,4.61813284741803,350.544644265756
96833.2897535609,3807.95765542598,100,100,7.3712289327604,106.127251318853,4.62644447239286,364.871092133895
96862.4493037548,3818.58459417621,100,100,7.34267263176844,105.958869758654,4.63473123932133,364.01333589799
96891.5277043116,3829.1570461546,100,100,7.31426274553366,105.791351529643,4.6429933340529,363.157605657996
96920.5258182702,3839.67552213259,100,100,7.28599790153071,105.624688538755,4.65123093935843,119.305401505412
96949.6268444587,3836.08858739697,100,100,7.29563657456312,105.681522748617,4.64841982438524,-412.325918318514
96978.8772868404,3815.61569926915,100,100,7.3506505319495,106.005911260282,4.63241432379324,-681.411943506698
97008.2752098929,3796.12489072296,100,100,7.40302548286466,106.314738932077,4.61723847029135,-653.909314955785
97037.8072357457,3777.08085675011,100,100,7.45419987833373,106.616487556794,4.60246842143733,-611.577926196127
97067.4589774826,3759.92940487598,100,100,7.50028859999463,106.888248624973,4.58921494606857,-544.529778986755
97097.1828378471,3744.74907326063,100,100,7.54108060312501,107.128777716352,4.57752294956593,-407.435283975352
97127.0173172704,3735.66323579144,100,100,7.56549571604064,107.272740858018,4.57054212162676,-383.358286753463
97157.0140118012,3721.81229691914,100,100,7.60271542613355,107.492206007141,4.55992478517403,-564.792610577207
97187.1767962905,3701.68560658471,100,100,7.65679909412773,107.811109089186,4.54454956780156,-671.081485638826
97217.3790336857,3681.30244835226,100,100,7.71157193279118,108.134075849946,4.52904177479181,-417.055358198252
97247.5812710808,3676.49359671426,100,100,7.7244940939166,108.21027107047,4.52539238438651,-159.22168238081
97277.783508476,3671.68474625282,100,100,7.73741625188041,108.286466272352,4.52174651622227,-39.3080874421739
97308.0253021112,3674.11765745716,100,100,7.73087862648604,108.247917317283,4.52359060738213,110.191372981077
97338.2470703674,3678.34730915296,100,100,7.71951286916352,108.180899395341,4.5267987312427,257.258414560786
97368.4340872685,3689.65832575227,100,100,7.68911834049194,108.001678768669,4.5353913587344,374.258247295583
97398.5285628504,3700.90815487401,100,100,7.65888823245621,107.823427644426,4.54395690474057,373.378308207169
97428.5315588024,3712.09741800113,100,100,7.62882087503125,107.646136175349,4.55249559360027,372.50044939141
97458.44411763,3723.22672595494,100,100,7.59891462684154,107.469794683105,4.5610076456327,371.624665737332
97488.2672631333,3734.29667915568,100,100,7.5691678744609,107.294393654165,4.56949327723859,370.750952154824
97518.002000871,3745.30786787487,100,100,7.53957903173442,107.119923735804,4.57795270099837,326.841367511914
97547.6493186102,3753.70519137342,100,100,7.51701406707362,106.986869950004,4.58441667046061,293.977241108781
97577.2303130486,3762.71964368437,100,100,7.49279077760904,106.844037890826,4.59136791764021,219.908749761163
97606.7404394744,3766.69984588465,100,100,7.48209533137457,106.780972442521,4.59444118108858,90.5933715206669
97636.2193830942,3768.06366242267,100,100,7.47843053603954,106.759363062634,4.59549480511162,160.461104334286
97665.6876570772,3776.15858151863,100,100,7.45667818085589,106.63110080959,4.60175457719168,294.095848781416
97695.0927601714,3785.37807822482,100,100,7.43190390398047,106.485019866044,4.608896508523,339.861576187871
97724.4262455182,3796.12157076924,100,100,7.40303440411658,106.31479153603,4.61723589044214,365.823631218849
97753.6767134813,3806.8094727558,100,100,7.3743142850612,106.145444026456,4.62555020475846,364.963624929716
97782.8450585704,3817.44231254486,100,100,7.3457421270247,105.976968965565,4.63383964081884,364.105650124204
97811.9321601684,3828.02061004508,100,100,7.31731653292854,105.809358115517,4.6421043848088,363.249701848165
97840.9388828852,3838.54487690643,100,100,7.2890361278866,105.642603369328,4.65034461982739,362.395775164674
97869.8660769002,3849.01561670743,100,100,7.26089955870204,105.476696747904,4.65856052595971,361.543865151539
97898.7145782957,3859.43332513696,100,100,7.23290549337879,105.311630397162,4.66675228034729,360.693966901389
97927.4852093794,3869.79849017077,100,100,7.20505262064717,105.14739658523,4.67492005725646,359.84607552275
97956.1787789985,3880.11159224292,100,100,7.17733964950327,104.983987699735,4.68306402814466,359.000186137467
97984.796082844,3890.37310441226,100,100,7.14976530876153,104.821396245161,4.69118436172484,358.156293882452
98013.3379037464,3900.58349252419,100,100,7.12232834662013,104.659614840287,4.69928122402799,357.314393909418
98041.8050119631,3910.74321536788,100,100,7.09502753023846,104.498636215697,4.70735477846392,356.474481386486
98070.1981654571,3920.85272482901,100,100,7.06786164532669,104.338453211361,4.71540518588024,355.636551493466
98098.5181101688,3930.91246603826,100,100,7.0408294957468,104.179058774277,4.7234326046197,354.800599424737
98126.7655802788,3940.92287751566,100,100,7.01392990312462,104.020445956192,4.73143719057589,353.96662039019
98154.9412984648,3950.88439131104,100,100,6.98716170647247,103.862607911367,4.73941909724744,353.134609611772
98183.0459761502,3960.7974331405,100,100,6.96052376182243,103.705537894423,4.74737847579064,352.304562328767
98211.0803137461,3970.66242251928,100,100,6.93401494186929,103.549229258231,4.75531547507064,351.476473791765
98239.0450008874,3980.47977289091,100,100,6.90763413562348,103.393675451867,4.7632302417112,350.650339263322
98266.9407166617,3990.24989175302,100,100,6.88138024807307,103.238870018619,4.77112292014317,349.826154023485
98294.7681298318,3999.97318077968,100,100,6.85525219985494,103.084806594047,4.77899365265156,349.003913365101
98322.527899053,4009.65003594053,100,100,6.83734542238362,102.932089616251,4.78684483050204,348.183612592026
98350.2206730843,4019.28084761675,100,100,6.81954624180548,102.780100970945,4.79467084987141,347.365247023622
98377.8470909932,4028.86600071398,100,100,6.80183144511103,102.628832886459,4.80247186696873,346.548811992028
98405.4077823565,4038.40587477231,100,100,6.78420033085341,102.478279373083,4.81024804678532,345.734302842302
98432.9033674544,4047.90084407339,100,100,6.76665220730416,102.328434524091,4.81799955203104,344.921714933567
98460.3344574605,4057.35127774478,100,100,6.74918639226032,102.179292514097,4.82572654318083,344.111043636223
98487.7016546265,4066.75753986166,100,100,6.73180221285651,102.030847597447,4.83342917852012,343.302284335279
98515.0055524619,4076.11998954587,100,100,6.71449900538185,101.883094106663,4.84110761418893,342.495432428551
98542.2467359095,4085.43898106253,100,100,6.69727611510139,101.736026450908,4.84876200422494,341.690483325331
98569.4257815162,4094.71486391411,100,100,6.68013289608231,101.58963911451,4.85639250060538,340.887432448497
98596.5432575994,4103.94798293228,100,100,6.66306871102408,101.443926655509,4.86399925328795,340.086275233903
98623.5997244093,4113.13867836736,100,100,6.64608293109323,101.298883704243,4.87158241025065,339.287007129149
98650.5957342871,4122.28728597557,100,100,6.62917493576204,101.154504961978,4.87914211753055,338.489623595882
98677.531831819,4131.3941371042,100,100,6.61234411265114,101.010785199555,4.88667851926174,337.694120106718
98704.408553987,4140.45955877459,100,100,6.5955898573762,100.867719256088,4.89419175771217,336.900492145384
98731.2264303154,4149.48387376319,100,100,6.57891157339804,100.72530203768,4.90168197331973,336.108735211775
98757.9859830134,4158.46740068055,99.8064594130161,99.8064594130161,6.56230867187671,100.58352851618,4.89891696559328,334.802588489971
98784.6877271155,4167.38285431589,99.6026776156367,99.6026776156367,6.54583157996313,100.442829293115,4.89554946203647,332.954819622278
98811.3323470776,4176.22932970505,99.4004724638846,99.4004724638846,6.52948197016641,100.303218650177,4.89220315665283,331.088230183541
98837.9205259402,4185.00760746648,99.1998261150518,99.1998261150518,6.51325839978692,100.164684268036,4.88887785628394,329.234408430629
98864.4529346727,4193.71845493741,99.0007210300021,99.0007210300021,6.49715945067066,100.027214036961,4.88557337069772,327.393229659853
98890.9302324653,4202.36262648905,98.8031399659646,98.8031399659646,6.48118372862679,99.8907960518418,4.88228951252089,325.564571068475
98917.3530670131,4210.94086383228,98.6070659695479,98.6070659695479,6.46532986286266,99.7554186073703,4.87902609717358,323.748311710534
98943.7220747908,4219.45389631402,98.4124823699653,98.4124823699653,6.44959650543607,99.6210701933583,4.87578294280587,321.944332458094
98970.0378813189,4227.90244120464,98.2193727724653,98.2193727724653,6.43398233072409,99.4877394902044,4.87255987023624,320.152515960455
98996.3011014224,4236.28720397688,98.0277210519571,98.0277210519571,6.41848603490756,99.3554153644909,4.86935670289189,318.372746603029
99022.5123394814,4244.60887857634,97.8375113468266,97.8375113468266,6.40310633547121,99.2240868647161,4.86617326675075,316.60491047267
99048.672189674,4252.86814768413,97.6487280529342,97.6487280529342,6.38784197071823,99.0937432171488,4.86300939028527,314.848895321072
99074.7812362124,4261.06568297175,97.4613558177887,97.4613558177887,6.37269169929922,98.9643738218057,4.85986490440784,313.104590525581
99100.840053572,4269.20214534851,97.2753795348911,97.2753795348911,6.35765429975492,98.8359682485473,4.85673964241773,311.371887058303
99126.8492067133,4277.27818520191,97.0907843382421,97.0907843382421,6.34272857007194,98.7085162332838,4.85363343994967,309.650677449984
99152.8092512982,4285.29444263096,96.9075555970066,96.9075555970066,6.32791332725155,98.5820076742933,4.85054613492377,307.940855759219
99178.720733899,4293.25154767301,96.7256789103313,96.7256789103313,6.31320740689051,98.456432628642,4.84747756749699,306.242317539428
99204.5841922025,4301.15012052396,96.5451401023095,96.5451401023095,6.298609662774,98.3317813087088,4.84442758001589,304.554959806803
99230.4001552074,4308.99077175243,96.3659252170872,96.3659252170872,6.2841189664799,98.2080440788057,4.84139601697075,302.878681015364
99256.1691434163,4316.77410250784,96.1880205141066,96.1880205141066,6.26973420699415,98.0852114518937,4.83838272495097,301.213381020737
99281.8916690229,4324.50070472267,96.0114124634818,96.0114124634818,6.25545429033698,97.9632740863909,4.83538755260164,299.558961054561
99307.5682360931,4332.17116130925,95.8360877415029,95.8360877415029,6.24127813919922,97.8422227830669,4.83241035058147,297.915323700951
99333.1993407413,4339.786046351,95.6620332262628,95.6620332262628,6.22720469258884,97.7220484820247,4.82945097152164,296.282372862186
99358.7854713026,4347.34592528856,95.4892359934044,95.4892359934044,6.21323290548695,97.6027422597635,4.82650926998597,294.660013737662
99384.3271084987,4354.85135510077,95.3176833119825,95.3176833119825,6.19936174851334,97.4842953263222,4.82358510243204,293.048152797707
99409.8247256009,4362.30288448085,95.1473626404377,95.1473626404377,6.18559020760086,97.3666990224993,4.82067832717343,291.446697754863
99435.2787885879,4369.70105400783,94.9782616226782,94.9782616226782,6.17191728367861,97.2499448171473,4.81778880434291,289.85555754555
99460.6897562988,4377.04639631336,94.8103680842662,94.8103680842662,6.15834199236363,97.1340243045404,4.81491639585665,288.274642302881
99486.0580805832,4384.33943624417,94.6436700287047,94.6436700287047,6.14486336366065,97.0189292018104,4.81206096537934,286.703863333064
99511.3842064465,4391.58069102025,94.478155633823,94.478155633823,6.13148044166975,96.9046513464505,4.80922237829026,285.143133095293
99536.6685721913,4398.7706703888,94.313813248256,94.313813248256,6.11819228430188,96.7911826938857,4.80640050165014,283.592365178203
99561.9116095557,4405.9098767743,94.1506313880159,94.1506313880159,6.10499796300143,96.6785153151046,4.80359520416906,282.051474281038
99587.1137438469,4412.99880542462,93.9885987331516,93.9885987331516,6.09189656247626,96.5666413943535,4.80080635617499,280.520376188443
99612.2753940729,4420.03794455334,93.827704124495,93.827704124495,6.07888718043465,96.4555532268901,4.79803382958315,278.998987754418
99637.3969730689,4427.02777547858,93.6679365604897,93.6679365604897,6.0659689273287,96.345243216793,4.79527749786637,277.487226880581
99662.4788876223,4433.96877275808,93.5092851941009,93.5092851941009,6.05314092610475,96.2357038748297,4.79253723602583,275.985012498094
99687.5215385926,4440.8614043211,93.3517393298034,93.3517393298034,6.04040231195951,96.1269278163751,4.78981292056292,274.492264548333
99712.5253210303,4447.70613159681,93.1952884206444,93.1952884206444,6.02775223210286,96.018907759385,4.78710442945148,273.008903961566
99737.490624291,4454.50340963958,93.039922065381,93.039922065381,6.01518984552626,95.9116365224195,4.78441164211094,271.534852646042
99762.4178321475,4461.25368725116,92.8856300056877,92.8856300056877,6.00271432277693,95.805107022714,4.78173443938003,270.0700334643
99787.3073228992,4467.95740709978,92.7324021234337,92.7324021234337,5.99032484573778,95.6993122743004,4.77907270349116,268.614370217682
99812.1594694782,4474.61500583634,92.5802284380265,92.5802284380265,5.97802060741263,95.5942453861729,4.77642631804538,267.167787632145
99836.9746395531,4481.22691420783,92.4290991038209,92.4290991038209,5.9658008117166,95.4898995604984,4.77379516798806,265.730211339239
99861.7531956306,4487.79355716792,92.2790044075905,92.2790044075905,5.95366467327176,95.3862680908707,4.771179139585,264.301567860005
99886.4954951538,4494.31535398486,92.1299347660604,92.1299347660604,5.94161141720765,95.2833443606085,4.76857812039923,262.881784592206
99911.2018905987,4500.79271834689,91.9809747596747,91.9809747596747,5.92991890063624,95.1795042394614,4.76602335678811,261.468372323478
99935.8727295682,4507.22593909703,91.8265774616714,91.8265774616714,5.92029047068017,95.0648508997232,4.76370581195361,260.044068256349
99960.5083555364,4513.61457208063,91.6732502700649,91.6732502700649,5.91072877404536,94.9509922064839,4.76140026972279,258.61143957527
99985.1091118962,4519.95903081035,91.5209832605516,91.5209832605516,5.90123319183843,94.8379207900899,4.75910665461888,257.187868713307
100009.675337305,4526.25972333276,91.3697666400139,91.3697666400139,5.89180311334696,94.725629378305,4.75682489192147,255.773281653254
100034.207365774,4532.51705232812,91.2195907441252,91.2195907441252,5.88243793589015,94.6141107945314,4.75455490765349,254.367605255031
100058.705526753,4538.73141520785,91.0704460350115,91.0704460350115,5.87313706467292,94.5033579560732,4.7522966285685,252.970767223317
100083.170145219,4544.90320420971,90.922323098967,90.922323098967,5.86389991264347,94.3933638724399,4.75004998213824,251.582696117286
100107.601541752,4551.03280649069,90.7752126442235,90.7752126442235,5.85472590035426,94.2841216436906,4.74781489654046,250.203321309105
100132.000032625,4557.12060421784,90.6291054987717,90.6291054987717,5.84561445582605,94.1756244588159,4.74559130064713,248.832572987531
100156.365929873,4563.166974657,90.483992608232,90.483992608232,5.83656501441514,94.0678655941556,4.74337912401286,247.470382153652
100180.699541377,4569.17229025939,90.3398650337747,90.3398650337747,5.82757701868369,93.9608384118565,4.74117829686354,246.116680574417
100205.001170936,4575.13691874636,90.1967139500874,90.1967139500874,5.81864991827298,93.8545363583612,4.7389887500854,244.771400804408
100229.271118341,4581.06122319215,90.0545306433885,90.0545306433885,5.80978316977947,93.7489529629335,4.73681041521417,243.434476149213
100253.509679448,4586.94556210476,89.9133065094858,89.9133065094858,5.8009762366338,93.6440818362172,4.73464322442459,-225.594306576418
100278.008894406,4570.06625839669,90.3184097984795,90.3184097984795,5.82623904041009,93.9449060450776,4.74085036213561,-1110.11131913243
100302.715107787,4532.32205914289,91.2242705805707,91.2242705805707,5.88272977699102,94.6175859776132,4.75462570489045,-1525.82164254048
100327.633164264,4494.34847345208,92.1291777496667,92.1291777496667,5.94155020747813,95.2828216857681,4.76856490443942,-1522.0406030476
100352.768104442,4456.13936592976,93.0025287787484,93.0025287787484,6.01216635359164,95.8858186797823,4.78376308937844,-1518.26241756605
100378.125176182,4417.68834936968,93.8814091572645,93.8814091572645,6.08322958379228,96.4926333610458,4.79895963384203,-1514.48679047575
100403.709846778,4378.98877007807,94.765970969644,94.765970969644,6.1547521951014,97.1033707348205,4.81415624038536,-1510.71340758526
100429.527816086,4340.03369208145,95.6563727524241,95.6563727524241,6.22674700623551,97.7181402611652,4.82935466600303,-1506.94193462141
100455.585030665,4300.81588011254,96.552779883142,96.552779883142,6.29922738905081,98.3370561234437,4.84455672568731,-1503.17201547403
100481.887699063,4261.32778125692,97.4553649998418,97.4553649998418,6.37220730246292,98.9602375179676,4.85976429626464,-1499.40327020422
100508.442308329,4221.56150512908,98.3643084541925,98.3643084541925,6.44570132908454,99.5878089668485,4.87497932053755,-1495.63529303995
100535.255641901,4181.50880243145,99.2797988015668,99.2797988015668,6.51972471485151,100.219900656368,4.89020381176278,-1491.94574816311
100562.331977907,4141.16104173227,100,100,6.59429341194086,100.856648803458,4.89477359587922,-1480.47179375524
100589.679093157,4100.93641792814,100,100,6.66863453362903,101.491453665757,4.86151690470369,-1470.44562842428
100617.301921391,4060.33072864147,100,100,6.74367992132965,102.132272312605,4.82816509626527,-1461.04964064539
100645.209890783,4019.80316601193,100,100,6.81858091928151,102.771858003688,4.79509563511138,-1454.60079103205
100673.39887582,3978.73205435456,100,100,6.91233053763974,103.421367676397,4.76182005068854,-1424.82986264923
100701.872826299,3939.06812338337,100,100,7.01891392707663,104.049834136732,4.72995283384548,-1381.5274563844
100730.644113982,3899.6461860865,100,100,7.12484704042137,104.674466259314,4.69853723007695,-1378.10938421902
100759.722280436,3859.34524776522,100,100,7.2331421715038,105.313025964184,4.66668294933492,-1385.5862109588
100789.125389703,3818.6153368482,100,100,7.34259002124294,105.958382647624,4.63475523812653,-1402.31710542568
100818.860548331,3776.41464311079,100,100,7.45599010199611,106.627043568704,4.60195275636935,-1410.46896402959
100848.943448432,3734.24382152245,100,100,7.56930991145949,107.295231172002,4.56945271434804,-1410.45112480572
100879.363593531,3691.07805495429,100,100,7.68530329879717,107.979183464639,4.53647126306546,-1374.36497560472
100910.125115308,3650.15788141894,100,100,7.79526241492489,108.627554818369,4.50546878218214,-1316.09193246271
100941.234561976,3609.65017253017,100,100,7.90411317192182,109.269390758434,4.47639678473117,-1292.86824654675
100972.681891581,3569.28021176926,100,100,8.01259377744873,109.909044109023,4.44788520319217,-1244.37000964004
101004.495298544,3530.93040915721,100,100,8.11564589171337,110.516688487984,4.42094352126878,-1234.54136595692
101036.657287346,3490.29993929389,100,100,8.23079883904047,111.201195023934,4.3900539069656,-1212.88538511311
101069.183561018,3452.47096101414,100,100,8.35574265522662,111.959411120685,4.3541269410468,-1169.5786611849
101102.061743019,3413.80428359236,100,100,8.48345327433425,112.73441744024,4.31771420353736,-1137.31912151825
101135.309231804,3377.264971206,100,100,8.60413750473054,113.466784426487,4.28358907775927,-1107.20888047237
101168.944632832,3339.75095403975,100,100,8.72804104847846,114.218687675338,4.24883746721583,-1123.39487934577
101202.988803788,3301.23408660286,100,100,8.85525686619134,114.990691314219,4.21345237356591,-1140.61976238787
101237.464344335,3261.59601698631,100,100,8.98617585764597,115.785167501367,4.17734593880739,-1159.07541982571
101272.396072522,3220.78582745605,100,100,9.12096619698539,116.603136794233,4.14049476515786,-1177.96571488255
101307.815917342,3178.724275996,100,100,9.25988960948849,117.446187461251,4.10285198737982,-1203.4792417645
101343.745179726,3134.9186580176,100,100,9.4045734293934,118.324194909239,4.06400854694358,-1219.18638161996
101380.20319559,3090.4706921535,100,100,9.55137883438488,119.215077103751,4.02496592896191,-1214.68598002414
101417.236853756,3045.64935192486,100,100,9.69941744260026,120.113442938218,3.98658651461153,-1234.45416595877
101454.861442014,2998.30850883221,100,100,9.85688723764761,121.071683792705,3.94726724224117,-1244.5656232949
101493.112436474,2951.21721002657,100,100,10.0433151932327,122.276574910196,3.89864607113772,-1238.20625273236
101531.925374093,2902.88746627186,100,100,10.2346459815239,123.513153225884,3.84942982409273,-1154.52546365049
101571.377020504,2860.85875486191,100,100,10.4010318520087,124.588511568971,3.80718208328269,-1111.68690860131
101611.394732693,2814.54242068129,100,100,10.584391829552,125.773574225223,3.7612074984809,-1067.15284416012
101652.086273131,2774.72964637097,100,100,10.7420051107545,126.792234983066,3.7221683284882,-1046.52962706036
101693.342421163,2728.78173682834,100,100,10.9239065459813,127.967871023679,3.6776544510648,-1001.14361030303
101735.283553685,2691.43722054976,100,100,11.0717483341398,128.923378242471,3.6418953443599,-963.507329457802
101777.722881275,2647.4805450474,100,100,11.2457667484979,130.048066013046,3.60027870528863,-878.522246370953
101820.694523722,2616.40178328813,100,100,11.3688032788941,130.843255887526,3.57115888154339,-734.802009975875
101864.126646296,2583.99088484048,100,100,11.4971135546673,131.672530183202,3.54105557766717,-683.811836601535
101908.155907024,2556.59465414068,100,100,11.6055714526153,132.37349778996,3.51581804649358,-700.918172211572
101952.681264132,2521.92134396598,100,100,11.7428383043094,133.26065878367,3.48520808193789,-701.459486709931
101997.643991987,2493.82238799587,100,100,11.8610805284897,134.014430240795,3.46093864008923,-581.09562128886
102042.782409299,2469.56396303633,100,100,11.9846132527902,134.771859883116,3.43848918744933,-374.085166987052
102088.186355997,2459.95183263579,100,100,12.0335617173624,135.071982933288,3.4296406593565,-262.642923994493
102134.154806723,2445.5656494045,100,100,12.1068213955901,135.521167974666,3.41644661165396,-479.45797857741
102180.829175173,2415.53349382395,100,100,12.2597560565035,136.458872912124,3.38909192705002,-706.675943741486
102228.349945236,2379.00021099997,100,100,12.4457968222339,137.599564914524,3.35615563120089,-822.769597295273
102276.732226695,2336.6273787438,100,100,12.6615746979064,138.922587296786,3.31841431474517,-860.993081339618
102325.88802958,2295.02059521266,100,100,12.8734515748081,140.221691060557,3.28182683235664,-785.517922446563
102375.675219783,2258.90588437267,100,100,13.0573608197334,141.349313837373,3.25044080152422,-646.303210155062
102426.091040801,2230.25906739333,100,100,13.2032408325494,142.243763842865,3.22578675558437,-555.582654229641
102477.290591277,2202.45014656751,100,100,13.344853973353,143.112051911425,3.2020556969023,-596.785731311774
102529.18096684,2168.73647049126,100,100,13.516536275845,144.164706304871,3.17354887990031,-602.590456953594
102581.152874481,2139.86372587136,100,100,13.6635667943917,145.066210531413,3.14936152168172,-310.068502125034
102633.124782123,2136.5067673813,100,100,13.6806616481727,145.171026069629,3.14656273073189,-78.4855271061947
102685.599358902,2131.66618848719,100,100,13.7053116367428,145.322165228355,3.14253189484425,-194.378532362822
102738.415297524,2116.04055152593,100,100,13.7848830642354,145.810050185203,3.12955943093466,-277.003682551721
102791.381725507,2102.36408338857,100,100,13.8545286150342,146.237075533583,3.1182541515426,-184.55443123146
102844.886598678,2096.39080109898,100,100,13.8849467413338,146.423581503184,3.11333077087331,-252.768359041287
102898.47688575,2075.29381547268,100,100,13.9923802665231,147.08230037317,3.09601094339874,-227.696622914233
102952.067172821,2071.98614632461,100,100,14.0092241210449,147.1855769323,3.09330518424678,-61.7214104455488
103005.657459893,2068.67847926421,100,100,14.0260679649355,147.288853426246,3.09060204877262,-109.672570022902
103060.075572793,2060.14058751562,100,100,14.0695460155197,147.555435131534,3.08363669177196,-258.35130310926
103114.857808478,2040.46642690729,100,100,14.1697339981412,148.169728617503,3.06765223472254,-303.106880093608
103169.728616781,2026.90399545965,100,100,14.2387988326332,148.593193356765,3.05668662995709,-153.399105024847
103224.599425084,2023.63216113595,100,100,14.2554602031937,148.695351032115,3.05404774102958,-59.6279592900729
103279.470233387,2020.36032681224,100,100,14.2721215737543,148.797508707466,3.05141136379378,150.839492540368
103334.429901183,2040.19893441619,100,100,14.1710961672108,148.178080633027,3.06743554012764,22.5930814034788
103389.41093089,2022.84422594048,100,100,14.2594726558336,148.719953019848,3.05341260948338,-187.551807843045
103444.391960597,2019.57535137895,100,100,14.2761189542085,148.822018281466,3.05077921982228,-59.4545702040372
103499.372990304,2016.30647895927,100,100,14.2927652416764,148.924083476208,3.04814833459862,166.061687739633
103554.443156248,2037.85063866652,100,100,14.1830545433998,148.251402326942,3.06553392079445,432.299674898634
103608.931120323,2063.66842294899,100,100,14.0515809941841,147.445284240249,3.08651264916638,473.269290001241
103662.737405846,2089.10298128498,100,100,13.9220589708926,146.65113175693,3.10733560755545,472.151231000544
103715.888606808,2114.1685318576,100,100,13.7944160693649,145.868500937474,3.12800928320117,471.036004072636
103768.409647925,2138.87841193527,100,100,13.6685843713786,145.096975347489,3.14853974931703,414.706625084565
103820.323927751,2157.4785513455,100,100,13.573865695391,144.516216416763,3.16409320838428,413.164265248872
103871.790642134,2181.59174444833,100,100,13.4510725445354,143.763321401627,3.1843849696749,467.970220814378
103922.688493518,2205.38211979105,100,100,13.3299232991446,143.020505843051,3.20454842574658,466.865500268504
103973.037288583,2228.86031069325,100,100,13.2103638104873,142.287437733021,3.22458838192102,465.763536380914
104022.855723528,2252.03636306999,100,100,13.0923429211095,141.563803404271,3.24450936877034,464.664315211036
104072.161469301,2274.91978024743,100,100,12.9758122366175,140.849306130986,3.26431566333283,463.567823344381
104120.971248597,2297.51956346252,100,100,12.8607259194384,140.143664864264,3.28401130827096,462.474047852639
104169.30090557,2319.84424854488,100,100,12.7470405020227,139.446613086786,3.30360012921037,461.382976265455
104217.165469089,2341.90193921265,100,100,12.6347147172897,138.757897773209,3.32308575046647,460.294596507767
104264.579210258,2363.70033735719,100,100,12.523709344407,138.077278444571,3.3424716093382,459.208896879671
104311.555694813,2385.24677064359,100,100,12.4139870682383,137.404526306514,3.36176096912506,458.125866049421
104358.107830951,2406.54821771258,100,100,12.3055123510066,136.739423462398,3.38095693100422,457.045493001691
104404.24791307,2427.61133123428,100,100,12.1982513148954,136.081762193478,3.40006244488715,455.967767008697
104449.987661835,2448.44245903389,100,100,12.0921716344698,135.431344299294,3.419080319361,454.89267762852
104495.33826094,2469.04766348298,100,100,11.9872424379284,134.78798049221,3.43801323080705,453.820214691363
104540.310390896,2489.43273932786,100,100,11.8834342163151,134.151489840751,3.45686373177816,452.750368256562
104584.914260137,2509.60323010637,100,100,11.7916040177587,133.57583348367,3.47478277907738,451.683128598705
104629.159633692,2529.56444328759,100,100,11.7125803284837,133.06510031074,3.49169683133464,450.618486225692
104673.055859654,2549.32146425423,100,100,11.6343650080173,132.559591656816,3.50914968952282,449.556431826915
104716.61189366,2568.879169234,100,100,11.5569387520467,132.059182757373,3.5271111685506,448.496956271099
104759.836321543,2588.24223727525,100,100,11.4802830368649,131.563753892976,3.54498896803037,447.440050624543
104802.737380335,2607.41516135193,100,100,11.4043800754079,131.073190105138,3.56278516212092,446.385706100415
104845.322977763,2626.40225867418,100,100,11.3292127764364,130.587380932515,3.58050173974762,445.333914059841
104887.600710362,2645.207680273,100,100,11.2547647065912,130.106220165669,3.59814060931958,444.284666018868
104929.577880328,2663.83541992072,100,100,11.1810200550786,129.629605618826,3.6157036031172,443.237953630638
104971.261511216,2682.28932244263,100,100,11.1079636007658,129.157438917214,3.6331924813778,442.193768678812
105012.658362577,2700.57309147006,100,100,11.0355806814872,128.689625298687,3.65060893610446,441.152103054416
105053.774943625,2718.6902966801,100,100,10.9638571653836,128.226073428491,3.66795459462057,440.112948782422
105094.617525998,2736.64438056302,100,100,10.8927794241111,127.766695226108,3.68523102289044,439.076297994594
105135.192155708,2754.43866475454,100,100,10.8223343077719,127.311405703239,3.7024397286246,438.042142908083
105175.504664319,2772.07635596685,100,100,10.752509121435,126.860122812052,3.71958216418661,437.010475868321
105215.560679425,2789.56055154894,100,100,10.6832916031229,126.412767302911,3.7366597293166,435.98128930207
105255.365634484,2806.8942447043,100,100,10.614669903156,125.969262590875,3.75367377368536,434.954575714192
105294.924778046,2824.08032939158,100,100,10.5466325647512,125.52953463031,3.77062559929206,433.930327709525
105334.243182425,2841.12160493126,100,100,10.4791685057849,125.093511797021,3.78751646271651,432.908537975408
105373.325751857,2858.02078033995,100,100,10.412267001634,124.661124777354,3.80434757723728,431.889199268724
105412.177230179,2874.78047841151,100,100,10.3459176690195,124.232306463771,3.82112011482476,430.872304433421
105450.802208059,2891.40323956304,100,100,10.2801104507805,123.806991856452,3.8378352080183,429.857846376742
105489.20512982,2907.89152546211,100,100,10.2148356015148,123.385117970484,3.8544939516957,428.845818064968
105527.390299871,2924.24772245019,100,100,10.1500836740256,122.966623748266,3.87109740474207,-85.7399149595401
105566.40175368,2901.27269349719,100,100,10.2410386441761,123.554469252885,3.84779722019819,-989.307319709672
105606.179686763,2846.30080528249,100,100,10.4586647660806,124.960995330982,3.79266619439928,-1366.81067404651
105646.747289197,2791.45555794057,100,100,10.6757895342403,126.364281140355,3.73851573216309,-1332.30324236601
105688.129778256,2737.11843267418,100,100,10.8909027171999,127.754565996453,3.68568836127668,-1295.01401643762
105730.325777627,2683.22024395104,100,100,11.1042782109374,129.133620099619,3.63407710174311,-1239.24188986651
105773.366453982,2631.48957356155,100,100,11.3090727986077,130.457215473605,3.58526442904719,-1190.16165062639
105817.182785778,2579.84636376158,100,100,11.5135211418695,131.778573056532,3.53722544590444,-1100.89963175385
105861.760300605,2534.17682036498,100,100,11.6943205639257,132.947086743223,3.49562006723019,-990.067205001731
105907.01695145,2490.90450244104,100,100,11.8759394631644,134.105536444756,3.4582293461664,-884.676593123463
105952.925412787,2453.5251795081,100,100,12.0662885728908,135.272644665776,3.42373927907967,-780.770770465642
105999.508360537,2418.68991370673,100,100,12.24368241826,136.360318863919,3.39195501101339,-744.611582458869
106046.74089621,2383.66908393735,100,100,12.4220212228564,137.453786993455,3.36034422001313,-712.21198738239
106094.709472503,2350.88654055241,100,100,12.5889618589691,138.477368291574,3.33106033601349,-711.842721490107
106143.468829194,2314.8140088779,100,100,12.7726563122405,139.603674092936,3.29917473969172,-747.753442177528
106193.156682158,2277.27230066011,100,100,12.9638323469077,140.775852528879,3.26635960564802,-797.957283916531
106243.845317463,2234.7178589297,100,100,13.1805350440865,142.104545369934,3.22961014913806,-846.473805024328
106295.553342476,2190.59620997896,100,100,13.405218530529,143.482171693123,3.19199984551628,-836.312803188076
106348.24143842,2147.41004637018,100,100,13.6251381853118,144.830589016587,3.15566326766606,-781.954696002915
106401.865050254,2107.46527084186,100,100,13.82855151288,146.077799298848,3.12246558195754,-709.072050780128
106456.427270875,2070.69849628597,100,100,14.0157813034458,147.225781698678,3.09225256236289,-657.34231631193
106511.987351275,2035.07722241112,100,100,14.1971777878487,148.337997713322,3.06328972110985,-644.724575275069
106568.368540846,1998.52720854816,100,100,14.3789579115267,149.447159108734,3.03456762532852,-578.695677597191
106625.441845982,1969.4215967202,100,100,14.4412908270179,149.7224960374,3.024827159656,-460.849238983498
106683.348354059,1945.53884913048,100,100,14.4924383959474,149.948425057835,3.01686666212606,-445.983592631224
106741.761466656,1917.54495439851,100,100,14.5523904452261,150.213245225247,3.00757245091042,-381.651948595427
106800.272570114,1900.9144942351,100,100,14.5880064313827,150.370568144647,3.00206960167709,-169.31826381117
106858.783673572,1897.73095749614,100,100,14.5948243305454,150.400684166024,3.00101777759162,-54.409070703569
106917.29477703,1894.54742470512,100,100,14.6016422212532,150.430800150053,2.99996841415119,111.151630652995
106975.904200549,1910.74909505257,100,100,14.5669445363341,150.277533550502,3.00532209939891,190.952315175563
107034.016661613,1916.8357387979,100,100,14.5539093095729,150.219954352215,3.00733749625354,207.747963595314
107091.944594686,1934.85625062933,100,100,14.5153163726597,150.049481647158,3.01331530044267,108.095148000433
107150.11900652,1929.38583895382,100,100,14.5270318696809,150.101231335781,3.01149891995647,-223.159789365303
107209.089085193,1908.71431080248,100,100,14.5713022538579,150.296782458556,3.00464875928031,-392.669412778165
107268.348939827,1882.96056046936,100,100,14.6264567839391,150.540411026142,2.99636905650965,-294.733427772328
107327.709078453,1873.75303358663,100,100,14.6461757301841,150.627513547383,2.99351346813187,-104.220410368961
107387.069217079,1870.58748445504,100,100,14.6529551068785,150.657459407329,2.99253266567348,-53.3278257465481
107446.429355706,1867.4219393287,100,100,14.6597344749952,150.687405229385,2.99155234958447,-4.11123582265975
107505.890118188,1870.09898370992,100,100,14.6540012857337,150.662080588138,2.99238135356155,-37.835254938899
107566.155780377,1862.89205952835,100,100,14.6694357180561,150.730257556243,2.99015036509373,-228.94028028821
107626.52449954,1842.4809146308,100,100,14.7131484624402,150.923345472755,2.98384546112125,-195.105107691528
107686.893218704,1839.33556862116,100,100,14.7198845718945,150.953100212665,2.98287566311192,-52.1022147984459
107747.261937868,1836.19022668482,100,100,14.7266206726255,150.982854914043,2.98190634182225,108.171639342202
107807.73406694,1852.40712127435,100,100,14.6918903832932,150.829444294291,2.98690910966472,338.448299632738
107867.676792875,1876.94442961246,100,100,14.6393409994815,150.597323177736,2.99450277035261,444.68101931486
107926.835887112,1905.36944007069,100,100,14.5784656677688,150.328424687536,3.00354234200377,479.92022735237
107985.112423963,1933.30416438348,100,100,14.5186403385454,150.064164267901,3.01279979713116,478.785061756354
108042.546910701,1960.77014964564,100,100,14.4598188663033,149.80433808491,3.02194016389627,477.652852767116
108099.176869297,1987.78737209656,100,100,14.4019584696968,149.548757164822,3.03096842110951,476.523575883836
108155.037135816,2014.37439396942,100,100,14.3026041212728,148.984409669901,3.04659451077244,475.397208183618
108210.160122249,2040.54850070508,100,100,14.1693160485072,148.167165997407,3.06771872576773,474.273728162084
108264.576046375,2066.32582145905,100,100,14.0380485542978,147.362311318209,3.08868097222307,473.153115587284
108318.31313432,2091.72143532662,100,100,13.9087248504063,146.569374812219,3.10948814239591,472.035351352724
108371.397799665,2116.74946530541,100,100,13.7812730173911,145.787915511937,3.13014667876883,470.920417361872
108423.854802352,2141.42316168532,100,100,13.6556255799562,145.017519698733,3.15066261369913,93.83351600461
108476.151641258,2126.57888657707,100,100,13.73121802866,145.481007909715,3.13830182170649,-173.920267354931
108528.448480164,2123.23220127662,100,100,13.7482605676224,145.585502684389,3.13552253059315,-63.9940266083244
108580.745319069,2119.88551597617,100,100,13.7653031065849,145.689997459062,3.13274598507025,144.171157090305
108633.124719538,2138.32349582703,100,100,13.6714102060618,145.114301695349,3.14807704320834,371.395646067337
108685.052471633,2158.62473829212,100,100,13.5680288945142,144.480428604056,3.16505446060476,429.52666097507
108736.491858211,2182.72243775579,100,100,13.4453146429053,143.728017352462,3.18534005021383,467.917987413445
108787.363343503,2206.49783554805,100,100,13.3242416686498,142.985669443401,3.20549756805498,466.813397370363
108837.686679698,2229.96153617042,100,100,13.2047559697684,142.253053768659,3.22553180596436,465.711563319525
108887.480512725,2253.12355894155,100,100,13.0868065242459,141.529857491398,3.24544728208063,464.612471343509
108936.762467081,2275.99338259674,100,100,12.9703450629141,140.815784653611,3.26524826195765,463.516108045314
108985.549222455,2298.57998559663,100,100,12.8553258641853,140.110554917551,3.28493877763149,462.422460531761
109033.856583123,2320.89188264004,100,100,12.7417055681158,139.413902425674,3.30452264487888,461.331516332455
109081.699540919,2342.93715780947,100,100,12.6294430076167,138.725574765725,3.32400347887228,460.243263396867
109129.092332493,2364.72349472214,100,100,12.5184990549141,138.045332029325,3.34338470840997,459.157690065755
109176.048491484,2386.25820401102,100,100,12.4088364816056,137.372945953915,3.36266958887636,458.074784997108
109222.580896152,2407.54824841992,100,100,12.300419830867,136.70819913921,3.3818612140683,456.994537193932
109268.701812923,2428.60026576152,100,100,12.1932153005413,136.050884330364,3.40096252700629,455.916935949296
109314.422936303,2449.4205899569,100,100,12.0871906359984,135.400803761052,3.4199763298349,454.841970833914
109359.755425482,2470.01527034941,100,100,11.9823150317814,134.757768550422,3.43890529290462,453.769631686778
109404.709938,2490.39008946305,100,100,11.8785590411747,134.121598148621,3.45775196311601,452.699908572826
109449.296660722,2510.55057935605,100,100,11.7878535927689,133.5515943413,3.47558314327595,451.63279179156
109493.525338408,2530.5020367034,100,100,11.7088685254944,133.041110783859,3.49249388156214,450.568271836333
109537.405300084,2550.24953672724,100,100,11.6306908971271,132.535845735436,3.50999984641761,443.698646567388
109580.945483423,2569.29023672928,100,100,11.5553113925409,132.048665069683,3.52748971910761,442.608634231266
109624.162995716,2588.64924189997,100,100,11.4786717617032,131.553340159026,3.54536577342457,447.417749719513
109667.057309318,2607.81819609546,100,100,11.4027845164582,131.062877945677,3.56316026523516,446.363459202495
109709.636325201,2626.80141291845,100,100,11.3276325798479,130.577168060591,3.58087518171616,445.311720991805
109751.907633509,2645.60303998767,100,100,11.2531995320219,130.096104381639,3.59851242962414,444.262526611595
109793.878530394,2664.22706784482,100,100,11.1794695749761,129.619584805706,3.61607383967623,443.215867707238
109835.556033685,2682.67733825399,100,100,11.1064274996966,129.147511036344,3.63356117062975,442.171736056506
109876.946897509,2700.95755194344,100,100,11.0340586555106,128.679788385687,3.65097611308547,434.958793362402
109918.057625928,2718.56213126649,100,100,10.9643645545753,128.229352704543,3.66783157856979,418.949006003492
109958.902133807,2735.29261672727,100,100,10.8981308706569,127.801281832975,3.68392725220427,406.325549734647
109999.496815235,2751.6529546316,100,100,10.8333625498516,127.382681660118,3.69974000964696,420.299789647107
110039.850135302,2769.31504472797,100,100,10.7634407716985,126.930774492272,3.7168927647726,437.17242565461
110079.946090654,2786.82315950868,100,100,10.6941285605788,126.482806979837,3.73398043289272,436.142849809782
110119.79014463,2804.18030821011,100,100,10.6254140033408,126.038702127651,3.75100437138329,435.115748111256
110159.387574248,2821.38940007375,100,100,10.5572855826987,125.59838549905,3.76796588958176,434.09111315508
110198.743478962,2838.45324899759,100,100,10.4897321588185,125.161785096852,3.78486625106149,433.068937616893
110237.862788899,2855.37457791191,100,100,10.422742951995,124.728831251405,3.80170667577025,432.049214239108
110276.750272611,2872.15602289895,100,100,10.3563075263422,124.299456515172,3.81848834204232,431.031935850733
110315.410544373,2888.80013707475,100,100,10.2904157744258,123.873595563413,3.8352123884934,430.017095343449
110353.84807107,2905.30939424967,100,100,10.2250579027721,123.451185100526,3.85187991580628,429.004685689733
110392.067178683,2921.68619238295,100,100,10.160224418191,123.032163771657,3.86849198841529,427.994699919718
110430.072058427,2937.93285684521,100,100,10.0959061148612,122.616472079223,3.88504963609592,426.987131126551
110467.866772534,2954.05164350194,100,100,10.0320940621223,122.20405230402,3.90155385546656,425.981972478471
110505.455259734,2970.04474162971,100,100,9.96877959293053,121.794848430607,3.91800561140781,424.979217188469
110542.841340432,2985.91427667628,100,100,9.90595429293129,121.388806076684,3.93440583840507,423.978858522618
110580.028721616,3001.66231287452,100,100,9.84470047089237,120.995086656158,3.95038635197465,422.980889803213
110617.021001499,3017.2908557197,100,100,9.79308158311631,120.681839688017,3.96320270512889,421.985304430947
110653.821673923,3032.80185431865,100,100,9.74185092751998,120.370948689919,3.97597219514936,420.992095835088
110690.434132541,3048.19720361889,100,100,9.69100224535717,120.062375680936,3.98869555374212,420.001257477598
110726.861674781,3063.47874652517,100,100,9.64052944977165,119.756083723245,4.00143634757131,419.012782898331
110763.107505608,3078.6482759103,100,100,9.59042661915566,119.452036881829,4.01464339388424,418.026665669189
110799.174741109,3093.70753652658,100,100,9.54068799083678,119.150200186161,4.02779665656981,417.042899414016
110835.066411888,3108.65822682397,100,100,9.49130795507268,118.850539593766,4.04089690272724,416.061477791819
110870.785466312,3123.50200068028,100,100,9.44228104933665,118.553021955537,4.05394487835534,415.082394493494
110906.334773585,3138.24046904879,100,100,9.39360195287566,118.257614982718,4.06694130914707,414.105643272611
110941.717126686,3152.87520152785,100,100,9.34526548152624,117.964287215438,4.07988690124617,413.131217919987
110976.935245162,3167.40772785712,100,100,9.29726658277256,117.673007992726,4.09278234196815,412.159112246716
111011.9917778,3181.83953934445,100,100,9.24960033103371,117.383747423909,4.10562830048757,411.189320098404
111046.889305164,3196.17209022747,100,100,9.2022619231665,117.096476361322,4.1184254284936,410.221835393443
111081.630342021,3210.40679897335,100,100,9.15524667417257,116.811166374256,4.13117436081555,409.256652051659
111116.217339664,3224.54504952026,100,100,9.10855001309799,116.527789724078,4.14387571602014,408.293764019632
111150.65268812,3238.58819246358,100,100,9.06216747911543,116.246319340451,4.15653009698186,407.333165318605
111184.938718263,3252.53754619005,100,100,9.01609471777816,115.966728798606,4.16913809142823,406.374849965902
111219.077703844,3266.39439796233,100,100,8.97032747743794,115.6889922976,4.18170027246081,405.418812015969
111253.071863416,3280.16000495689,100,100,8.92486160581698,115.413084639517,4.19421719905378,404.465045572498
111286.923362191,3293.83559525755,100,100,8.87969304672647,115.138981209553,4.20668941653086,403.513544748431
111320.634313809,3307.42236880686,100,100,8.83481783692423,114.866657956944,4.21911745702193,402.564303695968
111354.206782036,3320.92149831773,100,100,8.79023210310382,114.5960913767,4.23150183990028,401.617316595325
111387.642782389,3334.33413014712,100,100,8.74593205900876,114.327258492089,4.24384307220156,400.672577656744
111420.944283695,3347.66138513381,100,100,8.70191400266558,114.060136837845,4.25614164902537,399.730081116222
111454.113209585,3360.90435940201,100,100,8.65817431372956,113.794704444066,4.26839805392018,398.789821230103
111487.151439929,3374.06412513252,100,100,8.6147094509377,113.530939820751,4.28061275925271,397.851792287703
111520.060812209,3387.14173130304,100,100,8.5715159496636,113.268821942966,4.29278622656229,396.915988611039
111552.843122841,3400.13820439906,100,100,8.52859041956947,113.008330236594,4.30491890690104,395.98240453988
111585.500128443,3413.05454909683,100,100,8.4859295423504,112.749444564647,4.3170112411605,395.051034436432
111618.033547054,3425.89174891976,100,100,8.44353006956634,112.492145214107,4.3290636603855,394.121872682417
111650.445059305,3438.65076686939,100,100,8.4013888205581,112.236412883283,4.34107658607566,393.194913697515
111682.736309542,3451.33254603222,100,100,8.35950268044307,111.982228669647,4.3530504304753,392.27015192581
111714.908906911,3463.93801016352,100,100,8.317868598187,111.729574058129,4.3649855968522,391.347581822164
111746.964426399,3476.4680642492,100,100,8.2764835847482,111.478430909862,4.37688247976581,390.427197872243
111778.904409835,3488.92359504656,100,100,8.23534471129151,111.228781451335,4.38874146532515,389.508994576401
111810.730366857,3501.30547160521,100,100,8.19525288423365,110.986089255509,4.40022606582576,388.59296645588
111842.443775839,3513.61454576878,100,100,8.1621764136706,110.791054621267,4.40882411160376,387.679108075471
111874.046084784,3525.85165265831,100,100,8.12929333079778,110.597160293012,4.41738596932863,386.76741400286
111905.538712191,3538.01761113832,100,100,8.09660143519394,110.404393296013,4.42591199993348,385.857878821732
111936.923047882,3550.11322426606,100,100,8.06409856891454,110.212740905999,4.43440255734018,384.950497143815
111968.200453806,3562.13927972491,100,100,8.03178261532711,110.022190642297,4.44285798865419,384.045263605997
111999.372264808,3574.09655024239,100,100,7.99965149798797,109.832730261206,4.45127863435242,383.142172865819
112030.439789378,3585.98579399369,100,100,7.96770317955792,109.644347749602,4.45966482846454,382.241219592459
112061.404310368,3597.80775499106,100,100,7.93593566075587,109.457031318771,4.46801689874784,381.342398471054
112092.267085689,3609.56316345991,100,100,7.90434697934819,109.27076939845,4.47633516685617,380.445704216365
112123.029348977,3621.25273620202,100,100,7.87293520917271,109.085550631066,4.48461994850298,379.5511315655
112153.692310244,3632.87717694642,100,100,7.84169845919585,108.901363866186,4.49287155361883,378.65867525399
112184.257156503,3644.43717668852,100,100,7.81063487260133,108.718198155136,4.50115481237317,377.768330058715
112214.725052369,3655.93341401789,100,100,7.77974262590937,108.53604274581,4.5098291129725,376.880090769828
112245.097140647,3667.36655543515,100,100,7.74901992812513,108.354887077648,4.5184756421086,375.993952181318
112275.374542895,3678.73725565854,100,100,7.71846501991494,108.174720776781,4.52709463667153,375.109909114727
112305.55835997,3690.04615792036,100,100,7.68807617280973,107.995533651331,4.5356863292105,374.227956422098
112335.649672554,3701.29389425391,100,100,7.65785168843391,107.817315686867,4.54425094804561,373.34808894878
112365.649541671,3712.48108577111,100,100,7.62778989775943,107.640057042004,4.55278871737595,372.470301565941
112395.559009174,3723.60834293137,100,100,7.59788916038326,107.463748044144,4.56129985738434,371.594589180169
112425.379098228,3734.67626580182,100,100,7.56814786382807,107.288379185351,4.56978458433853,370.720946683912
112455.110813774,3745.68544430942,100,100,7.53856442286484,107.11394111836,4.57824311068932,369.849369011783
112484.755142973,3756.63645848517,100,100,7.50913727885658,106.940424652705,4.58667564516546,368.97985109801
112514.313055648,3767.52987870076,100,100,7.47986489912243,106.767820750969,4.59508239286568,368.112387898277
112543.785504697,3778.36626589789,100,100,7.45074577632142,106.59612052515,4.60346355534773,367.246974403499
112573.173426506,3789.14617181063,100,100,7.421778427855,106.425315233142,4.61181933071479,366.383605587007
112602.477741345,3799.87013918095,100,100,7.39296139528782,106.255396275315,4.6201499136991,365.522276455969
112631.699353748,3810.53870196782,100,100,7.36429324378587,106.086355191203,4.6284554957431,364.662982034898
112660.839152888,3821.15238554999,100,100,7.33577256157159,105.918183656292,4.63673626507809,363.805717360867
112689.898012935,3831.71170692279,100,100,7.30739795939502,105.750873478904,4.64499240680053,362.950477488029
112718.876793408,3842.217174889,100,100,7.2791680700209,105.584416597167,4.653224102946,362.097257486745
112747.776339512,3852.66929024424,100,100,7.25108154773051,105.418805076083,4.66143153256102,361.246052429956
112776.597482472,3863.06854595691,100,100,7.22313706783813,105.254031104673,4.66961487177276,360.396857418485
112805.341039846,3873.41542734285,100,100,7.1953333262217,105.090086993212,4.67777429385656,359.549667580354
112834.00781584,3883.71041223505,100,100,7.16766903886679,104.926965170539,4.68590996930169,358.704478026685
112862.59860161,3893.95397114849,100,100,7.14014294142365,104.764658181445,4.69402206587502,357.861283896237
112891.114175552,3904.14656744023,100,100,7.11275378877701,104.603158684138,4.70211074868292,357.020080361641
112919.555303586,3914.28865746509,100,100,7.08550035462777,104.442459447772,4.71017618023146,356.180862582446
112947.922739437,3924.38069072686,100,100,7.05838143108661,104.282553350058,4.71821852048473,355.343625750199
112976.217224896,3934.42311002536,100,100,7.03139582827891,104.123433374927,4.7262379269217,354.508365072634
113004.439490088,3944.41635159936,100,100,7.00454237396062,103.96509261027,4.7342345545913,353.675075749699
113032.590253722,3954.36084526564,100,100,6.97781991314463,103.807524245733,4.74220855616608,352.843753011325
113060.670223339,3964.25701455422,100,100,6.95122730773736,103.650721570572,4.75016008199438,352.014392096327
113088.680095551,3974.10527683985,100,100,6.92476343618544,103.494677971575,4.75808928015092,351.186988276697
113116.620556272,3983.90604347004,100,100,6.89842719313166,103.33938693103,4.76599629648624,350.361536815011
113144.492280951,3993.6597198896,100,100,6.87221748908032,103.18484202475,4.77388127467452,349.53803299093
113172.295934786,4003.36670576185,100,100,6.8489579564298,103.031249985488,4.78174553762673,348.71647209514
113200.032172946,4013.02739508664,100,100,6.83110355748793,102.8787898261,4.78958789450224,347.896849443947
113227.701640771,4022.64217631525,100,100,6.81333400357484,102.727054165287,4.79740514063896,347.079160370992
113255.304973984,4032.21143246226,100,100,6.7956485868223,102.576036958507,4.80519744253635,346.263400201974
113282.842798884,4041.73554121453,100,100,6.77804660920849,102.425732245293,4.81296496438154,345.449564282104
113310.315732543,4051.2148750373,100,100,6.76052738236195,102.276134147587,4.8207078680966,344.637647975963
113337.724382989,4060.64980127767,100,100,6.74309022737028,102.1272368681,4.82842631338476,343.827646672576
113365.069349392,4070.0406822653,100,100,6.72573447459407,101.979034688728,4.83612045777527,343.019555756733
113392.351222242,4079.38787541063,100,100,6.70845946348537,101.831521968997,4.8437904566672,342.21337062064
113419.570583524,4088.6917333006,100,100,6.69126454241076,101.684693144557,4.85143646337206,341.409086681236
113446.728006884,4097.95260379192,100,100,6.67414906847902,101.538542725709,4.85905862915537,340.606699376325
113473.824057796,4107.17083010208,100,100,6.65711240737289,101.393065295964,4.86665710327719,339.806204129568
113500.859293725,4116.34675089801,100,100,6.64015393318521,101.248255510653,4.87423203303154,339.00759640605
113527.834264277,4125.4807003826,100,100,6.62327302825907,101.104108095551,4.88178356378491,338.210871669406
113554.749511361,4134.57300837913,100,100,6.60646908303169,100.960617845554,4.88931183901386,337.416025387643
113581.60556933,4143.62400041349,100,100,6.58974149588255,100.817779623374,4.89681700034147,336.623053063383
113608.402965131,4152.63399779459,99.9397943361237,99.9397943361237,6.57308967298471,100.675588358275,4.90111767758009,335.671356447833
113635.142218445,4161.59472004159,99.7349778276207,99.7349778276207,6.55652891790539,100.534174728659,4.89773628784895,334.175216979766
113661.823896951,4170.4859492768,99.5317497308159,99.5317497308159,6.54009659630679,100.393857802942,4.89437622346774,332.300259322265
113688.448691697,4179.30847492679,99.3300920016734,99.3300920016734,6.52379124921053,100.25462512279,4.89103728933846,330.438151473833
113715.017281466,4188.06307292657,99.1299869045355,99.1299869045355,6.50761144257264,100.116464442785,4.88771929333436,328.588767455093
113741.530333074,4196.75050604135,98.9314170047692,98.9314170047692,6.49155576668891,99.9793637253482,4.88442204623121,326.751983234481
113767.988501657,4205.37152417833,98.7343651616381,98.7343651616381,6.47562283561868,99.8433111358208,4.88114536164044,324.927676671227
113794.392430953,4213.92686468914,98.5388145213911,98.5388145213911,6.45981128662584,99.7082950376884,4.8778890559445,323.115727451612
113820.742753575,4222.41725266298,98.3447485105605,98.3447485105605,6.44411977963707,99.5743039879564,4.87465294823402,321.31601707327
113847.040091272,4230.84340121107,98.1521508294613,98.1521508294613,6.42854699671618,99.4413267326607,4.87143686024692,319.528428805356
113873.285055186,4239.20601174256,97.9610054458844,97.9610054458844,6.41309164155414,99.3093522025135,4.86824061630939,317.752847632709
113899.4782461,4247.50577423227,97.7712965889767,97.7712965889767,6.39775243897427,99.1783695086779,4.86506404327848,315.989160224991
113925.620254679,4255.74336748056,97.5830087433016,97.5830087433016,6.38252813445198,99.0483679386667,4.86190697048647,314.237254902753
113951.711661703,4263.91945936555,97.396126643073,97.396126643073,6.36741749364859,98.9193369523618,4.85876922968684,312.497021615393
113977.753038292,4272.03470708814,97.2106352665568,97.2106352665568,6.35241930195853,98.791266178148,4.85565065500182,310.768351872881
114003.744946131,4280.08975740977,97.0265198306338,97.0265198306338,6.33753236406993,98.6641454091602,4.85255108287134,309.051138748174
114029.687937676,4288.08524688354,96.843765785519,96.843765785519,6.32275550353742,98.5379645996362,4.84947035200365,307.345276831195
114055.582556369,4296.02180207864,96.6623588096311,96.6623588096311,6.30808756236744,98.412713861375,4.84640830332713,305.650662182682
114081.429336834,4303.90003979844,96.482284804607,96.482284804607,6.29352740061507,98.2883834602947,4.84336477994353,303.967192336653
114107.228805075,4311.72056729252,96.3035298904566,96.3035298904566,6.27907389599228,98.1649638130867,4.84033962708263,302.294766233226
114132.981478667,4319.48398246267,96.1260804008533,96.1260804008533,6.26472594348711,98.0424454839645,4.83733269205795,300.633284213064
114158.687866939,4327.19087406322,95.949922878555,95.949922878555,6.2504824549935,97.9208191815022,4.83434382422386,298.982647981193
114184.348471156,4334.84182189586,95.7750440709518,95.7750440709518,6.23634235895119,97.8000757555599,4.83137287493384,297.342760590231
114209.96378469,4342.4373969991,95.6014309257348,95.6014309257348,6.2223045999956,97.680206194294,4.82841969749974,295.713526396954
114235.534293195,4349.97816183254,95.4290705866848,95.4290705866848,6.20836813861726,97.5612016212488,4.82548414715238,294.09485105082
114261.060474766,4357.46467045619,95.2579503895728,95.2579503895728,6.19453195083038,97.4430532925268,4.82256608100296,292.486641461985
114286.542800106,4364.89746870493,95.088057858173,95.088057858173,6.18079502785047,97.3257525940353,4.81966535800571,290.888805766468
114311.981732678,4372.27709435834,94.9193807003808,94.9193807003808,6.16715637578042,97.2092910388064,4.81678183892143,289.301253332682
114337.377728858,4379.60407730596,94.7519068044353,94.7519068044353,6.15361501530509,97.0936602643889,4.81391538628199,287.723894690246
114362.731238087,4386.87893970822,94.5856242352407,94.5856242352407,6.14016998139391,96.9788520303084,4.81106586435581,286.156641565439
114388.042703006,4394.10219615315,94.4205212307851,94.4205212307851,6.12682032301122,96.8648582155944,4.8082331391142,284.59940681386
114413.312559608,4401.27435380896,94.2565861986523,94.2565861986523,6.1135651028343,96.7516708163723,4.80541707819863,283.052104407547
114438.541237364,4408.39591257268,94.0938077126246,94.0938077126246,6.10040339697868,96.6392819435175,4.80261755088877,281.514649434171
114463.729159364,4415.46736521493,93.932174509373,93.932174509373,6.08733429473052,96.5276838203711,4.79983442807137,279.986958049483
114488.876742441,4422.48919752107,93.7716754852326,93.7716754852326,6.07435689828583,96.4168687805118,4.79706758221004,278.468947485794
114513.9843973,4429.46188842862,93.61229969306,93.61229969306,6.06147032249643,96.3068292655876,4.79431688731559,276.960536000671
114539.052528641,4436.38591016128,93.4540363391707,93.4540363391707,6.04867369462228,96.1975578232006,4.79158221891733,275.461642878112
114564.081535278,4443.26172835953,93.2968747803535,93.2968747803535,6.03596615409012,96.0890471048461,4.78886345403491,273.972188409208
114589.071810256,4450.089802208,93.1408045209601,93.1408045209601,6.02334685225807,95.9812898639022,4.78616047115103,272.492093873756
114614.023740964,4456.87058455958,92.9858152100667,92.9858152100667,6.01081495218625,95.8742789536714,4.78347315018466,271.021281512446
114638.937709248,4463.60452205658,92.8318966387068,92.8318966387068,5.99836962841287,95.7680073254687,4.78080137246504,269.559674517148
114663.814091517,4470.29205524874,92.6790387371716,92.6790387371716,5.98601006673609,95.6624680267586,4.77814502070627,268.107197011351
114688.653258851,4476.93361870852,92.5272315723768,92.5272315723768,5.97373546400103,95.5576541993364,4.77550397898253,266.663774043276
114713.4555771,4483.52964114342,92.3764653452933,92.3764653452933,5.96154502789208,95.453559077555,4.77287813270383,265.229331568335
114738.221406987,4490.08054550571,92.226730388441,92.226730388441,5.94943797673018,95.3501759865935,4.7702673685925,263.803796396083
114762.951104209,4496.5867490994,92.0780171634423,92.0780171634423,5.93741353927511,95.2474983407693,4.76767157466006,262.387096235221
114787.645019524,4503.04866368475,91.9268320715661,91.9268320715661,5.92654248740344,95.139298613493,4.76521112692204,260.969862435987
114812.303498853,4509.46623674053,91.7728103182273,91.7728103182273,5.91693747693428,95.0249241481301,4.76289779017728,259.541786883456
114836.92688587,4515.83936733714,91.6198551839087,91.6198551839087,5.9073989823087,94.9113417395872,4.76059642954162,258.112335817573
114861.515522302,4522.16846706326,91.4679567904818,91.4679567904818,5.89792638751291,94.7985440525002,4.75830696980442,256.691916566426
114886.069745171,4528.45394207667,91.3171053901598,91.3171053901598,5.8885190846614,94.686523848295,4.75602933650681,255.280455431029
114910.589886882,4534.69619320323,91.1672913631224,91.1672913631224,5.87917647384877,94.575273983423,4.75376345592881,253.877879570985
114935.07627531,4540.89561603349,91.0185052151962,91.0185052151962,5.8698979630052,94.4647874076402,4.75150925507663,252.484116989641
114959.529233884,4547.05260101708,90.87073757559,90.87073757559,5.86068296775515,94.3550571623239,4.74926666167041,251.099096520757
114983.94908167,4553.16753355492,90.723979194682,90.723979194682,5.85153091127934,94.2460763788304,4.74703560413213,249.722747839532
115008.336133446,4559.24079408923,90.5782209418584,90.5782209418584,5.84244122418002,94.13783827689,4.74481601157387,248.355001409559
115032.690699789,4565.27275819157,90.4334538034024,90.4334538034024,5.83341334434928,94.0303361630384,4.74260781378641,246.995788501637
115057.01308714,4571.26379664874,90.2896688804303,90.2896688804303,5.82444671684039,93.9235634290856,4.74041094122791,245.64504117229
115081.303597889,4577.21427554685,90.1468573868755,90.1468573868755,5.81554079374203,93.8175135506177,4.73822532501305,244.302692224353
115105.562530442,4583.12455635341,90.0050106475181,90.0050106475181,5.80669503405542,93.7121800855337,4.73605089690234,242.968675246574
115129.790179292,4588.99499599757,89.8641200960584,89.8641200960584,5.79790890357421,93.6075566726157,4.73388758929164,241.64292455007
115153.986835093,4594.82594694858,89.7241772732342,89.7241772732342,5.78918187476708,93.5036370301305,4.73173533520198,240.325375181491
115178.152784723,4600.61775729253,89.5851738249794,89.5851738249794,5.78051342666287,93.4004149544619,4.72959406826958,239.015962930001
115202.288311351,4606.37077080733,89.4471015006241,89.4471015006241,5.77190304473833,93.2978843187743,4.72746372273614,237.714624260578
115226.393694508,4612.08532703606,89.3099521511344,89.3099521511344,5.76335022080839,93.1960390717056,4.72534423343929,236.421296358458
115250.46921014,4617.76176135874,89.1737177273903,89.1737177273903,5.75485445291873,93.0948732360881,4.7232355358033,235.135917093212
115274.515130681,4623.40040506244,89.0383902785016,89.0383902785016,5.74641524524082,92.994380907699,4.72113756582995,233.858424999507
115298.531725105,4629.00158540997,88.9039619501607,88.9039619501607,5.73803210796913,92.894556254036,4.71905026008965,232.588759293934
115322.519258991,4634.56562570705,88.7704249830307,88.7704249830307,5.72970455722061,92.7953935131206,4.71697355571277,231.326859830724
115346.477994579,4640.09284536799,88.6377717111683,88.6377717111683,5.72143211493639,92.6968869923271,4.71490739038111,230.072667127572
115370.408190825,4645.58355997999,88.5059945604803,88.5059945604803,5.71321430878552,92.5990310672368,4.71285170231954,228.826122330152
115394.31010346,4651.0380813661,88.3750860472137,88.3750860472137,5.70505067207076,92.5018201805161,4.71080643028793,227.587167200366
115418.183985043,4656.45671764681,88.2450387764766,88.2450387764766,5.69694074363637,92.4052488408188,4.70877151357313,226.355744138265
115442.030085011,4661.83977330034,88.1158454407919,88.1158454407919,5.68888406777794,92.3093116217112,4.70674689198124,225.131796128026
115465.848649739,4667.18754922166,87.9874988186802,87.9874988186802,5.68088019415397,92.2140031606208,4.7047325058299,223.915266761494
115489.639922581,4672.5003427803,87.8599917732727,87.8599917732727,5.67292867769943,92.1193181578056,4.7027282959409,222.706100229091
115513.404143928,4677.77844787696,87.733317250953,87.733317250953,5.66502907854098,92.0252513753455,4.70073420363288,221.504241284531
115537.141551252,4683.02215499885,87.6074682800275,87.6074682800275,5.65718096191415,91.9317976361558,4.69875017071412,220.309635261833
115560.852379157,4688.23175127408,87.4824379694221,87.4824379694221,5.64938389808195,91.8389518230179,4.69677613947561,219.122228061451
115584.536859422,4693.40752052472,87.3582195074068,87.3582195074068,5.64163746225546,91.7467088776336,4.69481205268415,217.941966140739
115608.19522105,4698.54974331893,87.2348061603458,87.2348061603458,5.63394123451581,91.6550637996964,4.69285785357569,216.768796489704
115631.827690313,4703.65869702196,87.1121912714729,87.1121912714729,5.62629479973781,91.564011645982,4.69091348584871,215.602666646326
115655.434490794,4708.73465584616,86.9903682596922,86.9903682596922,5.61869774751515,91.4735475294576,4.68897889365785,214.443524688323
115679.01584343,4713.7778908999,86.8693306184023,86.8693306184023,5.61114967208717,91.3836666184096,4.68705402160752,213.291319209465
115702.571966556,4718.78867023564,86.7490719143448,86.7490719143448,5.60365017226689,91.2943641355869,4.68513881474585,212.145999308248
115726.103075947,4723.76725889688,86.6295857864748,86.6295857864748,5.59619885137077,91.2056353573647,4.68323321855851,211.0075146144
115749.609384853,4728.71391896437,86.5108659448551,86.5108659448551,5.58879531714955,91.1174756129202,4.68133717896291,209.875815250883
115773.091104046,4733.62890960119,86.3929061695714,86.3929061695714,5.58143918172076,91.0298802834298,4.6794506423023,208.750851823701
115796.548441854,4738.51248709713,86.2757003096689,86.2757003096689,5.5741300615023,90.9428448012776,4.67757355534013,207.632575441027
115819.981604201,4743.36490491209,86.15924228211,86.15924228211,5.56686757714749,90.8563646492826,4.67570586525448,206.520937697369
115843.390794641,4748.18641371865,86.0435260707523,86.0435260707523,5.55965135348136,90.7704353599391,4.67384751963255,205.415890640117
115866.776214403,4752.97726144389,85.9285457253466,85.9285457253466,5.55248101943809,90.6850525146724,4.67199846646538,204.317386799629
115890.138062415,4757.73769331026,85.8142953605538,85.8142953605538,5.54535620799974,90.6002117431097,4.67015865414252,203.225379167472
115913.476535351,4762.46795187579,85.7007691549811,85.7007691549811,5.5382765561362,90.5159087223636,4.66832803144693,202.139821180486
115936.791827656,4767.16827707347,85.5879613502367,85.5879613502367,5.53124170474615,90.4321391763306,4.66650654754991,201.060666743234
115960.084131585,4771.8389062499,85.4758662500025,85.4758662500025,5.52425129859927,90.3488988750018,4.6646941520062,199.987870189837
115983.353637234,4776.48007420316,85.364478219124,85.364478219124,5.51730498627953,90.2661836337883,4.662890794749,198.9213862819
116006.600532577,4781.09201322007,85.2537916827183,85.2537916827183,5.51040242012944,90.1839893128573,4.66109642608538,197.86117023043
116029.825003489,4785.67495311258,85.143801125298,85.143801125298,5.50354325619558,90.1023118164828,4.65931099669148,196.807177672561
116053.027233786,4790.22912125366,85.034501089912,85.034501089912,5.49672715417489,90.021147092407,4.65753445760797,195.759364644448
116076.207405252,4794.75474261239,84.9258861773025,84.9258861773025,5.48995377736215,89.9404911312141,4.65576676023556,194.717687620362
116099.365697667,4799.25203978845,84.8179510450771,84.8179510450771,5.48322279259836,89.860339965716,4.65400785633059,193.682103469333
116122.502288842,4803.72123304597,84.7106904068968,84.7106904068968,5.47653387022006,89.7806896703489,4.65225769800068,192.652569461354
116145.617354643,4808.16254034672,84.6040990316787,84.6040990316787,5.46988668400968,89.7015363605821,4.65051623770049,191.62904327945
116168.711069021,4812.57617738278,84.4981717428134,84.4981717428134,5.46328091114664,89.622876192335,4.64878342822759,190.611482988242
116191.783604041,4816.96235760848,84.3929034173966,84.3929034173966,5.45671623215953,89.5447053614088,4.64705922271831,189.599847041339
116214.835129908,4821.32129227188,84.2882889854749,84.2882889854749,5.45019233087902,89.4670201029248,4.64534357464373,188.594094272915
116237.865814996,4825.65319044563,84.184323429305,84.184323429305,5.44370889439165,89.3898166907747,4.64363643780581,187.594183899383
116260.875825871,4829.95825905722,84.0810017826268,84.0810017826268,5.43726561299456,89.3130914370812,4.6419377663334,186.600075515969
116283.865327319,4834.2367029188,83.9783191299488,83.9783191299488,5.43086218015086,89.2368406916669,4.64024751467853,185.611729080006
116306.834482371,4838.48872475638,83.8762706058469,83.8762706058469,5.42449829244595,89.1610608415339,4.63856563761264,184.629104905672
116329.78345233,4842.71452523853,83.7748513942754,83.7748513942754,5.41817364954452,89.0857483103519,4.63689209022294,183.652163676333
116352.712396791,4846.91430300457,83.6740567278904,83.6740567278904,5.4118879541484,89.0108995579562,4.63522682790873,182.680866432333
116375.621473669,4851.08825469228,83.5738818873852,83.5738818873852,5.40564091195507,88.9365110798534,4.63356980637796,181.715174551816
116398.510839222,4855.23657496512,83.4743222008372,83.4743222008372,5.39943223161692,88.8625794067371,4.63192098164372,180.755049773376
116421.380648071,4859.3594565389,83.3753730430664,83.3753730430664,5.39326162470133,88.7891011040116,4.63028031002079,179.800454165438
116444.231053229,4863.45709020812,83.2770298350051,83.2770298350051,5.38712880565127,88.7160727713231,4.62864774812232,178.851350135675
116467.062206117,4867.52966487173,83.1792880430785,83.1792880430785,5.38103349174671,88.6434910421005,4.62702325285655,177.907700437312
116489.874256589,4871.57736755849,83.0821431785962,83.0821431785962,5.37497540306669,88.5713525831032,4.6254067814235,176.969468136083
116512.667352955,4875.60038345192,82.985590797154,82.985590797154,5.36895426245199,88.4996540939769,4.62379829131189,176.036616637937
116535.441641997,4879.59889591475,82.889626498046,82.889626498046,5.36296979546848,88.4283923068171,4.62219774029589,175.109109658592
116558.197268998,4883.57308651304,82.7942459236871,82.7942459236871,5.35702173037109,88.3575639857401,4.62060508643217,174.186911229145
116580.934377755,4887.5231350398,82.6994447590449,82.6994447590449,5.35110979806842,88.2871659264615,4.61902028805678,173.269985711538
116603.653110602,4891.44921953827,82.6052187310816,82.6052187310816,5.34523373208789,88.2171949558813,4.6174433037822,172.358297762307
116626.353608431,4895.35151632479,82.511563608205,82.511563608205,5.33939326854154,88.1476479316767,4.61587409249445,171.451812345695
116649.03601071,4899.23020001129,82.4184751997291,82.4184751997291,5.33358814609235,88.0785217419006,4.6143126133502,170.550494733403
116671.700455502,4903.08544352735,82.3259493553436,82.3259493553436,5.32781810592123,88.0098133045894,4.61275882577391,169.654310495957
116694.347079484,4906.91741814198,82.2339819645924,82.2339819645924,5.32208289169442,87.9415195673739,4.61121268945509,168.763225501106
116716.976017965,4910.72629348498,82.1425689563605,82.1425689563605,5.31638224953153,87.8736375070993,4.60967416434556,167.877205894829
116739.587404908,4914.51223756793,82.0517062983697,82.0517062983697,5.31071592797409,87.8061641294505,4.60814321065674,166.996218127096
116762.18137294,4918.2754168049,81.9613899966825,81.9613899966825,5.30508367795461,87.7390964685837,4.60661978885704,166.120228931216
116784.758053378,4922.01599603274,81.8716160952142,81.8716160952142,5.29948525276617,87.6724315867641,4.60510385966921,165.249205313915
116807.31757624,4925.73413853111,81.7823806752534,81.7823806752534,5.29392040803245,87.6061665740096,4.60359538406784,164.383114572349
116829.860070265,4929.43000604212,81.6936798549891,81.6936798549891,5.28838890167836,87.5402985477402,4.60209432327676,163.521924263307
116852.385662931,4933.10375878969,81.6055097890475,81.6055097890475,5.28289049390102,87.4748246524333,4.60060063876665,162.665602230928
116874.894480466,4936.75555549858,81.5178666680341,81.5178666680341,5.27742494714133,87.4097420592842,4.59911429225254,161.814116582999
116897.386647871,4940.38555341312,81.4307467180851,81.4307467180851,5.27199202605587,87.345047965873,4.59763524569142,160.96743569381
116919.862288929,4943.99390831564,81.3441462004247,81.3441462004247,5.2665914974894,87.2807395958353,4.59616346127989,160.125528198273
116942.321526228,4947.58077454456,81.2580614109306,81.2580614109306,5.26122313044771,87.2168141985402,4.59469890145183,159.28836299198
116964.764481169,4951.1463050123,81.1724886797049,81.1724886797049,5.25588669607087,87.1532690487712,4.5932415288761,158.455909236357
116987.191273986,4954.69065122276,81.0874243706539,81.0874243706539,5.25058196760702,87.0901014464145,4.5917913064543,157.628136335821
117009.602023759,4958.21396328864,81.0028648810726,81.0028648810726,5.2453087203865,87.0273087161504,4.59034819731851,156.805013945604
117031.996848431,4961.71638994845,80.9188066412373,80.9188066412373,5.24006673179633,86.9648882071501,4.58891216482919,155.986511982712
117054.375864816,4965.19807858319,80.8352461140034,80.8352461140034,5.23485578125531,86.9028372927784,4.58748317257291,155.172600605312
117076.739188621,4968.6591752329,80.7521797944104,80.7521797944104,5.2296756501892,86.8411533702988,4.58606118436035,154.363250197881
117099.086934457,4972.0998246128,80.6696042092927,80.6696042092927,5.2245261220066,86.7798338605858,4.58464616422411,153.558431411942
117121.419215848,4975.52017012932,80.5875159168964,80.5875159168964,5.21940698207492,86.7188762078395,4.58323807641673,152.758115123322
117143.736145253,4978.92035389574,80.5059115065023,80.5059115065023,5.214318017697,86.6582778793063,4.5818368854086,151.962272439055
117166.037834072,4982.30051674773,80.4247875980544,80.4247875980544,5.20925901808786,86.5980363650024,4.58044255588601,151.17087470807
117188.324392664,4985.66079825856,80.3441408417946,80.3441408417946,5.2042297743519,86.5381491774427,4.5790550527492,150.38389350099
117210.595930357,4989.00133675406,80.2639679179025,80.2639679179025,5.19923007946054,86.4786138513737,4.57767434111035,149.601300628946
117232.85255546,4992.32226932746,80.184265536141,80.184265536141,5.19425972822999,86.4194279435099,4.57630038629172,148.82306812197
117255.094375278,4995.62373185386,80.1050304355073,80.1050304355073,5.18931851729963,86.360589032275,4.57493315382378,148.049168225184
117277.321496124,4998.90585900462,80.0262593838891,80.0262593838891,5.18440624511041,86.3020947175459,4.57357260944334,147.279573412656
117299.534023329,5002.16878426142,79.947949177726,79.947949177726,5.18362452990671,86.2059016613615,4.57295178484979,146.514256375728
117321.732061256,5005.41263993016,79.8700966416762,79.8700966416762,5.18490463638992,86.0911914728408,4.57269928077966,145.75319002071
117343.91571331,5008.63755715466,79.7926986282881,79.7926986282881,5.18617726928993,85.9771509912157,4.57244491671181,144.996347471967
117366.08508195,5011.84366593014,79.7157520176767,79.7157520176767,5.18744247990609,85.8637756195562,4.57218867486446,144.243702057813
117388.240268702,5015.03109511647,79.6392537172048,79.6392537172048,5.18870031908973,85.7510608010816,4.57193053723715,143.495227317223
117410.381374168,5018.19997245127,79.5632006611695,79.5632006611695,5.1899508372493,85.639002018696,4.57167048560747,142.750897004018
117432.508498037,5021.35042456282,79.4875898104924,79.4875898104924,5.19119408435549,85.5275947945325,4.57140850152752,142.010685069161
117454.621739098,5024.48257698269,79.4124181524154,79.4124181524154,5.19243010994619,85.4168346895066,4.57114456632039,141.274565668348
117476.721195248,5027.59655415833,79.3376827002001,79.3376827002001,5.19365896313147,85.3067173028704,4.57087866107659,140.54251315528
117498.806963506,5030.69247946532,79.2633804928323,79.2633804928323,5.19488069259841,85.1972382717801,4.57061076665035,139.814502084634
117520.879140019,5033.77047521957,79.1895085947303,79.1895085947303,5.19609534661595,85.088393270864,4.57034086365594,139.090507213324
117542.937820075,5036.83066268926,79.1160640954577,79.1160640954577,5.19730297303951,84.9801780118007,4.57006893246384,138.370503480366
117564.983098114,5039.87316210665,79.0430441094404,79.0430441094404,5.19850361931577,84.8725882429014,4.56979495319686,137.654466032591
117587.015067732,5042.89809267967,78.9704457756879,78.9704457756879,5.19969733248714,84.7656197486996,4.5695189057262,136.942370194124
117609.033821701,5045.90557260342,78.8982662575179,78.8982662575179,5.20088415919636,84.6592683495452,4.56924076966744,136.234191482481
117631.039451967,5048.89571907144,78.8265027422855,78.8265027422855,5.20206414569094,84.5535299012054,4.56896052437643,135.529905607489
117653.032049669,5051.86864828682,78.7551524411162,78.7551524411162,5.20323733782751,84.448400294472,4.5686781489451,134.829488451451
117675.011705143,5054.82447547322,78.6842125886428,78.6842125886428,5.20440378107622,84.3438754547715,4.56839362219726,134.13291609027
117696.978507933,5057.76331488561,78.6136804427452,78.6136804427452,5.20556352052492,84.239951341786,4.56810692268411,133.440164778836
117718.932546799,5060.68527982102,78.5435532842956,78.5435532842956,5.20671660088345,84.1366239490719,4.56781802868005,132.751210951127
117740.873909727,5063.59048262895,78.4738284169052,78.4738284169052,5.20786306648774,84.0338893036931,4.56752691817791,132.066031215091
117762.802683938,5066.47903472183,78.4045031666761,78.4045031666761,5.20900296130391,83.9317434658498,4.56723356888455,131.384602359333
117784.718955895,5069.35104658516,78.3355748819562,78.3355748819562,5.2101363289323,83.8301825285212,4.56693795821606,130.706901346142
117806.622811313,5072.20662778761,78.2670409330974,78.2670409330974,5.21126321261145,83.7292026171073,4.566640063293,130.032905304957
117828.514335168,5075.04588699096,78.1988987122169,78.1988987122169,5.212383655222,83.6287998890779,4.56633986093555,129.362591541382
117850.393611703,5077.8689319599,78.1311456329625,78.1311456329625,5.2134976992906,83.528970533626,4.56603732765852,128.695937527651
117872.260724439,5080.67586957164,78.0637791302807,78.0637791302807,5.21460538699366,83.4297107713279,4.56573243966622,128.032920910154
117894.115756178,5083.46680582549,77.9967966601882,77.9967966601882,5.21570676016116,83.3310168538046,4.56542517284739,127.373519490162
117915.95878902,5086.24184585223,77.9301956995464,77.9301956995464,5.21680186028033,83.2328850633901,4.56511550276984,126.71771123505
117937.789904361,5089.00109392338,77.8639737458389,77.8639737458389,5.21789072849932,83.135311712804,4.56480340467511,126.065474284683
117959.609182907,5091.74465346031,77.7981283169527,77.7981283169527,5.21897340563078,83.038293144829,4.56448885347294,125.416786926884
117981.41670468,5094.47262704329,77.7326569509611,77.7326569509611,5.22004993215545,82.9418257319911,4.56417182373566,124.771627621051
118003.212549023,5097.18511642036,77.6675572059114,77.6675572059114,5.22112034822566,82.8459058762459,4.56385228969254,124.129974978537
118024.996794612,5099.88222251611,77.6028266596135,77.6028266596135,5.22218469366875,82.7505300086679,4.5635302252239,123.491807760324
118046.769519461,5102.56404544031,77.5384629094326,77.5384629094326,5.22324300799056,82.6556945891459,4.56320560385513,122.857104898183
118068.530800926,5105.23068449647,77.4744635720848,77.4744635720848,5.22429533037872,82.5613961060795,4.56287839875068,122.225845464538
118090.28071572,5107.88223819024,77.4108262834342,77.4108262834342,5.22534169970603,82.4676310760826,4.5625485827078,121.598008686503
118112.019339911,5110.51880423773,77.3475486982944,77.3475486982944,5.22638215453371,82.3743960436892,4.56221612815027,120.973573947494
118133.746748936,5113.1404795737,77.2846284902313,77.2846284902313,5.22741673311462,82.2816875810634,4.56188100712189,120.352520770381
118155.463017604,5115.74736035962,77.2220633513691,77.2220633513691,5.2284454733965,82.1895022877146,4.56154319127985,119.734828836714
118177.168220103,5118.33954199172,77.1598509921987,77.1598509921987,5.22946841302507,82.0978367902132,4.56120265188813,119.120477969719
118198.862430008,5120.91711910879,77.0979891413892,77.0979891413892,5.23048558934717,82.006687741914,4.56085935981048,118.509448134294
118220.545720287,5123.48018559997,77.0364755456007,77.0364755456007,5.23149703941379,81.9160518226814,4.56051328550345,117.901719440475
118242.218163308,5126.02883461246,76.975307969301,76.975307969301,5.23250279998316,81.8259257386164,4.5601643990093,117.297272145264
118263.879830843,5128.56315855903,76.9144841945834,76.9144841945834,5.23350290752365,81.7363062217912,4.55981266994855,116.696086645148
118285.530794077,5131.08324912551,76.8540020209878,76.8540020209878,5.23449739821679,81.6471900299841,4.55945806751258,116.09814347337
118307.171123613,5133.58919727819,76.7938592653235,76.7938592653235,5.23548630796014,81.5585739464182,4.55910056045602,115.503423301671
118328.800889479,5136.08109327103,76.7340537614952,76.7340537614952,5.23646967237018,81.4704547795061,4.55874011708888,114.911906939929
118350.420161133,5138.55902665293,76.6745833603297,76.6745833603297,5.23744752678513,81.382829362593,4.55837670526864,114.323575339273
118372.029007468,5141.02308627472,76.6154459294068,76.6154459294068,5.23841990626775,81.2956945537094,4.55801029239209,113.738409581895
118393.62749682,5143.47336029624,76.5566393528903,76.5566393528903,5.23938684560813,81.2090472353209,4.55764084538701,113.156390878031
118415.215696974,5145.90993619319,76.4981615313633,76.4981615313633,5.24034837932635,81.1228843140857,4.55726833070369,112.577500574474
118436.793675168,5148.33290076401,76.4400103816638,76.4400103816638,5.24130454167525,81.0372027206116,4.5568927143063,112.00172015468
118458.361498098,5150.74234013653,76.3821838367232,76.3821838367232,5.24225536664301,80.9519994092207,4.55651396166388,111.429031224946
118479.919231927,5153.1383397747,76.3246798454072,76.3246798454072,5.24320088795586,80.8672713577114,4.55613203774145,110.85941552112
118501.466942287,5155.5209844851,76.2674963723577,76.2674963723577,5.24414113908059,80.7830155671282,4.55574690699062,110.292854910628
118523.004694286,5157.89035842342,76.2106313978379,76.2106313978379,5.24507615322713,80.6992290615324,4.55535853334014,109.729331383021
118544.532552514,5160.24654510091,76.1540829175783,76.1540829175783,5.24600596335111,80.6159088877746,4.55496688018633,109.168827056595
118566.050581046,5162.58962739062,76.0978489426252,76.0978489426252,5.2469306021563,80.5330521152733,4.55457191038301,108.611324172488
118587.55884345,5164.9196875337,76.0419274991912,76.0419274991912,5.24785010209712,80.4506558357924,4.55417358623153,108.056805094385
118609.05740279,5167.23680714554,75.9863166285071,75.9863166285071,5.24876449538104,80.3687171632243,4.55377186947038,107.505252310328
118630.546321632,5169.54106722184,75.9310143866759,75.9310143866759,5.24967381397099,80.287233233375,4.55336672126457,106.956648422352
118652.025662051,5171.83254814464,75.8760188445287,75.8760188445287,5.25057808958772,80.2062012037509,4.55295810219488,106.410976162693
118673.49548563,5174.11132968824,75.8213280874822,75.8213280874822,5.25147735371217,80.1256182533494,4.55254597224676,105.868218379475
118694.955853472,5176.37749102507,75.7669402153983,75.7669402153983,5.25237163758776,80.0454815824516,4.55213029079904,105.328358032936
118716.4068262,5178.63111073147,75.7128533424448,75.7128533424448,5.25326097222267,79.9657884124175,4.55171101661235,104.791378206468
118737.848463964,5180.8722667934,75.6590655969583,75.6590655969583,5.25414538839211,79.8865359854845,4.55128810781723,104.257262096029
118759.280826445,5183.10103661212,75.6055751213091,75.6055751213091,5.25502491664056,79.8077215645661,4.55086152190216,103.725993015746
118780.703972859,5185.31749700973,75.5523800717665,75.5523800717665,5.25589958728393,79.7293424330565,4.55043121570098,103.197554386151
118802.117961965,5187.52172423469,75.4994786183674,75.4994786183674,5.25676943041176,79.6513958946349,4.54999714538037,102.671929748948
118823.522852063,5189.71379396729,75.446868944785,75.446868944785,5.2576344758894,79.5738792730725,4.54955926642678,102.14910275549
118844.918701006,5191.893781325,75.3945492482,75.3945492482,5.25849475336008,79.4967899120429,4.54911753363322,101.629057167126
118866.305566197,5194.06176086778,75.3425177391732,75.3425177391732,5.259350292247,79.4201251749346,4.54867190108557,101.111776855342
118887.683504601,5196.21780660336,75.2907726415194,75.2907726415194,5.26020112175549,79.3438824446643,4.54822232214882,100.597245797393
118909.052572743,5198.36199199239,75.2393121921827,75.2393121921827,5.26104727087493,79.2680591234947,4.54776874945263,100.085448086685
118930.412826715,5200.49438995358,75.1881346411141,75.1881346411141,5.26188876838089,79.1926526328526,4.54731113487694,99.5763679139983
118951.764322182,5202.61507286878,75.1372382511494,75.1372382511494,5.26272564283703,79.1176604131496,4.54684942953692,99.0699895861571
118973.10711438,5204.72411258794,75.0866212978895,75.0866212978895,5.26355792259715,79.0430799236063,4.54638358376772,98.5662975086793
118994.441258129,5206.82158043409,75.0362820695817,75.0362820695817,5.26438563580711,78.9689086420766,4.54591354710882,98.0652761930751
119015.766807828,5208.90754720823,74.9862188670024,74.9862188670024,5.26520881040673,78.8951440648745,4.54543926828802,97.5669102562799
119037.083817467,5210.98208319412,74.9364300033411,74.9364300033411,5.26602747413175,78.8217837066047,4.54496069520494,97.0711844152736
119058.392340624,5213.04525816307,74.8869138040864,74.8869138040864,5.26684165451567,78.7488250999935,4.54447777491426,96.5780834959595
119079.692430473,5215.09714137866,74.8376686069122,74.8376686069122,5.26765137889163,78.6762657957214,4.54399045360845,96.0875924113542
119100.98413979,5217.1378016014,74.7886927615665,74.7886927615665,5.26845667439425,78.6041033622591,4.54349867660016,95.5996961897542
119122.267520948,5219.16730709332,74.7399846297603,74.7399846297603,5.26925756796142,78.5323353857041,4.54300238830405,95.1143799509158
119143.542625933,5221.18572562254,74.6915425850591,74.6915425850591,5.27005408633614,78.4609594696202,4.54250153221837,94.631628912295
119164.809506336,5223.19312446775,74.643365012774,74.643365012774,5.27084625606826,78.3899732348783,4.54199605090575,94.1514283966244
119186.068213365,5225.18957042267,74.5954503098559,74.5954503098559,5.27163410351626,78.3193743194989,4.54148588597394,93.6737638134154
119207.318797845,5227.17512980044,74.5477968847895,74.5477968847895,5.27241765484895,78.2491603784973,4.54097097805573,93.198620675214
119228.561310222,5229.14986843796,74.500403157489,74.500403157489,5.27319693604722,78.1793290837292,4.54045126678845,92.7259845903004
119249.795800566,5231.11385170019,74.4532675591953,74.4532675591953,5.27397197290571,78.1098781237396,4.53992669079302,92.2558412579306
119271.022318577,5233.06714448441,74.4063885323741,74.4063885323741,5.27474279103452,78.0408052036115,4.53939718765253,91.7881764726721
119292.240913585,5235.00981122438,74.3597645306148,74.3597645306148,5.27550941586081,77.9721080448192,4.53886269388994,91.3229761221348
119313.451634557,5236.94191589453,74.3133940185313,74.3133940185313,5.27627187263049,77.9037843850799,4.53832314494563,90.8602261879958
119334.654530096,5238.86352201402,74.2672754716635,74.2672754716635,5.27703018640982,77.8358319782101,4.5377784751541,90.399912740769
119355.84964845,5240.77469265084,74.2214073763798,74.2214073763798,5.27778438208698,77.7682485939809,4.53722861772016,89.9420219416021
119377.03703751,5242.67549042579,74.175788229781,74.175788229781,5.27853448437373,77.7010320179768,4.53667350469452,89.4865400443996
119398.216744817,5244.56597751645,74.1304165396051,74.1304165396051,5.27928051780688,77.6341800514558,4.53611306694866,89.0334533938854
119419.388817561,5246.44621566111,74.0852908241333,74.0852908241333,5.2800225067499,77.5676905112103,4.53554723414913,88.5827484182919
119440.553302591,5248.31626616264,74.0404096120967,74.0404096120967,5.28076047539444,77.5015612294297,4.53497593473116,88.1344116357584
119461.71024641,5250.1761898923,73.9957714425848,73.9957714425848,5.28149444776182,77.4357900535666,4.53439909587144,87.6884296532577
119482.859695186,5252.02604729359,73.9513748649539,73.9513748649539,5.28222444770456,77.3703748461999,4.53381664346047,87.244789164428
119504.001694747,5253.86589838592,73.9072184387379,73.9072184387379,5.2829504989078,77.3053134849054,4.53322850207384,86.8034769467882
119525.136290593,5255.69580276839,73.8633007335586,73.8633007335586,5.28367262489085,77.240603862122,4.53263459494297,86.3644798615938
119546.263527891,5257.5158196234,73.8196203290384,73.8196203290384,5.28439084900856,77.1762438850242,4.53203484392495,85.927784862456
119567.383451482,5259.32600772031,73.7761758147126,73.7761758147126,5.28510519445279,77.1122314753922,4.53142916947165,85.4933789786439
119588.496105884,5261.126425419,73.7329657899441,73.7329657899441,5.2858156842538,77.0485645694867,4.53081749059786,85.0612493241318
119609.601535294,5262.91713067343,73.6899888638378,73.6899888638378,5.28652234128167,76.9852411179226,4.53019972484872,84.6313830976211
119630.699783591,5264.69818103515,73.6472436551565,73.6472436551565,5.28722518824769,76.9222590855448,4.52957578826617,84.2037675789538
119651.790894339,5266.46963365676,73.6047287922378,73.6047287922378,5.28792424770569,76.859616451306,4.52894559535446,83.7783901305525
119672.874910789,5268.23154529535,73.5624429129117,73.5624429129117,5.28861954205345,76.7973112081452,4.52830905904479,83.3552381943959
119693.951875883,5269.98397231587,73.5203846644192,73.5203846644192,5.28931109353397,76.7353413628683,4.52766609065882,82.9342992878125
119715.021832258,5271.72697069452,73.4785527033316,73.4785527033316,5.28999892423688,76.6737049360282,4.52701659987137,82.5155610164082
119736.084822243,5273.46059602204,73.4369456954709,73.4369456954709,5.29068305609965,76.6123999618087,4.52636049467186,82.0990110598833
119757.14088787,5275.18490350704,73.395562315831,73.395562315831,5.29136351090899,76.5514244879064,4.5256976813249,81.6846371741045
119778.190070869,5276.89994797918,73.3544012484997,73.3544012484997,5.29204031030205,76.4907765754188,4.52502806432945,81.2724271948983
119799.232412677,5278.60578389244,73.3134611865814,73.3134611865814,5.29271347576774,76.4304542987278,4.52435154637713,80.8623690346515
119820.267954435,5280.30246532829,73.272740832121,73.272740832121,5.29338302864795,76.3704557453885,4.52366802830918,80.4544506854779
119841.296736994,5281.99004599882,73.2322388960283,73.2322388960283,5.29404899013881,76.310779016018,4.52297740907222,80.0486602099883
119862.318800917,5283.66857924987,73.1919540980032,73.1919540980032,5.29471138129193,76.2514222241849,4.5222795856727,79.6449857460038
119883.334186482,5285.33811806409,73.1518851664619,73.1518851664619,5.29537022301558,76.1923834963009,4.52157445313006,79.2434155096545
119904.342933682,5286.998715064,73.1120308384639,73.1120308384639,5.29602553607592,76.1336609715129,4.52086190442855,78.8439377900639
119925.345082231,5288.65042251503,73.0723898596393,73.0723898596393,5.2966773410982,76.0752528015951,4.52014183046768,78.4465409506985
119946.340671562,5290.29329232844,73.0329609841175,73.0329609841175,5.2973256585679,76.0171571508462,4.51941412001096,78.0512134237005
119967.329740836,5291.92737606433,72.9937429744561,72.9937429744561,5.29797050883192,75.9593721959825,4.5186786596335,77.6579437179377
119988.312328936,5293.55272493454,72.9547346015712,72.9547346015712,5.29861191209973,75.9018961260358,4.51793533366779,77.2667204127751
120009.288474478,5295.16938980552,72.9159346446676,72.9159346446676,5.29924988844451,75.8447271422515,4.51718402414791,76.8775321585535
120030.258215805,5296.77742120123,72.8773418911704,72.8773418911704,5.29988445780427,75.7878634579863,4.51642461075218,76.4903676781853
120051.221590997,5298.37686930595,72.8389551366571,72.8389551366571,5.30051563998298,75.7313032986089,4.51565697074397,76.1052157598809
120072.178637868,5299.96778396708,72.8007731847902,72.8007731847902,5.30114345465167,75.6750449014005,4.51488097891073,75.7220652672737
120093.12939397,5301.55021469788,72.7627948472509,72.7627948472509,5.30176792134951,75.6190865154587,4.51409650750108,75.3409051315033
120114.073896595,5303.12421068029,72.725018943673,72.725018943673,5.30238905948493,75.563426401597,4.51330342616031,74.9617243500244
120135.012182779,5304.68982076759,72.6874443015779,72.6874443015779,5.30300688833664,75.5080628322513,4.5125016018635,74.5845119911478
120155.9442893,5306.24709348707,72.6500697563103,72.6500697563103,5.30362142705473,75.452994091385,4.5116908988467,74.2092571908908
120176.870252685,5307.79607704276,72.6128941509739,72.6128941509739,5.30423269466171,75.3982184743929,4.51087117853616,73.8359491490429
120197.790109209,5309.33681931797,72.5759163363686,72.5759163363686,5.30484071005354,75.3437342880111,4.51004229947497,73.4645771360921
120218.703894898,5310.869367878,72.539135170928,72.539135170928,5.30544549200067,75.2895398502215,4.50920411724795,73.0951304876194
120239.611645531,5312.39376997262,72.5025495206571,72.5025495206571,5.30604705914903,75.2356334901636,4.50835648440347,72.7275986024786
120260.513396643,5313.91007253868,72.4661582590717,72.4661582590717,5.30664543002109,75.1820135480425,4.50749925037343,72.3619709460512
120281.409183526,5315.41832220263,72.4299602671369,72.4299602671369,5.3072406230168,75.1286783750398,4.50663226139027,71.9982370514032
120302.29904123,5316.918565283,72.3939544332081,72.3939544332081,5.30783265641461,75.075626333226,4.50575536040156,71.6363865125171
120323.183004568,5318.4108477929,72.3581396529705,72.3581396529705,5.30842154837245,75.0228557954717,4.50486838698165,71.2764089858337
120344.061108116,5319.89521544246,72.3225148293811,72.3225148293811,5.30900731692867,74.9703651453618,4.50397117724065,70.9182941955803
120364.933386214,5321.37171364125,72.2870788726101,72.2870788726101,5.30958998000303,74.9181527771095,4.50306356373023,70.5620319257202
120385.799872971,5322.8403875007,72.2518306999833,72.2518306999833,5.31016955539763,74.8662170954711,4.50214537534655,70.2076120240086
120406.660602263,5324.30128183646,72.216769235925,72.216769235925,5.31074606079783,74.8145565156621,4.50121643722978,69.8550243994919
120427.515607739,5325.75444117076,72.1818934119018,72.1818934119018,5.31131951377322,74.7631694632743,4.50027657066051,69.5042590193776
120448.364922821,5327.19990973475,72.1472021663661,72.1472021663661,5.31188993177852,74.7120543741925,4.49943566695315,69.1553059197577
120469.208580703,5328.63773147079,72.1126944447011,72.1126944447011,5.31245733215448,74.6612096945141,4.49863304722162,68.8081551919471
120490.046614359,5330.06795003476,72.0783691991658,72.0783691991658,5.31302173212881,74.6106338804667,4.49782393768149,68.4627969850506
120510.87905654,5331.49060879829,72.0442253888411,72.0442253888411,5.31358314881703,74.56032539833,4.49700826898428,68.1192215139535
120531.705939777,5332.90575085103,72.0102619795753,72.0102619795753,5.31414159922339,74.5102827243548,4.4961859708104,67.7774190492769
120552.527296384,5334.31341900286,71.9764779439315,71.9764779439315,5.31469710024174,74.4605043446855,4.49535697185211,67.4373799206684
120573.343158458,5335.71365578606,71.9428722611346,71.9428722611346,5.31524966865638,74.410988755283,4.49452119979599,67.0990945160005
120594.153557883,5337.10650345753,71.9094439170193,71.9094439170193,5.31579932114295,74.3617344618461,4.49367858130525,66.762553285495
120614.958526327,5338.49200400091,71.8761919039782,71.8761919039782,5.31634607426923,74.3127399797371,4.49282904200142,66.4277467321497
120635.758095251,5339.87019912872,71.8431152209107,71.8431152209107,5.31688994449602,74.2640038339052,4.49197250644576,66.0946654125513
120656.552295906,5341.24113028448,71.8102128731724,71.8102128731724,5.31743094817798,74.2155245588124,4.4911088981203,65.7632999506305
120677.341159333,5342.60483864481,71.7774838725247,71.7774838725247,5.31796910156442,74.1673006983589,4.49023813940846,65.4336410198881
120698.12471637,5343.96136512145,71.7449272370853,71.7449272370853,5.31850442080015,74.1193308058116,4.48936015157508,65.1056793490779
120718.902997649,5345.31075036337,71.712541991279,71.712541991279,5.31903692192626,74.0716134437294,4.48847485474634,64.7794057258155
120739.676033601,5346.6530347588,71.6803271657888,71.6803271657888,5.31956662088095,74.0241471838918,4.48758216788905,64.4548109919402
120760.443854454,5347.98825843718,71.6482817975076,71.6482817975076,5.32009353350031,73.9769306072296,4.48668200878929,64.1318860432119
120781.206490239,5349.31646127123,71.6164049294905,71.6164049294905,5.32061767551911,73.9299623037519,4.48577429403108,63.8106218304289
120801.963970787,5350.63768287886,71.5846956109074,71.5846956109074,5.32113906257155,73.8832408724782,4.48485893897403,63.4910093596451
120822.716325734,5351.95196262516,71.5531528969961,71.5531528969961,5.3216577101921,73.8367649213686,4.4839358577309,63.1730396873223
120843.463584522,5353.25933962435,71.5217758490157,71.5217758490157,5.3221736338162,73.7905330672544,4.48300496314456,62.8567039252002
120864.205776399,5354.55985274163,71.4905635342008,71.4905635342008,5.32268684878103,73.7445439357729,4.48206616676416,62.5419932386194
120884.942930422,5355.85354059517,71.4595150257158,71.4595150257158,5.32319737032628,73.6987961612969,4.48111937882129,62.2288988461451
120905.675075457,5357.14044155793,71.4286294026098,71.4286294026098,5.32370521359488,73.6532883868702,4.48016450820514,61.9174120169902
120926.402240182,5358.42059375952,71.3979057497716,71.3979057497716,5.32421039363373,73.6080192641424,4.47920146243718,61.6075240700101
120947.124453089,5359.69403508808,71.367343157886,71.367343157886,5.32471292539443,73.5629874533017,4.4782301476456,61.2992263794325
120967.841742483,5360.96080319212,71.3369407233891,71.3369407233891,5.32521282373404,73.5181916230105,4.4772504685388,60.9925103690838
120988.554136486,5362.22093548226,71.3066975484257,71.3066975484257,5.3257101034157,73.4736304503431,4.47626232837834,60.687367513741
121009.261663036,5363.47446913311,71.2766127408054,71.2766127408054,5.32620477910946,73.4293026207199,4.47526562895142,60.3837893370612
121029.964349892,5364.72144108497,71.2466854139606,71.2466854139606,5.32669686539287,73.3852068278472,4.47426027054256,60.0817674171678
121050.662224629,5365.96188804568,71.2169146869038,71.2169146869038,5.32718637675178,73.3413417736513,4.47324615190489,59.7812933768531
121071.355314649,5367.19584649226,71.1872996841859,71.1872996841859,5.32767332758091,73.2977061682211,4.47222317023026,59.4823588889874
121092.043647172,5368.42335267272,71.1578395358546,71.1578395358546,5.32815773218465,73.2542987297435,4.47119122111925,59.1849556811999
121112.727249245,5369.64444260777,71.1285333774136,71.1285333774136,5.32863960477766,73.2111181844437,4.47015019855028,58.8890755187389
121133.406147742,5370.85915209243,71.0993803497816,71.0993803497816,5.32911895948555,73.1681632665274,4.46909999484753,58.5947102260159
121154.08036936,5372.06751669785,71.0703795992517,71.0703795992517,5.32959581034559,73.125432718117,4.46804050064897,58.3018516734686
121174.749940627,5373.26957177283,71.0415302774521,71.0415302774521,5.3300701713073,73.0829252891978,4.46697160487279,58.0104917722058
121195.414887901,5374.46535244558,71.012831541306,71.012831541306,5.33054205623314,73.0406397375556,4.46589319468369,57.7206224873184
121216.07523737,5375.65489362531,70.9842825529925,70.9842825529925,5.33101147889917,72.9985748287204,4.46480515545794,57.4322358311218
121236.731015054,5376.83823000386,70.9558824799074,70.9558824799074,5.33147845299564,72.9567293359092,4.46370737074779,57.1453238584803
121257.382246808,5378.01539605727,70.9276304946255,70.9276304946255,5.33194299212767,72.91510203997,4.46259972224492,56.8598786737608
121278.02895832,5379.18642604744,70.8995257748613,70.8995257748613,5.33240510981586,72.8736917293233,4.46148208974321,56.5758924286339
121298.671175115,5380.35135402366,70.8715675034322,70.8715675034322,5.33286481949691,72.8324971999079,4.46035435110043,56.2933573144023
121319.308922557,5381.51021382416,70.8437548682201,70.8437548682201,5.33332213452422,72.7915172551264,4.45921638219889,56.0122655748155
121339.942225845,5382.6630390777,70.8160870621351,70.8160870621351,5.33377706816856,72.7507507057884,4.45806805690555,55.7326094982678
121360.57111002,5383.80986320508,70.788563283078,70.788563283078,5.33422963361859,72.7101963700578,4.45690924703069,55.4543814114514
121381.195599965,5384.95071942066,70.7611827339041,70.7611827339041,5.33467984398154,72.6698530733984,4.45573982228582,55.1775736902739
121401.815720404,5386.08564073387,70.7339446223871,70.7339446223871,5.33512771228375,72.6297196485211,4.45455965024049,54.9021787581197
121422.431495903,5387.2146599507,70.7068481611832,70.7068481611832,5.33557325147129,72.5897949353305,4.45336859627803,54.6281890764036
121443.042950876,5388.33780967519,70.6798925677955,70.6798925677955,5.33601647441052,72.550077780873,4.4521665235502,54.3555971530685
121463.650109579,5389.45512231088,70.6530770645389,70.6530770645389,5.33645739388869,72.510567039285,4.45095329293062,54.0843955413148
121484.252996117,5390.56663006228,70.6264008785053,70.6264008785053,5.33689602261451,72.471261571741,4.44972876296724,53.8145768316866
121504.851634444,5391.67236493631,70.5998632415286,70.5998632415286,5.3373323732187,72.4321602464027,4.44849278983335,53.546133662417
121525.446048361,5392.7723587437,70.5734633901512,70.5734633901512,5.33776645825457,72.3932619383697,4.4472452272775,53.2790587135381
121546.036261521,5393.86664310044,70.5472005655893,70.5472005655893,5.33819829019859,72.3545655296279,4.44598592657215,53.0133447057862
121566.622297428,5394.95524942918,70.5210740136997,70.5210740136997,5.33862788145091,72.3160699090003,4.44471473646102,52.7489844050396
121587.204179437,5396.03820896058,70.495082984946,70.495082984946,5.33905524433594,72.277773972099,4.44343150310483,52.4859706143217
121607.78193076,5397.11555273474,70.4692267343662,70.4692267343662,5.33948039110287,72.2396766212747,4.4421360700262,52.2242961811794
121628.35557446,5398.18731160253,70.4435045215392,70.4435045215392,5.33990333392623,72.2017767655698,4.44082827805245,51.9639539953476
121648.925133458,5399.25351622696,70.4179156105529,70.4179156105529,5.3403240849064,72.1640733206698,4.4395079652575,51.7049369831398
121669.490630532,5400.31419708453,70.3924592699714,70.3924592699714,5.34074265607018,72.1265652088556,4.43817496690184,51.4472381143646
121690.052088317,5401.36938446651,70.3671347728037,70.3671347728037,5.34115905937126,72.0892513589584,4.43682911537106,51.1908504003619
121710.609529307,5402.41910848035,70.3419413964717,70.3419413964717,5.34157330669079,72.0521307063096,4.43547024011307,50.9357668888105
121731.162975858,5403.46339905089,70.3168784227787,70.3168784227787,5.34198540983785,72.0152021926981,4.43409816757296,50.6819806700451
121751.712450184,5404.50228592172,70.2919451378787,70.2919451378787,5.34239538055002,71.9784647663221,4.43271272112688,50.4294848753356
121772.257974363,5405.53579865645,70.2671408322452,70.2671408322452,5.34280323049382,71.9419173817446,4.43131372101369,50.1782726719101
121792.799570335,5406.56396663996,70.242464800641,70.242464800641,5.34320897126528,71.9055589998487,4.42990098426488,49.9283372672906
121813.337259905,5407.58681907969,70.2179163420874,70.2179163420874,5.34361261439037,71.8693885877922,4.4284743246327,49.679671906038
121833.871064744,5408.60438500689,70.1934947598347,70.1934947598347,5.34401417132555,71.8334051189634,4.42703355251629,49.4322698752822
121854.401006386,5409.61669327783,70.169199361332,70.169199361332,5.34441365345822,71.7976075729383,4.42557847488566,49.1861244984494
121874.927106235,5410.62377257508,70.1450294581981,70.1450294581981,5.34481107210726,71.7619949354353,4.42410889520398,48.9412291356548
121895.449385561,5411.62565140868,70.1209843661917,70.1209843661917,5.34520643852341,71.726566198274,4.42262461334722,48.6975771866295
121915.967865504,5412.62235811738,70.0970634051828,70.0970634051828,5.34559976388988,71.691320359331,4.42112542552198,48.4551620858569
121936.482567075,5413.61392086984,70.0732658991238,70.0732658991238,5.34599105932271,71.6562564224978,4.41961112418097,48.2139773102325
121956.993511152,5414.60036766579,70.049591176021,70.049591176021,5.3463803358713,71.6213733976396,4.41808149793596,47.9740163687808
121977.50071849,5415.58172633724,70.0260385679062,70.0260385679062,5.34676760451885,71.5866703005526,4.41653633146847,47.7352728090397
121998.004209712,5416.55802454964,70.0026074108086,70.0026074108086,5.34715287618284,71.552146152923,4.41497540543792,47.4977402165333
122018.504005318,5417.52928980302,69.9792970447275,69.9792970447275,5.34753616171547,71.5177999822865,4.41339849638722,47.2614122109418
122039.00012568,5418.49554943317,69.9561068136039,69.9561068136039,5.34791747190413,71.4836308219868,4.41180537664551,47.0262824491524
122059.492591048,5419.45683061275,69.933036065294,69.933036065294,5.34829681747182,71.4496377111361,4.41019581422844,46.7923446244194
122079.981421545,5420.41316035244,69.9100841515416,69.9100841515416,5.34867420907764,71.4158196945749,4.40856957273533,46.5595924655209
122100.466637174,5421.36456550204,69.887250427951,69.887250427951,5.34904965731719,71.3821758228325,4.40692641124337,46.3280197334461
122120.948257816,5422.31107275162,69.8645342539611,69.8645342539611,5.34942317272303,71.3487051520866,4.40526608419918,46.0976202305965
122141.426303228,5423.25270863257,69.8419349928184,69.8419349928184,5.34979476576511,71.3154067441265,4.40358834130663,45.8683877889754
122161.900793051,5424.18949951872,69.8194520115507,69.8194520115507,5.35016444685121,71.2822796663128,4.40189292741168,45.6403162757624
122182.371746804,5425.12147162743,69.7970846809416,69.7970846809416,5.35053222632736,71.2493229915395,4.40017958238407,45.4133995979003
122202.839183887,5426.04865102065,69.7748323755043,69.7748323755043,5.35089811447824,71.2165357981962,4.3984480409951,45.1876316914799
122223.303123584,5426.97106360599,69.7526944734563,69.7526944734563,5.35126212152765,71.1839171701303,4.39669803279207,44.9630065261204
122243.763585062,5427.88873513776,69.7306703566937,69.7306703566937,5.35162425763888,71.1514661966102,4.3949292819688,44.7395181078515
122264.220587372,5428.80169121806,69.7087594107666,69.7087594107666,5.35198453291517,71.1191819722868,4.39314150723269,44.5171604778469
122284.674149448,5429.70995729777,69.6869610248536,69.6869610248536,5.35234295740006,71.0870635971586,4.39133442166712,44.2959277077328
122305.124290112,5430.61355867761,69.6652745917375,69.6652745917375,5.35269954107785,71.055110176534,4.38950773259036,44.0758139035465
122325.57102807,5431.51252050915,69.6436995077804,69.6436995077804,5.35305429387397,71.0233208209956,4.38766114140974,43.856813202933
122346.014381919,5432.40686779584,69.6222351728999,69.6222351728999,5.35340722565542,70.991694646364,4.38579434347177,43.638919777528
122366.45437014,5433.29662539398,69.6008809905444,69.6008809905444,5.35375834623112,70.9602307736634,4.38390702790711,43.4221278337946
122386.891011105,5434.18181801377,69.5796363676694,69.5796363676694,5.35410766535231,70.9289283290844,4.38199887747147,43.2064316070672
122407.324323075,5435.06247022025,69.5585007147141,69.5585007147141,5.35445519271299,70.8977864439506,4.38006956838106,42.9918253652102
122427.754324202,5435.93860643428,69.5374734455772,69.5374734455772,5.35480093795023,70.8668042546844,4.37811877014287,42.7783034111821
122448.181032527,5436.81025093357,69.5165539775943,69.5165539775943,5.35514491064462,70.8359809027702,4.37614614538039,42.5658600771763
122468.604465986,5437.67742785359,69.4957417315139,69.4957417315139,5.35548712032063,70.8053155347223,4.37415134965278,42.3544897252033
122489.024642406,5438.54016118853,69.4750361314754,69.4750361314754,5.35582757644695,70.774807302051,4.37213403126918,42.1441867531743
122509.441579507,5439.39847479228,69.4544366049854,69.4544366049854,5.35616628843694,70.744455361228,4.37009383109669,41.9349455896292
122529.855294902,5440.25239237934,69.4339425828958,69.4339425828958,5.35650326564892,70.7142588736541,4.36803038236236,41.7267606896323
122550.265806103,5441.10193752579,69.413553499381,69.413553499381,5.35683851738661,70.6842170056249,4.36594331044889,41.5196265414542
122570.673130514,5441.94713367018,69.3932687919158,69.3932687919158,5.35717205289944,70.6543289282994,4.36383223268352,41.3135376677507
122591.077285435,5442.78800411445,69.3730879012531,69.3730879012531,5.35750388138294,70.6245938176676,4.36169675812004,41.1084886162384
122611.478288066,5443.62457202489,69.3530102714027,69.3530102714027,5.35783401197911,70.5950108545162,4.35953648731438,40.9044739675505
122631.876155501,5444.45686043297,69.3330353496087,69.3330353496087,5.35816245377674,70.5655792243995,4.35735101209163,40.7014883308563
122652.270904737,5445.28489223631,69.3131625863285,69.3131625863285,5.3584892158118,70.536298117605,4.3551399153065,40.4995263481912
122672.662552664,5446.10869019952,69.2933914352116,69.2933914352116,5.35881430706778,70.5071667291239,4.35290277059526,40.2985826885052
122693.051116078,5446.92827695509,69.2737213530778,69.2737213530778,5.35913773647602,70.4781842586193,4.35063914211933,40.0986520488163
122713.436611672,5447.7436750043,69.2541517998968,69.2541517998968,5.35945951291609,70.4493499103942,4.34834858430081,39.8997291606166
122733.819056041,5448.55490671805,69.2346822387669,69.2346822387669,5.35977964521611,70.4206628933623,4.34603064154842,39.701808780889
122754.198465681,5449.36199433772,69.2153121358947,69.2153121358947,5.36009814215308,70.3921224210173,4.34368484797459,39.5048856970304
122774.574856991,5450.16495997607,69.1960409605743,69.1960409605743,5.36041501245325,70.3637277114011,4.34131072710286,39.3089547227015
122794.948246275,5450.96382561805,69.1768681851669,69.1768681851669,5.36073026479242,70.3354779870754,4.33890779156499,39.1140107023218
122815.318649738,5451.75861312163,69.1577932850808,69.1577932850808,5.36104390779631,70.3073724750922,4.3364755427878,38.9200485100219
122835.686083491,5452.54934421869,69.1388157387513,69.1388157387513,5.36135595004084,70.2794104069623,4.33401347066929,38.727063045716
122856.05056355,5453.3360405158,69.1199350276209,69.1199350276209,5.36166640005252,70.2515910186278,4.33152105324317,38.5350492381965
122876.412105836,5454.11872349503,69.1011506361192,69.1011506361192,5.36197526630871,70.2239135504332,4.32899775633151,38.3440020449532
122896.770726177,5454.89741451484,69.0824620516437,69.0824620516437,5.36228255723799,70.1963772470944,4.32644303318578,38.1539164495062
122917.126440309,5455.67213481081,69.0638687645405,69.0638687645405,5.36258828122044,70.1689813576725,4.32385632411444,37.9647874631327
122937.479263875,5456.44290549648,69.0453702680845,69.0453702680845,5.362892446588,70.1417251355441,4.32123705609737,37.7766101283208
122957.829212424,5457.20974756414,69.0269660584606,69.0269660584606,5.36319506162475,70.1146078383738,4.31858464238672,37.5893795103212
122978.176301418,5457.97268188563,69.0086556347449,69.0086556347449,5.36349613456724,70.0876287280853,4.31589848209315,37.4030907033025
122998.520546224,5458.7317292131,68.9904384988857,68.9904384988857,5.36379567360479,70.0607870708349,4.31317795975694,37.2177388275072
123018.861962124,5459.48691017981,68.9723141556846,68.9723141556846,5.3640936868798,70.0340821369831,4.31042244490336,37.0333190299076
123039.200564307,5460.23824530091,68.9542821127783,68.9542821127783,5.36439018248805,70.0075132010671,4.30763129158204,36.8498264861087
123059.536367875,5460.98575497416,68.9363418806201,68.9363418806201,5.36468516847902,69.9810795417752,4.30480383788862,36.6672563961174
123079.869387841,5461.72945948076,68.9184929724617,68.9184929724617,5.36497865285616,69.9547804419177,4.30193940546941,36.4856039874308
123100.199639131,5462.46937898604,68.900734904335,68.900734904335,5.36527064357724,69.928615188402,4.29903729900651,36.3048645120614
123120.527136584,5463.20553354024,68.8830671950342,68.8830671950342,5.36556114855456,69.9025830722057,4.29609680568423,36.1250332490787
123140.851894953,5463.93794307926,68.8654893660978,68.8654893660978,5.36585017565533,69.8766833883496,4.29311719463486,35.9461055027769
123161.173928905,5464.66662742536,68.8480009417913,68.8480009417913,5.36613773270192,69.8509154358729,4.29009771636336,35.7680766036954
123181.493253022,5465.39160628795,68.8306014490893,68.8306014490893,5.36642382747215,69.8252785178058,4.28703760215002,35.5909419095542
123201.809881799,5466.11289926425,68.813290417658,68.813290417658,5.36670846769956,69.7997719411454,4.28393606342949,35.414696799866
123222.123829651,5466.83052584007,68.7960673798383,68.7960673798383,5.36699166107376,69.7743950168288,4.28079229114644,35.2393366797728
123242.435110907,5467.54450539048,68.7789318706285,68.7789318706285,5.36727341524062,69.7491470597089,4.27760545508507,35.0648569818272
123262.743739814,5468.25485718055,68.7618834276669,68.7618834276669,5.36755373780262,69.7240273885287,4.27437470317263,34.8912531627827
123283.049730535,5468.96160036603,68.7449215912154,68.7449215912154,5.36783263631911,69.6990353258967,4.27109916075512,34.7185207038819
123303.353097152,5469.66475399406,68.7280459041426,68.7280459041426,5.36811011830655,69.6741701982625,4.26777792984403,34.5466551091247
123323.653853667,5470.36433700388,68.7112559119069,68.7112559119069,5.36838619123885,69.6494313358909,4.26441008833267,34.3756519085024
123343.952014,5471.06036822749,68.6945511625402,68.6945511625402,5.36866086254758,69.6248180728392,4.26099468918066,34.2055066577624
123364.24759199,5471.75286639035,68.6779312066317,68.6779312066317,5.36893413962227,69.600329746932,4.25753075956533,34.0362149349419
123384.540601397,5472.44185011204,68.6613955973111,68.6613955973111,5.36920602981069,69.5759656997384,4.25401729999771,33.8677723425313
123404.831055901,5473.12733790696,68.6449438902329,68.6449438902329,5.36947654041907,69.5517252765464,4.25045328340267,33.7001745057162
123425.118969106,5473.80934818499,68.6285756435603,68.6285756435603,5.36974567871241,69.5276078263405,4.24683765416015,33.5334170747714
123445.404354534,5474.48789925212,68.6122904179491,68.6122904179491,5.37001345191471,69.5036127017789,4.24316932710601,33.3674957236202
123465.687225633,5475.16300931117,68.596087776532,68.596087776532,5.37027986720926,69.479739259168,4.23944718649124,33.2024061493045
123485.96759577,5475.83469646237,68.5799672849032,68.5799672849032,5.37054493173887,69.4559868584421,4.23567008489624,33.038144072701
123506.245478238,5476.50297870407,68.5639285111023,68.5639285111023,5.37080865260612,69.4323548631381,4.23183684209886,32.8747052363035
123526.520886253,5477.16787393336,68.5479710255995,68.5479710255995,5.37107103687367,69.4088426403739,4.22794624389354,32.7120854060279
123546.793832956,5477.82939994668,68.5320944012797,68.5320944012797,5.37133209156443,69.3854495608265,4.22399704085868,32.5502803724876
123567.064331411,5478.48757444052,68.5162982134276,68.5162982134276,5.37159182366188,69.3621749987072,4.21998794707063,32.389285948013
123587.332394609,5479.14241501198,68.5005820397126,68.5005820397126,5.37185024011026,69.3390183317424,4.21591763876023,32.2290979648783
123607.598035467,5479.79393915942,68.4849454601738,68.4849454601738,5.37210734781488,69.3159789411496,4.21178475291005,32.0697122826723
123627.861266826,5480.44216428312,68.4693880572051,68.4693880572051,5.37236315364232,69.2930562116151,4.2075878857887,31.9111247810461
123648.122101456,5481.08710768583,68.4539094155402,68.4539094155402,5.37261766442067,69.2702495312739,4.20332559141849,31.7533313599064
123668.380552053,5481.7287865734,68.4385091222385,68.4385091222385,5.3728708869398,69.2475582916876,4.1989963799741,31.5963279441595
123688.636631241,5482.36721805542,68.4231867666699,68.4231867666699,5.37312282795157,69.2249818878217,4.1945987161073,31.4401104789716
123708.890351573,5483.00241914579,68.407941940501,68.407941940501,5.3733734941701,69.2025197180258,4.19013101719463,31.2846749322302
123729.141725529,5483.63440676332,68.3927742376802,68.3927742376802,5.37362289227196,69.1801711840117,4.1855916515031,31.1300172946953
123749.390765518,5484.26319773234,68.377683254424,68.377683254424,5.37387102889647,69.1579356908326,4.18097893627036,30.9761335757011
123769.63748388,5484.88880878325,68.3626685892021,68.3626685892021,5.37411791064585,69.135812646863,4.17629113569319,30.823019806239
123789.881892885,5485.51125655315,68.3477298427245,68.3477298427245,5.37436354408553,69.1138014637769,4.17152645882152,30.670672042184
123810.124004731,5486.1305575864,68.3328666179264,68.3328666179264,5.37460793574431,69.0919015565278,4.16668305734977,30.5190863578466
123830.36383155,5486.7467283352,68.3180785199553,68.3180785199553,5.37485109211464,69.0701123433279,4.16175902330232,30.3682588488407
123850.601385402,5487.35978516014,68.3033651561567,68.3033651561567,5.37509301965283,69.0484332456293,4.15675238660518,30.2181856319121
123870.836678282,5487.9697443308,68.2887261360609,68.2887261360609,5.37533372477926,69.0268636881023,4.15166111253878,30.0688628440579
123891.069722115,5488.57662202629,68.274161071369,68.274161071369,5.37557321387861,69.0054030986163,4.14648309906373,29.9202866452008
123911.300528759,5489.18043433584,68.2596695759399,68.2596695759399,5.37581149330008,68.9840509082192,4.14121617401334,29.7724532134391
123931.529110005,5489.78119725929,68.2452512657769,68.2452512657769,5.37604856935763,68.96280655112,4.1358580921438,29.6253587488686
123951.755477577,5490.37892670774,68.2309057590143,68.2309057590143,5.37628444833015,68.9416694646655,4.13040653203485,29.4789994699892
123971.979643135,5490.97363850399,68.2166326759043,68.2166326759043,5.37651913646174,68.9206390893252,4.12485909283061,29.3333716162527
123992.201618271,5491.56534838316,68.2024316388042,68.2024316388042,5.37675263996185,68.8997148686692,4.11921329081253,29.1884714491652
124012.421414513,5492.15407199321,68.188302272163,68.188302272163,5.37698496500556,68.8788962493495,4.1134665557926,29.0442952489604
124032.639043322,5492.73982489545,68.1742442025092,68.1742442025092,5.37721611773376,68.8581826810826,4.10761622731695,28.900839316287
124052.854516096,5493.32262256512,68.1602570584372,68.1602570584372,5.37744610425337,68.8375736166284,4.10165955066743,28.7580999682145
124073.067844171,5493.90248039186,68.1463404705954,68.1463404705954,5.37767493063751,68.8170685117739,4.09559367264895,28.6160735446019
124093.279038816,5494.47941368028,68.1324940716733,68.1324940716733,5.37790260292577,68.7966668253128,4.08941563714875,28.4747564069957
124113.488111237,5495.05343765047,68.1187174963888,68.1187174963888,5.37812912712438,68.7763680190279,4.08312238045309,28.3341449311041
124133.69507258,5495.62456743849,68.1050103814762,68.1050103814762,5.3783545092064,68.7561715576734,4.07671072630608,28.1942355150969
124153.899933925,5496.19281809693,68.0913723656738,68.0913723656738,5.37857875511197,68.744017212209,4.13332791796228,28.0550245767953
124174.102706292,5496.75820459537,68.0778030897112,68.0778030897112,5.37880187074845,68.7326183072301,4.12210721528319,27.9165085504777
124194.303400639,5497.32074182092,68.0643021962979,68.0643021962979,5.37902386199066,68.7212768471868,4.11039277610214,27.7786838921388
124214.502027862,5497.88044457872,68.0508693301107,68.0508693301107,5.3792447346811,68.7099925335886,4.09815142875593,27.6415470752863
124234.698598797,5498.43732759242,68.037504137782,68.037504137782,5.37946449463007,68.6987650695883,4.08534696205447,27.5050945923386
124254.893124218,5498.99140550468,68.0242062678876,68.0242062678876,5.37968314761593,68.6875941599713,4.07193976897634,27.3693229543159
124275.085614841,5499.54269287769,68.0109753709355,68.0109753709355,5.3799006993853,68.6764795111456,4.05788643904187,27.2342286906259
124295.27608132,5500.0912041936,67.9958046070943,67.9958046070943,5.38011715565318,68.6654208311326,4.04014209809354,27.094450642897
124315.46453425,5500.63673751663,67.9707100742352,67.9707100742352,5.38033243673068,68.6544221912125,4.00614401796583,26.9233221201435
124335.650984963,5501.17823072995,67.9458013864221,67.9458013864221,5.38054612347996,68.6435050050004,3.99883906327996,26.7265906481988
124355.835448678,5501.71571442064,67.9210771366505,67.9210771366505,5.38075822797145,68.6326686558219,3.99743989818035,26.5313098339733
124376.017940496,5502.24921893425,67.8965359290247,67.8965359290247,5.38096876218026,68.6219125318727,3.99605082385932,26.3374687858114
124396.198475395,5502.7787743769,67.8721763786626,67.8721763786626,5.38117773798701,68.6112360261754,3.99467176779995,26.1450566973327
124416.377068238,5503.30441061732,67.8479971116033,67.8479971116033,5.38138516717865,68.6006385365386,3.99330265800326,25.9540628471753
124436.553733765,5503.82615728885,67.8239967647129,67.8239967647129,5.38159106144924,68.5901194655169,3.99194342298449,25.7644765960795
124456.728486604,5504.34404379143,67.8001739855942,67.8001739855942,5.38179543240073,68.5796782203704,3.99059399176952,25.5762873871021
124476.901341263,5504.8580992936,67.7765274324943,67.7765274324943,5.38199829154376,68.5693142130245,3.98925429389121,25.3894847467458
124497.072312138,5505.36835273445,67.7530557742155,67.7530557742155,5.38219965029841,68.5590268600307,3.98792425938586,25.2040582805425
124517.241413509,5505.87483282553,67.7297576900256,67.7297576900256,5.38239951999497,68.5488155825279,3.98660381878958,25.0199976771946
124537.408659543,5506.37756805283,67.7066318695698,67.7066318695698,5.38259791187474,68.5386798062027,3.98529290313484,24.8372927027617
124557.574064297,5506.87658667863,67.6836770127828,67.6836770127828,5.3827948370907,68.5286189612517,3.98399144394687,24.6559332029495
124577.737641716,5507.37191674343,67.6608918298025,67.6608918298025,5.38299030670836,68.5186324823432,3.98269937324027,24.4759091038077
124597.899405633,5507.86358606775,67.6382750408834,67.6382750408834,5.38318433170636,68.5087198085804,3.98141662351542,24.297210408266
124618.059369774,5508.35162225408,67.6158253763124,67.6158253763124,5.38337692297736,68.4988803834622,3.98014312775518,24.1198271951492
124638.217547757,5508.83605268861,67.5935415763238,67.5935415763238,5.38356809132861,68.4891136548486,3.97887881942137,23.9437496229829
124658.373953089,5509.31690454313,67.5714223910162,67.5714223910162,5.3837578474828,68.4794190749219,3.97762363245143,23.7689679234829
124678.528599176,5509.79420477675,67.5494665802696,67.5494665802696,5.38394620207865,68.4697961001526,3.97637750125504,23.5954724038861
124698.681499314,5510.26798013775,67.5276729136633,67.5276729136633,5.38413316567172,68.4602441912615,3.97514036071076,23.4232534495703
124718.832666696,5510.73825716532,67.5060401703952,67.5060401703952,5.38431874873501,68.4507628131851,3.97391214616276,23.2523015160427
124738.982114412,5511.20506219129,67.4845671392009,67.4845671392009,5.38450296165975,68.4413514350404,3.97269279341747,23.0826071335921
124759.129855448,5511.66842134187,67.4632526182742,67.4632526182742,5.38468581475596,68.4320095300903,3.97148223874031,22.9141609059528
124779.275902689,5512.12836053938,67.4420954151883,67.4420954151883,5.38486731825326,68.4227365757078,3.97028041885246,22.7469535105324
124799.420268917,5512.58490550397,67.4210943468176,67.4210943468176,5.38504748230146,68.4135320533425,3.96908727092767,22.5809756949599
124819.562966815,5513.03808175523,67.4002482392597,67.4002482392597,5.38522631697123,68.4043954484872,3.96790273258894,22.4162182763937
124839.704008967,5513.48791461392,67.3795559277596,67.3795559277596,5.38540383225476,68.3953262506434,3.96672674190546,22.2526721461443
124859.843407857,5513.93442920364,67.3590162566328,67.3590162566328,5.38558003806646,68.3863239532876,3.96555923738936,22.0903282630814
124879.981175873,5514.37765045238,67.3386280791904,67.3386280791904,5.38575494424354,68.3773880538402,3.96440015799264,21.9291776565465
124900.117325304,5514.81760309426,67.3183902576643,67.3183902576643,5.38592856054669,68.36851805363,3.96324944310399,21.7692114243956
124920.251868345,5515.25431167101,67.2983016631336,67.2983016631336,5.3861008966607,68.3597134578649,3.96210703254574,21.610420733166
124940.384817093,5515.68780053369,67.2783611754505,67.2783611754505,5.38627196219511,68.3509737755967,3.96097286657076,21.4527968179604
124960.516183552,5516.11809384416,67.2585676831687,67.2585676831687,5.38644176668479,68.3422985196919,3.95984688585943,21.2963309779299
124980.645979634,5516.54521557672,67.2389200834709,67.2389200834709,5.38661031959059,68.3336872067984,3.95872903151661,21.1410145829257
125000.774217154,5516.96918951962,67.2194172820976,67.2194172820976,5.38677763029996,68.325139357315,3.95761924506859,20.9868390672293
125020.900907838,5517.3900392766,67.2000581932763,67.2000581932763,5.38694370812752,68.3166544953605,3.95651746846014,20.8337959303198
125041.026063319,5517.80778826844,67.1808417396519,67.1808417396519,5.38710856231569,68.3082321487425,3.95542364405153,20.681876737163
125061.14969514,5518.2224597344,67.1617668522174,67.1617668522174,5.38727220203526,68.2998718489282,3.95433771461562,20.5310731177296
125081.271814753,5518.63407673381,67.1428324702447,67.1428324702447,5.38743463638604,68.2915731310124,3.95325962333486,20.3813767655102
125101.392433523,5519.04266214746,67.1240375412167,67.1240375412167,5.38759587439733,68.2833355336895,3.95218931379842,20.2327794367962
125121.511562725,5519.44823867912,67.1053810207603,67.1053810207603,5.38775592502863,68.2751585992229,3.95112672999936,20.0852729532118
125141.629213546,5519.85082885698,67.086861872579,67.086861872579,5.38791479717011,68.2670418734158,3.95007181633166,19.9388491967506
125161.745397087,5520.25045503507,67.0684790683867,67.0684790683867,5.38807249964324,68.2589849055829,4.79342446785716,19.7935001126925
125181.860124361,5520.64713939473,67.0502315878424,67.0502315878424,5.38822904120133,68.2509872485203,4.7924284755064,19.6492177070858
125201.973406298,5521.04090394598,67.032118418485,67.032118418485,5.38838443053007,68.2430484584782,4.7914366159099,19.5059940463592
125222.085253742,5521.43177052895,67.0141385556683,67.0141385556683,5.38853867624814,68.2351680951321,4.79044888941433,19.3638212600654
125242.195677451,5521.81976081526,66.9962910024981,66.9962910024981,5.38869178690769,68.2273457215548,4.78946529614651,19.2226915346789
125262.304688104,5522.20489630939,66.9785747697682,66.9785747697682,5.38884377099493,68.2195809041888,4.78848583601503,19.0825971179656
125282.412296292,5522.58719835005,66.9609888758977,66.9609888758977,5.38899463693065,68.2118732128189,4.78751050871214,18.9435303177402
125302.518512527,5522.96668811154,66.9435323468691,66.9435323468691,5.38914439307075,68.2042222205444,4.78653931371572,18.8054834975046
125322.62334724,5523.34338660507,66.9262042161666,66.9262042161666,5.38929304770679,68.1966275037528,4.78557225029094,18.6684490812549
125342.72681078,5523.71731468012,66.9090035247146,66.9090035247146,5.38944060906648,68.1890886420924,4.78460931749229,18.5324195507285
125362.828913415,5524.0884930257,66.891929320818,66.891929320818,5.38958708531423,68.1816052184465,4.78365051416523,18.3973874427556
125382.929665337,5524.45694217171,66.8749806601013,66.8749806601013,5.38973248455165,68.1741768189066,4.78269583894828,18.2633453535314
125403.029076655,5524.82268249022,66.85815660545,66.85815660545,5.38987681481807,68.1668030327459,4.78174529027493,18.1302859345924
125423.127157403,5525.18573419672,66.841456226951,66.841456226951,5.39002008409103,68.1594834523947,4.78079886637528,17.9982018924243
125443.223917536,5525.54611735143,66.8248786018344,66.8248786018344,5.39016230028678,68.1522176734137,4.7798565652782,17.8670859904393
125463.319366932,5525.90385186052,66.8084228144162,66.8084228144162,5.39030347126081,68.1450052944693,4.77891838481311,17.7369310454548
125483.413515395,5526.2589574774,66.7920879560397,66.7920879560397,5.3904436048083,68.137845917308,4.77798432261197,17.6077299303002
125503.50637265,5526.61145380391,66.7758731250201,66.7758731250201,5.39058270866462,68.1307391467318,4.77705437611117,17.4794755714545
125523.59794835,5526.96136029159,66.7597774265869,66.7597774265869,5.39072079050584,68.1236845905732,4.77612854255347,17.3521609482113
125543.688252073,5527.30869624286,66.7437999728286,66.7437999728286,5.39085785794918,68.1166818596711,4.7752068189899,17.2257790944471
125563.777293321,5527.65348081222,66.7279398826377,66.7279398826377,5.39099391855348,68.1097305678466,4.77428920228171,17.1003230969596
125583.865081525,5527.9957330075,66.7121962816551,66.7121962816551,5.3911289798197,68.1028303318778,4.77337568910255,16.9757860931345
125603.951626044,5528.33547169096,66.696568302216,66.696568302216,5.39126304919137,68.0959807714778,4.77246627593992,16.8521612736156
125624.036936163,5528.67271558052,66.6810550832963,66.6810550832963,5.39139613405505,68.0891815092697,4.77156095909764,16.729441881566
125644.121021096,5529.0074832509,66.6656557704585,66.6656557704585,5.39152824174077,68.0824321707638,4.77065973469744,16.6076212096176
125664.203889988,5529.33979313479,66.6503695157995,66.6503695157995,5.39165937952255,68.0757323843337,4.76976259868127,16.4866926016527
125684.285551913,5529.66966352397,66.6351954778972,66.6351954778972,5.39178955461877,68.0690817811942,4.76886954681291,16.3666494530632
125704.366015873,5529.99711257044,66.6201328217596,66.6201328217596,5.39191877419267,68.0624799953779,4.76798057468019,16.2474852087071
125724.445290803,5530.32215828757,66.6051807187719,66.6051807187719,5.39204704535278,68.0559266637126,4.76709567769686,16.1291933610555
125744.523385571,5530.64481855117,66.5903383466464,66.5903383466464,5.39217437515333,68.0494214257994,4.76621485110449,16.0117674536083
125764.600308974,5530.96511110062,66.5756048893713,66.5756048893713,5.39230077059472,68.0429639239902,4.76533808997456,15.8952010804961
125784.676069742,5531.28305353999,66.5609795371606,66.5609795371606,5.39242623862397,68.0365538033645,4.7644653892106,15.7794878804845
125804.750676541,5531.59866333904,66.5464614864042,66.5464614864042,5.39255078613508,68.03019071171,4.76359674354966,15.6646215424658
125824.824137966,5531.91195783438,66.5320499396185,66.5320499396185,5.3926744199695,68.0238742994989,4.76273214756479,15.5505958037619
125844.89646255,5532.22295423049,66.5177441053974,66.5177441053974,5.39279714691656,68.017604219867,4.76187159566676,15.4374044464296
125864.96765876,5532.53166960078,66.5035431983642,66.5035431983642,5.39291897371384,68.0113801285928,4.76101508210613,15.325041301374
125885.037734997,5532.83812088863,66.4894464391229,66.4894464391229,5.39303990704764,68.0052016840766,4.76016260097508,15.2135002467907
125905.106699597,5533.14232490846,66.4754530542106,66.4754530542106,5.39315995355333,67.9990685473183,4.75931414620959,15.102775205019
125925.174560836,5533.44429834672,66.4615622760508,66.4615622760508,5.39327911981581,67.9929803818981,4.75846971159132,14.992860144999
125945.241326923,5533.74405776293,66.4477733429055,66.4477733429055,5.39339741236988,67.9869368539551,4.7576292907495,14.8837490815721
125965.307006006,5534.04161959066,66.4340854988296,66.4340854988296,5.39351483770064,67.9809376321679,4.75679287716285,14.7754360743435
125985.37160617,5534.33700013859,66.4204979936248,66.4204979936248,5.3936314022439,67.9749823877329,4.75596046416192,14.6679152282129
126005.435135439,5534.63021559145,66.4070100827933,66.4070100827933,5.39374711238655,67.9690707943456,4.75513204493061,14.5611806909938
126025.497601777,5534.92128201103,66.3936210274928,66.3936210274928,5.39386197446699,67.9632025281799,4.75430761250834,14.4552266560895
126045.559013084,5535.21021533713,66.380330094492,66.380330094492,5.39397599477546,67.9573772678694,4.7534871597919,14.3500473608529
126065.619377202,5535.49703138858,66.3671365561255,66.3671365561255,5.39408917955445,67.9515946944866,4.75267067953763,14.2456370844877
126085.678701913,5535.78174586413,66.35403969025,66.35403969025,5.39420153499909,67.9458544915248,4.75185816436299,14.1419901503084
126105.736994939,5536.06437434347,66.3410387802005,66.3410387802005,5.39431306725752,67.9401563448778,4.7510496067489,14.0391009237345
126125.794263945,5536.34493228811,66.3281331147471,66.3281331147471,5.39442378243123,67.9344999428222,4.75024499904138,13.9369638127636
126145.850516536,5536.62343504237,66.3153219880512,66.3153219880512,5.39453368657547,67.928884975997,4.74944433345361,13.835573268555
126165.905760258,5536.89989783426,66.302604699624,66.302604699624,5.3946427856996,67.9233111373864,4.74864760206781,13.7349237821076
126185.960002603,5537.17433577644,66.2899805542836,66.2899805542836,5.39475108576745,67.9177781223,4.74785479683728,13.6350098869967
126206.013251003,5537.44676386711,66.2774488621128,66.2774488621128,5.39485859269769,67.9122856283552,4.74706590958817,13.5358261578056
126226.065512835,5537.71719699091,66.2650089384182,66.2650089384182,5.39496531236416,67.906833355459,4.74628093202143,13.4373672089924
126246.116795419,5537.98564991981,66.2526601036886,66.2526601036886,5.39507125059626,67.9014210057898,4.74549985571466,13.3396276962907
126266.167106021,5538.25213731404,66.2404016835541,66.2404016835541,5.39517641317927,67.8960482837788,4.74472267212424,13.2426023153993
126286.21645185,5538.51667372291,66.228233008746,66.228233008746,5.39528080585472,67.8907148960936,4.74394937258689,13.1462858016238
126306.264840062,5538.77927358574,66.2161534150559,66.2161534150559,5.39538443432073,67.8854205516193,4.74317994832182,13.0506729305636
126326.312277756,5539.03995123269,66.2041622432965,66.2041622432965,5.39548730423233,67.8801649614418,4.74241439043244,12.9557585155881
126346.35877198,5539.29872088561,66.1922588392618,66.1922588392618,5.39558942120182,67.8749478388306,4.74165268990819,12.8615374097731
126366.404329727,5539.55559665895,66.1804425536883,66.1804425536883,5.39569079079912,67.8697688992207,4.74089483762675,12.7680045047163
126386.448957939,5539.81059256053,66.1687127422156,66.1687127422156,5.39579141855206,67.8646278601968,4.7401408243554,12.6751547306753
126406.492663501,5540.06372249243,66.1570687653483,66.1570687653483,5.39589130994675,67.8595244414753,4.73939064075324,12.5829830553623
126426.535453251,5540.31500025179,66.1455099884177,66.1455099884177,5.39599047042789,67.8544583648885,4.73864427737276,12.4914844839418
126446.577333971,5540.56443953165,66.134035781544,66.134035781544,5.39608890539908,67.8494293543674,4.7379017246619,12.4006540599967
126466.618312395,5540.81205392177,66.1226455195986,66.1226455195986,5.3961866202232,67.8444371359254,4.73716297296576,12.3104868628835
126486.658395204,5541.05785690941,66.1113385821672,66.1113385821672,5.39628362022264,67.8394814376423,4.73642801252832,12.2209780099784
126506.697589029,5541.30186188017,66.1001143535124,66.1001143535124,5.39637991067971,67.8345619896474,4.73569683349443,12.1321226546954
126526.735900451,5541.54408211876,66.0889722225373,66.0889722225373,5.39647549683688,67.8296785241044,4.73496942591139,12.0439159866418
126546.773336,5541.78453080979,66.0779115827497,66.0779115827497,5.39657038389713,67.8248307751947,4.73424577973092,11.9563532314885
126566.809902159,5542.02322103858,66.0669318322252,66.0669318322252,5.39666457702424,67.8200184791019,4.73352588481084,11.8694296508909
126586.84560536,5542.26016579191,66.0560323735722,66.0560323735722,5.39675808134314,67.8152413739961,4.73280973091691,11.7831405415374
126606.880451987,5542.49537795878,66.0452126138962,66.0452126138962,5.39685090194014,67.8104992000188,4.73209730772437,11.6974812347462
126626.914448377,5542.7288703312,66.0344719647648,66.0344719647648,5.39694304386328,67.805791699267,4.73138860481992,11.6124470983813
126646.947600816,5542.96065560494,66.0238098421727,66.0238098421727,5.39703451212264,67.8011186157778,4.73068361170335,11.5280335337672
126666.979915546,5543.19074638027,66.0132256665076,66.0132256665076,5.39712531169059,67.796479695514,4.7299823177893,11.4442359758152
126687.011398761,5543.41915516271,66.0027188625154,66.0027188625154,5.39721544750213,67.7923968663818,4.72928471240886,11.3610498954145
126707.042056606,5543.64589436377,65.9922888592668,65.9922888592668,5.39730492445515,67.7914730458437,4.72859078481145,11.2784707963023
126727.071895182,5543.87097630168,65.981935090123,65.981935090123,5.39739374741073,67.7905559776172,4.72790052416629,11.1964942147045
126747.100920545,5544.09441320211,65.9716569927031,65.9716569927031,5.39748192119343,67.7896456118903,4.72721391956429,11.115115721772
126767.129138702,5544.3162171989,65.9614540088504,65.9614540088504,5.39756945059155,67.7887418992252,4.72653096001956,11.0343309223928
126787.156555616,5544.53640033479,65.9513255845998,65.9513255845998,5.39765634035748,67.7878447905552,4.72585163447132,10.9541354513974
126807.183177208,5544.75497456207,65.9412711701448,65.9412711701448,5.39774259520787,67.7869542371824,4.72517593178502,10.8745249779618
126827.20900935,5544.97195174335,65.9312902198061,65.9312902198061,5.39782821982402,67.7860701907738,4.7245038407546,10.7954952041484
126847.234057872,5545.1873436522,65.9213821919986,65.9213821919986,5.39791321885206,67.7851926033597,4.7238353501036,10.7170418625503
126867.258328561,5545.4011619739,65.9115465492005,65.9115465492005,5.3979975969033,67.7843214273297,4.72317044848723,10.6391607187104
126887.281827159,5545.61341830607,65.9017827579208,65.9017827579208,5.39808135855445,67.7834566154309,4.72250912449352,10.5618475693712
126907.304559364,5545.82412415937,65.892090288669,65.892090288669,5.39816450834791,67.7825981207645,4.72185136664515,10.4850982421484
126927.326530834,5546.03329095818,65.8824686159236,65.8824686159236,5.39824705079202,67.7817458967832,4.72119716340103,10.4089085962622
126947.347747182,5546.24093004127,65.8729172181015,65.8729172181015,5.39832899036134,67.7808998972887,4.72054650315783,10.3332745222344
126967.368213979,5546.44705266245,65.8634355775275,65.8634355775275,5.3984103314969,67.7800600764288,4.71989937425149,10.258191939643
126987.387936756,5546.65166999122,65.8540231804041,65.8540231804041,5.39849107860648,67.7792263886947,4.71925576495873,10.1836567995576
127007.406921,5546.85479311345,65.8446795167813,65.8446795167813,5.39857123606483,67.7783987889183,4.71861566349866,10.1096650836709
127027.425172159,5547.05643303202,65.8354040805273,65.8354040805273,5.39865080821396,67.7775772322699,4.7179790580344,10.0362128022499
127047.442695638,5547.25660066742,65.8261963692985,65.8261963692985,5.39872979936338,67.7767616742553,4.71734593667416,9.96329599603951
127067.459496804,5547.45530685846,65.8170558845107,65.8170558845107,5.39880821379034,67.7759520707131,4.71671628747334,9.89091073571074
127087.47558098,5547.65256236283,65.8079821313098,65.8079821313098,5.3988860557401,67.7751483778124,4.71609009843547,9.81905311956937
127107.490953454,5547.84837785776,65.798974618543,65.798974618543,5.39896332942616,67.7743505520503,4.71546735751389,9.7477192760347
127127.50561947,5548.04276394064,65.7900328587305,65.7900328587305,5.39904003903052,67.7735585502489,4.71484805261325,9.676905363034
127147.519584234,5548.23573112963,65.7811563680368,65.7811563680368,5.3991161887039,67.7727723295533,4.71423217159084,9.60660756554278
127167.532852915,5548.42728986428,65.7723446662432,65.7723446662432,5.39919178256601,67.7719918474289,4.7136197022582,9.5368220973486
127187.54543064,5548.6174505061,65.7635972767193,65.7635972767193,5.39926682470577,67.771217061659,4.71301063238214,9.46754520118495
127207.557322499,5548.80622333922,65.7549137263958,65.7549137263958,5.39934131918154,67.7704479303422,4.71240494968665,9.39877314669792
127227.568533546,5548.99361857094,65.7462935457369,65.7462935457369,5.39941527002139,67.7696844118902,4.71180264185392,9.33050223137311
127247.579068793,5549.17964633232,65.7377362687133,65.7377362687133,5.39948868122328,67.7689264650252,4.71120369652577,9.26272878099228
127267.588933217,5549.3643166788,65.7292414327751,65.7292414327751,5.39956155675534,67.7681740487775,4.71060810130519,9.19544914786877
127287.598131758,5549.54763959076,65.7208085788252,65.7208085788252,5.39963390055608,67.7674271224834,4.71001584375757,9.12865971102253
127307.606669319,5549.72962497408,65.7124372511924,65.7124372511924,5.3997057165346,67.7666856457826,4.70942691141186,9.06235687746471
127327.614550764,5549.91028266075,65.7041269976056,65.7041269976056,5.39977700857086,67.7659495786158,4.70884129176226,8.99653708035795
127347.621780923,5550.0896224094,65.6958773691674,65.6958773691674,5.39984778051585,67.7652188812228,4.70825897226918,8.93119677903653
127367.62836459,5550.26765390591,65.6876879203283,65.6876879203283,5.39991803619187,67.7644935141397,4.70767994036091,8.86633245912109
127387.634306522,5550.44438676389,65.6795582088608,65.6795582088608,5.39998777939267,67.7637734381969,4.70710418343433,8.80194063284978
127407.63961144,5550.61983052533,65.6714877958346,65.6714877958346,5.40005701388378,67.7630586145169,4.70653168885693,8.73801783824835
127427.644284032,5550.79399466108,65.6634762455904,65.6634762455904,5.40012574340263,67.7623490045118,4.70596244396744,8.67456063794936
127447.648328948,5550.9668885714,65.6555231257156,65.6555231257156,5.40019397165879,67.7616445698816,4.70539643607727,8.61156562113939
127467.651750806,5551.13852158654,65.6476280070189,65.6476280070189,5.40026170233421,67.7609452726111,4.70483365247188,8.54902940247398
127487.654554187,5551.30890296725,65.6397904635063,65.6397904635063,5.40032893908342,67.7602510749687,4.70427408041194,8.48694862111281
127507.65674364,5551.47804190531,65.6320100723558,65.6320100723558,5.40039568553372,67.7595619395036,4.70371770713441,8.42531994034172
127527.658323679,5551.64594752404,65.624286413894,65.624286413894,5.4004619452854,67.758877829044,4.70316451985374,8.36414004992894
127547.659298784,5551.81262887889,65.6166190715712,65.6166190715712,5.40052772191197,67.7581987066946,4.70261450576333,8.30340566310141
127567.659673403,5551.97809495787,65.6090076319381,65.6090076319381,5.40059301896033,67.7575245358348,4.70206765203626,8.24311351708624
127587.659451949,5552.14235468213,65.6014516846221,65.6014516846221,5.40065783995097,67.7568552801166,4.70152394582683,8.18326037473593
127607.658638802,5552.30541690645,65.5939508223035,65.5939508223035,5.40072218837822,67.7561909034622,4.70098337427152,8.12384302098249
127627.657238312,5552.46729041973,65.5865046406923,65.5865046406923,5.4007860677104,67.7555313700624,4.70044592449003,8.06485826587537
127647.655254794,5552.62798394554,65.5791127385052,65.5791127385052,5.40084948139005,67.754876644374,4.69991158358673,8.00630294280822
127667.652692532,5552.78750614255,65.5717747174427,65.5717747174427,5.40091243283409,67.7542266911185,4.6993803386513,7.94817390820899
127687.649555777,5552.94586560509,65.5644901821661,65.5644901821661,5.40097492543407,67.7535814752792,4.69885217676024,7.89046804207073
127707.64584875,5553.10307086359,65.557258740275,65.557258740275,5.40103696255629,67.7529409621001,4.69832708497757,7.83318224733477
127727.641575638,5553.2591303851,65.5500800022853,65.5500800022853,5.40109854754208,67.7523051170832,4.69780505035628,7.77631345005093
127747.636740601,5553.41405257377,65.5429535816064,65.5429535816064,5.40115968370791,67.7516739059867,4.69728605993911,7.71985859921327
127767.631347763,5553.56784577132,65.5358790945195,65.5358790945195,5.40122037434565,67.7510472948235,4.69677010075973,7.66381466560002
127787.62540122,5553.72051825748,65.5288561601558,65.5288561601558,5.40128062272267,67.7504252498588,4.69625715984348,7.60817864241202
127807.618905039,5553.87207825055,65.5218844004745,65.5218844004745,5.40134043208213,67.7498077376082,4.6957472242089,7.55294754642147
127827.611863254,5554.02253390779,65.5149634402417,65.5149634402417,5.40139980564308,67.7491947248359,4.69524028086832,7.49811841516683
127847.604279869,5554.1718933259,65.5080929070086,65.5080929070086,5.40145874660069,67.7485861785529,4.69473631682886,7.44368830792452
127867.596158861,5554.3201645415,65.501272431091,65.501272431091,5.4015172581264,67.747982066015,4.69423531909366,7.38965430668331
127887.587504174,5554.46735553158,65.4945016455475,65.4945016455475,5.40157534336814,67.7473823547211,4.69373727466265,7.33601351432228
127907.578319725,5554.61347421393,65.487780186159,65.487780186159,5.40163300545045,67.7467870124109,4.69324217053341,7.28276305517465
127927.568609402,5554.75852844764,65.4811076914085,65.4811076914085,5.40169024747475,67.7461960070637,4.69274999370253,7.22990007544868
127947.558377061,5554.90252603348,65.4744838024597,65.4744838024597,5.40174707251939,67.7456093068962,4.69226073116596,7.17742174158693
127967.547626534,5555.04547471441,65.4679081631373,65.4679081631373,5.40180348363996,67.7450268803607,4.69177436992043,7.12532524075394
127987.536361621,5555.18738217594,65.4613804199068,65.4613804199068,5.40185948386933,67.7444486961435,4.69129089696391,7.07360778169318
128007.524586095,5555.32825604665,65.454900221854,65.454900221854,5.40191507621795,67.7438747231629,4.6908102992969,7.0222665939466
128027.512303701,5555.46810389857,65.4484672206657,65.4484672206657,5.40197026367393,67.7433049305677,4.69033256392313,6.97129892666574
128047.499518156,5555.60693324762,65.4420810706096,65.4420810706096,5.40202504920323,67.7427392877351,4.68985767785035,6.92070204931165
128067.486233149,5555.74475155402,65.4357414285149,65.4357414285149,5.40207943574984,67.7421777642694,4.68938562809119,6.87047325210374
128087.472452343,5555.88156622276,65.429447953753,65.429447953753,5.40213342623596,67.74162033,4.68891640166432,6.82060984518878
128107.458179372,5556.01738460396,65.423200308218,65.423200308218,5.40218702356212,67.7410669549796,4.6884499855948,6.77110915764694
128127.443417845,5556.15221399331,65.4169981563079,65.4169981563079,5.4022402306074,67.7405176094829,4.6879863669152,6.72196853933774
128147.428171342,5556.2860616325,65.4108411649052,65.4108411649052,5.40229305022954,67.7399722640046,4.68752553266633,6.67318535930882
128167.412443418,5556.41893470959,65.4047290033588,65.4047290033588,5.40234548526512,67.7394308892577,4.68706746989804,6.62475700571166
128187.396237602,5556.55084035946,65.3986613434649,65.3986613434649,5.40239753852976,67.7388934561721,4.68661216567012,6.57668088647496
128207.379557395,5556.68178566417,65.3926378594483,65.3926378594483,5.40244921281821,67.7383599358929,4.68615960705276,6.52895442795759
128227.362406274,5556.81177765338,65.3866582279444,65.3866582279444,5.40250051090454,67.7378302997785,4.68570978112758,6.4815750763986
128247.344787688,5556.94082330476,65.3807221279811,65.3807221279811,5.40255143554233,67.7373045193994,4.68526267498841,6.43454029602039
128267.326705063,5557.06892954434,65.3748292409604,65.3748292409604,5.40260198946475,67.7367825665362,4.68481827574175,6.3878475694052
128287.308161799,5557.19610324694,65.3689792506406,65.3689792506406,5.40265217538479,67.7362644131784,4.68437657050777,6.34149439940512
128307.289161268,5557.32235123655,65.3631718431186,65.3631718431186,5.40270199599535,67.7357500315225,4.68393754642094,6.29547830590877
128327.26970682,5557.44768028669,65.3574067068121,65.3574067068121,5.40275145396944,67.7352393939706,4.68350119063066,6.24979682666952
128347.249801781,5557.57209712082,65.3516835324422,65.3516835324422,5.4028005519603,67.7347324731289,4.68306749030204,6.20444751887232
128367.229449449,5557.6956084127,65.3460020130159,65.3460020130159,5.40284929260157,67.7342292418059,4.68263643261655,6.15942795665419
128387.2086531,5557.81822078675,65.3403618438093,65.3403618438093,5.40289767850741,67.7337296730112,4.68220800477262,6.11473573277343
128407.187415984,5557.93994081848,65.3347627223498,65.3347627223498,5.40294571227268,67.7332337399538,4.68178219398655,6.07036845737029
128427.16574133,5558.06077503479,65.3292043483998,65.3292043483998,5.40299339647306,67.7327414160407,4.68135898749287,6.02632375735825
128447.14363234,5558.18072991436,65.3236864239394,65.3236864239394,5.40304073366519,67.7322526748751,4.68093837254502,5.98259927885942
128467.121092193,5558.29981188805,65.3182086531498,65.3182086531498,5.40308772638685,67.7317674902555,4.68052033641621,5.93919268416859
128487.098124046,5558.4180273392,65.3127707423969,65.3127707423969,5.40313437715707,67.7312858361737,4.68010486639979,5.89610165235851
128507.074731031,5558.53538260402,65.307372400215,65.307372400215,5.40318068847628,67.7308076868136,4.67969194980995,5.8533238809666
128527.050916257,5558.65188397196,65.3020133372899,65.3020133372899,5.40322666282644,67.7303330165496,4.6792815739824,5.81085708348073
128547.026682811,5558.76753768602,65.2966932664433,65.2966932664433,5.40327230267121,67.7298617999455,4.67887372627477,5.76869898995591
128567.002033757,5558.88234994313,65.2914119026162,65.2914119026162,5.40331761045605,67.7293940117524,4.67846839406731,5.72684734808865
128586.976972135,5558.99632689449,65.2861689628536,65.2861689628536,5.40336258860837,67.7289296269083,4.67806556476349,5.68529992175004
128606.951500963,5559.10947464591,65.2809641662882,65.2809641662882,5.40340723953768,67.7284686205358,4.67766522579047,5.64405449066928
128626.925623239,5559.22179925815,65.2757972341249,65.2757972341249,5.4034515656357,67.7280109679409,4.67726736459967,5.60310885203841
128646.899341935,5559.33330674728,65.2706678896252,65.2706678896252,5.40349556927654,67.727556644612,4.67687196866745,5.56246081810051
128666.872660005,5559.44400308496,65.2655758580917,65.2655758580917,5.40353925281674,67.7271056262183,4.67647902549525,5.52210821776857
128686.845580377,5559.55389419885,65.2605208668529,65.2605208668529,5.40358261859553,67.7266578886084,4.67608852261064,5.48204889603216
128706.818105962,5559.66298597287,65.2555026452481,65.2555026452481,5.40362566893483,67.7262134078088,4.6757004475674,5.44228071297262
128726.790239645,5559.77128424757,65.2505209246116,65.2505209246116,5.40366840613948,67.725772160023,4.67531478794613,5.40280154574686
128746.761984293,5559.87879482046,65.2455754382589,65.2455754382589,5.40371083249731,67.7253341216299,4.67493153135499,5.36360928560669
128766.73334275,5559.98552344628,65.240665921471,65.240665921471,5.4037529502793,67.7248992691823,4.67455066542976,5.32470184021504
128786.70431784,5560.0914758374,65.2357921114795,65.2357921114795,5.40379476173969,67.724467579406,4.67417217783465,5.28607713265667
128806.674912366,5560.19665766407,65.2309537474529,65.2309537474529,5.40383626911609,67.7240390291983,4.67379605626262,5.24773310031305
128826.645129109,5560.30107455475,65.2261505704813,65.2261505704813,5.40387747462964,67.7236135956267,4.67342228843574,5.20966769709154
128846.614970832,5560.40473209648,65.2213823235621,65.2213823235621,5.40391838048513,67.7231912559274,4.67305086210599,5.17187889098379
128866.584440275,5560.50763583509,65.2166487515861,65.2166487515861,5.40395898887107,67.7227719875048,4.67268176505517,5.13436466454823
128886.55354016,5560.60979127559,65.2119496013229,65.2119496013229,5.40399930195989,67.7223557679293,4.67231498509573,5.09712301663138
128906.522273187,5560.71120388246,65.207284621407,65.207284621407,5.40403932190799,67.7219425749366,4.67195051007113,5.06015195962061
128926.490642038,5560.81187907992,65.2026535623239,65.2026535623239,5.40407905085593,67.7215323864263,4.67158832785607,5.02344952020569
128946.458649373,5560.91182225225,65.1980561763963,65.1980561763963,5.40411849092846,67.721125180461,4.67122842635701,4.98701374099097
128966.426297834,5561.01103874413,65.19349221777,65.19349221777,5.40415764423473,67.7207209352644,4.67087079351272,4.95084267793851
128986.393590043,5561.10953386086,65.1889614424007,65.1889614424007,5.40419651286834,67.7203196292206,4.6705154172943,4.91493440064134
129006.360528603,5561.2073128687,65.18446360804,65.18446360804,5.4042350989075,67.7199212408731,4.67016228570573,4.87928699386627
129026.327116098,5561.30438099516,65.1799984742227,65.1799984742227,5.40427340441511,67.7195257489228,4.66981138678443,4.84389855657856
129046.293355092,5561.40074342929,65.1755658022525,65.1755658022525,5.40431143143889,67.7191331322278,4.66946270860132,4.80876720135846
129066.259248131,5561.49640532196,65.1711653551897,65.1711653551897,5.40434918201152,67.7187433698014,4.66911623926141,4.77389105425774
129086.224797742,5561.59137178614,65.1667968978375,65.1667968978375,5.40438665815069,67.7183564408115,4.66877196690394,4.73926825540553
129106.190006432,5561.68564789719,65.1624601967291,65.1624601967291,5.40442386185926,67.7179723245791,4.66842987970277,4.70489695875309
129126.154876693,5561.77923869316,65.1581550201147,65.1581550201147,5.40446079512539,67.7175910005774,4.66808996586685,4.67077533150555
129146.119410994,5561.87214917502,65.1538811379493,65.1538811379493,5.40449745992257,67.7172124484305,4.66775221364037,4.63690155387289
129166.083611791,5561.96438430698,65.149638321879,65.149638321879,5.40453385820982,67.7168366479123,4.66741661130307,4.6032738206997
129186.047481517,5562.05594901677,65.1454263452288,65.1454263452288,5.40456999193172,67.7164635789455,4.66708314717074,4.56989033896644
129206.01102259,5562.14684819585,65.1412449829907,65.1412449829907,5.40460586301858,67.7160932216005,4.66675180959525,4.53674932908124
129225.97423741,5562.23708669978,65.1370940118101,65.1370940118101,5.40464147338653,67.7157255560937,4.66642258696515,4.50384902486956
129245.937128358,5562.32666934838,65.1329732099744,65.1329732099744,5.40467682493757,67.7153605627875,4.66609546770555,4.47118767224
129265.899697799,5562.41560092608,65.1288823574002,65.1288823574002,5.40471191955977,67.7149982221883,4.66577044027877,4.43876353102265
129285.861948079,5562.50388618214,65.1248212356216,65.1248212356216,5.40474675912731,67.7146385149459,4.66544749318444,4.40657487277095
129305.823881529,5562.59152983092,65.1207896277777,65.1207896277777,5.40478134550059,67.7142814218522,4.66512661495967,4.37461998242647
129325.785500461,5562.67853655216,65.1167873186009,65.1167873186009,5.40481568052635,67.7139269238401,4.66480779417954,4.34289715721832
129345.746807169,5562.76491099119,65.1128140944051,65.1128140944051,5.40484976603775,67.7135750019829,4.66449101945703,4.31140470704978
129365.707803934,5562.85065775927,65.1088697430736,65.1088697430736,5.40488360385452,67.7132256374925,4.66417627944375,4.28014095409078
129385.668493016,5562.93578143374,65.1049540540478,65.1049540540478,5.40491719578298,67.7128788117191,4.66386356282953,4.24910423248831
129405.628876661,5563.02028655836,65.1010668183154,65.1010668183154,5.40495054361622,67.7125345061499,4.66355285834324,4.21829288929931
129425.588957097,5563.10417764351,65.0972078283987,65.0972078283987,5.40498364913414,67.7121927024076,4.6632441547526,4.18770528267157
129445.548736538,5563.18745916645,65.0933768783434,65.0933768783434,5.40501651410359,67.7118533822505,4.66293744086454,4.157339783671
129465.508217178,5563.27013557158,65.0895737637075,65.0895737637075,5.40504914027843,67.7115165275702,4.6626327055255,4.12719477499492
129485.467401198,5563.35221127066,65.0857982815495,65.0857982815495,5.40508152939966,67.7111821203917,4.66232993762144,4.09726865115232
129505.426290762,5563.43369064309,65.0820502304177,65.0820502304177,5.4051136831955,67.7108501428715,4.66202912607827,4.06755981864417
129525.384888018,5563.51457803611,65.0783294103388,65.0783294103388,5.40514560338147,67.7105205772975,4.66173025986178,4.03806669518794
129545.343195097,5563.59487776506,65.074635622807,65.074635622807,5.40517729166052,67.7101934060873,4.66143332797796,4.00878771039346
129565.301214117,5563.67459411362,65.0709686707734,65.0709686707734,5.4052087497231,67.7098686117876,4.66113831947323,3.97972130519768
129585.258947178,5563.75373133403,65.0673283586347,65.0673283586347,5.40523997924724,67.7095461770732,4.66084522343445,3.95086593197136
129605.216396367,5563.83229364734,65.0637144922226,65.0637144922226,5.40527098189867,67.7092260847459,4.6605540289892,3.92222005439338
129625.173563752,5563.91028524362,65.0601268787934,65.0601268787934,5.40530175933091,67.7089083177338,4.66026472530584,3.89378214794518
129645.13045139,5563.98771028224,65.056565327017,65.056565327017,5.40533231318534,67.7085928590901,4.65997730159392,3.8655506986619
129665.08706132,5564.06457289203,65.0530296469668,65.0530296469668,5.40536264509131,67.7082796919924,4.65969174710398,3.83752420308477
129685.043395568,5564.14087717154,65.049519650109,65.049519650109,5.40539275666619,67.7079687997416,4.65940805112778,3.80970117048866
129704.999456142,5564.2166271893,65.0460351492923,65.0460351492923,5.40542264951555,67.707660165761,4.65912620299877,3.78208011959271
129724.955245039,5564.29182698396,65.0425759587378,65.0425759587378,5.40545232523313,67.7073537735957,4.65884619209163,3.75465958008452
129744.910764239,5564.3664805646,65.0391418940286,65.0391418940286,5.405481785401,67.7070496069112,4.65856800782298,3.72743809284698
129764.866015709,5564.44059191087,65.0357327720998,65.0357327720998,5.40551103158965,67.7067476494928,4.65829163965098,3.70041420935351
129784.8210014,5564.51416497329,65.0323484112285,65.0323484112285,5.40554006535805,67.7064478852448,4.65801707707595,3.67358649218297
129804.77572325,5564.5872036734,65.0289886310238,65.0289886310238,5.40556888825373,67.7061502981891,4.65774430964013,3.64695351282463
129824.730183181,5564.65971190398,65.0256532524169,65.0256532524169,5.40559750181288,67.7058548724653,4.65747332692773,3.62051385470053
129844.684383103,5564.73169352932,65.0223420976513,65.0223420976513,5.40562590756044,67.7055615923287,4.6572041185654,3.59426611142173
129864.638324911,5564.80315238537,65.0190549902731,65.0190549902731,5.40565410701019,67.7052704421503,4.65693667422197,3.56820888606
129884.592010486,5564.87409227997,65.0157917551213,65.0157917551213,5.40568210166478,67.7049814064154,4.65667098360865,3.54234079287072
129904.545441695,5564.94451699308,65.0125522183184,65.0125522183184,5.40570989301589,67.7046944697231,4.65640703647928,3.51666045568935
129924.498620393,5565.01443027695,65.0093362072605,65.0093362072605,5.40573748254424,67.7044096167853,4.65614482263011,3.49116650801496
129944.451548419,5565.08383585634,65.0061435506083,65.0061435506083,5.40576487171973,67.7041268324261,4.65588433190001,3.46585759453297
129964.404227599,5565.15273742875,65.0029740782773,65.0029740782773,5.40579206200146,67.7038461015802,4.65562555417069,3.44073236931445
129984.356659748,5565.22113866459,64.9998276214291,64.9998276214291,5.40581905483789,67.7035674092932,4.65536847936664,3.41578949515107
130004.308846664,5565.28904320736,64.9967040124614,64.9967040124614,5.40584585166682,67.70329074072,4.65511309745487,3.39102764618942
130024.260790135,5565.35645467393,64.9936030849994,64.9936030849994,5.40587245391557,67.7030160811241,4.65485939844569,3.36644550570494
130044.212491934,5565.42337665464,64.9905246738867,64.9905246738867,5.40589886300097,67.7027434158773,4.65460737239205,3.34204176607173
130064.163953822,5565.48981271357,64.9874686151759,64.9874686151759,5.40592508032949,67.702472730458,4.65435700939001,3.31781512988341
130084.115177547,5565.55576638869,64.9844347461201,64.9844347461201,5.40595110729732,67.7022040104512,4.6541082995786,3.29376430920635
130104.066164843,5565.62124119209,64.9814229051639,64.9814229051639,5.4059769452904,67.7019372415474,4.65386123314006,3.26988802532972
130124.016917432,5565.68624061013,64.9784329319341,64.9784329319341,5.40600259568454,67.7016724095419,4.65361580029952,3.24618500833814
130143.967437025,5565.75076810366,64.9754646672316,64.9754646672316,5.40602805984548,67.7014095003338,4.65337199132533,3.2226539985719
130163.917725318,5565.81482710821,64.9725179530225,64.9725179530225,5.40605333912896,67.7011484999255,4.65312979652906,3.19929374487868
130183.867783995,5565.87842103414,64.9695926324294,64.9695926324294,5.4060784348808,67.7008893944219,4.65288920626531,3.17610300548221
130203.81761473,5565.94155326689,64.9666885497229,64.9666885497229,5.40610334843698,67.7006321700295,4.65265021093208,3.15308054814086
130223.767219182,5566.00422716711,64.963805550313,64.963805550313,5.4061280811237,67.7003768130557,4.65241280097046,3.13022514855099
130243.716598999,5566.06644607085,64.960943480741,64.960943480741,5.40615263425743,67.7001233099082,4.65217696686472,3.10753559203967
130263.665755816,5566.12821328977,64.9581021886706,64.9581021886706,5.40617700914506,67.699871647094,4.65194269914243,3.08501067294842
130283.614691258,5566.1895321113,64.9552815228803,64.9552815228803,5.40620120708387,67.6996218112189,4.65170998837443,3.06264919377967
130303.563406937,5566.25040579881,64.9524813332546,64.9524813332546,5.40622522936167,67.6993737889868,4.65147882517471,3.0404499667796
130323.511904452,5566.31083759183,64.9497014707758,64.9497014707758,5.40624907725687,67.6991275671986,4.6512492002006,3.01841181193686
130343.460185393,5566.37083070616,64.9469417875167,64.9469417875167,5.40627275203851,67.6988831327519,4.65102110415257,2.99653355783582
130363.408251335,5566.4303883341,64.9442021366313,64.9442021366313,5.40629625496633,67.69864047264,4.6507945277743,2.97481404260313
130383.356103844,5566.48951364461,64.9414823723478,64.9414823723478,5.40631958729089,67.6983995739515,4.65056946185275,2.95325211195479
130403.303744474,5566.54820978347,64.9387823499605,64.9387823499605,5.40634275025361,67.6981604238692,4.65034589721808,2.93184661990316
130423.251174768,5566.60647987345,64.9361019258214,64.9361019258214,5.40636574508678,67.6979230096699,4.65012382474347,2.91059642941332
130443.198396256,5566.6643270145,64.9334409573329,64.9334409573329,5.40638857301375,67.6976873187231,4.64990323534535,2.88950041193801
130463.145410458,5566.72175428391,64.93079930294,64.93079930294,5.40641123524888,67.6974533384908,4.64968411998332,2.8685574466177
130483.092218883,5566.77876473647,64.9281768221226,64.9281768221226,5.40643373299766,67.6972210565267,4.64946646966007,2.84776642028443
130503.038823029,5566.83536140462,64.9255733753873,64.9255733753873,5.40645606745678,67.6969904604754,4.64925027542108,2.82712622917652
130522.985224383,5566.89154729868,64.9229888242608,64.9229888242608,5.40647823981419,67.6967615380719,4.64903552835528,2.80663577688476
130542.931424421,5566.94732540692,64.9204230312817,64.9204230312817,5.40650025124912,67.6965342771407,4.64882221959425,2.78629397465978
130562.877424607,5567.0026986958,64.9178758599932,64.9178758599932,5.40652210293222,67.6963086655954,4.64861034031266,2.76609974240886
130582.823226397,5567.05767011009,64.9153471749358,64.9153471749358,5.40654379602556,67.6960846914379,4.64839988172806,2.7460520075658
130602.768831233,5567.11224257305,64.9128368416396,64.9128368416396,5.40656533168275,67.6958623427577,4.64819083510084,2.72614970561087
130622.71424055,5567.16641898658,64.9103447266176,64.9103447266176,5.40658671104894,67.6956416077315,4.64798319173427,2.70639177892351
130642.659455769,5567.22020223135,64.9078706973578,64.9078706973578,5.40660793526091,67.6954224746222,4.64777694297413,2.68677717870617
130662.604478304,5567.27359516703,64.9054146223165,64.9054146223165,5.40662900544716,67.6952049317785,4.64757208020924,2.66730486373561
130682.549309556,5567.32660063237,64.9029763709109,64.9029763709109,5.40664992272794,67.6949889676343,4.64736859487083,2.64797379961035
130702.493950917,5567.37922144539,64.9005558135123,64.9005558135123,5.4066706882153,67.6947745707079,4.64716647843284,2.62878295956769
130722.438403769,5567.43146040351,64.8981528214385,64.8981528214385,5.40669130301318,67.6945617296016,4.64696572241152,2.60973132511009
130742.382669483,5567.48332028375,64.8957672669475,64.8957672669475,5.40671176821746,67.6943504330007,4.64676631836585,2.59081788486389
130762.32674942,5567.53480384282,64.8933990232303,64.8933990232303,5.40673208491601,67.6941406696734,4.64656825789705,2.5720416342339
130782.270644932,5567.58591381731,64.8910479644038,64.8910479644038,5.40675225418875,67.6939324284698,4.64637153264866,2.55340157645648
130802.214357362,5567.63665292382,64.8887139655043,64.8887139655043,5.40677227710771,67.6937256983214,4.64617613430648,2.53489672221214
130822.157888039,5567.68702385912,64.8863969024806,64.8863969024806,5.40679215473712,67.6935204682406,4.64598205459853,2.51652608900401
130842.101238288,5567.73702930028,64.8840966521872,64.8840966521872,5.40681188813341,67.69331672732,4.64578928529485,2.49828870159673
130862.044409419,5567.78667190483,64.881813092378,64.881813092378,5.40683147834532,67.6931144647318,4.64559781820759,2.48018359196599
130881.987402736,5567.83595431089,64.8795461016991,64.8795461016991,5.4068509264139,67.6929136697273,4.64540764519073,2.46220979892003
130901.930219533,5567.88487913733,64.8772955596828,64.8772955596828,5.40687023337262,67.6927143316364,4.64521875814023,-513.537700561047
130922.067273115,5547.25342983767,65.8263422274674,65.8263422274674,5.39872854807475,67.7767745934049,4.71735597492562,-1330.68830094091
130942.326474275,5514.13005555031,67.3500174446858,67.3500174446858,5.38565723710989,68.3823798793785,3.96504767269848,-1633.00414872579
130962.709781924,5480.88404433799,68.4587829358882,68.4587829358882,5.37253753055079,69.2774303177487,4.20467708174698,-1629.06944315953
130983.219209324,5447.51295043477,69.2596891895655,69.2596891895655,5.35936846323712,70.4575088612139,4.34900067180807,-1625.1418871722
131003.856826236,5414.01425909322,70.0636577817627,70.0636577817627,5.3461490427867,71.6420995432265,4.41899315513691,-1621.2213967599
131024.624761176,5380.38538382765,70.8707507881363,70.8707507881363,5.33287824850768,72.8312938278625,4.46032116535318,-1617.30788520838
131045.525203788,5346.62366351452,71.6810320756516,71.6810320756516,5.31955503025422,74.0251858185638,4.48760183158615,-1613.40126268043
131066.560407349,5312.72635934085,72.4945673758197,72.4945673758197,5.30617830722231,75.2238723660491,4.50816967328282,-1609.50143624118
131087.732691395,5278.69065159095,73.3114243618172,73.3114243618172,5.29274696668169,76.4274531819428,4.52431761090007,-1605.60830968274
131109.044444501,5244.51363626071,74.1316727297429,74.1316727297429,5.2792598626398,77.6360309585018,4.5361286971547,-1601.72178315222
131130.498127205,5210.19232148808,74.955384284286,74.955384284286,5.26571581443313,78.8497114948412,4.5451437046459,-1597.84175305337
131152.096275098,5175.72362378746,75.782633029101,75.782633029101,5.25211360524122,80.0686038300955,4.55225083391651,-1593.96811176657
131173.841502084,5141.10436407459,76.6134952622098,76.6134952622098,5.23845198051802,81.2928203839874,4.55799811938138,-1590.10074746185
131195.736503826,5106.33126346765,77.4480496767764,77.4480496767764,5.22472964633485,82.5224771053106,4.5627420475247,-1586.23954377183
131217.78406139,5071.40093884885,78.2863774676275,78.2863774676275,5.21094526762891,83.7576936288822,4.56672451905104,-1582.38437949755
131239.987045101,5036.30989816975,79.1285624439261,79.1285624439261,5.19709746635064,84.9985934415572,4.5701154639178,-1578.53512829656
131262.348418626,5001.05453548187,79.974691148435,79.974691148435,5.1831848195027,86.2453040579579,4.57303775455994,-1574.6916583397
131284.871243301,4965.63112567292,80.8248529838499,80.8248529838499,5.23420765122324,86.8951194952661,4.58730533463183,-1570.8538320109
131307.558682718,4930.03581888674,81.6791403467182,81.6791403467182,5.28748219774771,87.5295017060664,4.60184812050852,-1567.02150540926
131330.414007598,4894.2646346038,82.5376487695088,82.5376487695088,5.34101997543184,88.1670184187238,4.61631133351422,-1563.19452797319
131353.440600961,4858.31345535639,83.4004770714467,83.4004770714467,5.39482714677976,88.8077430150547,4.63069674379081,-1559.37274209742
131376.641963626,4822.17802005079,84.267727518781,84.267727518781,5.44891008925682,89.451751436589,4.64500611951269,-1555.5559823956
131400.021720066,4785.8539168659,85.1395059952184,85.1395059952184,5.50327540591802,90.0991223111313,4.65924122823718,-1551.74407537406
131423.583624633,4749.336575695,86.0159221833199,86.0159221833199,5.55792993672022,90.7499370874641,4.67340383830567,-1547.93683884693
131447.331568203,4712.62126009439,86.8970897577347,86.8970897577347,5.61288077057242,91.4042801788401,4.68749572030059,-1544.13408107832
131471.269585262,4675.70305869881,87.7831265912286,87.7831265912286,5.66813525818404,92.062239115977,4.70151864856373,-1540.33560023106
131495.401861471,4638.57687606012,88.6741549745572,88.6741549745572,5.72370102577644,92.7239047103315,4.71547440278235,-1536.54118367649
131519.732741752,4601.23742286096,89.570301851337,89.570301851337,5.77958598972987,93.3893712285118,4.72936476964944,-1532.75060697319
131544.266738946,4563.67920545066,90.4716990691841,90.4716990691841,5.83579837224481,94.0587365787696,4.74319154460572,-1528.96363302939
131569.008543078,4525.89651464512,91.378483648517,91.378483648517,5.89234671810486,94.7321025106095,4.75695653367149,-1525.18001116467
131593.963031298,4487.88341372641,92.2769505433964,92.2769505433964,5.9534986049107,95.3848500196784,4.77114332239747,-1521.3994758666
131619.13527855,4449.63372557111,93.1512291298033,93.1512291298033,6.02418975010411,95.9884874369134,4.78634111136895,-1517.62174569605
131644.530569036,4411.1410188289,94.0310624267681,94.0310624267681,6.09533002999744,96.5959600517465,4.80153754499845,-1513.84652198629
131670.154408551,4372.3985930643,94.9166035871016,94.9166035871016,6.16693182799773,97.2073736070939,4.81673433483686,-1510.07348721525
131696.012537776,4333.39946276498,95.8080122796576,95.8080122796576,6.23900805437668,97.8228383448118,4.8319332474596,-1506.30230355014
131722.110946605,4294.13634010909,96.7054550832209,96.7054550832209,6.3115721781192,98.4424692776537,4.84713610807033,-1502.53261101211
131748.455889631,4254.60161637205,97.6091059114959,97.6091059114959,6.38463826128644,99.0663864826995,4.86234480438714,-1498.76402538437
131775.053902885,4214.78734183914,98.5191464722481,98.5191464722481,6.45822099614035,99.6947154183643,4.87756129083935,-1494.99613619778
131801.911821966,4174.68520407438,99.4357667640141,99.4357667640141,6.532335745306,100.327587267349,4.89278759310591,-1491.22850427078
131829.036801703,4134.28650437856,100,100,6.60699858528072,100.965139308166,4.88907444828327,-1487.46065886875
131856.436337517,4093.58213224836,100,100,6.6822263536374,101.607515318216,4.85546007993798,-1483.69209469472
131884.118288654,4052.56253762532,100,100,6.75803670031261,102.254866011736,4.82180963040602,-1479.92226865796
131912.090903501,4011.21770069618,100,100,6.83444814342003,102.907349516401,4.7881178892252,-1476.15059598878
131940.362847221,3969.53709897555,100,100,6.93703886800487,103.567059767889,4.75440926376448,-1472.37644592071
131968.943231968,3927.50967136561,100,100,7.04997335468585,104.232975324423,4.72071539937007,-1468.59913699266
131997.841649981,3885.12377884682,100,100,7.16387109447976,104.904570680384,4.68702823171869,-1464.81793165251
132027.068209906,3842.36716140514,100,100,7.2787650320247,105.582040093059,4.65334175465799,-1461.03203013174
132056.633576735,3799.22689074607,100,100,7.3946899077363,106.265588408497,4.61964971409237,-1457.24056352689
132086.549015817,3755.68931828035,100,100,7.51168239757855,106.955431885659,4.58594558706846,-1453.44258594684
132116.826441456,3711.74001779043,100,100,7.62978126712828,107.651799104863,4.5522225587327,-1449.63706549568
132147.478470703,3667.36372209715,100,100,7.749027541762,108.354931971279,4.51847349688703,-1445.8228741084
132178.518483024,3622.54425294098,100,100,7.86946469507634,109.065086825954,4.48553609125127,-1441.99877585606
132209.960686665,3577.26444316718,100,100,7.99113885798911,109.782535678763,4.45351182606079,-1438.16341324858
132241.820192653,3531.50605015649,100,100,8.11409905136498,110.507567580087,4.42134689761115,-1434.31529171236
132274.113097528,3485.24965926617,100,100,8.24747920653032,111.302419106218,4.38524007435984,-1440.43211168443
132306.406002402,3438.47457583485,100,100,8.4019707548644,112.239944326229,4.34091046709723,-794.891547687887
132338.698907276,3433.9109449969,100,100,8.41704378825012,112.331414371637,4.33660997291203,-93.549165762637
132371.034729075,3432.42861237029,100,100,8.4219397252711,112.36112515182,4.33521404416887,-38.6203202459235
132403.384515459,3431.41276609357,100,100,8.42529492322367,112.381486024195,4.33425767477187,-26.9573381307046
132435.743878776,3430.68422594165,100,100,8.42770118929178,112.396088344835,4.33357192218489,-19.5210908949115
132468.110113928,3430.14925180263,100,100,8.42946813393394,112.406810971297,4.33306843766875,-14.4194276988182
132500.481396995,3429.75074797829,100,100,8.43078433624344,112.414798287582,4.33269342923725,-10.7829755020003
132532.856441291,3429.45109374083,100,100,8.4317740522143,112.420804335766,4.33241146406826,-8.13007536386289
132565.234314412,3429.22430187966,100,100,8.43252311396281,112.425349984302,4.33219807250442,-6.16500519071072
132597.614328845,3429.05186102792,100,100,8.43309266194064,112.428806261354,4.33203582770469,-4.69408652029196
132629.995971611,3428.92030505757,100,100,8.43352717288239,112.431443072045,4.33191205450915,-3.5848255233257
132662.37885675,3428.81969149528,100,100,8.43385948538471,112.433459695965,4.33181739561463,-2.74376649430288
132694.762692117,3428.7426002999,100,100,8.43411410680414,112.435004854939,4.33174486837364,-2.10351665950486
132727.147255595,3428.6834500893,100,100,8.43430947166401,112.436190418066,4.33168922081245,-1.61468203566372
132759.532377758,3428.63801785204,100,100,8.43445952797955,112.43710102827,4.33164647939243,-1.2406202514798
132791.91792905,3428.60309428011,100,100,8.43457487564555,112.437801010548,4.33161362453218,-0.953900777105662
132824.30381022,3428.57623233228,100,100,8.43466359689642,112.438339411587,4.331588353935,-0.733847762983198
132856.689945124,3428.55556148101,100,100,8.4347318698226,112.438753722861,4.33156890776466,-0.56479534495923
132889.076275285,3428.53964914553,100,100,8.43478442603769,112.439072657959,4.33155393824398,-0.434826463067325
132921.462755756,3428.52739654886,100,100,8.43482489464815,112.439318239956,4.33154241165639,-0.334848245155277
132953.849351966,3428.51795999447,100,100,8.43485606226543,112.439507379281,4.33153353427202,-0.257906580420008
132986.236037317,3428.51069109331,100,100,8.43488007042774,112.439653071767,4.33152669610761,-0.19867357493563
133018.622791332,3428.50509122371,100,100,8.4348985660126,112.439765311416,4.33152142807964,-0.153061676832959
133051.009598245,3428.50077674346,100,100,8.43491281613649,112.439851787671,4.33151736927482,-0.117931624971148
133083.396445914,3428.49745236137,100,100,8.43492379610486,112.43991841913,4.33151424189774,-0.0908705028381786
133115.783324987,3428.49489072234,100,100,8.43493225683974,112.439969762731,4.33151183206464,-0.0700225272659068
133148.170228257,3428.49291673743,100,100,8.43493877663538,112.440009327826,4.33150997506148,-0.0539597250909588
133180.557150175,3428.49139554454,100,100,8.43494380092241,112.440039817493,4.33150854401765,-0.0415829069714948
133212.944086462,3428.49022325211,100,100,8.43494767284009,112.440063314056,4.33150744119804,-0.032045725731482
133245.331033824,3428.48931981843,100,100,8.43495065675499,112.440081421814,4.33150659130417,-0.0246963738419077
133277.717989719,3428.48862357158,100,100,8.4349529563608,112.440095376871,4.33150593631882,-0.0190327828079925
133310.104952192,3428.48808699051,100,100,8.43495472861291,112.440106131706,4.33150543153709,-0.0146681735952592
133342.491919734,3428.48767345633,100,100,8.43495609445838,112.440114420279,4.33150504251017,-0.0113045522828001
133374.878891182,3428.48735475013,100,100,8.43495714710031,112.440120808191,4.33150474269148,-0.00871231236754
133407.26586564,3428.48710912548,100,100,8.43495795836413,112.44012573131,4.33150451162331,-0.00671453032870565
133439.652842419,3428.48691982347,100,100,8.43495858360215,112.44012952554,4.33150433353993,-0.00517487033241337
133472.039820986,3428.48677392866,100,100,8.43495906547227,112.440132449747,4.33150419629131,-0.00398827022575506
133504.426800931,3428.48666148742,100,100,8.43495943684993,112.440134703437,4.3315040905137,-0.0030737649351297
133536.813781939,3428.48657482873,100,100,8.43495972307145,112.440136440359,4.33150400899069,-0.00236895850493991
133569.200763765,3428.48650804059,100,100,8.43495994366332,112.440137779012,4.33150394616063,-0.00182576505345286
133601.587746221,3428.48645656669,100,100,8.4349601136744,112.440138810716,4.33150389773724,-0.0014071252113009
133633.974729165,3428.48641689551,100,100,8.43496024470275,112.440139605856,4.3315038604171,-0.00108447828284838
133666.361712483,3428.48638632073,100,100,8.43496034568696,112.440140218674,4.33150383165428,-0.000835813406743948
133698.748696089,3428.48636275656,100,100,8.43496042351612,112.440140690977,4.33150380948661,-0.000644166346315689
133731.135679919,3428.48634459552,100,100,8.43496048349949,112.440141054984,4.33150379240185,-0.000496462870608071
133763.522663919,3428.48633059869,100,100,8.43496052972906,112.440141335526,4.33150377923452,-0.000382627174570823
133795.909648053,3428.48631981124,100,100,8.43496056535849,112.440141551742,4.33150376908636,-0.000294893312393493
133828.296632288,3428.48631149728,100,100,8.43496059281834,112.44014171838,4.33150376126512,-0.000227276172450144
133860.683616601,3428.48630508966,100,100,8.43496061398181,112.44014184681,4.33150375523724,-0.00017516326857346
133893.070600975,3428.48630015126,100,100,8.43496063029265,112.440141945792,4.3315037505915,-0.000134999448157298
133925.457585396,3428.48629634521,100,100,8.4349606428635,112.440142022077,4.33150374701101,-0.000104045034939357
133957.844569853,3428.48629341185,100,100,8.43496065255198,112.440142080871,4.33150374425149,-8.0188233476786e-05
133990.231554337,3428.4862911511,100,100,8.43496066001892,112.440142126184,4.33150374212472,-6.18015242594438e-05
134022.618538843,3428.48628940872,100,100,8.43496066577376,112.440142161107,4.3315037404856,-4.76310131877236e-05
134055.005523365,3428.48628806585,100,100,8.43496067020907,112.440142188023,4.33150373922231,-3.67095034041358e-05
134087.3925079,3428.4862870309,100,100,8.43496067362737,112.440142208766,4.3315037382487,-2.82922293907029e-05
134119.779492445,3428.48628623325,100,100,8.43496067626189,112.440142224754,4.33150373749832,-2.18050525050227e-05
134152.166476997,3428.4862856185,100,100,8.43496067829232,112.440142237076,4.33150373692,-1.6805363665365e-05
134184.553461555,3428.4862851447,100,100,8.43496067985722,112.440142246572,4.33150373647428,-1.29519652936921e-05
134216.940446117,3428.48628477955,100,100,8.43496068106326,112.440142253891,4.33150373613077,-9.98210015266245e-06
134249.327430683,3428.48628449812,100,100,8.43496068199278,112.440142259532,4.33150373586602,-7.69336646963198e-06
134281.714415252,3428.48628428122,100,100,8.43496068270917,112.440142263879,4.33150373566197,-5.92938904269004e-06
134314.101399822,3428.48628411405,100,100,8.43496068326131,112.44014226723,4.33150373550471,-4.56973776393783e-06
134346.488384395,3428.48628398522,100,100,8.43496068368682,112.440142269812,4.33150373538351,-3.52193826154915e-06
134378.875368968,3428.48628388592,100,100,8.43496068401479,112.440142271802,4.3315037352901,-2.71436010608128e-06
134411.262353543,3428.4862838094,100,100,8.43496068426753,112.440142273336,4.33150373521811,-2.09188514583379e-06
134443.649338118,3428.48628375042,100,100,8.43496068446233,112.440142274518,4.33150373516263,-1.6123761822728e-06
134476.036322693,3428.48628370496,100,100,8.43496068461248,112.440142275429,4.33150373511986,-1.24278759822441e-06
134508.423307269,3428.48628366992,100,100,8.43496068472821,112.440142276131,4.3315037350869,-9.57789334984944e-07
134540.810291846,3428.48628364292,100,100,8.43496068481739,112.440142276673,4.3315037350615,-7.37948575929049e-07
134573.197276422,3428.48628362212,100,100,8.43496068488609,112.44014227709,4.33150373504193,-5.68746872729007e-07
134605.584260999,3428.48628360608,100,100,8.43496068493907,112.440142277411,4.33150373502684,-4.38445905484538e-07
134637.971245576,3428.48628359372,100,100,8.43496068497989,112.440142277659,4.33150373501522,-3.37947072188388e-07
134670.358230153,3428.48628358419,100,100,8.43496068501137,112.44014227785,4.33150373500625,-2.60447482889647e-07
134702.745214731,3428.48628357685,100,100,8.43496068503561,112.440142277997,4.33150373499935,-2.00695783960492e-07
134735.132199308,3428.48628357119,100,100,8.4349606850543,112.44014227811,4.33150373499402,-1.54690275434675e-07
134767.519183885,3428.48628356683,100,100,8.4349606850687,112.440142278198,4.33150373498992,-1.19187474176925e-07
134799.906168463,3428.48628356347,100,100,8.4349606850798,112.440142278265,4.33150373498676,-9.18565654786405e-08
134832.29315304,3428.48628356088,100,100,8.43496068508835,112.440142278317,4.33150373498432,-7.08581714594863e-08
134864.680137618,3428.48628355888,100,100,8.43496068509496,112.440142278357,4.33150373498244,-5.46547968703407e-08
134897.067122195,3428.48628355734,100,100,8.43496068510005,112.440142278388,4.33150373498099,-4.19967880383273e-08
134929.454106773,3428.48628355616,100,100,8.43496068510395,112.440142278412,4.33150373497988,-3.24207902308439e-08
134961.84109135,3428.48628355524,100,100,8.43496068510698,112.44014227843,4.33150373497902,-2.50071145089359e-08
134994.228075928,3428.48628355454,100,100,8.43496068510929,112.440142278444,4.33150373497836,-1.9299426666217e-08
135026.615060505,3428.48628355399,100,100,8.43496068511111,112.440142278455,4.33150373497784,-1.48203309175642e-08
135059.002045083,3428.48628355358,100,100,8.43496068511246,112.440142278463,4.33150373497745,-1.14223962116948e-08
135091.38902966,3428.48628355325,100,100,8.43496068511356,112.44014227847,4.33150373497714,-8.80373991976972e-09
135123.776014238,3428.48628355301,100,100,8.43496068511435,112.440142278475,4.33150373497692,-6.7888488854972e-09
135156.162998815,3428.48628355281,100,100,8.43496068511501,112.440142278479,4.33150373497673,-5.2443331100997e-09
135188.549983393,3428.48628355267,100,100,8.43496068511547,112.440142278482,4.3315037349766,-4.01574101603351e-09
135220.93696797,3428.48628355255,100,100,8.43496068511587,112.440142278484,4.33150373497649,-3.24348312833621e-09
135253.323952548,3428.48628355246,100,100,8.43496068511616,112.440142278486,4.3315037349764,-2.31677366309729e-09
135285.710937125,3428.4862835524,100,100,8.43496068511636,112.440142278487,4.33150373497634,-1.69896735293725e-09
135318.097921703,3428.48628355235,100,100,8.43496068511653,112.440142278488,4.3315037349763,-1.5445157753975e-09
135350.48490628,3428.4862835523,100,100,8.43496068511669,112.440142278489,4.33150373497625,-1.23561262031745e-09
135382.871890858,3428.48628355227,100,100,8.43496068511679,112.44014227849,4.33150373497622,-7.72257887698751e-10
135415.258875435,3428.48628355225,100,100,8.43496068511686,112.44014227849,4.3315037349762,-6.17806310159278e-10
135447.645860013,3428.48628355223,100,100,8.43496068511693,112.44014227849,4.33150373497618,-4.6335473261238e-10
135480.032844591,3428.48628355222,100,100,8.43496068511696,112.440142278491,4.33150373497617,-3.089031550795e-10
135512.419829168,3428.48628355221,100,100,8.43496068511699,112.440142278491,4.33150373497617,-3.089031550795e-10
135544.806813746,3428.4862835522,100,100,8.43496068511702,112.440142278491,4.33150373497616,-3.089031550795e-10
135577.193798323,3428.48628355219,100,100,8.43496068511706,112.440142278491,4.33150373497615,-1.5445157753975e-10
135609.580782901,3428.48628355219,100,100,8.43496068511706,112.440142278491,4.33150373497615,-1.5445157753982e-10
135641.967767478,3428.48628355218,100,100,8.43496068511709,112.440142278491,4.33150373497614,-1.5445157753982e-10
135674.354752056,3428.48628355218,100,100,8.43496068511709,112.440142278491,4.33150373497614,0
135706.741736633,3428.48628355218,100,100,8.43496068511709,112.440142278491,4.33150373497614,0
135739.128721211,3428.48628355218,100,100,8.43496068511709,112.440142278491,4.33150373497614,-1.5445157753975e-10
135771.515705788,3428.48628355217,100,100,8.43496068511712,112.440142278492,4.33150373497613,-1.5445157753975e-10
135803.902690366,3428.48628355217,100,100,8.43496068511712,112.440142278492,4.33150373497613,0
135836.289674943,3428.48628355217,100,100,8.43496068511712,112.440142278492,4.33150373497613,0
135868.676659521,3428.48628355217,100,100,8.43496068511712,112.440142278492,4.33150373497613,0
135901.063644098,3428.48628355217,100,100,8.43496068511712,112.440142278492,4.33150373497613,0
135933.450628676,3428.48628355217,100,100,8.43496068511712,112.440142278492,4.33150373497613,0
135965.837613253,3428.48628355217,100,100,8.43496068511712,112.440142278492,4.33150373497613,0
135998.224597831,3428.48628355217,100,100,8.43496068511712,112.440142278492,4.33150373497613,0
136030.611582408,3428.48628355217,100,100,8.43496068511712,112.440142278492,4.33150373497613,0
136062.998566986,3428.48628355217,100,100,8.43496068511712,112.440142278492,4.33150373497613,0
136095.385551564,3428.48628355217,100,100,8.43496068511712,112.440142278492,4.33150373497613,0
136127.772536141,3428.48628355217,100,100,8.43496068511712,112.440142278492,4.33150373497613,0
136160.159520719,3428.48628355217,100,100,8.43496068511712,112.440142278492,4.33150373497613,0
136192.546505296,3428.48628355217,100,100,8.43496068511712,112.440142278492,4.33150373497613,0
136224.933489874,3428.48628355217,100,100,8.43496068511712,112.440142278492,4.33150373497613,0
136257.320474451,3428.48628355217,100,100,8.43496068511712,112.440142278492,4.33150373497613,0
136289.707459029,3428.48628355217,100,100,8.43496068511712,112.440142278492,4.33150373497613,0
136322.094443606,3428.48628355217,100,100,8.43496068511712,112.440142278492,4.33150373497613,0
136354.481428184,3428.48628355217,100,100,8.43496068511712,112.440142278492,4.33150373497613,0
136386.868412761,3428.48628355217,100,100,8.43496068511712,112.440142278492,4.33150373497613,0
136419.255397339,3428.48628355217,100,100,8.43496068511712,112.440142278492,4.33150373497613,0
136451.642381916,3428.48628355217,100,100,8.43496068511712,112.440142278492,4.33150373497613,0
136484.029366494,3428.48628355217,100,100,8.43496068511712,112.440142278492,4.33150373497613,0
136516.416351071,3428.48628355217,100,100,8.43496068511712,112.440142278492,4.33150373497613,0
136548.803335649,3428.48628355217,100,100,8.43496068511712,112.440142278492,4.33150373497613,0
136581.190320226,3428.48628355217,100,100,8.43496068511712,112.440142278492,4.33150373497613,0
136613.577304804,3428.48628355217,100,100,8.43496068511712,112.440142278492,4.33150373497613,0
136645.964289382,3428.48628355217,100,100,8.43496068511712,112.440142278492,4.33150373497613,0
136678.351273959,3428.48628355217,100,100,8.43496068511712,112.440142278492,4.33150373497613,0
136710.738258537,3428.48628355217,100,100,8.43496068511712,112.440142278492,4.33150373497613,0
136743.125243114,3428.48628355217,100,100,8.43496068511712,112.440142278492,4.33150373497613,0
136775.512227692,3428.48628355217,100,100,8.43496068511712,112.440142278492,4.33150373497613,0
136807.899212269,3428.48628355217,100,100,8.43496068511712,112.440142278492,4.33150373497613,0
136840.286196847,3428.48628355217,100,100,8.43496068511712,112.440142278492,4.33150373497613,0
136872.673181424,3428.48628355217,100,100,8.43496068511712,112.440142278492,4.33150373497613,0
136905.060166002,3428.48628355217,100,100,8.43496068511712,112.440142278492,4.33150373497613,0
136937.447150579,3428.48628355217,100,100,8.43496068511712,112.440142278492,4.33150373497613,0
136969.834135157,3428.48628355217,100,100,8.43496068511712,112.440142278492,4.33150373497613,0
137002.221119734,3428.48628355217,100,100,8.43496068511712,112.440142278492,4.33150373497613,0
137034.608104312,3428.48628355217,100,100,8.43496068511712,112.440142278492,4.33150373497613,0
137066.995088889,3428.48628355217,100,100,8.43496068511712,112.440142278492,4.33150373497613,0
137099.382073467,3428.48628355217,100,100,8.43496068511712,112.440142278492,4.33150373497613,0
137131.769058044,3428.48628355217,100,100,8.43496068511712,112.440142278492,4.33150373497613,0
137164.156042622,3428.48628355217,100,100,8.43496068511712,112.440142278492,4.33150373497613,0
137196.543027199,3428.48628355217,100,100,8.43496068511712,112.440142278492,4.33150373497613,0
137228.930011777,3428.48628355217,100,100,8.43496068511712,112.440142278492,4.33150373497613,0
137261.316996355,3428.48628355217,100,100,8.43496068511712,112.440142278492,4.33150373497613,0
137293.703980932,3428.48628355217,100,100,8.43496068511712,112.440142278492,4.33150373497613,0
137326.09096551,3428.48628355217,100,100,8.43496068511712,112.440142278492,4.33150373497613,0
137358.477950087,3428.48628355217,100,100,8.43496068511712,112.440142278492,4.33150373497613,0
137390.864934665,3428.48628355217,100,100,8.43496068511712,112.440142278492,4.33150373497613,0
137423.251919242,3428.48628355217,100,100,8.43496068511712,112.440142278492,4.33150373497613,0
137455.63890382,3428.48628355217,100,100,8.43496068511712,112.440142278492,4.33150373497613,0
137488.025888397,3428.48628355217,100,100,8.43496068511712,112.440142278492,4.33150373497613,0
137520.412872975,3428.48628355217,100,100,8.43496068511712,112.440142278492,4.33150373497613,0
137552.799857552,3428.48628355217,100,100,8.43496068511712,112.440142278492,4.33150373497613,0
137585.18684213,3428.48628355217,100,100,8.43496068511712,112.440142278492,4.33150373497613,0
137617.573826707,3428.48628355217,100,100,8.43496068511712,112.440142278492,4.33150373497613,0
137649.960811285,3428.48628355217,100,100,8.43496068511712,112.440142278492,4.33150373497613,0
137682.347795862,3428.48628355217,100,100,8.43496068511712,112.440142278492,4.33150373497613,0
137714.73478044,3428.48628355217,100,100,8.43496068511712,112.440142278492,4.33150373497613,0
137747.121765017,3428.48628355217,100,100,8.43496068511712,112.440142278492,4.33150373497613,0
137779.508749595,3428.48628355217,100,100,8.43496068511712,112.440142278492,4.33150373497613,0
137811.895734173,3428.48628355217,100,100,8.43496068511712,112.440142278492,4.33150373497613,0
137844.28271875,3428.48628355217,100,100,8.43496068511712,112.440142278492,4.33150373497613,0
137876.669703328,3428.48628355217,100,100,8.43496068511712,112.440142278492,4.33150373497613,0
137909.056687905,3428.48628355217,100,100,8.43496068511712,112.440142278492,4.33150373497613,0
137941.443672483,3428.48628355217,100,100,8.43496068511712,112.440142278492,4.33150373497613,0
137973.83065706,3428.48628355217,100,100,8.43496068511712,112.440142278492,4.33150373497613,0
138006.217641638,3428.48628355217,100,100,8.43496068511712,112.440142278492,4.33150373497613,0
138038.604626215,3428.48628355217,100,100,8.43496068511712,112.440142278492,4.33150373497613,0
138070.991610793,3428.48628355217,100,100,8.43496068511712,112.440142278492,4.33150373497613,0
138103.37859537,3428.48628355217,100,100,8.43496068511712,112.440142278492,4.33150373497613,0
138135.765579948,3428.48628355217,100,100,8.43496068511712,112.440142278492,4.33150373497613,0
138168.152564525,3428.48628355217,100,100,8.43496068511712,112.440142278492,4.33150373497613,0
138200.539549103,3428.48628355217,100,100,8.43496068511712,112.440142278492,4.33150373497613,0
138232.92653368,3428.48628355217,100,100,8.43496068511712,112.440142278492,4.33150373497613,0
138265.313518258,3428.48628355217,100,100,8.43496068511712,112.440142278492,4.33150373497613,0
138297.700502835,3428.48628355217,100,100,8.43496068511712,112.440142278492,4.33150373497613,0
138330.087487413,3428.48628355217,100,100,8.43496068511712,112.440142278492,4.33150373497613,0
138362.47447199,3428.48628355217,100,100,8.43496068511712,112.440142278492,4.33150373497613,0
138394.861456568,3428.48628355217,100,100,8.43496068511712,112.440142278492,4.33150373497613,0
138427.248441146,3428.48628355217,100,100,8.43496068511712,112.440142278492,4.33150373497613,0
138459.635425723,3428.48628355217,100,100,8.43496068511712,112.440142278492,4.33150373497613,0
138492.022410301,3428.48628355217,100,100,8.43496068511712,112.440142278492,4.33150373497613,0
138524.409394878,3428.48628355217,100,100,8.43496068511712,112.440142278492,4.33150373497613,0
138556.796379456,3428.48628355217,100,100,8.43496068511712,112.440142278492,4.33150373497613,0
138589.183364033,3428.48628355217,100,100,8.43496068511712,112.440142278492,4.33150373497613,0
138621.570348611,3428.48628355217,100,100,8.43496068511712,112.440142278492,4.33150373497613,0
138653.957333188,3428.48628355217,100,100,8.43496068511712,112.440142278492,4.33150373497613,0
138686.344317766,3428.48628355217,100,100,8.43496068511712,112.440142278492,4.33150373497613,0
138718.731302343,3428.48628355217,100,100,8.43496068511712,112.440142278492,4.33150373497613,0
138751.118286921,3428.48628355217,100,100,8.43496068511712,112.440142278492,4.33150373497613,0
138783.505271498,3428.48628355217,100,100,8.43496068511712,112.440142278492,4.33150373497613,0
138815.892256076,3428.48628355217,100,100,8.43496068511712,112.440142278492,4.33150373497613,0
138848.279240653,3428.48628355217,100,100,8.43496068511712,112.440142278492,4.33150373497613,0
138880.666225231,3428.48628355217,100,100,8.43496068511712,112.440142278492,4.33150373497613,0
138913.053209808,3428.48628355217,100,100,8.43496068511712,112.440142278492,4.33150373497613,0
138945.440194386,3428.48628355217,100,100,8.43496068511712,112.440142278492,4.33150373497613,0
138977.827178964,3428.48628355217,100,100,8.43496068511712,112.440142278492,4.33150373497613,0
139010.214163541,3428.48628355217,100,100,8.43496068511712,112.440142278492,4.33150373497613,0
139042.601148119,3428.48628355217,100,100,8.43496068511712,112.440142278492,4.33150373497613,0
139074.988132696,3428.48628355217,100,100,8.43496068511712,112.440142278492,4.33150373497613,0
139107.375117274,3428.48628355217,100,100,8.43496068511712,112.440142278492,4.33150373497613,0
139139.762101851,3428.48628355217,100,100,8.43496068511712,112.440142278492,4.33150373497613,0
139172.149086429,3428.48628355217,100,100,8.43496068511712,112.440142278492,4.33150373497613,0
139204.536071006,3428.48628355217,100,100,8.43496068511712,112.440142278492,4.33150373497613,0
139236.923055584,3428.48628355217,100,100,8.43496068511712,112.440142278492,4.33150373497613,0
139269.310040161,3428.48628355217,100,100,8.43496068511712,112.440142278492,4.33150373497613,0
139301.697024739,3428.48628355217,100,100,8.43496068511712,112.440142278492,4.33150373497613,0
139334.084009316,3428.48628355217,100,100,8.43496068511712,112.440142278492,4.33150373497613,0
139366.470993894,3428.48628355217,100,100,8.43496068511712,112.440142278492,4.33150373497613,0
139398.857978471,3428.48628355217,100,100,8.43496068511712,112.440142278492,4.33150373497613,0
139431.244963049,3428.48628355217,100,100,8.43496068511712,112.440142278492,4.33150373497613,0
139463.631947626,3428.48628355217,100,100,8.43496068511712,112.440142278492,4.33150373497613,0
139496.018932204,3428.48628355217,100,100,8.43496068511712,112.440142278492,4.33150373497613,0
139528.405916781,3428.48628355217,100,100,8.43496068511712,112.440142278492,4.33150373497613,0
139560.792901359,3428.48628355217,100,100,8.43496068511712,112.440142278492,4.33150373497613,0
139593.179885937,3428.48628355217,100,100,8.43496068511712,112.440142278492,4.33150373497613,0
139625.566870514,3428.48628355217,100,100,8.43496068511712,112.440142278492,4.33150373497613,0
139657.953855092,3428.48628355217,100,100,8.43496068511712,112.440142278492,4.33150373497613,0
139690.340839669,3428.48628355217,100,100,8.43496068511712,112.440142278492,4.33150373497613,0
139722.727824247,3428.48628355217,100,100,8.43496068511712,112.440142278492,4.33150373497613,0
139755.114808824,3428.48628355217,100,100,8.43496068511712,112.440142278492,4.33150373497613,0
139787.501793402,3428.48628355217,100,100,8.43496068511712,112.440142278492,4.33150373497613,0
139819.888777979,3428.48628355217,100,100,8.43496068511712,112.440142278492,4.33150373497613,0
139852.275762557,3428.48628355217,100,100,8.43496068511712,112.440142278492,4.33150373497613,0
139884.662747134,3428.48628355217,100,100,8.43496068511712,112.440142278492,4.33150373497613,0
139917.049731712,3428.48628355217,100,100,8.43496068511712,112.440142278492,4.33150373497613,196.734492927003
139949.436716289,3441.22955752875,100,100,8.39287143624645,112.184725508234,4.34350869975308,393.007142688446
139981.70376809,3453.89578165236,100,100,8.35103667224702,111.930853068313,4.35547466576177,392.082825952917
140013.852489247,3466.48587582606,100,100,8.30945335480789,111.678506520872,4.36740203448209,391.160699774604
140045.884447941,3479.00074129489,100,100,8.26811850724292,111.427667802021,4.37929119873871,390.240758620112
140077.801179396,3491.44126118258,100,100,8.22702921271815,111.17831921108,4.3911425429571,389.322997012937
140109.604186831,3503.80830100843,100,100,8.18852737734501,110.946432461607,4.40197317525285,388.407409487167
140141.294942389,3516.10270918528,100,100,8.15549031665727,110.751630206772,4.41056385053571,387.493990585675
140172.87488802,3528.32531749931,100,100,8.12264619379877,110.55796560533,4.41911841155948,386.582734890243
140204.345436339,3540.47694157265,100,100,8.08999281706109,110.365425733923,4.42763721781888,385.673636994478
140235.70797145,3552.55838130933,100,100,8.0575280369729,110.173997918244,4.43612062183751,384.76669151279
140266.963849742,3564.57042132551,100,100,8.02524974514384,109.983669726218,4.44456896936123,383.861893089705
140298.114400654,3576.51383136454,100,100,7.99315587314918,109.794428961429,4.45298259954464,-128.836930820471
140329.744754896,3556.48192219134,100,100,8.04698484885313,110.111830256348,4.43887863838141,-1036.57746351103
140361.799615934,3510.49917244643,100,100,8.17054792501421,110.840417041899,4.40664664209177,-1432.5577963858
140394.295559305,3464.00916407226,100,100,8.31763358679365,111.728147901743,4.3650530618519,-1428.68810940489
140427.250284815,3416.99058006358,100,100,8.47292938342526,112.670553667456,4.32070302050797,-1424.80129148768
140460.68272672,3369.42064220116,100,100,8.63004622460229,113.624010362533,4.27629871676675,-1420.89521540164
140494.613178233,3321.27496711029,100,100,8.78906464519579,114.589006709326,4.23182660995762,-1416.96750973079
140529.063432682,3272.52740356057,100,100,8.95007101905653,115.566066863779,4.18727232984924,-1413.01552228773
140564.056944161,3223.14984792794,100,100,9.11315816851801,116.555754114173,4.14262058597836,-1409.03627675897
140599.619011042,3173.1120341236,100,100,9.27842605823188,117.558675091635,4.09785506440822,-1405.02642111179
140635.776986491,3122.38129353098,100,100,9.44598258806247,118.575484581783,4.05295830970822,-1400.98216564999
140672.560520997,3070.92227954105,100,100,9.61594450290806,119.606891045938,4.00791158947423,-1396.89920858508
140710.001843096,3018.69665008216,100,100,9.78843844126036,120.653662984262,3.96435799310379,-1392.77264554319
140748.136085929,2965.6627000323,100,100,9.98612749109885,121.906968570232,3.91349031686345,-1388.59685932211
140787.001669132,2911.7749334802,100,100,10.199461724899,123.285756008821,3.85842899687657,-1384.36538452166
140826.640748002,2856.98356333485,100,100,10.41637320067,124.687663301201,3.80331220046798,-1380.07073979338
140867.099745053,2801.23392258791,100,100,10.6370783375563,126.114089172709,3.74810865551741,-1375.70421848349
140908.429983266,2744.46576735566,100,100,10.8618156327829,127.566575040173,3.69278443238842,-1371.25562540967
140950.688445915,2686.61244631018,100,100,11.0908489497621,129.046826263074,3.6373025269541,-1366.7129421108
140993.938695456,2627.59990374236,100,100,11.3244714648302,130.556737651459,3.58162235981139,-1362.06189719232
141038.251994245,2567.34547354695,100,100,11.5630104416938,132.098424323377,3.52569917000846,-1357.2854089352
141083.708684244,2505.75640780013,100,100,11.8068330565884,133.674259353096,3.47153522257933,-1352.36285253229
141130.39990308,2442.72806469996,100,100,12.1212714091244,135.609766915917,3.41385111477622,-1366.58195025965
141177.091121915,2378.14165400768,100,100,12.450168906753,137.626371952353,3.35538604669945,-729.695128980805
141223.782340751,2374.58735479907,100,100,12.4682686912589,137.737349131736,3.35220223651632,-25.5192983106834
141270.543447335,2375.75681623746,100,100,12.4623133682035,137.700834611092,3.35324941376535,15.8675880350235
141317.281535859,2376.07096150865,100,100,12.460713626207,137.691025938814,3.35353077459762,3.89709305443573
141364.013445044,2376.12107751633,100,100,12.4604584172654,137.689461148444,3.35357566296867,0.602451624571223
141410.744368581,2376.12726834406,100,100,12.4604268913185,137.689267849974,3.35358120807462,0.0740200097553603
141457.475170365,2376.12799555415,100,100,12.4604231881002,137.689245144028,3.35358185943522,0.00868894789961114
141504.205957847,2376.12808042694,100,100,12.4604227558971,137.689242494014,3.35358193545562,0.00101400785991053
141550.936743659,2376.12809032492,100,100,12.460422705493,137.689242184966,3.35358194432122,0.000118253843863638
141597.667529277,2376.12809147913,100,100,12.4604226996153,137.689242148928,3.35358194535504,1.37896239615296e-05
141644.398314873,2376.12809161372,100,100,12.46042269893,137.689242144725,3.35358194547559,1.60793254799718e-06
141691.129100465,2376.12809162941,100,100,12.4604226988501,137.689242144235,3.35358194548965,1.87457272177756e-07
141737.859886057,2376.12809163124,100,100,12.4604226988407,137.689242144178,3.35358194549129,2.19341600168291e-08
141784.59067165,2376.12809163146,100,100,12.4604226988396,137.689242144171,3.35358194549148,2.56904092477502e-09
141831.321457242,2376.12809163148,100,100,12.4604226988395,137.689242144171,3.3535819454915,3.21130115600277e-10
141878.052242834,2376.12809163149,100,100,12.4604226988395,137.689242144171,3.35358194549151,1.07043371866792e-10
141924.783028426,2376.12809163149,100,100,12.4604226988395,137.689242144171,3.35358194549151,0
141971.513814018,2376.12809163149,100,100,12.4604226988395,137.689242144171,3.35358194549151,0
142018.244599611,2376.12809163149,100,100,12.4604226988395,137.689242144171,3.35358194549151,0
142064.975385203,2376.12809163149,100,100,12.4604226988395,137.689242144171,3.35358194549151,0
142111.706170795,2376.12809163149,100,100,12.4604226988395,137.689242144171,3.35358194549151,0
142158.436956387,2376.12809163149,100,100,12.4604226988395,137.689242144171,3.35358194549151,0
142205.16774198,2376.12809163149,100,100,12.4604226988395,137.689242144171,3.35358194549151,0
142251.898527572,2376.12809163149,100,100,12.4604226988395,137.689242144171,3.35358194549151,0
142298.629313164,2376.12809163149,100,100,12.4604226988395,137.689242144171,3.35358194549151,0
142345.360098756,2376.12809163149,100,100,12.4604226988395,137.689242144171,3.35358194549151,0
142392.090884348,2376.12809163149,100,100,12.4604226988395,137.689242144171,3.35358194549151,0
142438.821669941,2376.12809163149,100,100,12.4604226988395,137.689242144171,3.35358194549151,0
142485.552455533,2376.12809163149,100,100,12.4604226988395,137.689242144171,3.35358194549151,0
142532.283241125,2376.12809163149,100,100,12.4604226988395,137.689242144171,3.35358194549151,0
142579.014026717,2376.12809163149,100,100,12.4604226988395,137.689242144171,3.35358194549151,0
142625.74481231,2376.12809163149,100,100,12.4604226988395,137.689242144171,3.35358194549151,0
142672.475597902,2376.12809163149,100,100,12.4604226988395,137.689242144171,3.35358194549151,0
142719.206383494,2376.12809163149,100,100,12.4604226988395,137.689242144171,3.35358194549151,0
142765.937169086,2376.12809163149,100,100,12.4604226988395,137.689242144171,3.35358194549151,0
142812.667954678,2376.12809163149,100,100,12.4604226988395,137.689242144171,3.35358194549151,0
142859.398740271,2376.12809163149,100,100,12.4604226988395,137.689242144171,3.35358194549151,0
142906.129525863,2376.12809163149,100,100,12.4604226988395,137.689242144171,3.35358194549151,0
142952.860311455,2376.12809163149,100,100,12.4604226988395,137.689242144171,3.35358194549151,0
142999.591097047,2376.12809163149,100,100,12.4604226988395,137.689242144171,3.35358194549151,0
143046.321882639,2376.12809163149,100,100,12.4604226988395,137.689242144171,3.35358194549151,229.020775771788
143093.052668232,2397.53273316913,100,100,12.3514224778346,137.020917221555,3.37281719690758,457.503914863804
143139.366251714,2418.69625473934,100,100,12.2436501274153,136.360120875547,3.39196076556285,456.425066177125
143185.274592694,2439.62513114467,100,100,12.1370726755317,135.706650941028,3.41101551889365,455.348858499561
143230.78909858,2460.32554370056,100,100,12.031658644677,135.060314416531,3.42998418835367,454.275281557196
143275.920659594,2480.80339870773,100,100,11.9273779578193,134.420926887479,3.44886937809661,453.204325308682
143320.679680985,2501.06434445101,100,100,11.8254082881033,133.794311795807,3.46757933897243,452.135979941919
143365.076112702,2521.11378686589,100,100,11.7460353114638,133.281321165074,3.48452339198225,451.070235862998
143409.119476777,2540.95690399859,100,100,11.6674791481531,132.77360963061,3.50149708680801,450.007083683148
143452.818892621,2560.59865937148,100,100,11.5897201482712,132.271050194346,3.51949474691497,448.946514206272
143496.183100434,2580.04381435356,100,100,11.5127394622148,131.773521030564,3.53740781974147,447.888518415853
143539.220482889,2599.29693962538,100,100,11.4365189952902,131.280905192558,3.55523841715156,446.833087455844
143581.939085253,2618.36242581805,100,100,11.3610413655947,130.793090340413,3.57298856366583,445.780212624573
143624.346634069,2637.24449339833,100,100,11.2862898648824,130.309968488088,3.59066020132765,444.729885386997
143666.450554531,2655.94720186395,100,100,11.212248422162,129.831435768143,3.60825519422699,443.682097328788
143708.257986664,2674.47445830736,100,100,11.1389015697933,129.357392212617,3.62577533271117,442.636840177621
143749.775800395,2692.83002540021,100,100,11.0662344118784,128.887741548745,3.64322233730829,441.594105781297
143791.010609627,2711.01752884577,100,100,10.9942325947583,128.422391008269,3.66059786238713,440.553886112335
143831.96878537,2729.04046434212,100,100,10.9228822794465,127.961251149284,3.67790349957472,439.516173255116
143872.656468034,2746.90220409494,100,100,10.8521701158459,127.504235689593,3.69514078095096,438.480959392008
143913.07957892,2764.60600291496,100,100,10.7820832186097,127.0512613507,3.71231118203776,437.448236818232
143953.243830995,2782.15500393206,100,100,10.7126091445206,126.602247711607,3.72941612459851,436.417997913427
143993.15473899,2799.55224395532,100,100,10.6437358712701,126.157117071669,3.74645697926271,435.390235158399
144032.817628879,2816.80065850523,100,100,10.5754517775377,125.715794321838,3.76343506798839,434.364941126916
144072.237646782,2833.90308654254,100,100,10.5077456242695,125.278206823674,3.78035166637497,433.342108452984
144111.419767342,2850.8622749157,100,100,10.4406065370712,124.844284295544,3.79720800583699,432.321729876189
144150.368801592,2867.68088254722,100,100,10.3740239896356,124.413958705514,3.81400527564918,431.303798203751
144189.089404385,2884.36148437744,100,100,10.307987788129,123.987164170444,3.8307446248718,430.288306301821
144227.586081376,2900.9065750827,100,100,10.2424880564719,123.563836860846,3.8474271641649,429.275247126577
144265.863195622,2917.31857258355,100,100,10.1775152224505,123.143914911131,3.86405396749897,428.264613699446
144303.924973801,2933.59982135735,100,100,10.1130600046023,122.727338334848,3.88062607376941,427.256399087963
144341.7755121,2949.75259556838,100,100,10.0491133998247,122.314048944592,3.89714448832111,426.25059643909
144379.418781761,2965.77910202775,100,100,9.98566667165687,121.903990276281,3.91361018438927,425.247198957511
144416.85863435,2981.68148299417,100,100,9.92271133919214,121.497107517483,3.93002410446201,424.246199896686
144454.098806723,2997.46181882608,100,100,9.86023916657844,121.093347439568,3.94638716156991,423.247592576122
144491.142925748,3013.12213049459,100,100,9.80685029858108,120.765394537034,3.95977921068365,422.251370348996
144527.994512767,3028.66438196606,100,100,9.75551641912471,120.453877129445,3.97256116305749,421.257526646374
144564.656987834,3044.09048246268,100,100,9.70456617006787,120.144687766197,3.98529679042292,420.26605493712
144601.133673737,3059.40228860833,100,100,9.65399341924198,119.837789234491,3.9979868087,419.276948729968
144637.427799816,3074.60160646709,100,100,9.60379220147035,119.533145334915,4.01111607632673,418.290201584993
144673.54250559,3089.69019348066,100,100,9.55395671216925,119.230720842603,4.02428364900604,417.305807114403
144709.480844205,3104.66976031088,100,100,9.50448130126223,118.930481470314,4.03739800207458,416.323758961214
144745.245785717,3119.54197259298,100,100,9.45536046738946,118.632393833286,4.05045988709564,415.344050825482
144780.840220209,3134.30845260477,100,100,9.40658885239459,118.336425415781,4.06347003511792,414.366676441619
144816.26696077,3148.97078085667,100,100,9.35816123607308,118.042544539215,4.07642915744212,413.391629567171
144851.528746324,3163.53049760714,100,100,9.31007253116701,117.750720331786,4.08933794635121,412.418904023662
144886.628244329,3177.98910430776,100,100,9.26231777859212,117.460922699506,4.10219707580662,411.44849365721
144921.568053355,3192.34806498185,100,100,9.21489214288448,117.173122298576,4.11500720211199,410.480392356446
144956.350705537,3206.60880754049,100,100,9.16779090785381,116.887290508998,4.12776896454667,409.514594036113
144990.978668926,3220.7727250392,100,100,9.12100947243286,116.603399409398,4.14048298597029,408.551092643234
145025.454349724,3234.84117687871,100,100,9.07454334671145,116.321421752952,4.15314987340032,407.589882180905
145059.780094426,3248.81548995263,100,100,9.02838814814585,116.041330944383,4.16577021856373,406.630956661642
145093.958191869,3262.69695974513,100,100,8.98253959793332,115.763101017965,4.17834459842448,405.674310138023
145127.990875185,3276.48685138101,100,100,8.93699351754387,115.48670661647,4.19087357568796,404.719936686498
145161.880323679,3290.18640063088,100,100,8.89174582540027,115.212122971026,4.20335769928356,403.767830426229
145195.628664614,3303.79681487358,100,100,8.84679253369936,114.939325881822,4.21579750482659,402.817985500385
145229.237974936,3317.31927401828,100,100,8.80212974536641,114.668291699631,4.22819351506072,401.870396083197
145262.71028291,3330.7549313881,100,100,8.75775365113672,114.398997308096,4.24054624028162,400.925056373338
145296.047569705,3344.10491456731,100,100,8.71366052675741,114.131420106751,4.25285617874316,399.981960592869
145329.251770897,3357.37032621391,100,100,8.66984673030355,113.865537994733,4.26512381704668,399.041103013847
145362.324777923,3370.5522448393,100,100,8.62630869960307,113.601329355158,4.27734963051448,398.102477899773
145395.268439473,3383.6517255567,100,100,8.5830429497648,113.338773040113,4.28953408354808,397.166079563475
145428.08456282,3396.66980079978,100,100,8.54004607080496,113.077848356263,4.30167762997219,396.231902343071
145460.774915107,3409.60748101295,100,100,8.4973147253672,112.818535051005,4.31378071336483,395.299940597143
145493.341224574,3422.46575531471,100,100,8.45484564653168,112.560813299179,4.32584376737457,394.370188702585
145525.785181747,3435.24559213538,100,100,8.41263563570869,112.304663690283,4.33786721602533,393.44264107087
145558.108440568,3447.94793983019,100,100,8.37068156061376,112.050067216186,4.34985147400927,392.517292131667
145590.312619497,3460.5737272692,100,100,8.32898035331921,111.797005259301,4.36179694696851,391.594136339587
145622.399302556,3473.12386440491,100,100,8.28752900837938,111.545459581214,4.37370403176612,390.673168181138
145654.370040348,3485.59924281857,100,100,8.2463245810263,111.295412311727,4.3855731167467,389.754382139775
145686.226351029,3498.00073624631,100,100,8.20536418543194,111.046845938321,4.39740458198743,388.837772739895
145717.969721246,3510.32920108591,100,100,8.17100466551541,110.843110201571,4.40652786790537,387.923334527413
145749.601607041,3522.58547688501,100,100,8.13807007268622,110.648912146064,4.41509936955101,387.011062072878
145781.123434721,3534.77038681172,100,100,8.10532725148387,110.455844867465,4.42363494822939,386.100949961933
145812.536601699,3546.88473810832,100,100,8.07277403271796,110.263895575194,4.43213495971836,385.192992796188
145843.842477302,3558.9293225288,100,100,8.04040828881764,110.073051724078,4.44059975292796,384.287185204552
145875.042403551,3570.90491676097,100,100,8.0082279326973,109.883301007666,4.44902967009008,383.383521828694
145906.137695915,3582.81228283374,100,100,7.97623091666217,109.694631351774,4.45742504694149,382.481997340849
145937.129644034,3594.65216851029,100,100,7.94441523135179,109.507030908255,4.46578621290044,381.582606431734
145968.019512423,3606.42530766761,100,100,7.91277890472015,109.320488048985,4.47411349123709,380.685343803192
145998.808541147,3618.13242066316,100,100,7.8813200010504,109.134991360057,4.4824071992382,379.790204181399
146029.497946475,3629.77421468896,100,100,7.85003662000334,108.950529636163,4.49066764836598,378.897182302101
146060.088921512,3641.35138411386,100,100,7.81892689569772,108.76709187518,4.49889514441179,378.006272938575
146090.582636805,3652.86461081422,100,100,7.78798899582161,108.584667272922,4.50751164289765,377.117470870932
146120.980240938,3664.31456449378,100,100,7.75722112077288,108.403245218077,4.51616557695092,376.230770891421
146151.282861097,3675.70190299287,100,100,7.72662150282831,108.222815287308,4.5247919134977,375.34616783271
146181.491603622,3687.02727258755,100,100,7.69618840533973,108.043367240509,4.53339088623716,374.463656506485
146211.607554545,3698.29130827904,100,100,7.66592012195629,107.864891016223,4.54196272460984,373.583231774564
146241.631780095,3709.49463407383,100,100,7.63581497587176,107.687376727199,4.55050765390677,372.704888524071
146271.565327206,3720.63786325481,100,100,7.60587131909594,107.510814656103,4.55902589537495,371.828621612625
146301.409223998,3731.72159864381,100,100,7.57608753174922,107.335195251353,4.56751766631962,370.954425959051
146331.164480239,3742.74643285582,100,100,7.54646202137937,107.160509123091,4.57598318020308,370.082296480827
146360.832087806,3753.71294854534,100,100,7.51699322229965,106.986747039283,4.58442264674054,369.212228116788
146390.413021114,3764.62171864495,100,100,7.48767959494767,106.813899921934,4.59283627199282,368.344215822666
146419.90823755,3775.47330659662,100,100,7.45851962526384,106.641958843427,4.60122425845627,367.478254559351
146449.318677877,3786.26826657588,100,100,7.42951182408899,106.470915022971,4.60958680514977,366.614339323388
146478.645266637,3797.00714370917,100,100,7.40065472658033,106.300759823154,4.61792410769918,365.752465105794
146507.888912537,3807.6904742846,100,100,7.37194689164508,106.131484746606,4.62623635841908,364.89262692855
146537.050508822,3818.31878595645,100,100,7.34338690139096,105.96308143276,4.63452374639212,364.034819825523
146566.130933641,3828.89259794348,100,100,7.31497336059328,105.795541654704,4.64278645754592,363.179038848141
146595.131050397,3839.41242122143,100,100,7.2867048961777,105.628857316138,4.65102467472765,362.32527904837
146624.051708094,3849.87875870985,100,100,7.25858015671816,105.463020448411,4.65923857777647,361.473535513721
146652.893741661,3860.29210545342,100,100,7.23059781194962,105.298023207645,4.66742834359366,360.623803342663
146681.657972283,3870.65294879805,100,100,7.20275655229491,105.13385787195,4.67559414621089,359.776077629937
146710.345207708,3880.96176856191,100,100,7.1750550884051,104.970516838709,4.68373615685631,358.930353508936
146738.956242553,3891.21903720151,100,100,7.14749215071324,104.807992621951,4.69185454401883,358.086626124818
146767.491858597,3901.42521997308,100,100,7.12006648900068,104.646277849791,4.6999494735105,357.24489062343
146795.952825072,3911.58077508942,100,100,7.0927768719756,104.485365261946,4.70802110852714,356.405142171032
146824.339898936,3921.68615387224,100,100,7.06562208686369,104.325247707319,4.71606960970712,355.56737594677
146852.653825149,3931.74180090036,100,100,7.03860093900982,104.165918141656,4.72409513518866,354.731587148401
146880.89533693,3941.74815415373,100,100,7.01171225149114,104.007369625258,4.73209784066536,353.897770996507
146909.065156017,3951.70564515349,100,100,6.98495486474062,103.849595320765,4.74007787944025,353.065922706443
146937.163992914,3961.61469909818,100,100,6.95832763618112,103.692588490998,4.74803540247829,352.236037509453
146965.192547134,3971.47573499629,100,100,6.93182943986914,103.536342496857,4.75597055845751,351.408110672942
146993.151507429,3981.28916579516,100,100,6.90545916614848,103.380850795281,4.76388349381859,350.582137455419
147021.041552027,3991.05539850643,100,100,6.8792157213131,103.226106937258,4.77177435281322,349.758113136007
147048.863348845,4000.77483432816,100,100,6.85374812253776,103.072153602053,4.77964358697165,348.936033006712
147076.617555715,4010.44786876369,100,100,6.83587090798463,102.919498618311,4.78749268898907,348.115892372096
147104.304820585,4020.07489173735,100,100,6.81807872949554,102.767569764411,4.79531663533426,347.297686566061
147131.925781731,4029.65628770712,100,100,6.80037087653463,102.616360973029,4.80311559313339,346.48141090871
147159.481067954,4039.19243577441,100,100,6.7827466484658,102.465866261377,4.81088972718741,345.667060744873
147186.971298775,4048.6837097909,100,100,6.76520535435522,102.316079729515,4.81863920001968,344.854631435715
147214.397084623,4058.13047846271,100,100,6.74774631277883,102.166995558708,4.82636417192246,344.044118358622
147241.75902702,4067.53310545183,100,100,6.73036885163487,102.018608009824,4.83406480100217,343.235516903983
147269.05771876,4076.89194947502,100,100,6.71307230796111,101.870911421775,4.84174124322343,342.428822458493
147296.293744087,4086.20736440018,100,100,6.69585602775675,101.723900209996,4.84939365245203,341.624030435809
147323.46767886,4095.47969934024,100,100,6.67871936580885,101.57756886496,4.85702218049673,340.821136267238
147350.580090724,4104.70929874481,100,100,6.66166168552303,101.431911950737,4.8646269771501,340.020135377832
147377.63153927,4113.89650248943,100,100,6.64468235875845,101.286924103582,4.87220819022821,339.221023227916
147404.622576191,4123.0416459627,100,100,6.6277807656668,101.142600030558,4.87976596560944,338.423795276915
147431.55374544,4132.14506015119,100,100,6.61095629453539,100.998934508203,4.88730044727223,337.62844698405
147458.425583378,4141.20707172231,100,100,6.59420834163399,100.855922381214,4.8948117773319,336.834973853969
147485.238618917,4150.22800310517,99.9947885004533,99.9947885004533,6.57753631106536,100.713558561178,4.90202475352887,336.029470160012
147511.993373669,4159.20742791144,99.7895445048814,99.7895445048814,6.56094099085893,100.57184977714,4.89863763267049,334.678360263033
147538.690366862,4168.11714646059,99.5858937951866,99.5858937951866,6.54447449824249,100.431241062332,4.89527188980043,332.799947817862
147565.330292874,4176.95795183963,99.3838182436656,99.3838182436656,6.52813536747262,100.291719900654,4.89192732901483,330.934419168714
147591.913833735,4185.73062355635,99.1833000329976,99.1833000329976,6.51192215790232,100.153273990302,4.88860375739995,329.081647811437
147618.441659431,4194.43592786373,98.984321648829,98.984321648829,6.49583345338145,100.015891238656,4.88530098496267,327.241509208017
147644.914428189,4203.0746180744,98.7868658725852,98.7868658725852,6.47986786167561,99.8795597573149,4.88201882456322,325.413880714366
147671.332786767,4211.6474348655,98.5909157745028,98.5909157745028,6.46402401390264,99.7442678572817,4.87875709184989,323.598641529163
147697.697370723,4220.15510657432,98.3964547068728,98.3964547068728,6.44830056398629,99.6100040443025,4.87551560519579,321.795672682174
147724.008804683,4228.59834948499,98.2034662974859,98.2034662974859,6.43269618812633,99.4767570143401,4.87229418563738,320.004856954826
147750.2677026,4236.97786810669,98.0119344432756,98.0119344432756,6.41720958428443,99.3445156491833,4.86909265681502,318.226078881913
147776.474668,4245.29435544351,97.8218433041483,97.8218433041483,6.40183947168536,99.213269012189,4.86591084491506,316.459224696667
147802.630294228,4253.54849325639,97.6331772969969,97.6331772969969,6.38658459033293,99.0830063441474,4.86274857861383,314.704182274197
147828.735164683,4261.74095231738,97.4459210898884,97.4459210898884,6.37144370054005,98.9537170592701,4.85960568902309,312.96084113278
147854.789853044,4269.87239265656,97.2600595964215,97.2600595964215,6.3564155824724,98.8253907412929,4.85648200963724,311.229092368436
147880.794923496,4277.94346380168,97.0755779702473,97.0755779702473,6.34149903570555,98.6980171396944,4.85337737628189,309.508828646771
147906.750930939,4285.95480501107,96.892461599747,96.892461599747,6.32669287879448,98.5715861660198,4.85029162706399,307.799944147888
147932.658421205,4293.90704549981,96.7106961028615,96.7106961028615,6.3119959488556,98.446087890312,4.84722460232337,306.102334543736
147958.517931253,4301.80080465951,96.5302673220684,96.5302673220684,6.29740710116057,98.3215125376427,4.84417614458563,304.415896977366
147984.329989373,4309.63669227191,96.3511613194991,96.3511613194991,6.28292520874152,98.197850484742,4.84114609851631,302.740530011765
148010.095115373,4317.41530871651,96.1733643721941,96.1733643721941,6.26854916200732,98.0750922567216,4.8381343108765,301.076133627794
148035.813820767,4325.13724517236,95.9968629674889,95.9968629674889,6.25427786837067,97.9532285238897,4.8351406304794,299.422609159905
148061.486608958,4332.80308381436,95.8216437985289,95.8216437985289,6.24011025188526,97.8322500986536,4.83216490814841,297.779859307742
148087.113975409,4340.41339800412,95.6476937599059,95.6476937599059,6.22604525289307,97.7121479325078,4.82920699667606,296.147788084267
148112.69640782,4347.96875247558,95.4749999434153,95.4749999434153,6.21208182768131,97.5929131131041,4.82626675078424,294.526300788681
148138.23438629,4355.4697035157,95.3035496339269,95.3035496339269,6.19821894814847,97.4745368614003,4.82334402708548,292.915304001705
148163.728383481,4362.91679914012,95.1333303053686,95.1333303053686,6.18445560147967,97.3570105288881,4.82043868404519,291.314705525388
148189.178864777,4370.31057926428,94.9643296168164,94.9643296168164,6.17079078983041,97.2403255948925,4.81755058194501,289.724414409406
148214.586288431,4377.65157586986,94.796535408689,94.796535408689,6.15722353001897,97.1244736639453,4.81467958284702,288.144340883164
148239.951105723,4384.94031316683,94.629935699044,94.629935699044,6.14375285322692,97.0094464632271,4.81182555055901,286.574396338158
148265.273761098,4392.17730775131,94.46451867997,94.46451867997,6.13037780470736,96.8952358400768,4.80898835060055,285.014493337123
148290.554692311,4399.36306875924,94.3002727140745,94.3002727140745,6.1170974435009,96.7818337595662,4.80616785017004,283.464545568882
148315.794330561,4406.49809801602,94.1371863310625,94.1371863310625,6.10391084215915,96.669232302138,4.80336391811253,281.924467810378
148340.993100632,4413.58289018235,93.9752482244034,93.9752482244034,6.09081708647514,96.5574236613051,4.80057642488839,280.394175928487
148366.151421016,4420.61793289631,93.8144472480843,93.8144472480843,6.07781527522075,96.4464001414073,4.79780524254285,278.873586886621
148391.269704042,4427.60370691177,93.6547724134453,93.6547724134453,6.06490451989093,96.336154155428,4.79505024467619,277.362618660248
148416.348356004,4434.54068623329,93.4962128860963,93.4962128860963,6.05208394445434,96.2266782228648,4.79231130641477,275.861190266139
148441.387777275,4441.42933824767,93.3387579829104,93.3387579829104,6.03935268511025,96.1179649676532,4.78958830438278,274.369221726374
148466.388362432,4448.27012385213,93.1823971690942,93.1823971690942,6.02670989005168,96.0100071161442,4.78688111667465,272.886634047993
148491.350500364,4455.0634975793,93.0271200553304,93.0271200553304,6.01415471923432,95.9027974951316,4.78418962282818,271.413349227966
148516.274574387,4461.80990771913,92.8729163949913,92.8729163949913,6.0016863441513,95.7963290299279,4.78151370379834,269.949290206315
148541.160962352,4468.50979643781,92.7197760814215,92.7197760814215,5.98930394761335,95.6905947424878,4.77885324193167,268.494380861261
148566.010036752,4475.16359989367,92.5676891452875,92.5676891452875,5.97700672353464,95.5855877495791,4.77620812094135,267.048545985424
148590.822164826,4481.77174835038,92.4166457519914,92.4166457519914,5.96479387672354,95.481301260996,4.77357822588282,265.611711296387
148615.597708656,4488.33466628729,92.2666361991477,92.2666361991477,5.95266462267873,95.3777285778181,4.77096344313007,264.183803382038
148640.337025273,4494.8527725072,92.1176509141211,92.1176509141211,5.94061818738998,95.2748630907095,4.76836366035239,262.76474971413
148665.040466744,4501.32648024146,91.968164474205,91.968164474205,5.9291200334413,95.16999149519,4.76583122677752,261.350433391189
148689.708380275,4507.75599753408,91.8138560591821,91.8138560591821,5.91949714635135,95.0554041587478,4.76351467750168,259.925237099283
148714.341109387,4514.14096146959,91.6606169247297,91.6606169247297,5.90994094108298,94.941610855557,4.76121012455819,258.493360373247
148738.938997078,4520.48178510474,91.5084371574863,91.5084371574863,5.90045079942516,94.8286042240895,4.75891749253334,257.07053531451
148763.502381617,4526.7788760385,91.3573069750759,91.3573069750759,5.89102611133539,94.7163770000859,4.75663670676866,255.656687978422
148788.031596635,4533.03263651173,91.2072167237184,91.2072167237184,5.8816662747905,94.6049220147797,4.75436769334804,254.251745284577
148812.52697121,4539.24346350438,91.0581568758948,91.0581568758948,5.87237069564117,94.4942321931646,4.75211037908486,252.855635026899
148836.988829949,4545.4117488305,90.9101180280681,90.9101180280681,5.86313878746978,94.3843005523015,4.74986469150973,251.468285816956
148861.417493077,4551.53787923097,90.7630908984568,90.7630908984568,5.85396997145155,94.2751201996655,4.74763055885826,250.089627097092
148885.81327651,4557.62223646416,90.6170663248602,90.6170663248602,5.84486367621892,94.1666843315305,4.7454079100593,248.719589132157
148910.176491939,4563.66519739443,90.4720352625336,90.4720352625336,5.83581933772904,94.0589862313919,4.74319667472339,247.358102977893
148934.507446903,4569.66713407866,90.3279887821121,90.3279887821121,5.82683639913431,93.9520192684241,4.74099678313149,246.005100473377
148958.806444868,4575.62841385074,90.1849180675823,90.1849180675823,5.81791431065588,93.8457768959751,4.73880816622393,244.66051423087
148983.073785296,4581.5493994042,90.0428144142992,90.0428144142992,5.80905252946002,93.740252650094,4.73663075558968,243.324277633168
149007.309763719,4587.43044887297,89.9016692270487,89.9016692270487,5.80025051953723,93.6354401480909,4.73446448345587,241.996324792944
149031.51467181,4593.2719159103,89.7614740181528,89.7614740181528,5.79150775158412,93.5313330871315,4.73230928267749,240.676590564944
149055.688797449,4599.07414976593,89.6222204056177,89.6222204056177,5.78282370288791,93.4279252428608,4.73016508672736,239.365010533438
149079.832424791,4604.83749536155,89.4839001113229,89.4839001113229,5.77419785721352,93.3252104680586,4.72803182968637,238.061520991174
149103.945834331,4610.56229336459,89.3465049592498,89.3465049592498,5.76562970469307,93.2231826913248,4.72590944623382,236.766058932966
149128.029302968,4616.24888026039,89.2100268737507,89.2100268737507,5.75711874171793,93.1218359157923,4.72379787163816,235.478562044446
149152.083104067,4621.89758842277,89.0744578778536,89.0744578778536,5.74866447083308,93.0211642178704,4.72169704174775,234.19896868817
149176.107507521,4627.50874618308,88.939790091606,88.939790091606,5.74026640063373,92.9211617460132,4.71960689298194,232.927217889792
149200.102779811,4633.08267789779,88.806015730453,88.806015730453,5.7319240456642,92.8218227195155,4.71752736232234,231.663249338427
149224.069184063,4638.61970401452,88.6731271036515,88.6731271036515,5.72363692631909,92.7231414273358,4.71545838730423,230.407003378438
149248.006980105,4644.12014113677,88.5411166127176,88.5411166127176,5.71540456874637,92.6251122269432,4.71339990600822,229.158420987981
149271.916424524,4649.58430208719,88.4099767499075,88.4099767499075,5.70722650475274,92.5277295431889,4.71135185705199,227.917443766061
149295.797770721,4655.01249596953,88.2797000967313,88.2797000967313,5.69910227171085,92.4309878672028,4.70931417958239,226.6840139373
149319.651268963,4660.4050282293,88.1502793224967,88.1502793224967,5.69103141246854,92.3348817553124,4.70728681326752,225.458074335449
149343.477166437,4665.76220071313,88.021707182885,88.021707182885,5.68301347526003,92.2394058279846,4.70526969828912,224.239568395629
149367.275707299,4671.08431172685,87.8939765185557,87.8939765185557,5.67504801361892,92.1445547687905,4.70326277533499,223.028440133713
149391.047132729,4676.37165609245,87.7670802537811,87.7670802537811,5.66713458629301,92.0503233233906,4.70126598559171,221.824634164022
149414.791680972,4681.62452520381,87.6410113951085,87.6410113951085,5.65927275716084,91.9567062985417,4.69927927073747,220.628095679089
149438.509587393,4686.84320708123,87.5157630300504,87.5157630300504,5.65146209515011,91.8636985611243,4.69730257293494,219.438770410396
149462.201084523,4692.02798642493,87.3913283258016,87.3913283258016,5.64370217415759,91.7712950371899,4.69533583482447,218.256604665869
149485.866402102,4697.1791446674,87.2677005279824,87.2677005279824,5.63599257297079,91.6794907110277,4.69337899951732,217.081545298545
149509.505767128,4702.29696002468,87.1448729594076,87.1448729594076,5.62833287519117,91.5882806242508,4.69143201058901,215.91353970983
149533.119403896,4707.38170754666,87.0228390188802,87.0228390188802,5.62072266915889,91.4976598748994,4.68949481207295,214.752535831559
149556.707534047,4712.43365916627,86.9015921800095,86.9015921800095,5.61316154787919,91.4076236165647,4.68756734845398,213.598482106312
149580.270376608,4717.45308374778,86.7811259900533,86.7811259900533,5.60564910895009,91.3181670575275,4.68564956466228,212.451327513289
149603.808148032,4722.44024713407,86.6614340687824,86.6614340687824,5.59818495449164,91.2292854599163,4.68374140606721,211.311021534136
149627.321062242,4727.39541219298,86.5425101073685,86.5425101073685,5.59076869107655,91.1409741388808,4.6818428184714,210.177514161811
149650.809330666,4732.31883886275,86.424347867294,86.424347867294,5.58339992966218,91.0532284617823,4.67995374810487,209.050755881232
149674.273162282,4737.21078419655,86.3069411792828,86.3069411792828,5.57607828552392,90.9660438474001,4.67807414161939,207.930697654792
149697.712763653,4742.07150240614,86.1902839422526,86.1902839422526,5.5688033781898,90.8794157651532,4.67620394608277,206.817290949871
149721.128338963,4746.9012449047,86.0743701222871,86.0743701222871,5.56157483137641,90.7933397343372,4.67434310897345,205.710487702991
149744.520090057,4751.70026034878,85.9591937516294,85.9591937516294,5.55439227292613,90.7078113233765,4.67249157817509,204.610240309295
149767.888216476,4756.46879467946,85.844748927693,85.844748927693,5.54725533474551,90.6228261490909,4.67064930197127,203.516501633933
149791.232915492,4761.20709116275,85.7310298120939,85.7310298120939,5.54016365274479,90.5383798759753,4.66881622904034,202.429225005071
149814.554382142,4765.91539042919,85.6180306296995,85.6180306296995,5.53311686677865,90.4544682154945,4.66699230845036,201.34836419805
149837.852809263,4770.59393051263,85.5057456676969,85.5057456676969,5.52611462058819,90.3710869253913,4.66517748965406,200.273873425866
149861.128387526,4775.2429468884,85.3941692746785,85.3941692746785,5.51915656174375,90.2882318090069,4.66337172248403,199.205707349187
149884.381305466,4779.86267251064,85.2832958597448,85.2832958597448,5.51224234158909,90.2058987146152,4.6615749571479,198.143821055272
149907.611749518,4784.45333784899,85.1731198916242,85.1731198916242,5.50537161518644,90.1240835347691,4.65978714422365,197.0881700573
149930.819904045,4789.0151709246,85.0636358978096,85.0636358978096,5.49854404126263,90.0427822056588,4.65800823465502,196.038710302804
149954.005951369,4793.54839734539,84.9548384637106,84.9548384637106,5.49175928215629,89.9619907064829,4.65623817974694,194.995398142646
149977.170071804,4798.05324034075,84.846722231822,84.846722231822,5.48501700376596,89.8817050588308,4.65447693116117,193.958190329827
150000.312443685,4802.52992079552,84.7392819009075,84.7392819009075,5.47831687549918,89.8019213260763,4.65272444091189,192.927044041611
150023.433243393,4806.9786572834,84.6325122251984,84.6325122251984,5.47165857022252,89.7226356127826,4.65098066136148,191.901916853811
150046.532645388,4811.3996660997,84.5264080136073,84.5264080136073,5.46504176421256,89.6438440641187,4.64924554521627,190.882766714689
150069.610822238,4815.79316129352,84.4209641289555,84.4209641289555,5.45846613710773,89.5655428652854,4.64751904552247,189.999789550884
150083.214524456,4818.36921540295,84.3591388303291,84.3591388303291,5.45461062561216,89.5196322369293,4.64650572746749,189.364194257361
