timestamp,EVO1/User/Motor RPM Drive Cycle,EVO1/User/Torque Drive Cycle,EVO1/User/Throttle Voltage Drive Cycle
0,0,0,0
50,25,0,0
100,50,0,0
150,75,0,0
200,100,0,0
250,125,0,0
300,150,0,0
350,175,0,0
400,200,0,0
450,225,0,0
500,250,0,0
550,275,0,0
600,300,0,0
650,325,0,0
700,350,0,0
750,375,0,0
800,400,0,0
850,425,0,0
900,450,0,0
950,475,0,0
1000,500,0,0
1050,525,0,0
1100,550,0,0
1150,575,0,0
1200,600,0,0
1250,625,0,0
1300,650,0,0
1350,675,0,0
1400,700,0,0
1450,725,0,0
1500,750,0,0
1550,775,0,0
1600,800,0,0
1650,825,0,0
1700,850,0,0
1750,875,0,0
1800,900,0,0
1850,925,0,0
1900,950,0,0
1950,975,0,0
2000,1000,0,0
2050,1025,0,0
2100,1050,0,0
2150,1075,0,0
2200,1100,0,0
2250,1125,0,0
2300,1150,0,0
2350,1175,0,0
2400,1200,0,0
2450,1225,0,0
2500,1250,0,0
2550,1275,0,0
2600,1300,0,0
2650,1325,0,0
2700,1350,0,0
2750,1375,0,0
2800,1400,0,0
2850,1425,0,0
2900,1450,0,0
2950,1475,0,0
3000,1500,0,0
3050,1525,0,0
3100,1550,0,0
3150,1575,0,0
3200,1600,0,0
3250,1625,0,0
3300,1650,0,0
3350,1675,0,0
3400,1700,0,0
3450,1725,0,0
3500,1750,0,0
3550,1775,0,0
3600,1800,0,0
3650,1825,0,0
3700,1850,0,0
3750,1875,0,0
3800,1900,0,0
3850,1925,0,0
3900,1950,0,0
3950,1975,0,0
4000,2000,0,0
4050,2025,0,0
4100,2050,0,0
4150,2075,0,0
4200,2100,0,0
4250,2125,0,0
4300,2150,0,0
4350,2175,0,0
4400,2200,0,0
4450,2225,0,0
4500,2250,0,0
4550,2275,0,0
4600,2300,0,0
4650,2325,0,0
4700,2350,0,0
4750,2375,0,0
4800,2400,0,0
4850,2425,0,0
4900,2450,0,0
4950,2475,0,0
5000,2500,0,0
5050,2525,0,0
5100,2550,0,0
5150,2575,0,0
5200,2600,0,0
5250,2625,0,0
5300,2650,0,0
5350,2675,0,0
5400,2700,0,0
5450,2725,0,0
5500,2750,0,0
5550,2775,0,0
5600,2800,0,0
5650,2825,0,0
5700,2850,0,0
5750,2875,0,0
5800,2900,0,0
5850,2925,0,0
5900,2950,0,0
5950,2975,0,0
6000,3000,0,0
6050,3025,0,0
6100,3050,0,0
6150,3075,0,0
6200,3100,0,0
6250,3125,0,0
6300,3150,0,0
6350,3175,0,0
6400,3200,0,0
6450,3225,0,0
6500,3250,0,0
6550,3275,0,0
6600,3300,0,0
6650,3325,0,0
6700,3350,0,0
6750,3375,0,0
6800,3400,0,0
6850,3425,0,0
6900,3450,0,0
6950,3475,0,0
7000,3500,0,0
7050,3525,0,0
7100,3550,0,0
7150,3575,0,0
7200,3600,0,0
7250,3625,0,0
7300,3650,0,0
7350,3675,0,0
7400,3700,0,0
7450,3725,0,0
7500,3725.04,0,0
7550,3686.54,0,0
7600,3647.0801,0,0
7650,3607.5801,0,0
7700,3567.9802,0,0
7750,3528.3762,0,0
7800,3488.0203,0,0
7850,3447.6162,0,0
7900,3409.52,0,0
7950,3371.52,0,0
8000,3334,0,0
8050,3296.5,0,0
8100,3260.9199,0,0
8150,3225.4199,0,0
8200,3188.48,0,0
8250,3151.48,0,0
8300,3113.52,0,0
8350,3075.52,0,0
8400,3039.9199,0,0
8450,3004.4199,0,0
8500,2972.76,0,0
8550,2941.26,0,0
8600,2913.3862,0,0
8650,2885.6633,0,0
8700,2865.6699,0,0
8750,2846.1699,0,0
8800,2832.3101,0,0
8850,2818.8101,0,0
8900,2800.6101,0,0
8950,2782.1101,0,0
9000,2764.0801,0,0
9050,2746.0801,0,0
9100,2728.8586,0,0
9150,2711.6868,0,0
9200,2690.3601,0,0
9250,2668.8601,0,0
9300,2648.8,0,0
9350,2628.8,0,0
9400,2608.5149,0,0
9450,2588.2178,0,0
9500,2561.6201,0,0
9550,2534.6201,0,0
9600,2503.0908,0,0
9650,2471.2727,0,0
9700,2443.1201,0,0
9750,2415.1201,0,0
9800,2390.48,0,0
9850,2365.98,0,0
9900,2338.6001,0,0
9950,2311.1001,0,0
10000,2280.72,0,0
10050,2250.22,0,0
10100,2224.04,0,0
10150,2198.04,0,0
10200,2176.5645,0,0
10250,2155.2773,0,0
10300,2132.8501,0,0
10350,2110.3501,0,0
10400,2099.6001,0,0
10450,2089.6001,0,0
10500,2081.8789,0,0
10550,2074.303,0,0
10600,2066.8,0,0
10650,2059.3,0,0
10700,2045.08,0,0
10750,2030.58,0,0
10800,2018.96,0,0
10850,2007.46,0,0
10900,1996.0693,0,0
10950,1984.6832,0,0
11000,1974.0303,0,0
11050,1963.4242,0,0
11100,1957.24,0,0
11150,1951.24,0,0
11200,1948.12,0,0
11250,1945.12,0,0
11300,1946.901,0,0
11350,1948.8812,0,0
11400,1959.8101,4.0723,0.162369949
11450,1971.3101,11.3443,0.452732891
11500,1978.6465,18.8784,0.705348914
11550,1985.7172,26.6184,0.955391152
11600,1995.0297,30.2659,1.068642959
11650,2004.4357,30.6979,1.082292206
11700,2012.05,31.4569,1.106215152
11750,2019.55,32.4727,1.137906061
11800,2026.11,32.2036,1.130546667
11850,2032.61,30.84,1.090013333
11900,2040.99,35.2296,1.224047273
11950,2049.49,44.1396,1.495077576
12000,2063.1599,49.068,1.652450378
12050,2077.1599,50.868,1.711707867
12100,2084.5801,48.5755,1.640154566
12150,2091.5801,43.0675,1.467691527
12200,2093.8799,35.5637,1.240582412
12250,2095.8799,26.4917,0.963262257
12300,2090.7778,18.2664,0.694143591
12350,2085.2222,10.7064,0.434176233
12400,2082.6238,7.7832,0.315498834
12450,2080.1484,8.5032,0.344546375
12500,2080.9495,8.8301,0.357838698
12550,2081.9597,8.8481,0.358626872
12600,2082.96,8.6645,0.351242249
12650,2083.96,8.3225,0.337432939
12700,2085.4399,8.5248,0.345718099
12750,2086.9399,9.1548,0.371357729
12800,2088.4399,10.0771,0.408869663
12850,2089.9399,11.2291,0.455722015
12900,2092.8516,12.6936,0.512383957
12950,2095.8218,14.4036,0.568434636
13000,2098.3501,15.4685,0.603415611
13050,2100.8501,16.0265,0.621850148
13100,2102.4099,16.4317,0.635222984
13150,2103.9099,16.7168,0.644669359
13200,2103.5251,18.617,0.706763583
13250,2103.0203,21.893,0.813818036
13300,2105.3762,23.4687,0.865598514
13350,2107.8516,23.596,0.870043298
13400,2106.5901,23.652,0.871731346
13450,2105.0901,23.652,0.871560304
13500,2104.0601,24.7507,0.90736719
13550,2103.0601,26.7127,0.971391837
13600,2109.5801,33.7248,1.186761224
13650,2116.5801,44.7048,1.521441191
13700,2129.6899,55.7957,1.878403445
13750,2143.1899,66.9737,2.260365264
13800,2151.5959,73.3435,2.484537207
13850,2159.6768,75.9355,2.582940809
13900,2165.28,77.3179,2.636491055
13950,2170.78,77.7499,2.654402883
14000,2179.1599,79.9157,2.738310015
14050,2187.6599,83.4437,2.873524832
14100,2196.6399,85.9435,2.970430745
14150,2205.6399,87.6355,3.043661575
14200,2214.6399,87.9466,3.061068459
14250,2223.6399,87.1726,3.030389199
14300,2231.6799,86.2272,2.992927481
14350,2239.6799,85.1472,2.954915082
14400,2248.6399,83.6942,2.903102743
14450,2257.6399,81.9482,2.84017045
14500,2269.52,84.073,2.924367068
14550,2281.52,89.239,3.145861115
14600,2291.1201,92.9534,3.31553023
14650,2300.6201,95.5274,3.434532134
14700,2307.72,96.9725,3.502259091
14750,2314.72,97.5305,3.530804545
14800,2323.0791,99.5702,3.627317773
14850,2331.4951,102.7742,3.776779591
14900,2341.3999,107.4974,3.995972682
14950,2351.3999,113.4143,4.340597229
15000,2359.52,116.5442,4.527029321
15050,2367.52,117.3002,4.580319064
15100,2375.05,117.648,4.607456035
15150,2382.55,117.648,4.612114785
15200,2390.99,117.2448,4.590771168
15250,2399.49,116.5248,4.548025734
15300,2406.5801,116.0366,4.519398762
15350,2413.5801,115.7306,4.502648754
15400,2420.1716,115.596,4.497589053
15450,2426.7373,115.596,4.500676333
15500,2430.802,115.2533,4.483057018
15550,2434.7625,114.6413,4.450358108
15600,2440.2222,113.5736,4.392763114
15650,2445.7778,112.1478,4.315219195
15700,2450.8,110.0291,4.198677766
15750,2455.8,107.32,4.049261637
15800,2460.8,105.0696,3.939890909
15850,2465.8,103.1796,3.856254545
15900,2471.76,94.0421,3.443767092
15950,2477.76,79.2101,2.808402395
16000,2484.24,68.4,2.402749476
16050,2490.74,60.75,2.131526576
16100,2497.24,53.2411,1.869790906
16150,2503.74,45.8431,1.616331461
16200,2503.04,34.3627,1.253974755
16250,2502.04,19.6747,0.782199694
16300,2482.3201,9.5126,0.412323506
16350,2461.8201,2.9066,0.125540327
16400,2453.8,2.2176,0.095648873
16450,2446.3,6.1776,0.266106105
16500,2458.48,15.2582,0.62600802
16550,2471.48,28.3622,1.068124848
16600,2480.6399,34.8034,1.264423018
16650,2489.6399,36.0094,1.302059382
16700,2497.6799,39.0197,1.394255139
16750,2505.6799,43.4477,1.534199988
16800,2516.0801,45.6682,1.613765161
16850,2526.5801,46.1542,1.63356031
16900,2536.6001,46.3176,1.642093927
16950,2546.6001,46.2276,1.641844434
17000,2557.4556,45.9562,1.635525473
17050,2568.3464,45.5422,1.62422016
17100,2578.8701,44.2714,1.582833503
17150,2589.3701,42.3274,1.517731698
17200,2599.3999,41.3914,1.489094497
17250,2609.3999,41.2474,1.48696973
17300,2619.8701,40.8917,1.478383252
17350,2630.3701,40.3697,1.464603079
17400,2634.29,32.953,1.234936754
17450,2637.79,20.119,0.818415548
17500,2636.5901,18.504,0.762488521
17550,2635.0901,25.704,1.009697816
17600,2644.3999,31.009,1.176260669
17650,2654.3999,34.825,1.297097106
17700,2663.9299,36.1109,1.339191736
17750,2673.4299,35.4089,1.3191674
17800,2677.29,33.8299,1.270454172
17850,2680.79,31.5619,1.199988538
17900,2681.9399,29.0016,1.11986486
17950,2682.9399,26.2116,1.032474642
18000,2684.4099,25.861,1.021686033
18050,2685.9099,27.427,1.071076367
18100,2687.4099,28.8518,1.116060611
18150,2688.9099,30.1658,1.157590015
18200,2693.7,30.4315,1.166770653
18250,2698.7,29.8735,1.150076838
18300,2701.3501,29.6683,1.144067424
18350,2703.8501,29.7403,1.14676098
18400,2705.4099,29.772,1.148026119
18450,2706.9099,29.772,1.148282342
18500,2709.8484,29.4696,1.139244966
18550,2712.8789,28.9296,1.122712643
18600,2714.4399,28.8432,1.12024385
18650,2715.9399,29.1132,1.12902016
18700,2717.9199,29.2723,1.134378762
18750,2719.9199,29.3443,1.136991766
18800,2720,30.515,1.174010621
18850,2720,32.549,1.238304463
18900,2725.7029,35.4096,1.329906685
18950,2731.6436,38.9196,1.442341921
19000,2740.0708,42.5707,1.568057355
19050,2748.6565,46.3327,1.705797203
19100,2758.1201,50.4374,1.856583134
19150,2767.6201,54.8114,2.019670405
19200,2775.604,57.7037,2.14011156
19250,2783.5247,59.4317,2.214123525
19300,2789.697,61.9862,2.321451925
19350,2795.7576,65.1902,2.455924812
19400,2801.76,66.8218,2.526215506
19450,2807.76,67.2178,2.546104479
19500,2815.2,67.3416,2.555975941
19550,2822.7,67.2516,2.557258025
19600,2828.28,67.3027,2.562996215
19650,2833.78,67.4647,2.573188274
19700,2841.6799,68.9371,2.638186159
19750,2849.6799,71.4391,2.745270909
19800,2856.24,74.9894,2.894271586
19850,2862.74,79.3634,3.089886078
19900,2869.24,81.1267,3.17932625
19950,2875.74,80.8387,3.171336488
20000,2882.24,80.2282,3.147981241
20050,2888.74,79.3642,3.112510789
20100,2895.72,78.9739,3.099987945
20150,2902.72,78.9559,3.105229207
20200,2910.2,79.0891,3.118121784
20250,2917.7,79.3411,3.136736288
20300,2925.1404,79.1526,3.134251075
20350,2932.5786,78.6179,3.115175126
20400,2940.05,78.1167,3.097699113
20450,2947.55,77.644,3.081583308
20500,2955.5901,78.8432,3.146228859
20550,2964.0901,81.3561,3.274593439
20600,2973.1299,84.5338,3.435734146
20650,2982.6299,88.2778,3.633679695
20700,2991.3201,90.5302,3.759095014
20750,2999.3201,91.512,3.818534116
20800,3005.97,91.8835,3.842564039
20850,3011.47,91.7755,3.840691239
20900,3018.05,93.2098,3.919431694
20950,3025.55,95.8558,4.062861815
21000,3033.05,96.8004,4.11819343
21050,3040.55,96.4084,4.102748198
21100,3046.1599,96.3065,4.101330969
21150,3050.1599,96.452,4.111922888
21200,3054.4299,96.3064,4.107228124
21250,3058.9299,95.9322,4.090506466
21300,3063.4299,95.76,4.084528166
21350,3067.9299,95.76,4.087733025
21400,3073.24,95.3574,4.070001454
21450,3079.24,94.612,4.034369139
21500,3085.24,94.2739,4.020473722
21550,3091.24,94.2559,4.023719831
21600,3097.8181,93.8549,4.006799782
21650,3104.8889,93.1529,3.975000237
21700,3112.7129,92.5517,3.94918439
21750,3121.1287,92.0297,3.927868806
21800,3128.5454,91.5581,3.908491988
21850,3135.1111,91.1261,3.890593632
21900,3143.2673,91.1275,3.896161945
21950,3152.6733,91.4695,3.920162101
22000,3160.51,91.5091,3.92748114
22050,3167.01,91.3111,3.921630332
22100,3173.5454,91.0426,3.912165157
22150,3180.1111,90.7186,3.899857978
22200,3187.1584,90.455,3.890995835
22250,3194.5842,90.239,3.884847531
22300,3200.97,90.0634,3.880085476
22350,3206.47,89.9194,3.876358616
22400,3212.24,89.725,3.870214418
22450,3218.24,89.491,3.862183979
22500,3225.05,89.136,3.848460703
22550,3232.55,88.686,3.830307502
22600,3237.8899,88.4779,3.823175884
22650,3241.3899,88.4599,3.824606425
22700,3245.1599,88.3814,3.823099805
22750,3249.1599,88.2554,3.819299896
22800,3254,87.9379,3.806196396
22850,3259.5557,87.4699,3.785821791
22900,3263.3862,87.2741,3.778314825
22950,3265.8613,87.2921,3.780911696
23000,3270,87.1186,3.774762984
23050,3275.5557,86.7946,3.761817467
23100,3280.52,86.2186,3.735494283
23150,3285.02,85.4446,3.698663975
23200,3288.96,85.2048,3.688975619
23250,3292.46,85.3848,3.700611588
23300,3294.8401,85.595,3.71304475
23350,3296.3401,85.829,3.726108153
23400,3298.6799,85.7506,3.723650503
23450,3301.6799,85.4266,3.708992495
23500,3303.8318,85.5461,3.716598753
23550,3305.3169,86.0141,3.741697685
23600,3306.54,86.1595,3.750008959
23650,3307.54,86.0515,3.745123003
23700,3309.0801,85.9536,3.741121604
23750,3311.0801,85.8636,3.737837447
23800,3313.3501,85.9752,3.745113924
23850,3315.8501,86.2452,3.760698686
23900,3318.8899,86.2027,3.760560139
23950,3322.3899,85.9147,3.748096022
24000,3326.1599,86.3469,3.772881321
24050,3330.1599,87.3449,3.826934426
24100,3335.24,84.577,3.687925798
24150,3341.24,78.601,3.390843895
24200,3345.3501,65.5294,2.776504935
24250,3347.8501,46.4134,1.946055782
24300,3345.22,34.2569,1.480346006
24350,3338.22,28.0289,1.2369489
24400,3327.98,18.3697,0.864230388
24450,3314.98,5.7877,0.328994938
24500,3297.6599,0,0
24550,3276.6599,0,0
24600,3262.4099,0,0
24650,3253.9099,0,0
24700,3247.8401,2.0412,0.114629647
24750,3243.8401,5.8212,0.326671952
24800,3239.3,8.1043,0.454423626
24850,3234.3,9.1123,0.506914037
24900,3225.79,9.8116,0.53216291
24950,3214.29,10.248,0.547408495
25000,3201.98,10.4198,0.55280847
25050,3188.98,10.3838,0.550542194
25100,3174.3601,10.0858,0.538662908
25150,3158.3601,9.5818,0.519345028
25200,3142.3601,9.5011,0.515432978
25250,3126.3601,9.7531,0.523474492
25300,3110.0901,9.8741,0.526754973
25350,3093.5901,9.8921,0.526334549
25400,3079.52,9.9907,0.528922893
25450,3067.52,10.1527,0.533860373
25500,3054.71,10.1736,0.533755739
25550,3041.21,10.0836,0.529726338
25600,3031.4546,10.427,0.541086776
25650,3024.8889,11.111,0.5644754
25700,3020.8911,13.7909,0.657438772
25750,3018.9109,18.0389,0.804987704
25800,3018.54,20.2373,0.881388142
25850,3019.54,20.8255,0.902008127
25900,3018.9199,20.8604,0.903119804
25950,3016.9199,20.424,0.88762035
26000,3015.73,19.3537,0.850236676
26050,3015.23,17.7854,0.795671001
26100,3014.73,16.5586,0.752983887
26150,3014.23,15.6226,0.720409416
26200,3015.3635,15.1822,0.705237936
26250,3017.8889,15.164,0.704886184
26300,3019.8401,15.156,0.704824962
26350,3021.3401,15.156,0.70499189
26400,3023.96,14.7931,0.692644949
26450,3027.46,14.1451,0.670433941
26500,3030.1201,13.6886,0.654780477
26550,3032.1201,13.3826,0.644295624
26600,3032.1682,13.3079,0.641692787
26650,3030.6831,13.4148,0.645282462
26700,3028.6499,13.4149,0.645092162
26750,3026.1499,13.324,0.641686489
26800,3023.3799,13.3445,0.642139406
26850,3020.3799,13.4525,0.645614366
26900,3017.3799,13.4496,0.645228216
26950,3014.3799,13.3596,0.641817111
27000,3011.6499,13.3805,0.642286134
27050,3009.1499,13.4885,0.645797415
27100,3005.5454,13.7678,0.655134354
27150,3001,14.1818,0.669021397
27200,2997.3367,14.4339,0.677234847
27250,2994.3665,14.5586,0.681093722
27300,2991.3799,16.2101,0.737777219
27350,2988.3799,19.1621,0.839452687
27400,2988.6201,24.7676,1.032244663
27450,2991.6201,32.6336,1.295335992
27500,2996.24,38.7792,1.501901867
27550,3002.24,43.4592,1.679895472
27600,3009.05,48.3336,1.866193491
27650,3016.55,53.3736,2.07130486
27700,3021.6201,57.8887,2.278650401
27750,3024.6201,61.9567,2.464467858
27800,3027.3501,64.5181,2.575670343
27850,3029.8501,65.7961,2.630392857
27900,3033.97,66.1993,2.649242099
27950,3039.47,65.8573,2.637476598
28000,3043.3501,65.6806,2.631874931
28050,3045.8501,65.6446,2.631535685
28100,3049.7,65.1323,2.611779121
28150,3054.7,64.2143,2.575425325
28200,3059.97,59.9526,2.391037566
28250,3065.47,52.8426,2.073364662
28300,3069.0801,48.8062,1.91081836
28350,3071.0801,47.388,1.858228143
28400,3074.97,46.9137,1.84207264
28450,3080.47,47.181,1.85460904
28500,3084.3501,47.1175,1.853944264
28550,3086.8501,46.772,1.84202017
28600,3089.6201,46.62,1.837517563
28650,3092.6201,46.62,1.838854542
28700,3095.8899,46.62,1.840312175
28750,3099.3899,46.62,1.841872907
28800,3102.3501,46.5002,1.838668664
28850,3104.8501,46.2864,1.831707769
28900,3108.97,45.77,1.814034678
28950,3114.47,44.996,1.787233592
29000,3118.3501,44.5615,1.7725337
29050,3120.8501,44.416,1.768141997
29100,3122.54,44.3419,1.766089622
29150,3123.54,44.3239,1.765852182
29200,3125.3501,44.1863,1.761451833
29250,3127.8501,43.9546,1.753798078
29300,3130.6201,44.1299,1.76165345
29350,3133.6201,44.6519,1.782725659
29400,3137.97,46.9342,1.870995545
29450,3143.47,50.716,2.019516005
29500,3148.1599,56.9409,2.299431907
29550,3152.1599,65.0855,2.658579335
29600,3156.1599,70.8926,2.910558393
29650,3160.1599,74.7086,3.086774775
29700,3164.4299,77.1736,3.20893385
29750,3168.9299,78.4876,3.275473574
29800,3172.8899,79.0823,3.306815789
29850,3176.3899,79.0643,3.308169657
29900,3180.4299,79.0074,3.307981465
29950,3184.9299,78.9174,3.306481145
30000,3188.8899,77.4763,3.239127352
30050,3192.3899,74.8843,3.115665209
30100,3196.7,78.5714,3.29719242
30150,3201.7,87.6074,3.753852806
30200,3205.3501,91.9505,3.980396969
30250,3207.8501,92.296,3.999899464
30300,3210.3501,92.2983,4.001809132
30350,3212.8501,92.031,3.989582293
30400,3215.6201,92.0927,3.99462306
30450,3218.6201,92.4347,4.015269151
30500,3222.1599,92.1935,4.004504283
30550,3226.1599,91.4555,3.968828941
30600,3229.3501,90.9216,3.943437324
30650,3231.8501,90.5616,3.926552478
30700,3233.8101,90.3085,3.91481854
30750,3235.3101,90.1465,3.907473589
30800,3237.8899,90.6163,3.933430218
30850,3241.3899,91.6243,3.987748789
30900,3243.54,91.8256,3.999567984
30950,3244.54,91.3396,3.975183804
31000,3246.6201,91.1452,3.96655753
31050,3249.6201,91.1992,3.971353451
31100,3252.3501,91.2633,3.97648832
31150,3254.8501,91.336,3.98191167
31200,3256.27,91.0757,3.969447764
31250,3256.77,90.5537,3.942879623
31300,3258.8899,90.5659,3.944931161
31350,3262.3899,90.9979,3.96954225
31400,3265.8899,90.9085,3.967282302
31450,3269.3899,90.4095,3.943917715
31500,3273.1599,90.3567,3.943726805
31550,3277.1599,90.684,3.963272047
31600,3281.97,90.8885,3.97703112
31650,3287.47,90.9965,3.986279157
31700,3292.97,90.3853,3.95848575
31750,3298.47,89.2091,3.901604005
31800,3303.1599,88.5502,3.870826054
31850,3307.1599,88.332,3.86227977
31900,3311.97,88.0445,3.850711884
31950,3317.47,87.7025,3.836804861
32000,3323.24,87.5822,3.834493231
32050,3329.24,87.6362,3.841306698
32100,3335.51,87.5802,3.842639812
32150,3342.01,87.4376,3.839671687
32200,3347.7,87.2051,3.831535237
32250,3352.7,86.896,3.818996681
32300,3356.8899,86.8709,3.820522805
32350,3360.3899,87.0689,3.833058771
32400,3364.4546,86.8738,3.82575706
32450,3369,86.3698,3.802895987
32500,3372.6799,86.148,3.793966452
32550,3375.6799,86.148,3.795984277
32600,3378.6633,86.2286,3.802134336
32650,3381.6335,86.3726,3.811533963
32700,3384.3635,85.9723,3.792791855
32750,3386.8889,85.1443,3.751929841
32800,3389.9407,84.1046,3.70054595
32850,3393.406,82.8986,3.640900865
32900,3397.97,81.7834,3.586673915
32950,3403.47,80.7394,3.536749897
33000,3408.1599,80.1802,3.511195999
33050,3412.1599,80.002,3.504752701
33100,3416.4299,79.5895,3.487161164
33150,3420.9299,78.9775,3.460245465
33200,3425.4299,78.6377,3.446583804
33250,3429.9299,78.5297,3.444211625
33300,3435.24,78.1301,3.428152641
33350,3441.24,77.4821,3.400429673
33400,3446.1599,76.8049,3.370585257
33450,3450.1599,76.1029,3.33893764
33500,3454.7,70.9783,3.09208446
33550,3459.7,62.0863,2.680587672
33600,3456.6487,44.6682,1.928910868
33650,3446.7388,19.9871,0.948620337
33700,3431.2,2.6914,0.156293554
33750,3403.7,1.0894,0.06294141
33800,3382.28,0,0
33850,3373.78,0,0
33900,3363.7227,0,0
33950,3350.3564,0,0
34000,3333.8789,0,0
34050,3310.1414,0,0
34100,3286.6399,0,0
34150,3263.6399,0,0
34200,3240.8,0,0
34250,3218.3,0,0
34300,3195.3201,0,0
34350,3171.3201,0,0
34400,3146.8401,0,0
34450,3121.3401,0,0
34500,3094.72,0,0
34550,3065.72,0,0
34600,3037.8401,0,0
34650,3012.3401,0,0
34700,2987.6399,0,0
34750,2964.6399,0,0
34800,2942.9199,0,0
34850,2923.9199,0,0
34900,2905.2971,0,0
34950,2887.4753,0,0
35000,2872.4243,0,0
35050,2863.8384,0,0
35100,2855.1484,0,0
35150,2846.2375,0,0
35200,2838.4849,0.1843,0.009205181
35250,2833.4343,0.7603,0.037890382
35300,2833.4851,3.8995,0.194340177
35350,2844.3762,12.4855,0.586438232
35400,2853.8181,19.0613,0.815186323
35450,2859.8789,21.3653,0.895767339
35500,2865.76,23.2085,0.960397344
35550,2871.26,24.0725,0.991121059
35600,2875.96,24.2107,0.996629883
35650,2878.96,22.8067,0.948555895
35700,2881.9504,22.5662,0.940705078
35750,2884.9209,24.7982,1.017323867
35800,2889.1001,28.0668,1.124813749
35850,2896.1001,33.5381,1.305149807
35900,2904.75,38.6262,1.473837796
35950,2917.25,42.8202,1.629320818
36000,2927.5,45.9742,1.749487903
36050,2932.5,46.7015,1.77813475
36100,2938.25,48.1349,1.833338291
36150,2945.75,51.0689,1.945138568
36200,2952.8181,52.3094,1.99394557
36250,2958.8789,49.9514,1.908207038
36300,2964.1089,47.6465,1.82398169
36350,2967.5742,45.4545,1.743240789
36400,2971.6499,43.7564,1.681063909
36450,2977.1499,43.2109,1.662384542
36500,2980.25,39.1363,1.510721189
36550,2977.75,27.5623,1.123582834
36600,2973.7273,18.1598,0.802512476
36650,2966.1516,13.3718,0.635707555
36700,2960.5247,10.116,0.522219144
36750,2959.0396,10.116,0.521992874
36800,2957.697,10.5019,0.535137354
36850,2956.6868,11.7079,0.576700951
36900,2956.1584,14.3872,0.66930147
36950,2956.6536,20.1971,0.870351736
37000,2957.606,25.1749,1.040915474
37050,2959.6262,28.2113,1.141942714
37100,2961.1584,32.5282,1.285440588
37150,2961.6536,39.5662,1.521459305
37200,2961.394,44.1101,1.691026149
37250,2959.3738,43.3541,1.662169806
37300,2952.9307,35.9856,1.398246422
37350,2937.0891,14.5656,0.67254744
37400,2917.9697,0,0
37450,2891.2019,0,0
37500,2869.3201,0,0
37550,2857.8201,0,0
37600,2843.4399,0,0
37650,2822.9399,0,0
37700,2803.1819,0,0
37750,2785,0,0
37800,2767.6138,0,0
37850,2751.7722,0,0
37900,2734.3464,0,0
37950,2713.5544,0,0
38000,2692.9395,0,0
38050,2672.7373,0,0
38100,2652.9199,0,0
38150,2633.9199,0,0
38200,2614.1201,0,0
38250,2592.6201,0,0
38300,2572.2971,0,0
38350,2554.4753,0,0
38400,2536.8484,0,0
38450,2519.6768,0,0
38500,2501.8586,0,0
38550,2482.6667,0,0
38600,2464.6138,0,0
38650,2448.7722,0,0
38700,2432.7722,0,0
38750,2416.4355,0,0
38800,2400.4546,0,0
38850,2385.303,0,0
38900,2372.1201,0,0
38950,2363.1201,0,0
39000,2354.28,0,0
39050,2345.78,0,0
39100,2336.48,0,0
39150,2325.48,0,0
39200,2314.8,0,0
39250,2304.8,0,0
39300,2293.6799,0,0
39350,2280.1799,0,0
39400,2266.3601,0,0
39450,2251.8601,0,0
39500,2238.1211,0,0
39550,2226,0,0
39600,2213.2871,0,0
39650,2199.4258,0,0
39700,2185.7227,0,0
39750,2172.3564,0,0
39800,2159.8181,0,0
39850,2149.2122,0,0
39900,2138.6733,0,0
39950,2128.2773,0,0
40000,2117.6667,0,0
40050,2106.5557,0,0
40100,2095.0396,0,0
40150,2082.6633,0,0
40200,2070.3635,0,0
40250,2058.2424,0,0
40300,2044.9307,0,0
40350,2029.0891,0,0
40400,2014.5151,0,0
40450,2002.899,0,0
40500,1990.4059,0,0
40550,1976.0496,0,0
40600,1962.3636,0,0
40650,1950.2424,0,0
40700,1938.198,0,0
40750,1926.3168,0,0
40800,1914.3636,0,0
40850,1902.2424,0,0
40900,1890.8317,0,0
40950,1880.9307,0,0
41000,1870.9697,0,0
41050,1860.8687,0,0
41100,1852.24,0,0
41150,1846.74,0,0
41200,1841.72,0,0
41250,1837.72,0,0
41300,1835,0.8525,0.033655744
41350,1835,3.5165,0.138827477
41400,1839.3199,7.7472,0.305955128
41450,1852.8199,15.3072,0.586629685
41500,1864.6931,21.3523,0.783669613
41550,1873.1089,24.1783,0.875701785
41600,1881.1212,26.3822,0.947409556
41650,1888.1919,27.2642,0.976092058
41700,1896.2,29.1946,1.035973693
41750,1906.2,33.3526,1.16128313
41800,1916.04,36.4277,1.254091906
41850,1925.54,37.2017,1.277586721
41900,1934.3762,37.5725,1.288926639
41950,1941.802,37.0865,1.274380703
42000,1949.4242,36.8078,1.266087419
42050,1957.505,36.9698,1.27111388
42100,1966.3268,37.0282,1.27302463
42150,1976.7228,36.8662,1.268294234
42200,1985.9697,36.756,1.265107906
42250,1992.5354,36.756,1.265213351
42300,1999.6931,36.756,1.265328398
42350,2008.1089,36.756,1.26631623
42400,2016.1,36.7099,1.265887879
42450,2023.1,36.5659,1.262372727
42500,2029.95,36.5141,1.261633333
42550,2036.45,36.6581,1.266784848
42600,2042.8182,36.756,1.270523418
42650,2048.8789,36.756,1.271258048
42700,2055.2178,36.756,1.2720264
42750,2062.1484,36.756,1.272866473
42800,2068.6667,37.1304,1.285002024
42850,2074.2222,38.3004,1.321129964
42900,2080.5347,39.2899,1.351879964
42950,2088.4556,39.8958,1.371200679
43000,2096.1211,40.5055,1.390605588
43050,2103.1919,41.1236,1.410192958
43100,2110.2178,41.4979,1.422387006
43150,2117.1484,41.3539,1.418863442
43200,2124.2727,40.8701,1.405066388
43250,2131.8484,39.6641,1.3694392
43300,2138.2673,38.1482,1.324280885
43350,2142.2278,35.974,1.258876097
43400,2145.9092,34.0756,1.201795055
43450,2148.9395,32.8211,1.164147212
43500,2152.7427,32.0083,1.139977903
43550,2158.1882,32.1343,1.144456145
43600,2163.5151,32.1509,1.145604861
43650,2168.5657,31.9349,1.1396716
43700,2174.24,32.053,1.143938182
43750,2181.24,32.881,1.169877576
43800,2187.6001,34.1294,1.2084788
43850,2192.6001,36.2714,1.273993952
43900,2198.3762,38.0131,1.327472873
43950,2205.802,38.9042,1.355376
44000,2213.4243,39.5116,1.374705976
44050,2221.5051,39.4571,1.374033952
44100,2227.96,39.5755,1.378404242
44150,2230.96,40.0615,1.393495152
44200,2234.9199,40.127,1.395959988
44250,2240.9199,39.299,1.371596352
44300,2247.0801,39.0874,1.365930921
44350,2253.5801,40.1854,1.399991527
44400,2259.4399,40.9032,1.422453321
44450,2263.9399,40.8132,1.420271503
44500,2269.0593,40.8902,1.42322537
44550,2275.4951,41.3222,1.437096376
44600,2281.9697,41.5238,1.443990267
44650,2288.5354,41.2358,1.436058836
44700,2295.2178,41.1322,1.43372943
44750,2302.1484,41.4202,1.443296776
44800,2308.8,41.3568,1.442181818
44850,2314.8,40.5468,1.418363636
44900,2319.75,39.1234,1.375830303
44950,2322.25,36.3967,1.293506061
45000,2324.7576,33.6044,1.209194861
45050,2327.2827,30.6589,1.120243358
45100,2329.792,28.3219,1.049729333
45150,2332.2673,27.2779,1.018393006
45200,2334.45,26.7984,1.004127273
45250,2335.95,27.5184,1.026127273
45300,2337.75,28.4342,1.05409697
45350,2340.25,29.7662,1.094763636
45400,2344.2727,31.6627,1.152720933
45450,2351.8484,34.7587,1.247457382
45500,2358.4399,38.0794,1.348883624
45550,2362.9399,41.8774,1.464519988
45600,2368.24,47.1269,1.637622791
45650,2375.24,55.4609,1.918906327
45700,2382.0593,63.6106,2.20488169
45750,2388.4951,71.3686,2.481453459
45800,2393.9092,77.0396,2.698032872
45850,2396.9395,78.276,2.746183554
45900,2399.9504,79.0556,2.776915104
45950,2402.9209,78.9487,2.773804073
46000,2408.1819,78.5016,2.758445968
46050,2418.7878,77.3316,2.717177977
46100,2426.792,76.0867,2.672147341
46150,2429.2673,74.6827,2.619229674
46200,2432.9697,75.289,2.643596422
46250,2439.5354,80.167,2.832426275
46300,2445.5842,83.7432,2.971406526
46350,2450.5347,84.5532,3.004887671
46400,2456.1001,84.8621,3.021142934
46450,2463.1001,84.1061,2.99133233
46500,2470.55,84.1738,2.996498317
46550,2479.05,85.9918,3.081810098
46600,2487.2727,88.668,3.206735996
46650,2494.8484,93.168,3.414425713
46700,2502.3762,97.4203,3.612163631
46750,2509.802,101.1463,3.788670826
46800,2518,103.7318,3.914522344
46850,2528,103.8938,3.931794881
46900,2538.3,103.5763,3.92744978
46950,2549.3,102.2396,3.876882898
47000,2560.0303,101.2004,3.839501769
47050,2570.1313,100.8549,3.833395175
47100,2580.01,100.62,3.832168534
47150,2589.4158,100.62,3.841389233
47200,2599.0303,100.62,3.850859625
47250,2609.1313,100.62,3.860858699
47300,2619.1682,100.3348,3.857490657
47350,2629.0693,99.4438,3.825532981
47400,2638.8789,98.6291,3.796915141
47450,2648.4749,97.9927,3.776356283
47500,2658.1682,97.6637,3.770328929
47550,2668.0693,97.9877,3.795434843
47600,2677.4243,98.1619,3.8130034
47650,2685.5051,98.0179,3.814223393
47700,2692.5842,97.92,3.816644118
47750,2697.5347,97.92,3.821612725
47800,2702.0605,97.92,3.826166195
47850,2705.5959,97.92,3.829730623
47900,2709.7427,97.4295,3.810414206
47950,2715.1882,95.8969,3.742347452
48000,2721.1211,94.824,3.69665711
48050,2728.1919,94.824,3.703589742
48100,2736.1682,94.4305,3.692453828
48150,2746.0693,93.2008,3.642707429
48200,2756.1819,92.4054,3.613971685
48250,2766.7878,92.6236,3.634858597
48300,2777.9604,90.8672,3.560092438
48350,2790.3367,84.9147,3.289043285
48400,2804.1516,78.7298,3.009643397
48450,2821.3232,72.0025,2.748583613
48500,2837.4355,67.6008,2.581125642
48550,2851.2971,68.1408,2.612281958
48600,2865.697,65.7374,2.523986099
48650,2881.3535,57.0794,2.166196005
48700,2894.2178,47.7763,1.80516564
48750,2901.1484,37.1023,1.423017029
48800,2908.4243,29.7864,1.184598659
48850,2916.5051,29.6064,1.180180574
48900,2924.8516,29.5924,1.181263475
48950,2933.7625,29.931,1.194087784
49000,2942.7273,30.1898,1.204331658
49050,2951.8181,30.2625,1.208475056
49100,2961.1682,32.7129,1.291570542
49150,2971.0693,40.2159,1.548469767
49200,2980.2727,45.7789,1.75956369
49250,2987.8484,46.8153,1.800954656
49300,2995.0593,47.5485,1.830943693
49350,3001.4951,47.6376,1.836663464
49400,3008.55,48.4909,1.871886675
49450,3017.05,51.1273,1.974864125
49500,3024.3982,55.1837,2.15750471
49550,3029.0593,62.2577,2.480232009
49600,3033.7205,68.0409,2.726396051
49650,3037.76,71.0812,2.856046626
49700,3041.76,74.1216,2.985898297
49750,3044.3501,75.776,3.065396688
49800,3046.8501,77.342,3.142692046
49850,3048.8799,78.282,3.189427168
49900,3050.8799,79.182,3.234212821
49950,3054.76,78.2885,3.193459785
50000,3058.76,77.2805,3.147238681
50050,3064.6399,77.2538,3.149661272
50100,3070.6399,77.2898,3.155193422
50150,3075.7,76.869,3.138032833
50200,3080.7,76.419,3.119418107
50250,3087.1101,76.5612,3.130346527
50300,3093.6101,76.7412,3.143163862
50350,3101.05,77.0058,3.160673644
50400,3108.55,77.2758,3.17848792
50450,3115.5801,77.9011,3.21321249
50500,3122.5801,78.5491,3.249026647
50550,3129.1101,77.3021,3.192777154
50600,3135.6101,75.9341,3.130633691
50650,3141.1699,75.3444,3.105583129
50700,3146.6699,74.8044,3.082897203
50750,3151.23,74.9412,3.092404819
50800,3155.73,75.1212,3.103969394
50850,3161.1699,74.7767,3.090712888
50900,3166.6699,74.3987,3.075867955
50950,3174.05,74.376,3.079428978
51000,3181.55,74.376,3.084167257
51050,3189.99,73.75,3.059148068
51100,3198.49,73.084,3.032218746
51150,3207.46,72.8579,3.026913691
51200,3216.46,72.6599,3.022988912
51250,3226.3999,72.9187,3.041820578
51300,3236.3999,73.2067,3.062114602
51350,3246.3999,73.224,3.069276648
51400,3256.3999,73.224,3.075601565
51450,3266.3999,72.8687,3.064675872
51500,3276.3999,72.4907,3.052643428
51550,3284.99,72.4849,3.057795092
51600,3293.49,72.5029,3.064047775
51650,3303.3069,72.3365,3.062175507
51700,3313.208,72.1583,3.059782305
51750,3319.52,71.8429,3.048446952
51800,3325.52,71.5156,3.03633289
51850,3333.7312,72.8158,3.104748247
51900,3342.1345,74.2198,3.178355416
51950,3348.7,72.5443,3.101038301
52000,3353.7,70.6723,3.013152698
52050,3359.24,70.6615,3.016132277
52100,3365.24,70.7695,3.025183537
52150,3370.97,70.6576,3.02336605
52200,3376.47,70.5316,3.020716408
52250,3381.97,71.0147,3.047710122
52300,3387.47,71.5367,3.076603022
52350,3391.6201,72.1094,3.10711306
52400,3394.6201,72.6854,3.137057758
52450,3397.0801,74.6489,3.234209725
52500,3399.0801,76.7009,3.335385486
52550,3401.3501,74.709,3.239857879
52600,3403.8501,72.459,3.131901384
52650,3406.3501,67.0619,2.879208157
52700,3408.8501,61.4639,2.625841527
52750,3408.3799,48.9118,2.078089279
52800,3405.3799,35.9158,1.570351648
52850,3391.04,18.6221,0.884828128
52900,3367.04,1.0541,0.060491905
52950,3347.6299,0,0
53000,3332.1299,0,0
53050,3322.3,0,0
53100,3317.3,0,0
53150,3308.25,0,0
53200,3295.75,0,0
53250,3285.6799,0,0
53300,3277.6799,0,0
53350,3268.3301,0,0
53400,3257.8301,0,0
53450,3245.98,0,0
53500,3232.98,0,0
53550,3217.55,0,0
53600,3200.05,0,0
53650,3179.8501,0,0
53700,3157.3501,0,0
53750,3133.77,0,0
53800,3109.27,0,0
53850,3083.6899,0,0
53900,3057.1899,0,0
53950,3029.8799,0,0
54000,3001.8799,0,0
54050,2973.6101,0,0
54100,2945.1101,0,0
54150,2916.3401,0,0
54200,2887.3401,0,0
54250,2857.8,0,0
54300,2827.8,0,0
54350,2799.6899,0,0
54400,2773.1899,0,0
54450,2749.1201,0,0
54500,2727.1201,0,0
54550,2705.1201,0,0
54600,2683.1201,0,0
54650,2660.5801,0,0
54700,2637.5801,0,0
54750,2615.9299,0,0
54800,2595.4299,0,0
54850,2575.2,0,0
54900,2555.2,0,0
54950,2533.3101,0,0
55000,2509.8101,0,0
55050,2486.04,0,0
55100,2462.04,0,0
55150,2438.04,0,0
55200,2414.04,0,0
55250,2391.1201,0,0
55300,2369.1201,0,0
55350,2347.1201,0,0
55400,2325.1201,0,0
55450,2302.1682,0,0
55500,2278.406,0,0
55550,2255.4443,0,0
55600,2233.2222,0,0
55650,2214.0901,0,0
55700,2197.5901,0,0
55750,2180.55,0,0
55800,2163.05,0,0
55850,2145.28,0,0
55900,2127.28,0,0
55950,2112.79,0,0
56000,2101.29,0,0
56050,2091.4099,0,0
56100,2082.9099,0,0
56150,2076.8401,0,0
56200,2072.8401,0,0
56250,2068.03,0,0
56300,2062.53,0,0
56350,2064.3201,4.6022,0.186002189
56400,2072.3201,9.4982,0.384375694
56450,2077.6201,14.6311,0.574499055
56500,2080.6201,19.7791,0.742533956
56550,2084.97,21.1032,0.786141737
56600,2090.47,22.1832,0.821956439
56650,2095.1599,22.3834,0.828998375
56700,2099.1599,22.5274,0.834137156
56750,2102.6201,21.3854,0.797181529
56800,2105.6201,20.1614,0.757464971
56850,2109.7,20.088,0.755467717
56900,2114.7,20.088,0.755962438
56950,2117.54,18.0238,0.688631188
57000,2118.54,15.8278,0.616782372
57050,2121.406,18.2002,0.694761053
57100,2125.8613,20.8642,0.782521178
57150,2129.3,20.7364,0.778681748
57200,2131.8,20.4304,0.76889554
57250,2134.8384,21.4103,0.8013717
57300,2138.3738,22.4723,0.836624768
57350,2141.8899,22.9421,0.852448889
57400,2145.3899,23.3741,0.867043137
57450,2149.97,26.3441,0.965262637
57500,2155.47,29.4761,1.063575152
57550,2159.604,30.1716,1.085152
57600,2162.5742,30.7116,1.101875661
57650,2166.1011,31.0993,1.114051648
57700,2170.1414,31.4773,1.125995927
57750,2173.6201,31.0939,1.114799406
57800,2176.6201,30.6619,1.102072133
57850,2179.8899,30.636,1.101683624
57900,2183.3899,30.636,1.102107867
57950,2186.0801,30.2807,1.091667285
58000,2188.0801,29.9027,1.080455164
58050,2191.7,30.1507,1.088409091
58100,2196.7,30.4387,1.097742424
58150,2201.1599,30.4052,1.097267867
58200,2205.1599,30.3512,1.096116352
58250,2207.8101,30.1619,1.090701224
58300,2209.3101,29.9639,1.084883042
58350,2212.1599,30.0535,1.087943624
58400,2216.1599,30.1615,1.0917012
58450,2220.1599,29.5758,1.074437564
58500,2224.1599,28.9458,1.055831503
58550,2228.4299,29.2972,1.066997564
58600,2232.9299,29.7112,1.080088473
58650,2235,28.3486,1.039048485
58700,2235,26.8726,0.993765802
58750,2236.3501,26.2087,0.971854571
58800,2238.8501,25.5967,0.951808324
58850,2240.8101,25.4077,0.945764469
58900,2242.3101,25.2457,0.940558959
58950,2243,25.2529,0.940885174
59000,2243,25.2709,0.941484614
59050,2244.0801,25.8134,0.959689165
59100,2246.0801,26.3894,0.979134919
59150,2248.8899,26.7793,0.992496431
59200,2252.3899,27.1573,1.005056352
59250,2254.54,28.7536,1.053689697
59300,2255.54,30.4276,1.104538182
59350,2258.1599,31.594,1.1402012
59400,2262.1599,32.728,1.175049685
59450,2266.97,32.4576,1.167438788
59500,2272.47,32.0976,1.157196364
59550,2275,32.3636,1.165563636
59600,2275,32.6696,1.174836364
59650,2277.4299,32.6203,1.173636958
59700,2281.9299,32.5483,1.172000594
59750,2286.97,32.6455,1.17555697
59800,2292.47,32.7535,1.179496364
59850,2298.78,36.6347,1.297873333
59900,2305.78,40.7567,1.423630909
59950,2314.1299,43.1021,1.495715745
60000,2323.6299,45.3341,1.570816554
60050,2332.3201,48.3106,1.671294634
60100,2340.3201,51.3346,1.773578299
60150,2347.24,56.3382,1.942135058
60200,2353.24,61.4682,2.121613712
60250,2358.1599,64.4832,2.229472235
60300,2362.1599,67.3632,2.332381723
60350,2365.8899,73.5257,2.555307105
60400,2369.3899,79.8977,2.799027202
60450,2372.0801,83.6809,2.943998017
60500,2374.0801,87.2989,3.097323229
60550,2379.8601,87.8375,3.123930136
60600,2388.8601,88.1795,3.14306547
60650,2391.9199,87.6416,3.120132331
60700,2389.9199,87.0476,3.092568149
60750,2389.27,90.2776,3.237654502
60800,2389.77,93.7516,3.394210111
60850,2391.8899,97.6147,3.569709045
60900,2395.3899,101.5027,3.748027227
60950,2398.8899,105.12,3.914040864
61000,2402.3899,108.72,4.099031381
61050,2407.78,109.2575,4.132453298
61100,2414.78,109.5995,4.155574004
61150,2423.1299,109.0109,4.126731469
61200,2432.6299,108.3629,4.095270699
61250,2441.5901,108.3748,4.100791662
61300,2450.0901,108.4287,4.108402356
61350,2459.3999,108.0598,4.092714213
61400,2469.3999,107.6637,4.075944144
61450,2479.1299,107.64,4.079887112
61500,2488.6299,107.64,4.085009181
61550,2498.9399,107.7754,4.098067491
61600,2509.9399,107.9194,4.118651058
61650,2520.6699,112.801,4.402172892
61700,2531.1699,117.9849,4.765514967
61750,2541.3999,117.8053,4.767631195
61800,2551.3999,117.2833,4.744503272
61850,2561.9399,116.609,4.71120049
61900,2572.9399,115.925,4.677996933
61950,2584.1484,115.7148,4.679489905
62000,2595.5347,115.5348,4.683421584
62050,2606.46,115.0841,4.667149936
62100,2616.96,114.6161,4.649060056
62150,2627.98,113.1498,4.560125392
62200,2639.48,111.6198,4.475320259
62250,2649.9399,110.541,4.428400508
62300,2659.4399,109.491,4.382047258
62350,2669.46,108.9011,4.361483664
62400,2679.96,108.7031,4.362867594
62450,2689.9399,108.5245,4.364701939
62500,2699.4399,108.3625,4.366879825
62550,2709.72,108.288,4.374704117
62600,2720.72,108.288,4.387379727
62650,2730.99,108.288,4.399186869
62700,2740.5859,108.288,4.410195299
62750,2750.6699,108.2686,4.420690495
62800,2761.1699,108.2326,4.430741358
62850,2771.9399,107.9924,4.430065223
62900,2782.9399,107.5784,4.420291302
62950,2793.1299,106.4646,4.371966058
63000,2802.6299,104.7546,4.29091009
63050,2812.3999,103.4723,4.233296349
63100,2822.3999,102.5543,4.195609384
63150,2832.3999,102.1223,4.184041503
63200,2842.3999,102.1043,4.194655433
63250,2852.3999,101.9016,4.195372195
63300,2862.3999,101.5416,4.187686802
63350,2872.3999,101.376,4.190388686
63400,2882.3999,101.376,4.201909844
63450,2892.0791,100.9483,4.190268851
63500,2901.4851,100.1563,4.158962769
63550,2911.5151,99.6462,4.143416452
63600,2922.1211,99.3762,4.141309169
63650,2932.3999,98.6688,4.115643835
63700,2942.3999,97.5888,4.069982092
63750,2952.3999,97.0823,4.054753174
63800,2962.3999,97.0643,4.065369135
63850,2971.5901,96.813,4.062712923
63900,2980.0901,96.363,4.048785517
63950,2989.1299,95.913,4.035506828
64000,2998.6299,95.463,4.022785276
64050,3007.5444,95.256,4.018665288
64100,3015.9604,95.256,4.0244762
64150,3025.46,94.8575,4.009973458
64200,3035.96,94.1195,3.978615937
64250,3045.1599,93.857,3.971222722
64300,3053.1599,93.9996,3.983990628
64350,3061.9399,93.7844,3.978763981
64400,3071.4399,93.2389,3.956935198
64450,3080.99,92.8714,3.944356095
64500,3090.5859,92.6554,3.939647851
64550,3099.8601,91.9436,3.909088739
64600,3108.8601,90.8096,3.856529977
64650,3117.8601,90.0547,3.823585399
64700,3126.8601,89.6227,3.807339775
64750,3136.1526,89.3268,3.798329894
64800,3145.6946,89.1468,3.795479214
64850,3155.2366,88.8362,3.785884519
64900,3164.3635,87.7235,3.734594543
64950,3173.4546,86.6108,3.68329964
65000,3182.3762,86.0364,3.65969513
65050,3191.2871,85.4964,3.6378674
65100,3199.8201,85.464,3.641983258
65150,3208.3201,85.464,3.647746832
65200,3218.2,83.129,3.534003739
65250,3228.2,80.645,3.417861954
65300,3236.4343,80.0222,3.392898734
65350,3244.5151,79.5182,3.373595954
65400,3253.9299,79.488,3.378139957
65450,3263.4299,79.488,3.384206439
65500,3273.7722,77.2376,3.281520172
65550,3284.1682,74.8436,3.17185123
65600,3291.4399,73.7186,3.121812517
65650,3298.4399,72.6746,3.0755234
65700,3308.2,71.0723,3.00383443
65750,3318.2,69.4343,2.936262718
65800,3324.52,53.8567,2.250470162
65850,3330.52,37.3894,1.593779061
65900,3310.3,19.3113,0.896824582
65950,3287.8,1.0931,0.06183028
66000,3276.3401,0,0
66050,3265.8401,0,0
66100,3260.3999,0,0
66150,3255.3999,0,0
66200,3238.7373,0,0
66250,3221.0605,0,0
66300,3203.55,0,0
66350,3186.05,0,0
66400,3163.8501,0,0
66450,3141.3501,0,0
66500,3116.5,0,0
66550,3091.5,0,0
66600,3068.3799,0,0
66650,3045.3799,0,0
66700,3028.49,0,0
66750,3011.99,0,0
66800,2992.2,0,0
66850,2972.2,0,0
66900,2948.9099,0,0
66950,2925.4099,0,0
67000,2901.4399,0,0
67050,2877.4399,0,0
67100,2853.4399,0,0
67150,2829.4399,0,0
67200,2807.0593,0,0
67250,2784.7822,0,0
67300,2758.6201,0,0
67350,2732.1201,0,0
67400,2707.9199,0,0
67450,2683.9199,0,0
67500,2660.8401,0,0
67550,2637.8401,0,0
67600,2615.3,0,0
67650,2592.8,0,0
67700,2568.9199,0,0
67750,2544.9199,0,0
67800,2518.6201,0,0
67850,2492.1201,0,0
67900,2466.54,0,0
67950,2441.04,0,0
68000,2415.0801,0,0
68050,2389.0801,0,0
68100,2362.1599,0,0
68150,2335.1599,0,0
68200,2307.24,0,0
68250,2279.24,0,0
68300,2250.78,0,0
68350,2222.28,0,0
68400,2194.9092,0,0
68450,2167.6365,0,0
68500,2142.03,0,0
68550,2116.53,0,0
68600,2091.7327,0,0
68650,2066.9802,0,0
68700,2041.7677,0,0
68750,2016.5151,0,0
68800,1990.802,0,0
68850,1965.0594,0,0
68900,1943.6801,0,0
68950,1922.6801,0,0
69000,1903.0601,0,0
69050,1883.5601,0,0
69100,1862.6801,0,0
69150,1841.6801,0,0
69200,1826.66,0,0
69250,1812.16,0,0
69300,1800.88,0,0
69350,1789.88,0,0
69400,1775.66,0,0
69450,1761.16,0,0
69500,1754.9399,0,0
69550,1749.4399,0,0
69600,1744.4,0,0
69650,1739.4,0,0
69700,1738.54,0,0
69750,1738.04,0,0
69800,1740.76,0,0
69850,1743.76,0,0
69900,1747.22,2.4509,0.096092773
69950,1750.72,5.1149,0.200595641
70000,1767.1,13.3596,0.520524527
70050,1784.6,22.0896,0.806655065
70100,1797.04,25.2971,0.911652843
70150,1809.04,28.0244,1.000730935
70200,1819.66,28.8749,1.026225485
70250,1830.16,29.6055,1.048155831
70300,1839.28,29.664,1.049937818
70350,1848.28,29.664,1.049964808
70400,1857.74,29.664,1.04999321
70450,1867.24,29.664,1.050021764
70500,1878.12,32.2902,1.129052791
70550,1889.12,35.1447,1.215060852
70600,1902.42,38.5308,1.317239019
70650,1915.92,41.9508,1.420608198
70700,1932.3334,44.1187,1.486450518
70750,1949,46.2067,1.551740625
70800,1960.8101,45.486,1.529587816
70850,1972.3101,44.586,1.501822191
70900,1981.8416,36.4104,1.254580438
70950,1991.2476,27.7704,0.992589364
71000,1992.92,20.9916,0.773819267
71050,1993.92,14.3316,0.55891085
71100,1994.46,12.9101,0.513054989
71150,1994.96,11.823,0.472729396
71200,1999.6,11.8865,0.475444786
71250,2004.6,12.0502,0.482363019
71300,2009.6,13.0651,0.518871764
71350,2014.6,14.1345,0.553769036
71400,2015.92,14.22,0.556627291
71450,2016.92,14.22,0.556699271
71500,2022.52,14.22,0.557102704
71550,2028.52,14.22,0.557535602
71600,2029.92,14.22,0.557636708
71650,2030.92,14.22,0.55770895
71700,2035.6,14.22,0.558047288
71750,2040.6,14.22,0.558409215
71800,2043.76,15.0229,0.584685268
71850,2046.76,15.8956,0.61323547
71900,2051.6001,18.0253,0.682781496
71950,2056.6001,20.2352,0.755036795
72000,2064.8201,23.7575,0.870425297
72050,2073.3201,27.3938,0.98980941
72100,2084.1201,29.6593,1.060478194
72150,2095.1201,31.8373,1.127811527
72200,2107.5,33.7954,1.188648485
72250,2120,35.7394,1.249072727
72300,2130.2,38.5294,1.334854545
72350,2140.2,41.3734,1.422248485
72400,2149.74,39.429,1.364483636
72450,2159.24,37.179,1.297453333
72500,2161.8586,27.8226,1.014243467
72550,2163.8789,18.0126,0.692468513
72600,2148.49,9.2347,0.378377648
72650,2131.99,0.5227,0.021359069
72700,2132.8613,0,0
72750,2134.8416,0,0
72800,2135.9199,0,0
72850,2136.9199,0,0
72900,2135.6201,0,0
72950,2134.1201,0,0
73000,2125.26,0,0
73050,2115.76,0,0
73100,2107.6399,0,0
73150,2099.6399,0,0
73200,2084.28,0,0
73250,2068.28,0,0
73300,2051.6667,0,0
73350,2035,0,0
73400,2010.2673,0,0
73450,1985.0198,0,0
73500,1957.24,0,0
73550,1929.24,0,0
73600,1906.3,0,0
73650,1883.8,0,0
73700,1858.08,0,0
73750,1832.08,0,0
73800,1804.7,0,0
73850,1777.2,0,0
73900,1758.4399,0,0
73950,1740.4399,0,0
74000,1717.38,0,0
74050,1693.88,0,0
74100,1669.92,0,0
74150,1645.92,0,0
74200,1629.28,0,0
74250,1613.28,0,0
74300,1597.28,0,0
74350,1581.28,0,0
74400,1565.74,0,0
74450,1550.24,0,0
74500,1539.8,0,0
74550,1529.8,0,0
74600,1517.04,0,0
74650,1504.04,0,0
74700,1497.02,0,0
74750,1490.52,0,0
74800,1485.4,0,0
74850,1480.4,0,0
74900,1477.7,0,0
74950,1475.2,0,0
75000,1471.78,0,0
75050,1468.28,0,0
75100,1468.92,0,0
75150,1469.92,0,0
75200,1473.6801,0,0
75250,1477.6801,0,0
75300,1480.3,0,0
75350,1482.8,0,0
75400,1485.3,0,0
75450,1487.8,0,0
75500,1501.0101,8.6292,0.331918098
75550,1515.1515,17.8092,0.660649445
75600,1522.9802,20.4581,0.748987887
75650,1530.4059,22.6901,0.82336139
75700,1536.98,22.9748,0.832905278
75750,1543.48,23.1352,0.838308689
75800,1550.9,22.2041,0.807456697
75850,1558.4,21.1781,0.773485231
75900,1567.28,23.8118,0.86101672
75950,1576.28,26.7638,0.959001823
76000,1586.2,28.2254,1.006663198
76050,1596.2,29.5574,1.046066565
76100,1606.66,30.6079,1.077187223
76150,1617.16,31.6339,1.107621111
76200,1627.2,30.9211,1.086562396
76250,1637.2,30.0571,1.060995208
76300,1646.74,30.402,1.071262177
76350,1656.24,30.852,1.084660432
76400,1665.28,30.888,1.085775112
76450,1674.28,30.888,1.085820993
76500,1683.28,29.8897,1.056185154
76550,1692.28,28.8277,1.024622614
76600,1700.36,27.5243,0.984352344
76650,1708.36,26.2055,0.941002843
76700,1714.52,25.5313,0.918870263
76750,1720.52,24.9131,0.898594135
76800,1728.8199,24.876,0.897431317
76850,1737.3199,24.876,0.897488534
76900,1742.6,24.876,0.897524044
76950,1747.6,24.876,0.897557648
77000,1753.52,24.876,0.897597407
77050,1759.52,24.876,0.897637671
77100,1766.4399,24.876,0.89768407
77150,1773.4399,24.876,0.897730962
77200,1780.4399,25.4456,0.916416019
77250,1787.4399,26.0515,0.936271213
77300,1795.36,28.8265,1.024738635
77350,1803.36,31.7902,1.113501878
77400,1813.66,40.9976,1.389468272
77450,1824.16,50.6035,1.685239375
77500,1838.34,60.4138,1.992254375
77550,1852.84,70.2418,2.327525609
77600,1861.36,79.0762,2.639981959
77650,1869.36,87.8242,2.963052844
77700,1877.36,94.1544,3.23375949
77750,1885.36,100.2744,3.502072508
77800,1895.66,100.3291,3.505526053
77850,1906.16,99.8564,3.485537515
77900,1915.28,99.828,3.485099898
77950,1924.28,99.828,3.485890942
78000,1936.04,99.828,3.486923636
78050,1948.04,99.828,3.487976315
78100,1960.96,99.828,3.489108469
78150,1973.96,99.828,3.490246348
78200,1986.04,99.6926,3.485412015
78250,1998.04,99.5486,3.480201791
78300,2011.88,99.54,3.485149877
78350,2025.88,99.54,3.491232443
78400,2039.42,99.54,3.49712929
78450,2052.9199,99.54,3.503145409
78500,2067.3401,99.674,3.515790955
78550,2081.8401,99.8166,3.528863682
78600,2098.1799,102.8254,3.6730545
78650,2114.6799,106.0834,3.828645409
78700,2127.96,110.9273,4.073093005
78750,2140.96,115.9091,4.381475552
78800,2154.4199,116.1911,4.405309235
78850,2167.9199,116.1731,4.411014317
78900,2180.5,116.172,4.417234781
78950,2193,116.172,4.423443835
79000,2203.6599,115.252,4.373995468
79050,2214.1599,114.252,4.319968815
79100,2223.74,113.2276,4.264279998
79150,2233.24,112.2016,4.208705389
79200,2244.5801,111.7508,4.188275455
79250,2256.0801,111.3368,4.170203622
79300,2266.2,110.9567,4.153456237
79350,2276.2,110.5787,4.136844628
79400,2287.1201,110.5898,4.143511317
79450,2298.1201,110.6258,4.151636119
79500,2309.5801,112.6415,4.274812214
79550,2321.0801,114.7835,4.404661615
79600,2333.04,114.1079,4.37146553
79650,2345.04,113.2524,4.32812126
79700,2357.04,113.184,4.330178286
79750,2369.04,113.184,4.336137916
79800,2382.8799,111.2299,4.231508682
79850,2396.8799,109.1059,4.117964275
79900,2410.8799,108.3233,4.081168556
79950,2424.8799,107.6573,4.051193423
80000,2439.3401,106.5607,3.997913682
80050,2453.8401,105.4267,3.952959136
80100,2469.26,105.6204,3.968772727
80150,2484.76,105.9295,3.989868182
80200,2499.3401,104.3914,3.926581864
80250,2513.8401,102.7354,3.864990548
80300,2528.8,102.3145,3.860289648
80350,2543.8,101.9725,3.859218287
80400,2556.96,101.2244,3.837616981
80450,2569.96,100.4504,3.814520399
80500,2582.5,98.3434,3.728984667
80550,2595,96.1514,3.638916554
80600,2608.8799,94.9162,3.594226485
80650,2622.8799,93.7642,3.553232011
80700,2634.5801,92.9599,3.526197007
80750,2646.0801,92.1859,3.500247319
80800,2658.96,91.6769,3.488179205
80850,2671.96,91.1909,3.477252625
80900,2683.5801,90.3324,3.447752629
80950,2695.0801,89.4415,3.416555555
81000,2706.1201,86.9756,3.311485952
81050,2717.1201,84.4093,3.201416541
81100,2727.6599,82.3493,3.114310938
81150,2738.1599,80.3333,3.029006335
81200,2749.5801,78.665,2.966299936
81250,2761.0801,77.027,2.908896162
81300,2774.8799,73.3025,2.769094342
81350,2788.8799,69.3965,2.621498955
81400,2803.3401,66.4244,2.511209329
81450,2817.8401,63.5335,2.401551873
81500,2833.26,62.0741,2.350266324
81550,2848.76,60.7061,2.302067447
81600,2862.8799,60.2348,2.290271556
81650,2876.8799,59.8208,2.280677905
81700,2889.96,59.3392,2.267524511
81750,2902.96,58.8532,2.253957784
81800,2914.5801,58.5702,2.248251525
81850,2926.0801,58.3002,2.242975994
81900,2935.28,57.9118,2.231140326
81950,2944.28,57.5158,2.218742721
82000,2952.8201,53.907,2.063599703
82050,2961.3201,50.0931,1.914368408
82100,2968.4399,44.1509,1.694794516
82150,2975.4399,38.0236,1.471281481
82200,2976,34.695,1.360646681
82250,2976,31.545,1.255817204
82300,2980.1399,32.6758,1.294320705
82350,2984.6399,34.0798,1.342077012
82400,2988.22,32.4382,1.28809861
82450,2991.72,30.6022,1.227533757
82500,2992.46,28.5631,1.159588948
82550,2992.96,26.5111,1.091151886
82600,2994.8401,26.388,1.087357384
82650,2996.8401,26.388,1.087694395
82700,3002.0601,26.388,1.08867847
82750,3007.5601,26.388,1.089886262
82800,3013.0601,25.9022,1.074767657
82850,3018.5601,25.3853,1.058535126
82900,3024.52,25.7083,1.070689398
82950,3030.52,26.1043,1.085381571
83000,3036.0601,26.8481,1.111840119
83050,3041.5601,27.6221,1.139433445
83100,3048.4399,27.6674,1.142654156
83150,3055.4399,27.6494,1.143758014
83200,3062.4399,27.5818,1.143167353
83250,3069.4399,27.5098,1.142422032
83300,3075.52,27.1231,1.130596634
83350,3081.52,26.7091,1.117750102
83400,3086.1399,26.676,1.117706083
83450,3090.6399,26.676,1.118781342
83500,3096.0601,26.6098,1.117780461
83550,3101.5601,26.5378,1.116592163
83600,3107.98,26.532,1.117931578
83650,3114.48,26.532,1.119500639
83700,3118.6799,26.7638,1.128652416
83750,3122.6799,27.0158,1.138495966
83800,3128.52,28.1455,1.179765232
83850,3134.52,29.3515,1.223976098
83900,3138.6799,30.5575,1.26784435
83950,3142.6799,31.7635,1.311813221
84000,3147.1399,32.953,1.35550201
84050,3151.6399,34.141,1.399315554
84100,3158.4399,36.2398,1.476668727
84150,3165.4399,38.4178,1.560747175
84200,3171.98,39.4862,1.604069528
84250,3178.48,40.4582,1.643746581
84300,3180.3799,40.5029,1.646274164
84350,3181.8799,40.4669,1.64556774
84400,3186.1399,40.4143,1.645442938
84450,3190.6399,40.3603,1.645370335
84500,3194.22,40.4222,1.64928955
84550,3197.72,40.4942,1.653557962
84600,3200.76,40.4834,1.654484252
84650,3203.76,40.4654,1.655120027
84700,3208.6001,40.464,1.657195122
84750,3213.6001,40.464,1.659394631
84800,3218.6001,40.464,1.661595143
84850,3223.6001,40.464,1.663796657
84900,3228.6001,40.2984,1.659708739
84950,3233.6001,40.1184,1.655071838
85000,3239.0601,40.5724,1.674729708
85050,3244.5601,41.0815,1.696509595
85100,3250.52,41.9664,1.73279366
85150,3256.52,42.8753,1.770028164
85200,3262.0601,43.2792,1.787865063
85250,3267.5601,43.6392,1.804022492
85300,3274.4399,43.7177,1.810091604
85350,3281.4399,43.7717,1.815285548
85400,3287.0601,43.776,1.817970569
85450,3292.5601,43.776,1.820439188
85500,3298.0601,43.9747,1.830480786
85550,3303.5601,44.1907,1.841186842
85600,3308.6001,45.2678,1.884520177
85650,3313.6001,46.4198,1.930711525
85700,3318.6001,48.3502,2.007557895
85750,3323.6001,50.3482,2.097195538
85800,3329.52,52.0646,2.17491942
85850,3335.52,53.7566,2.251502848
85900,3338.76,56.3429,2.365522707
85950,3341.76,59.0069,2.482713734
86000,3345.22,56.587,2.379189316
86050,3348.72,53.725,2.25658153
86100,3350.3799,54.9864,2.312146544
86150,3351.8799,56.6064,2.383175318
86200,3352.9199,56.5373,2.380667161
86250,3353.9199,56.3213,2.371767027
86300,3359.0601,56.1715,2.367701
86350,3364.5601,56.0275,2.364061942
86400,3371.4399,54.4759,2.300144599
86450,3378.4399,52.8019,2.231104529
86500,3383.1399,46.8389,1.978446205
86550,3387.6399,40.5029,1.738072884
86600,3389.3799,35.6242,1.552161796
86650,3390.8799,30.8722,1.366663232
86700,3392.8401,29.1341,1.29862948
86750,3394.8401,27.6581,1.240867945
86800,3396.3665,27.9871,1.254416504
86850,3397.8516,28.4731,1.274199069
86900,3399.3635,27.419,1.23287332
86950,3400.8789,26.231,1.186170164
87000,3403.3,26.1194,1.182472418
87050,3405.8,26.1014,1.182517534
87100,3407.3799,25.8185,1.171725329
87150,3408.8799,25.5125,1.159972271
87200,3407.1599,27.1109,1.223158595
87250,3405.1599,28.8749,1.292736427
87300,3405.46,28.7345,1.287253263
87350,3405.96,28.4285,1.275243739
87400,3406,27.725,1.247240055
87450,3406,26.987,1.217848438
87500,3402.78,27.6473,1.243072428
87550,3399.28,28.4291,1.272947619
87600,3399.9199,26.2312,1.185884978
87650,3400.9199,23.843,1.091304628
87700,3389.04,12.7721,0.658302213
87750,3376.04,0.9461,0.054383965
87800,3355.22,0,0
87850,3333.72,0,0
87900,3328.78,0,0
87950,3325.28,0,0
88000,3313.5,0,0
88050,3301,0,0
88100,3291.26,1.3579,0.076856603
88150,3281.76,2.8339,0.160122108
88200,3279.6201,4.0284,0.227526175
88250,3278.1201,5.1984,0.29352882
88300,3264.2,5.4907,0.309255763
88350,3249.2,5.7067,0.320555021
88400,3238.3401,6.2042,0.347821472
88450,3227.8401,6.7262,0.376376993
88500,3219.6399,6.7846,0.379088241
88550,3211.6399,6.8026,0.37955108
88600,3200.8799,4.8665,0.271005739
88650,3189.8799,2.7605,0.153426025
88700,3179.8,4.3639,0.242107471
88750,3169.8,6.2899,0.34834277
88800,3155.6599,6.7752,0.374281394
88850,3141.1599,7.1352,0.393161045
88900,3120.22,7.2799,0.399658617
88950,3098.72,7.4059,0.405046003
89000,3077.6799,7.9128,0.431181791
89050,3056.6799,8.4528,0.458926783
89100,3039.8201,8.5291,0.46171688
89150,3023.3201,8.5651,0.4623442
89200,3015.5601,8.1209,0.437779465
89250,3008.5601,7.6349,0.4110839
89300,2996.96,7.1158,0.38202044
89350,2984.96,6.5938,0.352000646
89400,2984.46,6.2539,0.333777167
89450,2984.96,5.9299,0.316559287
89500,3004.3201,5.9868,0.322110374
89550,3025.3201,6.0768,0.328139099
89600,2985.1399,5.8522,0.312437788
89650,2939.6399,5.6002,0.292726494
89700,2938.76,6.8882,0.359905516
89750,2941.76,8.3102,0.434804174
89800,2937.3999,8.5068,0.444198888
89850,2932.3999,8.5968,0.447869411
89900,2926.02,8.604,0.446937264
89950,2919.52,8.604,0.445613227
90000,2913.48,8.2894,0.428141058
90050,2907.48,7.9474,0.409360665
90100,2904.24,7.506,0.38605773
90150,2901.24,7.056,0.362420674
90200,2899.1599,11.5243,0.561569613
90250,2897.1599,16.4203,0.730555761
90300,2902.52,20.5546,0.874338751
90350,2908.52,24.6226,1.015129069
90400,2909.9199,25.7429,1.052121402
90450,2910.9199,26.6069,1.08065203
90500,2914.22,27.6696,1.116114913
90550,2917.72,28.7496,1.152230164
90600,2918.46,31.3531,1.237988475
90650,2918.96,34.0891,1.328079502
90700,2923.1399,39.8722,1.521805213
90750,2927.6399,45.9202,1.747529667
90800,2935.8201,47.3976,1.805106785
90850,2944.3201,48.4776,1.848172145
90900,2949.1399,47.9016,1.828379565
90950,2953.6399,47.1816,1.803075948
91000,2955.8401,47.1406,1.802289817
91050,2957.8401,47.1586,1.803636787
91100,2962.6001,49.6771,1.89929248
91150,2967.6001,52.4131,2.003979713
91200,2973.98,53.725,2.065650065
91250,2980.48,54.913,2.122234895
91300,2986.98,53.2526,2.050658415
91350,2993.48,51.3446,1.97294161
91400,3001.3601,50.6952,1.951557975
91450,3009.3601,50.1552,1.934841704
91500,3014.1399,50.7082,1.957788066
91550,3018.6399,51.3562,1.984192678
91600,3026.3601,52.2526,2.025768663
91650,3034.3601,53.1706,2.071619865
91700,3038.6799,52.3498,2.036806578
91750,3042.6799,51.3778,1.995855132
91800,3049.3762,51.7802,2.016829758
91850,3056.3069,52.3022,2.04411501
91900,3101.1001,53.8178,2.135923869
91950,3150.1001,55.4198,2.232620401
92000,3160.8501,54.5047,2.197316171
92050,3167.3501,53.3707,2.150204387
92100,3154.5,55.7143,2.247950334
92150,3139.5,58.3603,2.358467348
92200,3133.05,59.1185,2.389174196
92250,3127.55,59.7125,2.413052404
92300,3131.05,62.6746,2.545106911
92350,3135.55,65.8426,2.682983797
92400,3143.2727,68.6462,2.807154277
92450,3151.3535,71.4182,2.930569719
92500,3161.2,71.7559,2.950496646
92550,3171.2,71.8819,2.961448496
92600,3179.3601,71.7595,2.96067486
92650,3187.3601,71.6155,2.958873422
92700,3196.28,71.1734,2.944630634
92750,3205.28,70.7054,2.929250137
92800,3212.8999,70.3699,2.918828454
92850,3220.3999,70.0459,2.908808747
92900,3224.6799,68.6952,2.852135705
92950,3228.6799,67.2552,2.791305259
93000,3234.0601,67.4381,2.802132035
93050,3239.5601,67.7621,2.819232942
93100,3244.1399,67.5396,2.811901844
93150,3248.6399,67.2696,2.802427572
93200,3254.0601,67.1983,2.802157167
93250,3259.5601,67.1443,2.802690037
93300,3265.0601,67.1566,2.806146785
93350,3270.5601,67.1746,2.809863424
93400,3277.8999,66.9773,2.805053662
93450,3285.3999,66.7613,2.799485574
93500,3292.4399,64.823,2.717276133
93550,3299.4399,62.735,2.628142846
93600,3308.28,62.4521,2.619941874
93650,3317.28,62.3261,2.618784046
93700,3325.8201,62.2166,2.618130604
93750,3334.3201,62.1086,2.617521896
93800,3343.28,62.4478,2.637196043
93850,3352.28,62.8258,2.65871274
93900,3360.8201,62.4254,2.645032835
93950,3369.3201,61.9574,2.628231025
94000,3376.8999,64.0231,2.725393448
94050,3384.3999,66.3091,2.832814088
94100,3390.0601,70.6154,3.033400609
94150,3395.5601,75.0974,3.255074406
94200,3401.0601,76.6483,3.3340907
94250,3406.5601,77.9443,3.400712404
94300,3409.76,77.8824,3.399748813
94350,3412.76,77.7024,3.392905813
94400,3416.6799,77.8039,3.400360754
94450,3420.6799,77.9299,3.409061463
94500,3426.0601,77.6419,3.398482722
94550,3431.5601,77.3179,3.386224782
94600,3436.6001,76.8118,3.364797563
94650,3441.6001,76.2898,3.342565804
94700,3449.3601,75.7843,3.322899544
94750,3457.3601,75.2803,3.303453932
94800,3462.1399,75.24,3.304546665
94850,3466.6399,75.24,3.307425191
94900,3471.6001,75.0247,3.300102056
94950,3476.6001,74.7907,3.291891181
95000,3482.52,74.772,3.294765805
95050,3488.52,74.772,3.298604332
95100,3495.4399,74.7887,3.303847047
95150,3502.4399,74.8066,3.308939529
95200,3508.98,73.7316,3.259922063
95250,3515.48,72.5616,3.206145043
95300,3522.8999,71.6731,3.166514072
95350,3530.3999,70.8091,3.128037854
95400,3535.6001,70.6572,3.123237208
95450,3540.6001,70.5672,3.121365039
95500,3546.98,69.9473,3.094164465
95550,3553.48,69.2813,3.064706414
95600,3560.4399,68.9962,3.054166855
95650,3567.4399,68.7442,3.045256354
95700,3573.52,68.7074,3.046480573
95750,3579.52,68.6894,3.048594769
95800,3585.98,68.423,3.038671953
95850,3592.48,68.135,3.027681955
95900,3598.98,67.9464,3.021590789
95950,3605.48,67.7664,3.015913942
96000,3610.6001,67.603,3.010362898
96050,3615.6001,67.441,3.004813181
96100,3621.4363,67.428,3.007070182
96150,3627.3455,67.428,3.010013688
96200,3633.6799,67.0262,2.993428028
96250,3640.1799,66.4682,2.969731126
96300,3647.3999,66.2083,2.960644131
96350,3654.8999,66.0643,2.957245384
96400,3660.24,65.8426,2.949064305
96450,3664.74,65.5906,2.939003496
96500,3670.6799,65.5718,2.940880232
96550,3677.1799,65.6438,2.947428114
96600,3683.3201,65.2234,2.929918706
96650,3689.3201,64.6114,2.902975016
96700,3695.6799,62.5349,2.804794718
96750,3702.1799,59.8889,2.67858657
96800,3708.3201,58.9406,2.634774077
96850,3714.3201,58.6526,2.623079045
96900,3721.76,57.587,2.573803572
96950,3729.76,56.219,2.509704582
97000,3735.24,55.1232,2.4638686
97050,3739.74,54.1332,2.423573703
97100,3745.6799,52.6507,2.363006325
97150,3752.1799,50.9767,2.294585988
97200,3754.3601,49.7822,2.244986096
97250,3754.8601,48.7742,2.202698242
97300,3757.52,48.5438,2.193868736
97350,3761.02,48.6158,2.198049292
97400,3763.4399,48.7526,2.204602332
97450,3765.4399,48.9146,2.212077244
97500,3769.96,49.6469,2.24437688
97550,3775.46,50.6009,2.286309982
97600,3782.3999,52.9286,2.386469114
97650,3789.8999,55.7906,2.5109204
97700,3795.96,57.3955,2.593331688
97750,3801.46,58.5115,2.651316186
97800,3806.6001,58.824,2.669082026
97850,3811.6001,58.824,2.671170339
97900,3818.3999,58.6555,2.665557995
97950,3825.8999,58.4215,2.656922994
98000,3831.6001,58.356,2.655998288
98050,3836.6001,58.356,2.658083241
98100,3842.3201,57.7728,2.631012517
98150,3848.3201,56.9628,2.592501072
98200,3854.6799,55.8806,2.540218378
98250,3861.1799,54.6926,2.485505544
98300,3869.8401,53.9842,2.458541327
98350,3879.3401,53.4622,2.43967056
98400,3887.04,53.2253,2.432183007
98450,3894.04,53.0993,2.429121186
98500,3901.04,52.74,2.416298532
98550,3908.04,52.29,2.399689402
98600,3913.24,51.1402,2.353249744
98650,3917.74,49.7182,2.295224022
98700,3922.96,48.0758,2.228240291
98750,3928.46,46.3478,2.15780086
98800,3926.792,34.0445,1.606978991
98850,3922.3367,17.6285,0.909719823
98900,3898.3738,8.3405,0.510205445
98950,3866.0505,1.8245,0.112153389
99000,3850.8799,0,0
99050,3842.3799,0,0
99100,3836.3999,0,0
99150,3831.3999,0,0
99200,3822.0801,0,0
99250,3811.0801,0,0
99300,3800.4399,0,0
99350,3789.9399,0,0
99400,3777.6399,0,0
99450,3764.6399,0,0
99500,3745.8799,0,0
99550,3724.8799,0,0
99600,3700.6399,0,0
99650,3675.1399,0,0
99700,3647.48,0,0
99750,3618.98,0,0
99800,3588.3201,0,0
99850,3556.8201,0,0
99900,3525.6799,0,0
99950,3494.6799,0,0
100000,3462.6001,0,0
100050,3430.1001,0,0
100100,3397.24,0,0
100150,3364.24,0,0
100200,3329.0801,0,0
100250,3293.0801,0,0
100300,3258.52,0,0
100350,3224.52,0,0
100400,3190.52,0,0
100450,3156.52,0,0
100500,3128.28,0,0
100550,3102.28,0,0
100600,3077.72,0,0
100650,3053.72,0,0
100700,3033.6799,0,0
100750,3015.1799,0,0
100800,3001.72,0,0
100850,2990.22,0,0
100900,2975.1201,0,0
100950,2958.6201,0,0
101000,2941.04,0,0
101050,2923.04,0,0
101100,2907.2,0,0
101150,2892.2,0,0
101200,2875.04,0,0
101250,2857.04,0,0
101300,2839.04,0,0
101350,2821.04,0,0
101400,2800.8799,0,0
101450,2779.8799,0,0
101500,2757.0801,0,0
101550,2733.5801,0,0
101600,2710.4399,0,0
101650,2687.4399,0,0
101700,2664.4399,0,0
101750,2641.4399,0,0
101800,2617.3601,0,0
101850,2592.8601,0,0
101900,2567.6399,0,0
101950,2542.1399,0,0
102000,2516.6399,0,0
102050,2491.1399,0,0
102100,2465.28,0,0
102150,2439.28,0,0
102200,2412.9199,0,0
102250,2386.4199,0,0
102300,2359.2,0,0
102350,2331.7,0,0
102400,2304.9199,0,0
102450,2278.4199,0,0
102500,2252.6399,0,0
102550,2227.1399,0,0
102600,2200.5601,0,0
102650,2173.5601,0,0
102700,2146.5601,0,0
102750,2119.5601,0,0
102800,2095.4399,0,0
102850,2072.4399,0,0
102900,2053.3999,0,0
102950,2035.9,0,0
103000,2016.6,0,0
103050,1996.6,0,0
103100,1974.4399,0,0
103150,1951.4399,0,0
103200,1935.28,0,0
103250,1921.78,0,0
103300,1915.12,0,0
103350,1911.12,0,0
103400,1910,0,0
103450,1910,0,0
103500,1906.04,0,0
103550,1900.54,0,0
103600,1897.92,0,0
103650,1896.42,0,0
103700,1895.64,0,0
103750,1895.14,0,0
103800,1895,0,0
103850,1895,0,0
103900,1896.08,0,0
103950,1897.58,0,0
104000,1899.4399,0,0
104050,1901.4399,0,0
104100,1903.4399,0,0
104150,1905.4399,0,0
104200,1907.4399,0,0
104250,1909.4399,0,0
104300,1920.8,3.2918,0.130842979
104350,1935.8,7.8638,0.312944716
104400,1941.4399,11.7101,0.46621985
104450,1943.4399,15.2741,0.587983633
104500,1949.76,17.4384,0.658195338
104550,1957.76,19.0584,0.7107731
104600,1965.3466,19.836,0.736055059
104650,1972.7722,20.286,0.750723403
104700,1978.85,19.9843,0.741075726
104750,1984.35,19.3903,0.721987039
104800,1989.5354,20.196,0.74808799
104850,1994.5858,21.546,0.791733704
104900,2001.04,21.6,0.79365489
104950,2008.04,21.15,0.779841281
105000,2013.96,20.687,0.765475618
105050,2019.46,20.219,0.750885449
105100,2024.24,20.088,0.747110964
105150,2028.74,20.088,0.747546385
105200,2033.9208,20.088,0.748048309
105250,2039.3663,20.088,0.748576605
105300,2043.8282,20.088,0.749010034
105350,2047.8687,20.088,0.749402961
105400,2052.24,20.736,0.770873605
105450,2056.74,21.636,0.800570889
105500,2060.8799,23.184,0.851332781
105550,2064.8799,24.984,0.910330601
105600,2071.76,27.0043,0.976926353
105650,2079.76,29.1103,1.043313333
105700,2088.1201,34.0805,1.1949388
105750,2096.6201,40.1645,1.380332739
105800,2109.4399,49.2552,1.665679733
105850,2123.9399,59.5152,1.996249701
105900,2134.48,66.1334,2.228838218
105950,2143.48,71.3354,2.412347839
106000,2152.8401,75.695,2.571840032
106050,2162.3401,79.727,2.72589123
106100,2168.96,81.2318,2.784429422
106150,2174.46,81.7538,2.805784231
106200,2183.5601,86.7859,2.997669831
106250,2194.0601,93.5719,3.301542418
106300,2204.9199,95.4461,3.389124248
106350,2215.9199,95.4101,3.392295119
106400,2224.76,94.7909,3.368672419
106450,2232.76,93.9449,3.33458682
106500,2244.72,92.1398,3.25953508
106550,2258.22,89.9618,3.168379918
106600,2269.9199,88.7947,3.121280484
106650,2280.9199,88.0207,3.091316716
106700,2291.5601,87.7133,3.081962384
106750,2302.0601,87.5873,3.080632729
106800,2312.5601,87.6557,3.087988893
106850,2323.0601,87.7997,3.098740841
106900,2335,89.784,3.192521272
106950,2347.5,92.484,3.318829859
107000,2358.4851,94.4323,3.411015288
107050,2368.8811,96.0883,3.489988024
107100,2378.01,96.9926,3.535122727
107150,2386.5959,97.6046,3.566843591
107200,2394.04,97.3742,3.559754545
107250,2401.04,96.8162,3.537572727
107300,2407.99,96.3619,3.520081818
107350,2414.9209,95.9479,3.504414045
107400,2424.4243,95.6117,3.493496636
107450,2435.0303,95.3057,3.484455583
107500,2444.1201,95.3237,3.489367694
107550,2452.6201,95.4677,3.499723962
107600,2461.8401,95.1451,3.489287209
107650,2471.3401,94.6411,3.470735384
107700,2481.2,94.0334,3.447607725
107750,2491.2,93.3854,3.422670954
107800,2499.76,93.2558,3.420610823
107850,2507.76,93.3278,3.430735023
107900,2513.96,93.2573,3.432922425
107950,2519.46,93.1313,3.431974372
108000,2523.1599,93.096,3.433590326
108050,2526.1599,93.096,3.436206687
108100,2528.8,92.8238,3.426095729
108150,2531.3,92.4458,3.411029526
108200,2535.6001,91.9512,3.392195615
108250,2540.6001,91.4112,3.371875321
108300,2545.6001,90.7157,3.344424402
108350,2550.6001,89.9597,3.314174302
108400,2557.04,89.7221,3.308846508
108450,2564.04,89.6861,3.313226063
108500,2572.1201,89.3261,3.303691256
108550,2580.6201,88.8401,3.288717295
108600,2589.1201,88.6262,3.286212764
108650,2597.6201,88.5182,3.288572962
108700,2608.28,88.0214,3.274901476
108750,2619.78,87.3734,3.254947168
108800,2629.8401,86.868,3.240283534
108850,2639.3401,86.418,3.227663671
108900,2648.48,84.024,3.124763856
108950,2657.48,80.874,2.988515606
109000,2667.5601,75.5597,2.785855915
109050,2678.0601,69.4037,2.549536282
109100,2688.5601,64.8936,2.379962508
109150,2699.0601,61.0236,2.234826267
109200,2709.5601,57.9053,2.11775037
109250,2720.0601,55.0793,2.01103742
109300,2729.1201,51.8645,1.898054616
109350,2737.6201,48.4985,1.780135472
109400,2745.04,44.2771,1.630801794
109450,2752.04,39.7231,1.472599601
109500,2755.8,33.8213,1.285617514
109550,2758.3,27.3953,1.081457609
109600,2760.8,25.1813,1.011308656
109650,2763.3,24.6053,0.992750629
109700,2768.6799,26.2325,1.04600597
109750,2775.1799,28.7165,1.126376434
109800,2784.2,31.2264,1.208249834
109850,2794.2,33.7464,1.290938916
109900,2800.96,34.3354,1.311225832
109950,2806.46,34.1734,1.30715389
110000,2811.96,34.4002,1.315588359
110050,2817.46,34.7782,1.328913795
110100,2822.24,33.7824,1.297801647
110150,2826.74,32.2524,1.249327731
110200,2829.4399,30.8779,1.205455388
110250,2831.4399,29.5639,1.16336622
110300,2835.24,30.2458,1.186096333
110350,2839.74,31.7038,1.234114095
110400,2843.8799,32.3194,1.254855309
110450,2847.8799,32.6074,1.264981397
110500,2850.0801,29.4869,1.164201816
110550,2851.5801,25.0409,1.020214352
110600,2853.0801,25.4938,1.035138874
110650,2854.5801,27.8518,1.111923084
110700,2858.96,31.0651,1.217076842
110750,2864.46,34.6111,1.333476056
110800,2871.7029,37.7035,1.435770335
110850,2879.6238,40.6195,1.536965489
110900,2885.5,43.2374,1.635073813
110950,2890.5,45.7394,1.728831805
111000,2896.2424,47.3342,1.789528071
111050,2902.303,48.5762,1.837423664
111100,2909.3999,48.0686,1.821068157
111150,2916.8999,46.8806,1.779605639
111200,2922.24,46.1592,1.754630959
111250,2926.74,45.6192,1.736068088
111300,2931.96,45.1958,1.722036862
111350,2937.46,44.8178,1.709756718
111400,2944.76,43.3642,1.657988163
111450,2952.76,41.4922,1.590699612
111500,2957.52,38.9722,1.498320878
111550,2961.02,36.2002,1.407236479
111600,2962.3601,33.48,1.317276869
111650,2962.8601,30.78,1.227773301
111700,2964.4399,30.0758,1.204703944
111750,2966.4399,30.1478,1.20747856
111800,2968.0693,30.0773,1.205449463
111850,2969.5544,29.9513,1.201546832
111900,2970.707,29.0606,1.172157686
111950,2971.7173,27.8726,1.132843923
112000,2970.5601,27.3067,1.113827552
112050,2968.5601,26.9827,1.102715664
112100,2967.6399,27.0605,1.10514329
112150,2967.1399,27.2945,1.112830844
112200,2967.72,27.9562,1.134914341
112250,2968.72,28.7842,1.162605516
112300,2970.4399,30.9341,1.234385389
112350,2972.4399,33.5981,1.323372044
112400,2974.4399,34.9531,1.368883665
112450,2976.4399,35.7991,1.397492201
112500,2977.72,36.036,1.405675638
112550,2978.72,36.036,1.405909229
112600,2981.52,36.1008,1.408722749
112650,2985.02,36.1908,1.412544299
112700,2987.4399,39.0154,1.508249845
112750,2989.4399,42.9034,1.654710571
112800,2993.96,47.219,1.81819064
112850,2999.46,51.701,1.988557506
112900,3005.3201,54.7315,2.126970079
112950,3011.3201,57.1975,2.242055932
113000,3017.2773,60.3374,2.387495943
113050,3023.2178,63.7394,2.54118308
113100,3027.4749,67.0118,2.680224841
113150,3031.01,70.2338,2.817032829
113200,3034.52,71.9266,2.889854205
113250,3038.02,73.0246,2.937797076
113300,3043.6799,73.9411,2.979352726
113350,3050.1799,74.7871,3.021249528
113400,3057.04,74.8685,3.029502083
113450,3064.04,74.6525,3.023459949
113500,3070.3201,73.309,2.967154381
113550,3076.3201,71.527,2.894975183
113600,3081.6001,71.8963,2.913419119
113650,3086.6001,73.1023,2.967251442
113700,3091.6001,73.3104,2.978815687
113750,3096.6001,73.1304,2.973904075
113800,3100.1599,73.0541,2.972607087
113850,3103.1599,73.0181,2.972717457
113900,3105.4399,72.684,2.959735887
113950,3107.4399,72.234,2.941651017
114000,3110.52,72.3672,2.949000122
114050,3114.02,72.7272,2.966265919
114100,3117.1599,71.3894,2.910861634
114150,3120.1599,69.3914,2.827101346
114200,3124.5645,70.2446,2.865878025
114250,3129.5149,72.2066,2.952490581
114300,3135.2,72.1728,2.954152287
114350,3141.2,71.3628,2.922676943
114400,3147.2424,71.0712,2.913421714
114450,3153.303,70.9812,2.912827264
114500,3158.9209,71.4614,2.93655678
114550,3164.3665,72.1634,2.969814825
114600,3171.25,71.8286,2.959173844
114650,3178.75,71.0906,2.931396939
114700,3185.55,69.925,2.884623577
114750,3192.05,68.593,2.830334677
114800,3199.25,68.22,2.817929733
114850,3206.75,68.22,2.82187876
114900,3214.25,62.8692,2.59256138
114950,3221.75,55.4375,2.269173628
115000,3225.3999,46.6153,1.898216861
115050,3227.3999,37.1971,1.541381619
115100,3224.1499,28.5466,1.221222438
115150,3218.6499,20.1946,0.913481664
115200,3200.3838,11.4278,0.589564089
115250,3176.6465,2.4998,0.138610328
115300,3166.3999,0,0
115350,3161.3999,0,0
115400,3153.1599,0,0
115450,3143.6599,0,0
115500,3134.52,0,0
115550,3125.52,0,0
115600,3115.0801,0,0
115650,3104.0801,0,0
115700,3088.3999,0,0
115750,3070.8999,0,0
115800,3053.1682,0,0
115850,3035.3464,0,0
115900,3016.5657,0,0
115950,2997.3738,0,0
116000,2976.8799,0,0
116050,2955.8799,0,0
116100,2935.24,0,0
116150,2914.74,0,0
116200,2894.6001,0,0
116250,2874.6001,0,0
116300,2852.8,0,0
116350,2830.3,0,0
116400,2808.3169,0,0
116450,2786.5347,0,0
116500,2764.4443,0,0
116550,2742.2222,0,0
116600,2719.8,0,0
116650,2697.3,0,0
116700,2671.2,0,0
116750,2643.7,0,0
116800,2614.76,0,0
116850,2585.26,0,0
116900,2556.1201,0,0
116950,2527.1201,0,0
117000,2499.9199,0,0
117050,2473.4199,0,0
117100,2446.5601,0,0
117150,2419.5601,0,0
117200,2391.8401,0,0
117250,2363.8401,0,0
117300,2339.0801,0,0
117350,2315.5801,0,0
117400,2294.6001,0,0
117450,2274.6001,0,0
117500,2253.3169,0,0
117550,2231.5347,0,0
117600,2206.8,0,0
117650,2180.8,0,0
117700,2156.8999,0,0
117750,2133.8999,0,0
117800,2113,0,0
117850,2093,0,0
117900,2069.8501,0,0
117950,2045.35,0,0
118000,2022.25,0,0
118050,1999.75,0,0
118100,1977.95,0,0
118150,1956.45,0,0
118200,1934.95,0,0
118250,1913.45,0,0
118300,1890.9,0,0
118350,1867.9,0,0
118400,1847.35,0,0
118450,1827.85,0,0
118500,1808,0,0
118550,1788,0,0
118600,1769.2727,0,0
118650,1751.0909,0,0
118700,1736.0198,0,0
118750,1722.1584,0,0
118800,1713.45,0,0
118850,1706.95,0,0
118900,1703.9395,0,0
118950,1702.4242,0,0
119000,1709.5601,6.2986,0.246222962
119050,1720.0601,15.0466,0.574462916
119100,1728.76,22.4986,0.819374657
119150,1736.76,29.4466,1.043147983
119200,1748.36,32.8824,1.145729015
119250,1761.36,34.9524,1.207675176
119300,1773.64,34.0805,1.181763994
119350,1785.64,32.0645,1.121587066
119400,1795.48,29.232,1.036876247
119450,1804.48,26.082,0.937338609
119500,1815.64,24.7594,0.894206184
119550,1827.64,24.1474,0.874325075
119600,1838.5601,22.693,0.827004622
119650,1849.0601,20.911,0.769073808
119700,1856.6337,13.0637,0.513685737
119750,1863.0693,2.8577,0.113069386
119800,1861.5,0,0
119850,1856.5,0,0
119900,1858.85,0,0
119950,1864.35,0,0
120000,1874.75,2.2291,0.08827944
120050,1887.25,5.3251,0.211099879
120100,1891.7,7.6954,0.30517199
120150,1892.7,9.7834,0.388005362
120200,1895.45,10.1477,0.402541146
120250,1898.95,9.8417,0.390511108
120300,1900.35,11.4626,0.454877715
120350,1900.85,13.8329,0.540054607
120400,1898.2,14.859,0.573294281
120450,1894.2,15.309,0.587799301
120500,1891.95,15.444,0.592124455
120550,1890.45,15.444,0.592084702
120600,1890.35,15.8328,0.604713343
120650,1890.85,16.3728,0.622269075
120700,1893.8,17.9237,0.672715639
120750,1897.8,19.8677,0.735926561
120800,1904.6,22.4597,0.820173844
120850,1912.6,25.3037,0.912529359
120900,1922.7,27.383,0.979997017
120950,1933.7,29.165,1.035161744
121000,1944.7,30.6101,1.07882974
121050,1955.7,31.9241,1.118593715
121100,1967.05,33.3936,1.163116685
121150,1978.55,34.9236,1.209533667
121200,1988.65,36.311,1.251675363
121250,1998.15,37.643,1.292179362
121300,2008.35,39.636,1.353618182
121350,2018.85,41.886,1.423072727
121400,2032.5,45.0691,1.521980821
121450,2047.5,48.6151,1.635743339
121500,2062.2524,52.4981,1.76076592
121550,2076.8989,56.5121,1.890622698
121600,2090.3601,60.1891,2.011159915
121650,2103.3601,63.7351,2.137484188
121700,2114.5601,66.672,2.242395114
121750,2125.0601,69.372,2.339042137
121800,2136.6399,70.2317,2.37206403
121850,2148.6399,70.3757,2.380318633
121900,2161.3601,65.3098,2.207108929
121950,2174.3601,58.2178,1.965701208
122000,2178.72,41.5483,1.432217576
122050,2179.72,21.1543,0.797668646
122100,2163.4399,9.8842,0.405984655
122150,2140.4399,2.1622,0.088476092
122200,2132.2,0,0
122250,2129.7,0,0
122300,2122.5842,0,0
122350,2113.6733,0,0
122400,2102.5151,0,0
122450,2090.394,0,0
122500,2074.1682,0,0
122550,2056.3464,0,0
122600,2037,0,0
122650,2017,0,0
122700,2000.15,0,0
122750,1984.65,0,0
122800,1967.4,0,0
122850,1949.4,0,0
122900,1932.8,0,0
122950,1916.8,0,0
123000,1900.45,0,0
123050,1883.95,0,0
123100,1865.35,0,0
123150,1845.85,0,0
123200,1827.6262,0,0
123250,1809.9495,0,0
123300,1793.5941,0,0
123350,1777.7524,0,0
123400,1760.4,0,0
123450,1742.4,0,0
123500,1721.95,0,0
123550,1700.45,0,0
123600,1682.1,0,0
123650,1665.1,0,0
123700,1652.65,0,0
123750,1642.15,0,0
123800,1630.95,0,0
123850,1619.45,0,0
123900,1609,0,0
123950,1599,0,0
124000,1590.75,0,0
124050,1583.25,0,0
124100,1577.15,0,0
124150,1571.65,0,0
124200,1568.25,0,0
124250,1565.75,0,0
124300,1566.75,0,0
124350,1569.25,0,0
124400,1571.05,0,0
124450,1572.55,0,0
124500,1576.15,0,0
124550,1580.65,0,0
124600,1585.85,0,0
124650,1591.35,0,0
124700,1596.85,0.5314,0.020591871
124750,1602.35,1.2694,0.049210515
124800,1612.75,6.9192,0.268451376
124850,1625.25,14.4792,0.553038793
124900,1636.35,19.4861,0.718759807
124950,1646.85,23.5001,0.851457564
125000,1654.9,25.1554,0.906149166
125050,1661.9,25.8934,0.930529815
125100,1666.45,25.6594,0.92283626
125150,1669.95,25.0474,0.902682606
125200,1673.1,24.9926,0.900896982
125250,1676.1,25.1546,0.906253912
125300,1680.85,27.6365,0.98802768
125350,1686.35,31.0205,1.089822852
125400,1694.65,33.588,1.166256579
125450,1704.15,35.838,1.233331448
125500,1711.55,36.5717,1.255285628
125550,1718.05,36.7157,1.259674829
125600,1727.7,37.2096,1.274547915
125650,1738.7,37.8396,1.293521386
125700,1747.6,37.679,1.288883981
125750,1755.6,37.211,1.27504718
125800,1766.05,37.7986,1.292776063
125850,1777.55,38.7966,1.32281753
125900,1791.15,41.336,1.399069954
125950,1805.65,44.536,1.495257377
126000,1820.85,48.7297,1.626579688
126050,1836.35,53.3099,1.770195313
126100,1849.75,53.6276,1.780542188
126150,1862.25,52.1185,1.733773438
126200,1874.75,54.3528,1.803985938
126250,1887.25,58.0428,1.919689063
126300,1899.4,62.0698,2.050313001
126350,1911.4,66.2278,2.1932742
126400,1922.35,71.3318,2.368857463
126450,1932.85,76.8038,2.561679933
126500,1942.65,81.252,2.726825613
126550,1952.15,85.302,2.877342377
126600,1962.7,86.5267,2.923566702
126650,1973.7,86.6527,2.929215246
126700,1985.4,86.2992,2.91718182
126750,1997.4,85.7592,2.898257946
126800,2009.75,85.1544,2.879251682
126850,2022.25,84.5244,2.859941385
126900,2034.4,87.5431,2.97596468
126950,2046.4,91.9807,3.170177935
127000,2058.3999,94.2538,3.27441088
127050,2070.3999,95.5993,3.338283887
127100,2081,95.4242,3.335108153
127150,2091,94.6579,3.305762994
127200,2099.95,97.5654,3.437057294
127250,2108.45,102.0474,3.642359091
127300,2117.6499,110.8008,4.05933597
127350,2127.1499,121.3848,4.681724095
127400,2137.7,124.8372,4.873519293
127450,2148.7,125.2332,4.902825921
127500,2158.6499,125.0496,4.900128155
127550,2168.1499,124.6176,4.883380438
127600,2178.7,125.0862,4.917133631
127650,2189.7,125.9407,4.94
127700,2198.6001,128.1946,4.94
127750,2206.6001,130.9926,4.94
127800,2215.3,131.8956,4.94
127850,2224.3,131.9865,4.94
127900,2231.8999,131.6399,4.94
127950,2238.8999,131.123,4.94
128000,2246.25,130.4716,4.94
128050,2253.75,129.7625,4.94
128100,2260.55,127.3219,4.94
128150,2267.05,124.2079,4.936823878
128200,2274.25,122.2966,4.828487865
128250,2281.75,120.8531,4.747229496
128300,2291.3501,120.2927,4.719851416
128350,2301.8501,120.1109,4.715792191
128400,2313.05,120.5395,4.749844279
128450,2324.55,121.2055,4.799578318
128500,2336.3999,121.9882,4.857931625
128550,2348.3999,122.8162,4.920501244
128600,2359.7,120.5986,4.787866936
128650,2370.7,117.1966,4.57546976
128700,2379.95,115.7515,4.488076348
128750,2388.45,115.0675,4.453007326
128800,2399.75,114.876,4.447383374
128850,2412.25,114.876,4.453198482
128900,2424.3999,114.2344,4.422565725
128950,2436.3999,113.3433,4.377969702
129000,2449.1001,112.7069,4.348267114
129050,2462.1001,112.1796,4.324992765
129100,2474.05,110.8915,4.258825896
129150,2485.55,109.3075,4.176288304
129200,2497.3999,108.3197,4.127501393
129250,2509.3999,107.5637,4.098258365
129300,2521.3999,107.8781,4.130184773
129350,2533.3999,108.6088,4.185068625
129400,2545.3999,108.4248,4.189245243
129450,2557.3999,107.8488,4.171771029
129500,2569.05,107.2305,4.151592504
129550,2580.55,106.5942,4.130294971
129600,2591,106.416,4.13298867
129650,2601,106.416,4.144929129
129700,2610.6499,106.416,4.1564267
129750,2620.1499,106.416,4.167721903
129800,2629.6499,106.416,4.1789936
129850,2639.1499,106.416,4.190241863
129900,2650.05,105.8616,4.172824192
129950,2661.55,105.0696,4.143190836
130000,2671.6499,106.932,4.256676708
130050,2681.1499,109.932,4.431171361
130100,2692.05,107.6227,4.318090089
130150,2703.55,103.2487,4.093811627
130200,2714,101.6611,4.020029303
130250,2724,101.1571,4.004612966
130300,2735.75,99.8483,3.953432608
130350,2748.25,98.2265,3.888089954
130400,2759.9546,97.1214,3.846593455
130450,2771.3181,96.2378,3.81528008
130500,2782.25,95.409,3.786016209
130550,2792.75,94.635,3.758829334
130600,2803.25,94.275,3.751822595
130650,2813.75,94.329,3.765165039
130700,2824.25,93.924,3.755914475
130750,2834.75,93.06,3.723880579
130800,2845,92.628,3.712866862
130850,2855,92.628,3.723049345
130900,2865.5,92.628,3.733800053
130950,2876.5,92.628,3.745128187
131000,2887.5,92.628,3.756523923
131050,2898.5,92.628,3.767987868
131100,2908.5,92.628,3.778469342
131150,2917.5,92.628,3.787951685
131200,2927.25,92.628,3.79827704
131250,2937.75,92.628,3.809458575
131300,2948.5,91.494,3.763051573
131350,2959.5,89.226,3.658532587
131400,2970,87.885,3.600503545
131450,2980,87.471,3.589396125
131500,2990,86.76,3.562881058
131550,3000,85.752,3.520829016
131600,3010,85.086,3.493621956
131650,3020,84.762,3.484341775
131700,3030.25,84.978,3.501413622
131750,3040.75,85.734,3.547726531
131800,3051.25,85.176,3.526008644
131850,3061.75,83.304,3.440465193
131900,3071.25,82.593,3.41212539
131950,3079.75,83.043,3.439312274
132000,3088.75,82.566,3.421967626
132050,3098.25,81.162,3.360067665
132100,3108.25,80.793,3.348567293
132150,3118.75,81.459,3.387495461
132200,3129.25,81.792,3.410312229
132250,3139.75,81.792,3.417007765
132300,3150,81.648,3.416569767
132350,3160,81.36,3.408993991
132400,3168.9604,81.234,3.408603882
132450,3176.8811,81.27,3.415403144
132500,3185.8484,81.09,3.412400327
132550,3195.9495,80.694,3.39964578
132600,3206.25,80.226,3.38352128
132650,3216.75,79.686,3.364024683
132700,3226.25,79.3887,3.355658798
132750,3234.75,79.3342,3.358435124
132800,3244.25,79.2153,3.358724511
132850,3254.75,79.0371,3.356773198
132900,3264.5,78.867,3.354735799
132950,3273.5,78.705,3.352612357
133000,3283,78.363,3.342063847
133050,3293,77.841,3.323085295
133100,3302.75,77.508,3.313124122
133150,3312.25,77.364,3.312185603
133200,3321.75,77.013,3.301184174
133250,3331.25,76.455,3.280114258
133300,3340.5,76.176,3.272444782
133350,3349.5,76.176,3.278183092
133400,3358.5,75.798,3.265535157
133450,3367.5,75.042,3.234491315
133500,3377,74.691,3.223463687
133550,3387,74.745,3.232463057
133600,3396.75,74.358,3.219837595
133650,3406.25,73.53,3.185575167
133700,3415.75,73.08,3.16970882
133750,3425.25,73.008,3.172248769
133800,3434.75,72.873,3.171720395
133850,3444.25,72.675,3.168121994
133900,3453.25,72.477,3.164203873
133950,3461.75,72.279,3.159965977
134000,3470.75,71.874,3.145953285
134050,3480.25,71.262,3.122160241
134100,3489.25,70.884,3.109452651
134150,3497.75,70.74,3.107836729
134200,3506.25,70.542,3.102752518
134250,3514.75,70.29,3.094716644
134300,3523.75,70.389,3.104093496
134350,3533.25,70.839,3.130954278
134400,3542.5,71.748,3.18029206
134450,3551.5,73.116,3.25219336
134500,3560.5,74.709,3.335359402
134550,3569.5,76.527,3.429835153
134600,3579,78.372,3.527315792
134650,3589,80.244,3.629694503
134700,3598,81.117,3.680084527
134750,3606,80.991,3.678405692
134800,3613.75,80.901,3.678431878
134850,3621.25,80.847,3.680165129
134900,3629.75,80.703,3.677856507
134950,3639.25,80.469,3.671500329
135000,3647.75,80.1338,3.659305765
135050,3655.25,79.6974,3.64126701
135100,3663,79.5529,3.638459947
135150,3671,79.6776,3.649728387
135200,3679,79.452,3.642875628
135250,3687,78.876,3.617873971
135300,3695,78.5244,3.604475524
135350,3703,78.3971,3.602689537
135400,3712,78.233,3.599595603
135450,3722,78.035,3.59534184
135500,3731,77.94,3.595827495
135550,3739,77.94,3.600643788
135600,3746.75,77.5843,3.586838586
135650,3754.25,76.9003,3.555813621
135700,3761.75,76.4515,3.536990111
135750,3769.25,76.2198,3.529441129
135800,3777,76.023,3.523851636
135850,3785,75.861,3.520218579
135900,3793,75.798,3.521736867
135950,3801,75.834,3.528412938
136000,3808.75,75.735,3.527909855
136050,3816.25,75.501,3.520218935
136100,3824.25,75.213,3.510006128
136150,3832.75,74.871,3.497314344
136200,3840.75,74.547,3.485400008
136250,3848.25,74.241,3.474087971
136300,3856.25,73.656,3.448684464
136350,3864.75,72.792,3.409131314
136400,3873.25,72.387,3.393157983
136450,3881.75,72.441,3.400857671
136500,3889.5,72.387,3.402555415
136550,3896.5,72.225,3.398228943
136600,3904,71.946,3.388116964
136650,3912,71.55,3.372196844
136700,3919.25,71.361,3.366563162
136750,3925.75,71.379,3.371252812
136800,3933.75,71.208,3.366977017
136850,3943.25,70.848,3.353699091
136900,3950.4753,70.38,3.333432295
136950,3955.4258,69.804,3.306174503
137000,3961.6365,69.453,3.291359594
137050,3969.2122,69.327,3.289074845
137100,3977.5,69.138,3.283886194
137150,3986.5,68.886,3.275780573
137200,3994,68.562,3.263013987
137250,4000,68.166,3.245578947
137300,4006.75,68.004,3.239795045
137350,4014.25,68.076,3.246647061
137400,4022,67.932,3.242209781
137450,4030,67.572,3.226441036
137500,4036.5,67.374,3.218601943
137550,4041.5,67.338,3.218722683
137600,4048.5,67.104,3.209154313
137650,4057.5,66.672,3.189855265
137700,4065.75,66.411,3.179295582
137750,4073.25,66.321,3.177513611
137800,4079.75,66.231,3.175326146
137850,4085.25,66.141,3.172732971
137900,4092.25,66.078,3.172178975
137950,4100.75,66.042,3.173670629
138000,4108,65.952,3.171771257
138050,4114,65.808,3.166470147
138100,4120.25,65.655,3.160776319
138150,4126.75,65.493,3.154687899
138200,4133,65.286,3.146067416
138250,4139,65.034,3.134908249
138300,4145.25,64.845,3.127220329
138350,4151.75,64.719,3.123013252
138400,4158.75,64.638,3.121425197
138450,4166.25,64.602,3.122464698
138500,4173,64.521,3.120772685
138550,4179,64.395,3.11634079
138600,4185,64.287,3.112876118
138650,4191,64.197,3.110381505
138700,4197,63.99,3.101526427
138750,4203,63.666,3.086292208
138800,4208.75,63.567,3.083175726
138850,4214.25,63.693,3.092211524
138900,4219.5,63.747,3.097238503
138950,4224.5,63.729,3.09824571
139000,4229.75,63.513,3.088540884
139050,4235.25,63.099,3.068095167
139100,4240.25,62.739,3.050371323
139150,4244.75,62.433,3.035380425
139200,4250,62.361,3.033479452
139250,4256,62.523,3.044701624
139300,4261.75,62.406,3.040530339
139350,4267.25,62.01,3.020922341
139400,4273.25,61.677,3.004936676
139450,4279.75,61.407,2.992464068
139500,4285,61.362,2.991993281
139550,4289,61.542,3.003584625
139600,4293,61.641,3.010595442
139650,4297,61.659,3.013142636
139700,4302,61.596,3.011606057
139750,4308,61.452,3.005974773
139800,4313.75,61.335,3.001730463
139850,4319.25,61.245,2.998857417
139900,4325.25,61.02,2.9885163
139950,4331.75,60.66,2.970703899
140000,4336.75,60.597,2.969084575
140050,4340.25,60.831,2.983715063
140100,4345,60.237,2.951872872
140150,4351,58.815,2.873380314
140200,4356.25,58.167,2.838449502
140250,4360.75,58.293,2.847254656
140300,4366,58.203,2.844035128
140350,4372,57.897,2.828746003
140400,4379.25,57.447,2.805625465
140450,4387.75,56.853,2.774614591
140500,4392,56.601,2.76164525
140550,4392,56.691,2.766808169
140600,4395.25,56.736,2.770523566
140650,4401.75,56.736,2.772796527
140700,4407,56.736,2.774637347
140750,4411,56.736,2.776042867
140800,4415.5,56.655,2.772955358
140850,4420.5,56.493,2.765359741
140900,4425.5,56.412,2.762429183
140950,4430.5,56.412,2.764179882
141000,4435.5,56.412,2.765934639
141050,4440.5,56.412,2.767693468
141100,4445.75,56.853,2.795158855
141150,4451.25,57.735,2.848429776
141200,4455.75,59.22,2.936557606
141250,4459.25,61.308,3.058037424
141300,4464.25,62.496,3.127546891
141350,4470.75,62.784,3.146650367
141400,4476,63.027,3.162702026
141450,4480,63.225,3.175683371
141500,4484.25,63.261,3.17955805
141550,4488.75,63.135,3.174306694
141600,4493,63.045,3.170994806
141650,4497,62.991,3.169627049
141700,4502,62.991,3.172116154
141750,4508,63.045,3.178816663
141800,4513.25,62.964,3.177345685
141850,4517.75,62.748,3.16768166
141900,4522,62.514,3.156820007
141950,4526,62.262,3.144759499
142000,4530.5,61.965,3.130396071
142050,4535.5,61.623,3.113720643
142100,4539.75,61.389,3.102786128
142150,4543.25,61.263,3.097609418
142200,4547.25,61.065,3.088574597
142250,4551.75,60.795,3.075671313
142300,4555.75,60.714,3.073358238
142350,4559.25,60.822,3.081657983
142400,4563.25,60.732,3.078826129
142450,4567.75,60.444,3.06483877
142500,4572.75,60.102,3.047998611
142550,4578.25,59.706,3.028293827
142600,4583,59.373,3.011767434
142650,4587,59.103,2.998378573
142700,4590.75,58.842,2.984943199
142750,4594.25,58.59,2.971876316
142800,4598.25,58.167,2.948786656
142850,4602.75,57.573,2.915636868
142900,4607.25,56.952,2.88078571
142950,4611.75,56.304,2.844227632
143000,4615.75,55.611,2.804589708
143050,4619.25,54.873,2.761877383
143100,4623.2275,54.225,2.724801585
143150,4627.6831,53.667,2.693366066
143200,4632.1816,52.983,2.654235359
143250,4636.7271,52.173,2.607385095
143300,4640.25,51.615,2.575247886
143350,4642.75,51.309,2.557885446
143400,4647,50.814,2.529856203
143450,4653,50.13,2.492838925
143500,4657.5,49.509,2.464113893
143550,4660.5,48.951,2.437862265
143600,4664,48.303,2.407343689
143650,4668,47.565,2.372540338
143700,4672.25,46.962,2.34441928
143750,4676.75,46.494,2.32299315
143800,4682,45.981,2.29957577
143850,4688,45.423,2.274150533
143900,4692,44.937,2.251532226
143950,4694,44.523,2.231754351
144000,4696,44.154,2.214186783
144050,4698,43.83,2.198832146
144100,4701,43.353,2.176223014
144150,4705,42.723,2.146333003
144200,4707.5,42.228,2.122607833
144250,4708.5,41.868,2.105077854
144300,4709.75,41.634,2.093869352
144350,4711.25,41.526,2.088985363
144400,4713.5,41.256,2.076293061
144450,4716.5,40.824,2.055776299
144500,4719.25,40.545,2.042762014
144550,4721.75,40.419,2.037264456
144600,4723.5,40.185,2.026161345
144650,4724.5,39.843,2.009451796
144700,4725.5,39.591,1.997333333
144750,4726.5,39.429,1.989904762
144800,4727.25,39.33,1.985404762
144850,4727.75,39.294,1.983833333
144900,4729.5,39.051,1.972761905
144950,4732.5,38.601,1.952190476
145000,4734.25,38.259,1.936404762
145050,4734.75,38.025,1.925404762
145100,4735,35.829,1.820904762
145150,4735,31.671,1.622904762
145200,4723.25,22.194,1.179958654
145250,4699.75,7.398,0.64610553
145300,4677.75,0,0
145350,4657.25,0,0
145400,4643.25,0,0
145450,4635.75,0,0
145500,4626,0,0
145550,4614,0,0
145600,4602.75,0,0
145650,4592.25,0,0
145700,4580.25,0,0
145750,4566.75,0,0
145800,4553.25,0,0
145850,4539.75,0,0
145900,4524.25,0,0
145950,4506.75,0,0
146000,4488.5,0,0
146050,4469.5,0,0
146100,4449.25,0,0
146150,4427.75,0,0
146200,4406.25,0,0
146250,4384.75,0,0
146300,4362.75,0,0
146350,4340.25,0,0
146400,4316.6235,0,0
146450,4291.8711,0,0
146500,4266.8789,0,0
146550,4241.6265,0,0
146600,4216.25,0,0
146650,4190.75,0,0
146700,4165.5,0,0
146750,4140.5,0,0
146800,4115.75,0,0
146850,4091.25,0,0
146900,4066,0,0
146950,4040,0,0
147000,4014.75,0,0
147050,3990.25,0,0
147100,3967.75,0,0
147150,3947.25,0,0
147200,3930.25,0,0
147250,3916.75,0,0
147300,3903.25,0,0
147350,3889.75,0,0
147400,3876.25,0,0
147450,3862.75,0,0
147500,3847.5,0,0
147550,3830.5,0,0
147600,3813.75,0,0
147650,3797.25,0,0
147700,3782.75,0,0
147750,3770.25,0,0
147800,3758.5,0,0
147850,3747.5,0,0
147900,3736.25,0,0
147950,3724.75,0,0
148000,3713.75,0,0
148050,3703.25,0,0
148100,3693.792,0,0
148150,3685.3762,0,0
148200,3676.6365,0,0
148250,3667.5454,0,0
148300,3657.75,0,0
148350,3647.25,0,0
148400,3637.25,0,0
148450,3627.75,0,0
148500,3617.5,0,0
148550,3606.5,0,0
148600,3595,0,0
148650,3583,0,0
148700,3569.5,0,0
148750,3554.5,0,0
148800,3537.5,0,0
148850,3518.5,0,0
148900,3498,0,0
148950,3476,0,0
149000,3453.25,0,0
149050,3429.75,0,0
149100,3406.3665,0,0
149150,3383.0991,0,0
149200,3359,0,0
149250,3334,0,0
149300,3309.24,0,0
149350,3284.74,0,0
149400,3259.76,0,0
149450,3234.26,0,0
149500,3209,0,0
149550,3184,0,0
149600,3159,0,0
149650,3134,0,0
149700,3112.0303,0,0
149750,3093.3435,0,0
149800,3075.5,0,0
149850,3058.5,0,0
149900,3040.5,0,0
149950,3021.5,0,0
150000,3003,0,0
150050,2985,0,0
150100,2968.75,0,0
150150,2954.25,0,0
150200,2940,0,0
150250,2926,0,0
150300,2910.75,0,0
150350,2894.25,0,0
150400,2878.5,0,0
150450,2863.5,0,0
150500,2848.75,0,0
150550,2834.25,0,0
150600,2821.75,0,0
150650,2811.25,0,0
150700,2800.0593,0,0
150750,2788.1782,0,0
150800,2776,0,0
150850,2763.5,0,0
150900,2750.76,0,0
150950,2737.76,0,0
151000,2725,0,0
151050,2712.5,0,0
151100,2700,0,0
151150,2687.5,0,0
151200,2674.9395,0,0
151250,2662.3132,0,0
151300,2651.25,0,0
151350,2641.75,0,0
151400,2634,0,0
151450,2628,0,0
151500,2624.5049,0,0
151550,2623.5149,0,0
151600,2622.2727,0,0
151650,2620.7576,0,0
151700,2621.7327,1.71,0.077979813
151750,2625.198,5.13,0.234265214
151800,2630.8789,9.378,0.429233155
151850,2638.9597,14.454,0.623063547
151900,2647.5,18.99,0.780940957
151950,2656.5,22.986,0.920267392
152000,2666,26.577,1.041412789
152050,2676,29.763,1.142750589
152100,2684.5,32.418,1.227530991
152150,2691.5,34.542,1.295597356
152200,2696.75,35.388,1.323263893
152250,2700.25,34.956,1.310378025
152300,2702.99,34.947,1.310649049
152350,2704.9702,35.361,1.324098018
152400,2706.24,35.622,1.332586496
152450,2706.74,35.73,1.336094922
152500,2708.2,35.946,1.343209975
152550,2710.7,36.27,1.353955649
152600,2713.697,36.234,1.353452525
152650,2717.2324,35.838,1.341689301
152700,2721.4753,35.793,1.34115436
152750,2726.4258,36.099,1.351875547
152800,2731.8799,36.207,1.356451958
152850,2737.8799,36.117,1.354874171
152900,2743.6667,36.036,1.353533169
152950,2749.2222,35.964,1.352426085
153000,2755.25,36.279,1.363734963
153050,2761.75,36.981,1.38750731
153100,2768.7129,37.17,1.395072954
153150,2776.1387,36.846,1.386366892
153200,2782.6399,36.594,1.379736913
153250,2788.1399,36.414,1.375177962
153300,2794.6365,35.847,1.358411873
153350,2802.2122,34.893,1.329398613
153400,2807.75,33.885,1.298143893
153450,2811.25,32.823,1.26467843
153500,2815.5,32.292,1.248414342
153550,2820.5,32.292,1.249388158
153600,2825.75,32.22,1.248088708
153650,2831.25,32.076,1.244508624
153700,2836,31.923,1.240484138
153750,2840,31.761,1.236015797
153800,2843.7327,31.716,1.235279106
153850,2847.198,31.788,1.238282564
153900,2849.7273,30.537,1.198197786
153950,2851.2424,27.963,1.11496842
154000,2852,25.731,1.042670422
154050,2852,23.841,0.980124163
154100,2851.75,23.067,0.953330752
154150,2851.25,23.409,0.96507488
154200,2851.75,23.409,0.965152534
154250,2853.25,23.067,0.953563595
154300,2853.25,23.058,0.953252493
154350,2851.75,23.382,0.964219235
154400,2850,24.237,0.993501555
154450,2848,25.623,1.038550826
154500,2845.25,25.866,1.046002926
154550,2841.75,24.966,1.016316588
154600,2836.25,24.516,1.000942092
154650,2828.75,24.516,0.999840155
154700,2821.2871,24.759,1.006604483
154750,2813.8613,25.245,1.021168757
154800,2806.6399,25.191,1.018356945
154850,2799.6399,24.597,0.998112636
154900,2792.8484,25.011,1.010544325
154950,2786.2827,26.433,1.055124725
155000,2782.2573,26.478,1.055941043
155050,2780.7722,25.146,1.013099335
155100,2778.5601,23.247,0.948194284
155150,2775.5601,20.781,0.862532564
155200,2772.5454,18.864,0.795838816
155250,2769.5151,17.496,0.748111738
155300,2769.25,16.569,0.716046003
155350,2771.75,16.083,0.69963967
155400,2773.99,15.255,0.671377488
155450,2775.9702,14.085,0.63125909
155500,2777.72,13.032,0.595146649
155550,2779.22,12.096,0.563037526
155600,2781.9199,11.385,0.538884138
155650,2785.9199,10.899,0.522701577
155700,2789.4399,11.223,0.534432026
155750,2792.4399,12.357,0.574071305
155800,2794,12.924,0.593900737
155850,2794,12.924,0.593900737
155900,2793.76,13.509,0.614077458
155950,2793.26,14.679,0.654427638
156000,2792.5151,15.147,0.670484147
156050,2791.5051,14.913,0.662244188
156100,2790.01,16.497,0.716745368
156150,2788.0298,19.899,0.833985195
156200,2787.48,22.698,0.930609321
156250,2788.48,24.894,1.00615672
156300,2788.0303,26.055,1.043285935
156350,2786.01,26.181,1.047012435
156400,2784,26.838,1.067735409
156450,2782,28.026,1.105434602
156500,2782.25,29.619,1.15645175
156550,2784.75,31.617,1.220857192
156600,2786,32.958,1.26403602
156650,2786,33.642,1.285940282
156700,2786.5,34.497,1.313423777
156750,2787.5,35.523,1.346496356
156800,2788.25,36.387,1.374337012
156850,2788.75,37.089,1.396939258
156900,2790.5,40.491,1.507201437
156950,2793.5,46.593,1.729189017
157000,2796.5,47.592,1.766361579
157050,2799.5,43.488,1.618429455
157100,2799.5,41.391,1.542347546
157150,2796.5,41.301,1.538235038
157200,2792.75,40.707,1.5156515
157250,2788.25,39.609,1.477563728
157300,2785.5,38.79,1.450681879
157350,2784.5,38.25,1.43316067
157400,2784.5,38.556,1.442957027
157450,2785.5,39.708,1.480076785
157500,2787.2375,39.744,1.481646028
157550,2789.7129,38.664,1.447628718
157600,2793.1819,37.845,1.422173165
157650,2797.7273,37.287,1.405300638
157700,2802,36.936,1.394987085
157750,2806,36.792,1.391250948
157800,2810.9702,35.577,1.353256027
157850,2816.9109,33.291,1.280878242
157900,2822.1599,32.454,1.254937242
157950,2826.6599,33.066,1.275578688
158000,2832.8789,34.596,1.326283483
158050,2840.9597,37.044,1.407249186
158100,2849.208,38.412,1.453493648
158150,2857.6238,38.7,1.464848503
158200,2864.1599,39.204,1.482812401
158250,2868.6599,39.924,1.508292753
158300,2873.3999,41.652,1.573135203
158350,2878.3999,44.388,1.675246293
158400,2883.1599,46.0857,1.739231078
158450,2887.6599,46.7451,1.764978578
158500,2891.4399,47.1578,1.781432039
158550,2894.4399,47.3033,1.787790345
158600,2897.4399,47.2423,1.786533315
158650,2900.4399,46.975,1.777656186
158700,2903.4399,48.7282,1.843427391
158750,2906.4399,52.6702,1.990188172
158800,2910.3999,54.6676,2.076775019
158850,2915.3999,54.5585,2.074407301
158900,2920.6667,54.315,2.066297797
158950,2926.2222,53.937,2.052401334
159000,2933.4556,53.802,2.049852155
159050,2942.3665,53.91,2.058773506
159100,2950.3601,53.694,2.053001329
159150,2957.3601,53.154,2.032321046
159200,2963.6667,54.081,2.076558523
159250,2969.2222,56.475,2.186291736
159300,2974,57.915,2.253451058
159350,2978,58.401,2.277623069
159400,2980.75,58.545,2.285749629
159450,2982.25,58.347,2.277742763
159500,2983.25,59.094,2.311990451
159550,2983.75,60.786,2.388533453
159600,2983.5,61.056,2.400531579
159650,2982.5,59.904,2.347996398
159700,2982.5,58.419,2.281134624
159750,2983.5,56.601,2.199837823
159800,2984.75,54.486,2.105193166
159850,2986.25,52.074,1.99761869
159900,2986.01,48.402,1.859831301
159950,2984.0298,43.47,1.67425821
160000,2979.8484,36.873,1.434049754
160050,2973.2827,28.611,1.157680695
160100,2967.7722,23.445,0.984431669
160150,2963.3169,21.375,0.912130475
160200,2962.2122,21.195,0.905732434
160250,2964.7373,22.905,0.965278987
160300,2967,24.822,1.030676375
160350,2969,26.946,1.101571171
160400,2972,26.541,1.088615929
160450,2976,23.607,0.991316321
160500,2980.2278,21.717,0.926585308
160550,2984.6831,20.871,0.89800645
160600,2988.697,19.8,0.861572645
160650,2992.2324,18.504,0.817277843
160700,2996,17.73,0.791078448
160750,3000,17.478,0.782975779
160800,3003,17.343,0.778696245
160850,3005,17.325,0.778334084
160900,3006.75,17.316,0.778250862
160950,3008.25,17.316,0.778446992
161000,3008.01,17.649,0.789963056
161050,3006.0298,18.315,0.812780571
161100,3005,19.062,0.838519109
161150,3005,19.89,0.867208343
161200,3004.25,20.844,0.900140646
161250,3002.75,21.924,0.937293424
161300,3001.75,22.374,0.952698247
161350,3001.25,22.194,0.946378969
161400,3000.01,22.995,0.973877265
161450,2998.0298,24.777,1.034037402
161500,2996.52,26.001,1.074706626
161550,2995.52,26.667,1.096794363
161600,2995,29.4327,1.189108282
161650,2995,34.298,1.351658815
161700,2997.1621,38.377,1.488482763
161750,3001.6667,41.604,1.609895495
161800,3006.04,44.7295,1.72932399
161850,3010.04,47.5658,1.83775659
161900,3014.9307,50.636,1.955427436
161950,3022.3564,54.3072,2.116716051
162000,3028.8484,57.4589,2.262847089
162050,3032.3838,59.1316,2.340344614
162100,3036.1699,60.5755,2.407541193
162150,3040.6699,61.431,2.448411713
162200,3045.3,62.2105,2.485861446
162250,3050.3,62.7742,2.512772609
162300,3054.6499,63.4944,2.545063838
162350,3057.1499,64.6171,2.593534608
162400,3059.9099,65.1953,2.61920729
162450,3063.4099,64.2233,2.579811412
162500,3067.3,63.3683,2.545478208
162550,3072.3,62.8463,2.525670908
162600,3077.1699,62.7673,2.524521384
162650,3081.6699,63.9491,2.576638003
162700,3086.04,65.3888,2.639732195
162750,3090.04,67.4918,2.730922942
162800,3093.9099,69.204,2.805594838
162850,3097.4099,69.804,2.832899737
162900,3100.6436,70.9346,2.882683471
162950,3103.1189,73.4297,2.990218447
163000,3106.3333,75.2004,3.076617957
163050,3111.8889,74.9094,3.066034353
163100,3116.1299,74.8946,3.067992613
163150,3116.6299,75.5897,3.101963551
163200,3117.52,76.104,3.127427542
163250,3119.52,76.104,3.128691424
163300,3121.52,76.2487,3.136962196
163350,3123.52,76.7655,3.163252463
163400,3125.3899,79.1838,3.281545405
163450,3126.8899,87.0138,3.672538307
163500,3128.1299,92.9718,3.981266778
163550,3128.6299,93.6018,4.014821833
163600,3129.78,94.0491,4.03983793
163650,3132.78,93.9764,4.038039123
163700,3136.3,93.899,4.036353686
163750,3141.3,93.8099,4.035085816
163800,3146.6899,93.7156,4.033810926
163850,3153.1899,93.6065,4.032520851
163900,3159.4299,93.5679,4.034880673
163950,3164.9299,93.7105,4.046596272
164000,3170.04,93.7073,4.050099783
164050,3174.04,93.2891,4.030136846
164100,3178.5601,93.0329,4.019369242
164150,3184.5601,93.1933,4.032449299
164200,3190.8201,93.2033,4.037504623
164250,3197.8201,92.7851,4.019592882
164300,3204.1699,92.484,4.007600851
164350,3208.6699,92.484,4.010828804
164400,3213.8201,92.484,4.014531021
164450,3220.8201,92.484,4.019576464
164500,3227.95,92.2781,4.013348481
164550,3235.45,91.4861,3.976639899
164600,3242.5601,90.9189,3.952166956
164650,3248.5601,90.9916,3.959941146
164700,3254.95,90.9492,3.962042534
164750,3262.45,90.6106,3.949623756
164800,3269.5601,90.3179,3.939312171
164850,3275.5601,90.1559,3.934992059
164900,3281.9307,90.0828,3.93550118
164950,3289.3564,90.2628,3.949753825
165000,3296.5757,90.396,3.961453723
165050,3303.1414,90.396,3.965853816
165100,3309.95,90.396,3.970415435
165150,3317.45,90.396,3.975438797
165200,3325.21,90.279,3.974613079
165250,3333.71,89.829,3.957147674
165300,3341.6899,89.4211,3.941505878
165350,3348.1899,89.1331,3.931045204
165400,3355.21,88.906,3.924068325
165450,3363.71,88.852,3.926987161
165500,3371.6899,88.7652,3.927870087
165550,3378.1899,88.5852,3.922970025
165600,3385.3401,88.3858,3.917509639
165650,3394.3401,88.1313,3.910458303
165700,3402.6899,87.948,3.906632536
165750,3409.1899,87.948,3.910986429
165800,3415.8201,87.9575,3.915914358
165850,3422.8201,87.9938,3.922465007
165900,3429.95,87.8952,3.922172784
165950,3437.45,87.4497,3.904315691
166000,3445.0801,87.0585,3.88933899
166050,3453.0801,86.8222,3.882566016
166100,3461.0593,86.6171,3.877382614
166150,3468.9802,86.4923,3.876282437
166200,3476.8181,86.4,3.876794505
166250,3484.394,86.4,3.881865875
166300,3491.8201,86.385,3.886066078
166350,3498.8201,86.3316,3.88801069
166400,3505.6899,86.1703,3.883995833
166450,3512.1899,85.7023,3.863944631
166500,3519.0801,85.3092,3.847962067
166550,3527.0801,85.1292,3.843585923
166600,3534.8201,84.9345,3.838292848
166650,3541.8201,84.6982,3.830407632
166700,3549.0801,84.3983,3.819405004
166750,3557.0801,83.9349,3.800434358
166800,3564.8201,83.6156,3.788704873
166850,3571.8201,83.7065,3.797631131
166900,3578.6899,83.6323,3.7979837
166950,3585.1899,83.1333,3.776231589
167000,3591.8201,82.7971,3.762931979
167050,3598.8201,82.9244,3.773737534
167100,3606.0801,82.9761,3.780810748
167150,3614.0801,82.8335,3.778316488
167200,3621.95,82.6578,3.774032991
167250,3629.45,82.3878,3.764653043
167300,3636.8201,82.1693,3.757846654
167350,3643.8201,82.0973,3.758379038
167400,3650.8201,81.9785,3.756493101
167450,3657.8201,81.7265,3.747719294
167500,3664.95,81.5634,3.743615869
167550,3672.45,81.6534,3.75282951
167600,3679.6899,81.6065,3.754806151
167650,3686.1899,81.1702,3.736172139
167700,3692.95,80.6364,3.712633468
167750,3700.45,79.8523,3.676557225
167800,3707.4299,79.4358,3.65919309
167850,3712.9299,80.0658,3.695182256
167900,3718.802,80.4665,3.719525934
167950,3725.7327,80.2145,3.71066565
168000,3732.697,79.9625,3.701819398
168050,3739.7676,79.7105,3.693031285
168100,3746.8201,79.4912,3.685924152
168150,3753.8201,79.3652,3.683627669
168200,3760.8201,79.1456,3.676464442
168250,3767.8201,78.6596,3.655444217
168300,3774.6899,78.3281,3.642366174
168350,3781.1899,78.4361,3.651923237
168400,3788.0801,78.4692,3.657824994
168450,3796.0801,78.2892,3.653308344
168500,3803.6899,78.0905,3.647577
168550,3810.1899,77.8385,3.638390314
168600,3816.95,77.6142,3.630799065
168650,3824.45,77.4687,3.627760351
168700,3832.21,77.3091,3.624141333
168750,3840.71,77.1131,3.619068348
168800,3848.5601,76.9302,3.614280762
168850,3854.5601,76.7847,3.610320847
168900,3860.4299,76.6351,3.606065279
168950,3865.9299,76.4747,3.601018437
169000,3871.6899,76.3087,3.595833549
169050,3878.1899,76.1269,3.590267806
169100,3884.8201,75.7615,3.575172254
169150,3891.8201,74.9238,3.535572784
169200,3897.78,74.2756,3.505238658
169250,3900.78,74.1665,3.501333562
169300,3904.5601,74.103,3.500284945
169350,3910.5601,74.1564,3.506696957
169400,3916.4299,73.9901,3.50152193
169450,3921.9299,73.1981,3.46362179
169500,3927.5601,72.832,3.447908508
169550,3933.5601,73.678,3.495517609
169600,3938.78,74.1636,3.524110209
169650,3941.78,73.6236,3.497604651
169700,3945.8201,73.1632,3.476001675
169750,3952.8201,72.9292,3.467956138
169800,3959.3,72.7279,3.461293477
169850,3964.3,72.6199,3.458620094
169900,3969.4299,72.5213,3.456512217
169950,3974.9299,72.4493,3.45601589
170000,3980.3,72.2696,3.449790389
170050,3985.3,71.7836,3.427250435
170100,3990.8201,71.4193,3.411377463
170150,3997.8201,71.4013,3.414567887
170200,4004.4299,71.3833,3.416834153
170250,4009.9299,71.3653,3.41827735
170300,4015.3,71.1976,3.41176843
170350,4020.3,70.6036,3.382578898
170400,4025.5601,70.164,3.361613121
170450,4031.5601,70.164,3.364179015
170500,4037.4299,70.0517,3.360748296
170550,4042.9299,69.6197,3.340211846
170600,4048.1699,69.3608,3.328710057
170650,4052.6699,69.5948,3.343036441
170700,4057.8201,69.7399,3.352940094
170750,4064.8201,69.6319,3.350196847
170800,4071.3,69.5473,3.348470412
170850,4076.3,69.5293,3.349654522
170900,4081.0298,69.413,3.345483792
170950,4084.99,69.017,3.326056027
171000,4089.697,68.7614,3.314415013
171050,4096.7676,68.9054,3.325113396
171100,4103.4302,68.9324,3.32940113
171150,4108.9302,68.6264,3.315366859
171200,4113.9102,67.9835,3.283031148
171250,4117.4102,66.3815,3.198595946
171300,4121.1699,65.444,3.149823773
171350,4125.6699,66.398,3.202850844
171400,4130.04,67.221,3.248861358
171450,4134.04,67.671,3.274723786
171500,4138.4302,67.99,3.29373671
171550,4143.9302,67.936,3.293162969
171600,4149.2998,67.8024,3.288242217
171650,4154.2998,67.4424,3.270943051
171700,4159.04,67.2088,3.260331007
171750,4163.04,67.3348,3.268819203
171800,4167.1699,67.3672,3.272313536
171850,4171.6699,67.1332,3.261557578
171900,4176.2871,66.6184,3.235632993
171950,4181.2378,65.3044,3.166505032
172000,4186.0908,64.7626,3.139099528
172050,4190.6362,66.4186,3.230791855
172100,4195.04,67.5925,3.296378798
172150,4199.04,67.3945,3.287334374
172200,4203.4302,67.2012,3.278699967
172250,4208.9302,67.0212,3.271248822
172300,4213.9102,66.8178,3.262288961
172350,4217.4102,66.5478,3.249058689
172400,4221.5601,66.1936,3.231494229
172450,4227.5601,65.5996,3.2015863
172500,4232.7725,65.1226,3.177688991
172550,4235.7427,64.9786,3.171040175
172600,4238.606,64.8486,3.165106757
172650,4241.1313,64.7586,3.161218067
172700,4243.9009,64.692,3.15870698
172750,4247.3662,64.692,3.160125928
172800,4251.2119,64.5984,3.156572743
172850,4256.2627,64.2384,3.138895808
172900,4261.2871,63.9486,3.125032519
172950,4266.2378,63.8586,3.122093819
173000,4270.9697,63.7452,3.11777518
173050,4275.0103,63.5652,3.109506216
173100,4279.04,63.4741,3.106116431
173150,4283.04,63.6361,3.116654399
173200,4286.9102,63.6109,3.116833338
173250,4290.4102,63.0529,3.087472644
173300,4293.7725,58.077,2.811129902
173350,4296.7427,40.527,1.958118352
173400,4290.1514,23.9598,1.210004283
173450,4253.2827,10.1898,0.702432638
173500,4223.27,0,0
173550,4212.77,0,0
173600,4201.75,0,0
173650,4189.25,0,0
173700,4174.6699,0,0
173750,4154.1699,0,0
173800,4133.6699,0,0
173850,4113.1699,0,0
173900,4092.7227,0,0
173950,4072.4258,0,0
174000,4051.1819,0,0
174050,4026.9395,0,0
174100,4002.76,0,0
174150,3978.76,0,0
174200,3954.5,0,0
174250,3929.5,0,0
174300,3904.6931,0,0
174350,3880.4355,0,0
174400,3856.4243,0,0
174450,3833.1919,0,0
174500,3810.3367,0,0
174550,3788.5544,0,0
174600,3767.2727,0,0
174650,3747.5757,0,0
174700,3729.396,0,0
174750,3715.5347,0,0
174800,3701.2424,0,0
174850,3685.5859,0,0
174900,3667.5645,0,0
174950,3642.8118,0,0
175000,3617.5757,0,0
175050,3590.8081,0,0
175100,3564.6931,0,0
175150,3590,0,0
175200,3620,0,0
175250,3650,0,0
175300,3670,0,0
175350,3685,0,0
175400,3700,0,0
175450,3715,0,0
175500,3725.04,0,0
175550,3686.54,0,0
175600,3647.0801,0,0
175650,3607.5801,0,0
175700,3567.9802,0,0
175750,3528.3762,0,0
175800,3488.0203,0,0
175850,3447.6162,0,0
175900,3409.52,0,0
175950,3371.52,0,0
176000,3334,0,0
176050,3296.5,0,0
176100,3260.9199,0,0
176150,3225.4199,0,0
176200,3188.48,0,0
176250,3151.48,0,0
176300,3113.52,0,0
176350,3075.52,0,0
176400,3039.9199,0,0
176450,3004.4199,0,0
176500,2972.76,0,0
176550,2941.26,0,0
176600,2913.3862,0,0
176650,2885.6633,0,0
176700,2865.6699,0,0
176750,2846.1699,0,0
176800,2832.3101,0,0
176850,2818.8101,0,0
176900,2800.6101,0,0
176950,2782.1101,0,0
177000,2764.0801,0,0
177050,2746.0801,0,0
177100,2728.8586,0,0
177150,2711.6868,0,0
177200,2690.3601,0,0
177250,2668.8601,0,0
177300,2648.8,0,0
177350,2628.8,0,0
177400,2608.5149,0,0
177450,2588.2178,0,0
177500,2561.6201,0,0
177550,2534.6201,0,0
177600,2503.0908,0,0
177650,2471.2727,0,0
177700,2443.1201,0,0
177750,2415.1201,0,0
177800,2390.48,0,0
177850,2365.98,0,0
177900,2338.6001,0,0
177950,2311.1001,0,0
178000,2280.72,0,0
178050,2250.22,0,0
178100,2224.04,0,0
178150,2198.04,0,0
178200,2176.5645,0,0
178250,2155.2773,0,0
178300,2132.8501,0,0
178350,2110.3501,0,0
178400,2099.6001,0,0
178450,2089.6001,0,0
178500,2081.8789,0,0
178550,2074.303,0,0
178600,2066.8,0,0
178650,2059.3,0,0
178700,2045.08,0,0
178750,2030.58,0,0
178800,2018.96,0,0
178850,2007.46,0,0
178900,1996.0693,0,0
178950,1984.6832,0,0
179000,1974.0303,0,0
179050,1963.4242,0,0
179100,1957.24,0,0
179150,1951.24,0,0
179200,1948.12,0,0
179250,1945.12,0,0
179300,1946.901,0,0
179350,1948.8812,0,0
179400,1959.8101,4.0723,0.162369949
179450,1971.3101,11.3443,0.452732891
179500,1978.6465,18.8784,0.705348914
179550,1985.7172,26.6184,0.955391152
179600,1995.0297,30.2659,1.068642959
179650,2004.4357,30.6979,1.082292206
179700,2012.05,31.4569,1.106215152
179750,2019.55,32.4727,1.137906061
179800,2026.11,32.2036,1.130546667
179850,2032.61,30.84,1.090013333
179900,2040.99,35.2296,1.224047273
179950,2049.49,44.1396,1.495077576
180000,2063.1599,49.068,1.652450378
180050,2077.1599,50.868,1.711707867
180100,2084.5801,48.5755,1.640154566
180150,2091.5801,43.0675,1.467691527
180200,2093.8799,35.5637,1.240582412
180250,2095.8799,26.4917,0.963262257
180300,2090.7778,18.2664,0.694143591
180350,2085.2222,10.7064,0.434176233
180400,2082.6238,7.7832,0.315498834
180450,2080.1484,8.5032,0.344546375
180500,2080.9495,8.8301,0.357838698
180550,2081.9597,8.8481,0.358626872
180600,2082.96,8.6645,0.351242249
180650,2083.96,8.3225,0.337432939
180700,2085.4399,8.5248,0.345718099
180750,2086.9399,9.1548,0.371357729
180800,2088.4399,10.0771,0.408869663
180850,2089.9399,11.2291,0.455722015
180900,2092.8516,12.6936,0.512383957
180950,2095.8218,14.4036,0.568434636
181000,2098.3501,15.4685,0.603415611
181050,2100.8501,16.0265,0.621850148
181100,2102.4099,16.4317,0.635222984
181150,2103.9099,16.7168,0.644669359
181200,2103.5251,18.617,0.706763583
181250,2103.0203,21.893,0.813818036
181300,2105.3762,23.4687,0.865598514
181350,2107.8516,23.596,0.870043298
181400,2106.5901,23.652,0.871731346
181450,2105.0901,23.652,0.871560304
181500,2104.0601,24.7507,0.90736719
181550,2103.0601,26.7127,0.971391837
181600,2109.5801,33.7248,1.186761224
181650,2116.5801,44.7048,1.521441191
181700,2129.6899,55.7957,1.878403445
181750,2143.1899,66.9737,2.260365264
181800,2151.5959,73.3435,2.484537207
181850,2159.6768,75.9355,2.582940809
181900,2165.28,77.3179,2.636491055
181950,2170.78,77.7499,2.654402883
182000,2179.1599,79.9157,2.738310015
182050,2187.6599,83.4437,2.873524832
182100,2196.6399,85.9435,2.970430745
182150,2205.6399,87.6355,3.043661575
182200,2214.6399,87.9466,3.061068459
182250,2223.6399,87.1726,3.030389199
182300,2231.6799,86.2272,2.992927481
182350,2239.6799,85.1472,2.954915082
182400,2248.6399,83.6942,2.903102743
182450,2257.6399,81.9482,2.84017045
182500,2269.52,84.073,2.924367068
182550,2281.52,89.239,3.145861115
182600,2291.1201,92.9534,3.31553023
182650,2300.6201,95.5274,3.434532134
182700,2307.72,96.9725,3.502259091
182750,2314.72,97.5305,3.530804545
182800,2323.0791,99.5702,3.627317773
182850,2331.4951,102.7742,3.776779591
182900,2341.3999,107.4974,3.995972682
182950,2351.3999,113.4143,4.340597229
183000,2359.52,116.5442,4.527029321
183050,2367.52,117.3002,4.580319064
183100,2375.05,117.648,4.607456035
183150,2382.55,117.648,4.612114785
183200,2390.99,117.2448,4.590771168
183250,2399.49,116.5248,4.548025734
183300,2406.5801,116.0366,4.519398762
183350,2413.5801,115.7306,4.502648754
183400,2420.1716,115.596,4.497589053
183450,2426.7373,115.596,4.500676333
183500,2430.802,115.2533,4.483057018
183550,2434.7625,114.6413,4.450358108
183600,2440.2222,113.5736,4.392763114
183650,2445.7778,112.1478,4.315219195
183700,2450.8,110.0291,4.198677766
183750,2455.8,107.32,4.049261637
183800,2460.8,105.0696,3.939890909
183850,2465.8,103.1796,3.856254545
183900,2471.76,94.0421,3.443767092
183950,2477.76,79.2101,2.808402395
184000,2484.24,68.4,2.402749476
184050,2490.74,60.75,2.131526576
184100,2497.24,53.2411,1.869790906
184150,2503.74,45.8431,1.616331461
184200,2503.04,34.3627,1.253974755
184250,2502.04,19.6747,0.782199694
184300,2482.3201,9.5126,0.412323506
184350,2461.8201,2.9066,0.125540327
184400,2453.8,2.2176,0.095648873
184450,2446.3,6.1776,0.266106105
184500,2458.48,15.2582,0.62600802
184550,2471.48,28.3622,1.068124848
184600,2480.6399,34.8034,1.264423018
184650,2489.6399,36.0094,1.302059382
184700,2497.6799,39.0197,1.394255139
184750,2505.6799,43.4477,1.534199988
184800,2516.0801,45.6682,1.613765161
184850,2526.5801,46.1542,1.63356031
184900,2536.6001,46.3176,1.642093927
184950,2546.6001,46.2276,1.641844434
185000,2557.4556,45.9562,1.635525473
185050,2568.3464,45.5422,1.62422016
185100,2578.8701,44.2714,1.582833503
185150,2589.3701,42.3274,1.517731698
185200,2599.3999,41.3914,1.489094497
185250,2609.3999,41.2474,1.48696973
185300,2619.8701,40.8917,1.478383252
185350,2630.3701,40.3697,1.464603079
185400,2634.29,32.953,1.234936754
185450,2637.79,20.119,0.818415548
185500,2636.5901,18.504,0.762488521
185550,2635.0901,25.704,1.009697816
185600,2644.3999,31.009,1.176260669
185650,2654.3999,34.825,1.297097106
185700,2663.9299,36.1109,1.339191736
185750,2673.4299,35.4089,1.3191674
185800,2677.29,33.8299,1.270454172
185850,2680.79,31.5619,1.199988538
185900,2681.9399,29.0016,1.11986486
185950,2682.9399,26.2116,1.032474642
186000,2684.4099,25.861,1.021686033
186050,2685.9099,27.427,1.071076367
186100,2687.4099,28.8518,1.116060611
186150,2688.9099,30.1658,1.157590015
186200,2693.7,30.4315,1.166770653
186250,2698.7,29.8735,1.150076838
186300,2701.3501,29.6683,1.144067424
186350,2703.8501,29.7403,1.14676098
186400,2705.4099,29.772,1.148026119
186450,2706.9099,29.772,1.148282342
186500,2709.8484,29.4696,1.139244966
186550,2712.8789,28.9296,1.122712643
186600,2714.4399,28.8432,1.12024385
186650,2715.9399,29.1132,1.12902016
186700,2717.9199,29.2723,1.134378762
186750,2719.9199,29.3443,1.136991766
186800,2720,30.515,1.174010621
186850,2720,32.549,1.238304463
186900,2725.7029,35.4096,1.329906685
186950,2731.6436,38.9196,1.442341921
187000,2740.0708,42.5707,1.568057355
187050,2748.6565,46.3327,1.705797203
187100,2758.1201,50.4374,1.856583134
187150,2767.6201,54.8114,2.019670405
187200,2775.604,57.7037,2.14011156
187250,2783.5247,59.4317,2.214123525
187300,2789.697,61.9862,2.321451925
187350,2795.7576,65.1902,2.455924812
187400,2801.76,66.8218,2.526215506
187450,2807.76,67.2178,2.546104479
187500,2815.2,67.3416,2.555975941
187550,2822.7,67.2516,2.557258025
187600,2828.28,67.3027,2.562996215
187650,2833.78,67.4647,2.573188274
187700,2841.6799,68.9371,2.638186159
187750,2849.6799,71.4391,2.745270909
187800,2856.24,74.9894,2.894271586
187850,2862.74,79.3634,3.089886078
187900,2869.24,81.1267,3.17932625
187950,2875.74,80.8387,3.171336488
188000,2882.24,80.2282,3.147981241
188050,2888.74,79.3642,3.112510789
188100,2895.72,78.9739,3.099987945
188150,2902.72,78.9559,3.105229207
188200,2910.2,79.0891,3.118121784
188250,2917.7,79.3411,3.136736288
188300,2925.1404,79.1526,3.134251075
188350,2932.5786,78.6179,3.115175126
188400,2940.05,78.1167,3.097699113
188450,2947.55,77.644,3.081583308
188500,2955.5901,78.8432,3.146228859
188550,2964.0901,81.3561,3.274593439
188600,2973.1299,84.5338,3.435734146
188650,2982.6299,88.2778,3.633679695
188700,2991.3201,90.5302,3.759095014
188750,2999.3201,91.512,3.818534116
188800,3005.97,91.8835,3.842564039
188850,3011.47,91.7755,3.840691239
188900,3018.05,93.2098,3.919431694
188950,3025.55,95.8558,4.062861815
189000,3033.05,96.8004,4.11819343
189050,3040.55,96.4084,4.102748198
189100,3046.1599,96.3065,4.101330969
189150,3050.1599,96.452,4.111922888
189200,3054.4299,96.3064,4.107228124
189250,3058.9299,95.9322,4.090506466
189300,3063.4299,95.76,4.084528166
189350,3067.9299,95.76,4.087733025
189400,3073.24,95.3574,4.070001454
189450,3079.24,94.612,4.034369139
189500,3085.24,94.2739,4.020473722
189550,3091.24,94.2559,4.023719831
189600,3097.8181,93.8549,4.006799782
189650,3104.8889,93.1529,3.975000237
189700,3112.7129,92.5517,3.94918439
189750,3121.1287,92.0297,3.927868806
189800,3128.5454,91.5581,3.908491988
189850,3135.1111,91.1261,3.890593632
189900,3143.2673,91.1275,3.896161945
189950,3152.6733,91.4695,3.920162101
190000,3160.51,91.5091,3.92748114
190050,3167.01,91.3111,3.921630332
190100,3173.5454,91.0426,3.912165157
190150,3180.1111,90.7186,3.899857978
190200,3187.1584,90.455,3.890995835
190250,3194.5842,90.239,3.884847531
190300,3200.97,90.0634,3.880085476
190350,3206.47,89.9194,3.876358616
190400,3212.24,89.725,3.870214418
190450,3218.24,89.491,3.862183979
190500,3225.05,89.136,3.848460703
190550,3232.55,88.686,3.830307502
190600,3237.8899,88.4779,3.823175884
190650,3241.3899,88.4599,3.824606425
190700,3245.1599,88.3814,3.823099805
190750,3249.1599,88.2554,3.819299896
190800,3254,87.9379,3.806196396
190850,3259.5557,87.4699,3.785821791
190900,3263.3862,87.2741,3.778314825
190950,3265.8613,87.2921,3.780911696
191000,3270,87.1186,3.774762984
191050,3275.5557,86.7946,3.761817467
191100,3280.52,86.2186,3.735494283
191150,3285.02,85.4446,3.698663975
191200,3288.96,85.2048,3.688975619
191250,3292.46,85.3848,3.700611588
191300,3294.8401,85.595,3.71304475
191350,3296.3401,85.829,3.726108153
191400,3298.6799,85.7506,3.723650503
191450,3301.6799,85.4266,3.708992495
191500,3303.8318,85.5461,3.716598753
191550,3305.3169,86.0141,3.741697685
191600,3306.54,86.1595,3.750008959
191650,3307.54,86.0515,3.745123003
191700,3309.0801,85.9536,3.741121604
191750,3311.0801,85.8636,3.737837447
191800,3313.3501,85.9752,3.745113924
191850,3315.8501,86.2452,3.760698686
191900,3318.8899,86.2027,3.760560139
191950,3322.3899,85.9147,3.748096022
192000,3326.1599,86.3469,3.772881321
192050,3330.1599,87.3449,3.826934426
192100,3335.24,84.577,3.687925798
192150,3341.24,78.601,3.390843895
192200,3345.3501,65.5294,2.776504935
192250,3347.8501,46.4134,1.946055782
192300,3345.22,34.2569,1.480346006
192350,3338.22,28.0289,1.2369489
192400,3327.98,18.3697,0.864230388
192450,3314.98,5.7877,0.328994938
192500,3297.6599,0,0
192550,3276.6599,0,0
192600,3262.4099,0,0
192650,3253.9099,0,0
192700,3247.8401,2.0412,0.114629647
192750,3243.8401,5.8212,0.326671952
192800,3239.3,8.1043,0.454423626
192850,3234.3,9.1123,0.506914037
192900,3225.79,9.8116,0.53216291
192950,3214.29,10.248,0.547408495
193000,3201.98,10.4198,0.55280847
193050,3188.98,10.3838,0.550542194
193100,3174.3601,10.0858,0.538662908
193150,3158.3601,9.5818,0.519345028
193200,3142.3601,9.5011,0.515432978
193250,3126.3601,9.7531,0.523474492
193300,3110.0901,9.8741,0.526754973
193350,3093.5901,9.8921,0.526334549
193400,3079.52,9.9907,0.528922893
193450,3067.52,10.1527,0.533860373
193500,3054.71,10.1736,0.533755739
193550,3041.21,10.0836,0.529726338
193600,3031.4546,10.427,0.541086776
193650,3024.8889,11.111,0.5644754
193700,3020.8911,13.7909,0.657438772
193750,3018.9109,18.0389,0.804987704
193800,3018.54,20.2373,0.881388142
193850,3019.54,20.8255,0.902008127
193900,3018.9199,20.8604,0.903119804
193950,3016.9199,20.424,0.88762035
194000,3015.73,19.3537,0.850236676
194050,3015.23,17.7854,0.795671001
194100,3014.73,16.5586,0.752983887
194150,3014.23,15.6226,0.720409416
194200,3015.3635,15.1822,0.705237936
194250,3017.8889,15.164,0.704886184
194300,3019.8401,15.156,0.704824962
194350,3021.3401,15.156,0.70499189
194400,3023.96,14.7931,0.692644949
194450,3027.46,14.1451,0.670433941
194500,3030.1201,13.6886,0.654780477
194550,3032.1201,13.3826,0.644295624
194600,3032.1682,13.3079,0.641692787
194650,3030.6831,13.4148,0.645282462
194700,3028.6499,13.4149,0.645092162
194750,3026.1499,13.324,0.641686489
194800,3023.3799,13.3445,0.642139406
194850,3020.3799,13.4525,0.645614366
194900,3017.3799,13.4496,0.645228216
194950,3014.3799,13.3596,0.641817111
195000,3011.6499,13.3805,0.642286134
195050,3009.1499,13.4885,0.645797415
195100,3005.5454,13.7678,0.655134354
195150,3001,14.1818,0.669021397
195200,2997.3367,14.4339,0.677234847
195250,2994.3665,14.5586,0.681093722
195300,2991.3799,16.2101,0.737777219
195350,2988.3799,19.1621,0.839452687
195400,2988.6201,24.7676,1.032244663
195450,2991.6201,32.6336,1.295335992
195500,2996.24,38.7792,1.501901867
195550,3002.24,43.4592,1.679895472
195600,3009.05,48.3336,1.866193491
195650,3016.55,53.3736,2.07130486
195700,3021.6201,57.8887,2.278650401
195750,3024.6201,61.9567,2.464467858
195800,3027.3501,64.5181,2.575670343
195850,3029.8501,65.7961,2.630392857
195900,3033.97,66.1993,2.649242099
195950,3039.47,65.8573,2.637476598
196000,3043.3501,65.6806,2.631874931
196050,3045.8501,65.6446,2.631535685
196100,3049.7,65.1323,2.611779121
196150,3054.7,64.2143,2.575425325
196200,3059.97,59.9526,2.391037566
196250,3065.47,52.8426,2.073364662
196300,3069.0801,48.8062,1.91081836
196350,3071.0801,47.388,1.858228143
196400,3074.97,46.9137,1.84207264
196450,3080.47,47.181,1.85460904
196500,3084.3501,47.1175,1.853944264
196550,3086.8501,46.772,1.84202017
196600,3089.6201,46.62,1.837517563
196650,3092.6201,46.62,1.838854542
196700,3095.8899,46.62,1.840312175
196750,3099.3899,46.62,1.841872907
196800,3102.3501,46.5002,1.838668664
196850,3104.8501,46.2864,1.831707769
196900,3108.97,45.77,1.814034678
196950,3114.47,44.996,1.787233592
197000,3118.3501,44.5615,1.7725337
197050,3120.8501,44.416,1.768141997
197100,3122.54,44.3419,1.766089622
197150,3123.54,44.3239,1.765852182
197200,3125.3501,44.1863,1.761451833
197250,3127.8501,43.9546,1.753798078
197300,3130.6201,44.1299,1.76165345
197350,3133.6201,44.6519,1.782725659
197400,3137.97,46.9342,1.870995545
197450,3143.47,50.716,2.019516005
197500,3148.1599,56.9409,2.299431907
197550,3152.1599,65.0855,2.658579335
197600,3156.1599,70.8926,2.910558393
197650,3160.1599,74.7086,3.086774775
197700,3164.4299,77.1736,3.20893385
197750,3168.9299,78.4876,3.275473574
197800,3172.8899,79.0823,3.306815789
197850,3176.3899,79.0643,3.308169657
197900,3180.4299,79.0074,3.307981465
197950,3184.9299,78.9174,3.306481145
198000,3188.8899,77.4763,3.239127352
198050,3192.3899,74.8843,3.115665209
198100,3196.7,78.5714,3.29719242
198150,3201.7,87.6074,3.753852806
198200,3205.3501,91.9505,3.980396969
198250,3207.8501,92.296,3.999899464
198300,3210.3501,92.2983,4.001809132
198350,3212.8501,92.031,3.989582293
198400,3215.6201,92.0927,3.99462306
198450,3218.6201,92.4347,4.015269151
198500,3222.1599,92.1935,4.004504283
198550,3226.1599,91.4555,3.968828941
198600,3229.3501,90.9216,3.943437324
198650,3231.8501,90.5616,3.926552478
198700,3233.8101,90.3085,3.91481854
198750,3235.3101,90.1465,3.907473589
198800,3237.8899,90.6163,3.933430218
198850,3241.3899,91.6243,3.987748789
198900,3243.54,91.8256,3.999567984
198950,3244.54,91.3396,3.975183804
199000,3246.6201,91.1452,3.96655753
199050,3249.6201,91.1992,3.971353451
199100,3252.3501,91.2633,3.97648832
199150,3254.8501,91.336,3.98191167
199200,3256.27,91.0757,3.969447764
199250,3256.77,90.5537,3.942879623
199300,3258.8899,90.5659,3.944931161
199350,3262.3899,90.9979,3.96954225
199400,3265.8899,90.9085,3.967282302
199450,3269.3899,90.4095,3.943917715
199500,3273.1599,90.3567,3.943726805
199550,3277.1599,90.684,3.963272047
199600,3281.97,90.8885,3.97703112
199650,3287.47,90.9965,3.986279157
199700,3292.97,90.3853,3.95848575
199750,3298.47,89.2091,3.901604005
199800,3303.1599,88.5502,3.870826054
199850,3307.1599,88.332,3.86227977
199900,3311.97,88.0445,3.850711884
199950,3317.47,87.7025,3.836804861
200000,3323.24,87.5822,3.834493231
200050,3329.24,87.6362,3.841306698
200100,3335.51,87.5802,3.842639812
200150,3342.01,87.4376,3.839671687
200200,3347.7,87.2051,3.831535237
200250,3352.7,86.896,3.818996681
200300,3356.8899,86.8709,3.820522805
200350,3360.3899,87.0689,3.833058771
200400,3364.4546,86.8738,3.82575706
200450,3369,86.3698,3.802895987
200500,3372.6799,86.148,3.793966452
200550,3375.6799,86.148,3.795984277
200600,3378.6633,86.2286,3.802134336
200650,3381.6335,86.3726,3.811533963
200700,3384.3635,85.9723,3.792791855
200750,3386.8889,85.1443,3.751929841
200800,3389.9407,84.1046,3.70054595
200850,3393.406,82.8986,3.640900865
200900,3397.97,81.7834,3.586673915
200950,3403.47,80.7394,3.536749897
201000,3408.1599,80.1802,3.511195999
201050,3412.1599,80.002,3.504752701
201100,3416.4299,79.5895,3.487161164
201150,3420.9299,78.9775,3.460245465
201200,3425.4299,78.6377,3.446583804
201250,3429.9299,78.5297,3.444211625
201300,3435.24,78.1301,3.428152641
201350,3441.24,77.4821,3.400429673
201400,3446.1599,76.8049,3.370585257
201450,3450.1599,76.1029,3.33893764
201500,3454.7,70.9783,3.09208446
201550,3459.7,62.0863,2.680587672
201600,3456.6487,44.6682,1.928910868
201650,3446.7388,19.9871,0.948620337
201700,3431.2,2.6914,0.156293554
201750,3403.7,1.0894,0.06294141
201800,3382.28,0,0
201850,3373.78,0,0
201900,3363.7227,0,0
201950,3350.3564,0,0
202000,3333.8789,0,0
202050,3310.1414,0,0
202100,3286.6399,0,0
202150,3263.6399,0,0
202200,3240.8,0,0
202250,3218.3,0,0
202300,3195.3201,0,0
202350,3171.3201,0,0
202400,3146.8401,0,0
202450,3121.3401,0,0
202500,3094.72,0,0
202550,3065.72,0,0
202600,3037.8401,0,0
202650,3012.3401,0,0
202700,2987.6399,0,0
202750,2964.6399,0,0
202800,2942.9199,0,0
202850,2923.9199,0,0
202900,2905.2971,0,0
202950,2887.4753,0,0
203000,2872.4243,0,0
203050,2863.8384,0,0
203100,2855.1484,0,0
203150,2846.2375,0,0
203200,2838.4849,0.1843,0.009205181
203250,2833.4343,0.7603,0.037890382
203300,2833.4851,3.8995,0.194340177
203350,2844.3762,12.4855,0.586438232
203400,2853.8181,19.0613,0.815186323
203450,2859.8789,21.3653,0.895767339
203500,2865.76,23.2085,0.960397344
203550,2871.26,24.0725,0.991121059
203600,2875.96,24.2107,0.996629883
203650,2878.96,22.8067,0.948555895
203700,2881.9504,22.5662,0.940705078
203750,2884.9209,24.7982,1.017323867
203800,2889.1001,28.0668,1.124813749
203850,2896.1001,33.5381,1.305149807
203900,2904.75,38.6262,1.473837796
203950,2917.25,42.8202,1.629320818
204000,2927.5,45.9742,1.749487903
204050,2932.5,46.7015,1.77813475
204100,2938.25,48.1349,1.833338291
204150,2945.75,51.0689,1.945138568
204200,2952.8181,52.3094,1.99394557
204250,2958.8789,49.9514,1.908207038
204300,2964.1089,47.6465,1.82398169
204350,2967.5742,45.4545,1.743240789
204400,2971.6499,43.7564,1.681063909
204450,2977.1499,43.2109,1.662384542
204500,2980.25,39.1363,1.510721189
204550,2977.75,27.5623,1.123582834
204600,2973.7273,18.1598,0.802512476
204650,2966.1516,13.3718,0.635707555
204700,2960.5247,10.116,0.522219144
204750,2959.0396,10.116,0.521992874
204800,2957.697,10.5019,0.535137354
204850,2956.6868,11.7079,0.576700951
204900,2956.1584,14.3872,0.66930147
204950,2956.6536,20.1971,0.870351736
205000,2957.606,25.1749,1.040915474
205050,2959.6262,28.2113,1.141942714
205100,2961.1584,32.5282,1.285440588
205150,2961.6536,39.5662,1.521459305
205200,2961.394,44.1101,1.691026149
205250,2959.3738,43.3541,1.662169806
205300,2952.9307,35.9856,1.398246422
205350,2937.0891,14.5656,0.67254744
205400,2917.9697,0,0
205450,2891.2019,0,0
205500,2869.3201,0,0
205550,2857.8201,0,0
205600,2843.4399,0,0
205650,2822.9399,0,0
205700,2803.1819,0,0
205750,2785,0,0
205800,2767.6138,0,0
205850,2751.7722,0,0
205900,2734.3464,0,0
205950,2713.5544,0,0
206000,2692.9395,0,0
206050,2672.7373,0,0
206100,2652.9199,0,0
206150,2633.9199,0,0
206200,2614.1201,0,0
206250,2592.6201,0,0
206300,2572.2971,0,0
206350,2554.4753,0,0
206400,2536.8484,0,0
206450,2519.6768,0,0
206500,2501.8586,0,0
206550,2482.6667,0,0
206600,2464.6138,0,0
206650,2448.7722,0,0
206700,2432.7722,0,0
206750,2416.4355,0,0
206800,2400.4546,0,0
206850,2385.303,0,0
206900,2372.1201,0,0
206950,2363.1201,0,0
207000,2354.28,0,0
207050,2345.78,0,0
207100,2336.48,0,0
207150,2325.48,0,0
207200,2314.8,0,0
207250,2304.8,0,0
207300,2293.6799,0,0
207350,2280.1799,0,0
207400,2266.3601,0,0
207450,2251.8601,0,0
207500,2238.1211,0,0
207550,2226,0,0
207600,2213.2871,0,0
207650,2199.4258,0,0
207700,2185.7227,0,0
207750,2172.3564,0,0
207800,2159.8181,0,0
207850,2149.2122,0,0
207900,2138.6733,0,0
207950,2128.2773,0,0
208000,2117.6667,0,0
208050,2106.5557,0,0
208100,2095.0396,0,0
208150,2082.6633,0,0
208200,2070.3635,0,0
208250,2058.2424,0,0
208300,2044.9307,0,0
208350,2029.0891,0,0
208400,2014.5151,0,0
208450,2002.899,0,0
208500,1990.4059,0,0
208550,1976.0496,0,0
208600,1962.3636,0,0
208650,1950.2424,0,0
208700,1938.198,0,0
208750,1926.3168,0,0
208800,1914.3636,0,0
208850,1902.2424,0,0
208900,1890.8317,0,0
208950,1880.9307,0,0
209000,1870.9697,0,0
209050,1860.8687,0,0
209100,1852.24,0,0
209150,1846.74,0,0
209200,1841.72,0,0
209250,1837.72,0,0
209300,1835,0.8525,0.033655744
209350,1835,3.5165,0.138827477
209400,1839.3199,7.7472,0.305955128
209450,1852.8199,15.3072,0.586629685
209500,1864.6931,21.3523,0.783669613
209550,1873.1089,24.1783,0.875701785
209600,1881.1212,26.3822,0.947409556
209650,1888.1919,27.2642,0.976092058
209700,1896.2,29.1946,1.035973693
209750,1906.2,33.3526,1.16128313
209800,1916.04,36.4277,1.254091906
209850,1925.54,37.2017,1.277586721
209900,1934.3762,37.5725,1.288926639
209950,1941.802,37.0865,1.274380703
210000,1949.4242,36.8078,1.266087419
210050,1957.505,36.9698,1.27111388
210100,1966.3268,37.0282,1.27302463
210150,1976.7228,36.8662,1.268294234
210200,1985.9697,36.756,1.265107906
210250,1992.5354,36.756,1.265213351
210300,1999.6931,36.756,1.265328398
210350,2008.1089,36.756,1.26631623
210400,2016.1,36.7099,1.265887879
210450,2023.1,36.5659,1.262372727
210500,2029.95,36.5141,1.261633333
210550,2036.45,36.6581,1.266784848
210600,2042.8182,36.756,1.270523418
210650,2048.8789,36.756,1.271258048
210700,2055.2178,36.756,1.2720264
210750,2062.1484,36.756,1.272866473
210800,2068.6667,37.1304,1.285002024
210850,2074.2222,38.3004,1.321129964
210900,2080.5347,39.2899,1.351879964
210950,2088.4556,39.8958,1.371200679
211000,2096.1211,40.5055,1.390605588
211050,2103.1919,41.1236,1.410192958
211100,2110.2178,41.4979,1.422387006
211150,2117.1484,41.3539,1.418863442
211200,2124.2727,40.8701,1.405066388
211250,2131.8484,39.6641,1.3694392
211300,2138.2673,38.1482,1.324280885
211350,2142.2278,35.974,1.258876097
211400,2145.9092,34.0756,1.201795055
211450,2148.9395,32.8211,1.164147212
211500,2152.7427,32.0083,1.139977903
211550,2158.1882,32.1343,1.144456145
211600,2163.5151,32.1509,1.145604861
211650,2168.5657,31.9349,1.1396716
211700,2174.24,32.053,1.143938182
211750,2181.24,32.881,1.169877576
211800,2187.6001,34.1294,1.2084788
211850,2192.6001,36.2714,1.273993952
211900,2198.3762,38.0131,1.327472873
211950,2205.802,38.9042,1.355376
212000,2213.4243,39.5116,1.374705976
212050,2221.5051,39.4571,1.374033952
212100,2227.96,39.5755,1.378404242
212150,2230.96,40.0615,1.393495152
212200,2234.9199,40.127,1.395959988
212250,2240.9199,39.299,1.371596352
212300,2247.0801,39.0874,1.365930921
212350,2253.5801,40.1854,1.399991527
212400,2259.4399,40.9032,1.422453321
212450,2263.9399,40.8132,1.420271503
212500,2269.0593,40.8902,1.42322537
212550,2275.4951,41.3222,1.437096376
212600,2281.9697,41.5238,1.443990267
212650,2288.5354,41.2358,1.436058836
212700,2295.2178,41.1322,1.43372943
212750,2302.1484,41.4202,1.443296776
212800,2308.8,41.3568,1.442181818
212850,2314.8,40.5468,1.418363636
212900,2319.75,39.1234,1.375830303
212950,2322.25,36.3967,1.293506061
213000,2324.7576,33.6044,1.209194861
213050,2327.2827,30.6589,1.120243358
213100,2329.792,28.3219,1.049729333
213150,2332.2673,27.2779,1.018393006
213200,2334.45,26.7984,1.004127273
213250,2335.95,27.5184,1.026127273
213300,2337.75,28.4342,1.05409697
213350,2340.25,29.7662,1.094763636
213400,2344.2727,31.6627,1.152720933
213450,2351.8484,34.7587,1.247457382
213500,2358.4399,38.0794,1.348883624
213550,2362.9399,41.8774,1.464519988
213600,2368.24,47.1269,1.637622791
213650,2375.24,55.4609,1.918906327
213700,2382.0593,63.6106,2.20488169
213750,2388.4951,71.3686,2.481453459
213800,2393.9092,77.0396,2.698032872
213850,2396.9395,78.276,2.746183554
213900,2399.9504,79.0556,2.776915104
213950,2402.9209,78.9487,2.773804073
214000,2408.1819,78.5016,2.758445968
214050,2418.7878,77.3316,2.717177977
214100,2426.792,76.0867,2.672147341
214150,2429.2673,74.6827,2.619229674
214200,2432.9697,75.289,2.643596422
214250,2439.5354,80.167,2.832426275
214300,2445.5842,83.7432,2.971406526
214350,2450.5347,84.5532,3.004887671
214400,2456.1001,84.8621,3.021142934
214450,2463.1001,84.1061,2.99133233
214500,2470.55,84.1738,2.996498317
214550,2479.05,85.9918,3.081810098
214600,2487.2727,88.668,3.206735996
214650,2494.8484,93.168,3.414425713
214700,2502.3762,97.4203,3.612163631
214750,2509.802,101.1463,3.788670826
214800,2518,103.7318,3.914522344
214850,2528,103.8938,3.931794881
214900,2538.3,103.5763,3.92744978
214950,2549.3,102.2396,3.876882898
215000,2560.0303,101.2004,3.839501769
215050,2570.1313,100.8549,3.833395175
215100,2580.01,100.62,3.832168534
215150,2589.4158,100.62,3.841389233
215200,2599.0303,100.62,3.850859625
215250,2609.1313,100.62,3.860858699
215300,2619.1682,100.3348,3.857490657
215350,2629.0693,99.4438,3.825532981
215400,2638.8789,98.6291,3.796915141
215450,2648.4749,97.9927,3.776356283
215500,2658.1682,97.6637,3.770328929
215550,2668.0693,97.9877,3.795434843
215600,2677.4243,98.1619,3.8130034
215650,2685.5051,98.0179,3.814223393
215700,2692.5842,97.92,3.816644118
215750,2697.5347,97.92,3.821612725
215800,2702.0605,97.92,3.826166195
215850,2705.5959,97.92,3.829730623
215900,2709.7427,97.4295,3.810414206
215950,2715.1882,95.8969,3.742347452
216000,2721.1211,94.824,3.69665711
216050,2728.1919,94.824,3.703589742
216100,2736.1682,94.4305,3.692453828
216150,2746.0693,93.2008,3.642707429
216200,2756.1819,92.4054,3.613971685
216250,2766.7878,92.6236,3.634858597
216300,2777.9604,90.8672,3.560092438
216350,2790.3367,84.9147,3.289043285
216400,2804.1516,78.7298,3.009643397
216450,2821.3232,72.0025,2.748583613
216500,2837.4355,67.6008,2.581125642
216550,2851.2971,68.1408,2.612281958
216600,2865.697,65.7374,2.523986099
216650,2881.3535,57.0794,2.166196005
216700,2894.2178,47.7763,1.80516564
216750,2901.1484,37.1023,1.423017029
216800,2908.4243,29.7864,1.184598659
216850,2916.5051,29.6064,1.180180574
216900,2924.8516,29.5924,1.181263475
216950,2933.7625,29.931,1.194087784
217000,2942.7273,30.1898,1.204331658
217050,2951.8181,30.2625,1.208475056
217100,2961.1682,32.7129,1.291570542
217150,2971.0693,40.2159,1.548469767
217200,2980.2727,45.7789,1.75956369
217250,2987.8484,46.8153,1.800954656
217300,2995.0593,47.5485,1.830943693
217350,3001.4951,47.6376,1.836663464
217400,3008.55,48.4909,1.871886675
217450,3017.05,51.1273,1.974864125
217500,3024.3982,55.1837,2.15750471
217550,3029.0593,62.2577,2.480232009
217600,3033.7205,68.0409,2.726396051
217650,3037.76,71.0812,2.856046626
217700,3041.76,74.1216,2.985898297
217750,3044.3501,75.776,3.065396688
217800,3046.8501,77.342,3.142692046
217850,3048.8799,78.282,3.189427168
217900,3050.8799,79.182,3.234212821
217950,3054.76,78.2885,3.193459785
218000,3058.76,77.2805,3.147238681
218050,3064.6399,77.2538,3.149661272
218100,3070.6399,77.2898,3.155193422
218150,3075.7,76.869,3.138032833
218200,3080.7,76.419,3.119418107
218250,3087.1101,76.5612,3.130346527
218300,3093.6101,76.7412,3.143163862
218350,3101.05,77.0058,3.160673644
218400,3108.55,77.2758,3.17848792
218450,3115.5801,77.9011,3.21321249
218500,3122.5801,78.5491,3.249026647
218550,3129.1101,77.3021,3.192777154
218600,3135.6101,75.9341,3.130633691
218650,3141.1699,75.3444,3.105583129
218700,3146.6699,74.8044,3.082897203
218750,3151.23,74.9412,3.092404819
218800,3155.73,75.1212,3.103969394
218850,3161.1699,74.7767,3.090712888
218900,3166.6699,74.3987,3.075867955
218950,3174.05,74.376,3.079428978
219000,3181.55,74.376,3.084167257
219050,3189.99,73.75,3.059148068
219100,3198.49,73.084,3.032218746
219150,3207.46,72.8579,3.026913691
219200,3216.46,72.6599,3.022988912
219250,3226.3999,72.9187,3.041820578
219300,3236.3999,73.2067,3.062114602
219350,3246.3999,73.224,3.069276648
219400,3256.3999,73.224,3.075601565
219450,3266.3999,72.8687,3.064675872
219500,3276.3999,72.4907,3.052643428
219550,3284.99,72.4849,3.057795092
219600,3293.49,72.5029,3.064047775
219650,3303.3069,72.3365,3.062175507
219700,3313.208,72.1583,3.059782305
219750,3319.52,71.8429,3.048446952
219800,3325.52,71.5156,3.03633289
219850,3333.7312,72.8158,3.104748247
219900,3342.1345,74.2198,3.178355416
219950,3348.7,72.5443,3.101038301
220000,3353.7,70.6723,3.013152698
220050,3359.24,70.6615,3.016132277
220100,3365.24,70.7695,3.025183537
220150,3370.97,70.6576,3.02336605
220200,3376.47,70.5316,3.020716408
220250,3381.97,71.0147,3.047710122
220300,3387.47,71.5367,3.076603022
220350,3391.6201,72.1094,3.10711306
220400,3394.6201,72.6854,3.137057758
220450,3397.0801,74.6489,3.234209725
220500,3399.0801,76.7009,3.335385486
220550,3401.3501,74.709,3.239857879
220600,3403.8501,72.459,3.131901384
220650,3406.3501,67.0619,2.879208157
220700,3408.8501,61.4639,2.625841527
220750,3408.3799,48.9118,2.078089279
220800,3405.3799,35.9158,1.570351648
220850,3391.04,18.6221,0.884828128
220900,3367.04,1.0541,0.060491905
220950,3347.6299,0,0
221000,3332.1299,0,0
221050,3322.3,0,0
221100,3317.3,0,0
221150,3308.25,0,0
221200,3295.75,0,0
221250,3285.6799,0,0
221300,3277.6799,0,0
221350,3268.3301,0,0
221400,3257.8301,0,0
221450,3245.98,0,0
221500,3232.98,0,0
221550,3217.55,0,0
221600,3200.05,0,0
221650,3179.8501,0,0
221700,3157.3501,0,0
221750,3133.77,0,0
221800,3109.27,0,0
221850,3083.6899,0,0
221900,3057.1899,0,0
221950,3029.8799,0,0
222000,3001.8799,0,0
222050,2973.6101,0,0
222100,2945.1101,0,0
222150,2916.3401,0,0
222200,2887.3401,0,0
222250,2857.8,0,0
222300,2827.8,0,0
222350,2799.6899,0,0
222400,2773.1899,0,0
222450,2749.1201,0,0
222500,2727.1201,0,0
222550,2705.1201,0,0
222600,2683.1201,0,0
222650,2660.5801,0,0
222700,2637.5801,0,0
222750,2615.9299,0,0
222800,2595.4299,0,0
222850,2575.2,0,0
222900,2555.2,0,0
222950,2533.3101,0,0
223000,2509.8101,0,0
223050,2486.04,0,0
223100,2462.04,0,0
223150,2438.04,0,0
223200,2414.04,0,0
223250,2391.1201,0,0
223300,2369.1201,0,0
223350,2347.1201,0,0
223400,2325.1201,0,0
223450,2302.1682,0,0
223500,2278.406,0,0
223550,2255.4443,0,0
223600,2233.2222,0,0
223650,2214.0901,0,0
223700,2197.5901,0,0
223750,2180.55,0,0
223800,2163.05,0,0
223850,2145.28,0,0
223900,2127.28,0,0
223950,2112.79,0,0
224000,2101.29,0,0
224050,2091.4099,0,0
224100,2082.9099,0,0
224150,2076.8401,0,0
224200,2072.8401,0,0
224250,2068.03,0,0
224300,2062.53,0,0
224350,2064.3201,4.6022,0.186002189
224400,2072.3201,9.4982,0.384375694
224450,2077.6201,14.6311,0.574499055
224500,2080.6201,19.7791,0.742533956
224550,2084.97,21.1032,0.786141737
224600,2090.47,22.1832,0.821956439
224650,2095.1599,22.3834,0.828998375
224700,2099.1599,22.5274,0.834137156
224750,2102.6201,21.3854,0.797181529
224800,2105.6201,20.1614,0.757464971
224850,2109.7,20.088,0.755467717
224900,2114.7,20.088,0.755962438
224950,2117.54,18.0238,0.688631188
225000,2118.54,15.8278,0.616782372
225050,2121.406,18.2002,0.694761053
225100,2125.8613,20.8642,0.782521178
225150,2129.3,20.7364,0.778681748
225200,2131.8,20.4304,0.76889554
225250,2134.8384,21.4103,0.8013717
225300,2138.3738,22.4723,0.836624768
225350,2141.8899,22.9421,0.852448889
225400,2145.3899,23.3741,0.867043137
225450,2149.97,26.3441,0.965262637
225500,2155.47,29.4761,1.063575152
225550,2159.604,30.1716,1.085152
225600,2162.5742,30.7116,1.101875661
225650,2166.1011,31.0993,1.114051648
225700,2170.1414,31.4773,1.125995927
225750,2173.6201,31.0939,1.114799406
225800,2176.6201,30.6619,1.102072133
225850,2179.8899,30.636,1.101683624
225900,2183.3899,30.636,1.102107867
225950,2186.0801,30.2807,1.091667285
226000,2188.0801,29.9027,1.080455164
226050,2191.7,30.1507,1.088409091
226100,2196.7,30.4387,1.097742424
226150,2201.1599,30.4052,1.097267867
226200,2205.1599,30.3512,1.096116352
226250,2207.8101,30.1619,1.090701224
226300,2209.3101,29.9639,1.084883042
226350,2212.1599,30.0535,1.087943624
226400,2216.1599,30.1615,1.0917012
226450,2220.1599,29.5758,1.074437564
226500,2224.1599,28.9458,1.055831503
226550,2228.4299,29.2972,1.066997564
226600,2232.9299,29.7112,1.080088473
226650,2235,28.3486,1.039048485
226700,2235,26.8726,0.993765802
226750,2236.3501,26.2087,0.971854571
226800,2238.8501,25.5967,0.951808324
226850,2240.8101,25.4077,0.945764469
226900,2242.3101,25.2457,0.940558959
226950,2243,25.2529,0.940885174
227000,2243,25.2709,0.941484614
227050,2244.0801,25.8134,0.959689165
227100,2246.0801,26.3894,0.979134919
227150,2248.8899,26.7793,0.992496431
227200,2252.3899,27.1573,1.005056352
227250,2254.54,28.7536,1.053689697
227300,2255.54,30.4276,1.104538182
227350,2258.1599,31.594,1.1402012
227400,2262.1599,32.728,1.175049685
227450,2266.97,32.4576,1.167438788
227500,2272.47,32.0976,1.157196364
227550,2275,32.3636,1.165563636
227600,2275,32.6696,1.174836364
227650,2277.4299,32.6203,1.173636958
227700,2281.9299,32.5483,1.172000594
227750,2286.97,32.6455,1.17555697
227800,2292.47,32.7535,1.179496364
227850,2298.78,36.6347,1.297873333
227900,2305.78,40.7567,1.423630909
227950,2314.1299,43.1021,1.495715745
228000,2323.6299,45.3341,1.570816554
228050,2332.3201,48.3106,1.671294634
228100,2340.3201,51.3346,1.773578299
228150,2347.24,56.3382,1.942135058
228200,2353.24,61.4682,2.121613712
228250,2358.1599,64.4832,2.229472235
228300,2362.1599,67.3632,2.332381723
228350,2365.8899,73.5257,2.555307105
228400,2369.3899,79.8977,2.799027202
228450,2372.0801,83.6809,2.943998017
228500,2374.0801,87.2989,3.097323229
228550,2379.8601,87.8375,3.123930136
228600,2388.8601,88.1795,3.14306547
228650,2391.9199,87.6416,3.120132331
228700,2389.9199,87.0476,3.092568149
228750,2389.27,90.2776,3.237654502
228800,2389.77,93.7516,3.394210111
228850,2391.8899,97.6147,3.569709045
228900,2395.3899,101.5027,3.748027227
228950,2398.8899,105.12,3.914040864
229000,2402.3899,108.72,4.099031381
229050,2407.78,109.2575,4.132453298
229100,2414.78,109.5995,4.155574004
229150,2423.1299,109.0109,4.126731469
229200,2432.6299,108.3629,4.095270699
229250,2441.5901,108.3748,4.100791662
229300,2450.0901,108.4287,4.108402356
229350,2459.3999,108.0598,4.092714213
229400,2469.3999,107.6637,4.075944144
229450,2479.1299,107.64,4.079887112
229500,2488.6299,107.64,4.085009181
229550,2498.9399,107.7754,4.098067491
229600,2509.9399,107.9194,4.118651058
229650,2520.6699,112.801,4.402172892
229700,2531.1699,117.9849,4.765514967
229750,2541.3999,117.8053,4.767631195
229800,2551.3999,117.2833,4.744503272
229850,2561.9399,116.609,4.71120049
229900,2572.9399,115.925,4.677996933
229950,2584.1484,115.7148,4.679489905
230000,2595.5347,115.5348,4.683421584
230050,2606.46,115.0841,4.667149936
230100,2616.96,114.6161,4.649060056
230150,2627.98,113.1498,4.560125392
230200,2639.48,111.6198,4.475320259
230250,2649.9399,110.541,4.428400508
230300,2659.4399,109.491,4.382047258
230350,2669.46,108.9011,4.361483664
230400,2679.96,108.7031,4.362867594
230450,2689.9399,108.5245,4.364701939
230500,2699.4399,108.3625,4.366879825
230550,2709.72,108.288,4.374704117
230600,2720.72,108.288,4.387379727
230650,2730.99,108.288,4.399186869
230700,2740.5859,108.288,4.410195299
230750,2750.6699,108.2686,4.420690495
230800,2761.1699,108.2326,4.430741358
230850,2771.9399,107.9924,4.430065223
230900,2782.9399,107.5784,4.420291302
230950,2793.1299,106.4646,4.371966058
231000,2802.6299,104.7546,4.29091009
231050,2812.3999,103.4723,4.233296349
231100,2822.3999,102.5543,4.195609384
231150,2832.3999,102.1223,4.184041503
231200,2842.3999,102.1043,4.194655433
231250,2852.3999,101.9016,4.195372195
231300,2862.3999,101.5416,4.187686802
231350,2872.3999,101.376,4.190388686
231400,2882.3999,101.376,4.201909844
231450,2892.0791,100.9483,4.190268851
231500,2901.4851,100.1563,4.158962769
231550,2911.5151,99.6462,4.143416452
231600,2922.1211,99.3762,4.141309169
231650,2932.3999,98.6688,4.115643835
231700,2942.3999,97.5888,4.069982092
231750,2952.3999,97.0823,4.054753174
231800,2962.3999,97.0643,4.065369135
231850,2971.5901,96.813,4.062712923
231900,2980.0901,96.363,4.048785517
231950,2989.1299,95.913,4.035506828
232000,2998.6299,95.463,4.022785276
232050,3007.5444,95.256,4.018665288
232100,3015.9604,95.256,4.0244762
232150,3025.46,94.8575,4.009973458
232200,3035.96,94.1195,3.978615937
232250,3045.1599,93.857,3.971222722
232300,3053.1599,93.9996,3.983990628
232350,3061.9399,93.7844,3.978763981
232400,3071.4399,93.2389,3.956935198
232450,3080.99,92.8714,3.944356095
232500,3090.5859,92.6554,3.939647851
232550,3099.8601,91.9436,3.909088739
232600,3108.8601,90.8096,3.856529977
232650,3117.8601,90.0547,3.823585399
232700,3126.8601,89.6227,3.807339775
232750,3136.1526,89.3268,3.798329894
232800,3145.6946,89.1468,3.795479214
232850,3155.2366,88.8362,3.785884519
232900,3164.3635,87.7235,3.734594543
232950,3173.4546,86.6108,3.68329964
233000,3182.3762,86.0364,3.65969513
233050,3191.2871,85.4964,3.6378674
233100,3199.8201,85.464,3.641983258
233150,3208.3201,85.464,3.647746832
233200,3218.2,83.129,3.534003739
233250,3228.2,80.645,3.417861954
233300,3236.4343,80.0222,3.392898734
233350,3244.5151,79.5182,3.373595954
233400,3253.9299,79.488,3.378139957
233450,3263.4299,79.488,3.384206439
233500,3273.7722,77.2376,3.281520172
233550,3284.1682,74.8436,3.17185123
233600,3291.4399,73.7186,3.121812517
233650,3298.4399,72.6746,3.0755234
233700,3308.2,71.0723,3.00383443
233750,3318.2,69.4343,2.936262718
233800,3324.52,53.8567,2.250470162
233850,3330.52,37.3894,1.593779061
233900,3310.3,19.3113,0.896824582
233950,3287.8,1.0931,0.06183028
234000,3276.3401,0,0
234050,3265.8401,0,0
234100,3260.3999,0,0
234150,3255.3999,0,0
234200,3238.7373,0,0
234250,3221.0605,0,0
234300,3203.55,0,0
234350,3186.05,0,0
234400,3163.8501,0,0
234450,3141.3501,0,0
234500,3116.5,0,0
234550,3091.5,0,0
234600,3068.3799,0,0
234650,3045.3799,0,0
234700,3028.49,0,0
234750,3011.99,0,0
234800,2992.2,0,0
234850,2972.2,0,0
234900,2948.9099,0,0
234950,2925.4099,0,0
235000,2901.4399,0,0
235050,2877.4399,0,0
235100,2853.4399,0,0
235150,2829.4399,0,0
235200,2807.0593,0,0
235250,2784.7822,0,0
235300,2758.6201,0,0
235350,2732.1201,0,0
235400,2707.9199,0,0
235450,2683.9199,0,0
235500,2660.8401,0,0
235550,2637.8401,0,0
235600,2615.3,0,0
235650,2592.8,0,0
235700,2568.9199,0,0
235750,2544.9199,0,0
235800,2518.6201,0,0
235850,2492.1201,0,0
235900,2466.54,0,0
235950,2441.04,0,0
236000,2415.0801,0,0
236050,2389.0801,0,0
236100,2362.1599,0,0
236150,2335.1599,0,0
236200,2307.24,0,0
236250,2279.24,0,0
236300,2250.78,0,0
236350,2222.28,0,0
236400,2194.9092,0,0
236450,2167.6365,0,0
236500,2142.03,0,0
236550,2116.53,0,0
236600,2091.7327,0,0
236650,2066.9802,0,0
236700,2041.7677,0,0
236750,2016.5151,0,0
236800,1990.802,0,0
236850,1965.0594,0,0
236900,1943.6801,0,0
236950,1922.6801,0,0
237000,1903.0601,0,0
237050,1883.5601,0,0
237100,1862.6801,0,0
237150,1841.6801,0,0
237200,1826.66,0,0
237250,1812.16,0,0
237300,1800.88,0,0
237350,1789.88,0,0
237400,1775.66,0,0
237450,1761.16,0,0
237500,1754.9399,0,0
237550,1749.4399,0,0
237600,1744.4,0,0
237650,1739.4,0,0
237700,1738.54,0,0
237750,1738.04,0,0
237800,1740.76,0,0
237850,1743.76,0,0
237900,1747.22,2.4509,0.096092773
237950,1750.72,5.1149,0.200595641
238000,1767.1,13.3596,0.520524527
238050,1784.6,22.0896,0.806655065
238100,1797.04,25.2971,0.911652843
238150,1809.04,28.0244,1.000730935
238200,1819.66,28.8749,1.026225485
238250,1830.16,29.6055,1.048155831
238300,1839.28,29.664,1.049937818
238350,1848.28,29.664,1.049964808
238400,1857.74,29.664,1.04999321
238450,1867.24,29.664,1.050021764
238500,1878.12,32.2902,1.129052791
238550,1889.12,35.1447,1.215060852
238600,1902.42,38.5308,1.317239019
238650,1915.92,41.9508,1.420608198
238700,1932.3334,44.1187,1.486450518
238750,1949,46.2067,1.551740625
238800,1960.8101,45.486,1.529587816
238850,1972.3101,44.586,1.501822191
238900,1981.8416,36.4104,1.254580438
238950,1991.2476,27.7704,0.992589364
239000,1992.92,20.9916,0.773819267
239050,1993.92,14.3316,0.55891085
239100,1994.46,12.9101,0.513054989
239150,1994.96,11.823,0.472729396
239200,1999.6,11.8865,0.475444786
239250,2004.6,12.0502,0.482363019
239300,2009.6,13.0651,0.518871764
239350,2014.6,14.1345,0.553769036
239400,2015.92,14.22,0.556627291
239450,2016.92,14.22,0.556699271
239500,2022.52,14.22,0.557102704
239550,2028.52,14.22,0.557535602
239600,2029.92,14.22,0.557636708
239650,2030.92,14.22,0.55770895
239700,2035.6,14.22,0.558047288
239750,2040.6,14.22,0.558409215
239800,2043.76,15.0229,0.584685268
239850,2046.76,15.8956,0.61323547
239900,2051.6001,18.0253,0.682781496
239950,2056.6001,20.2352,0.755036795
240000,2064.8201,23.7575,0.870425297
240050,2073.3201,27.3938,0.98980941
240100,2084.1201,29.6593,1.060478194
240150,2095.1201,31.8373,1.127811527
240200,2107.5,33.7954,1.188648485
240250,2120,35.7394,1.249072727
240300,2130.2,38.5294,1.334854545
240350,2140.2,41.3734,1.422248485
240400,2149.74,39.429,1.364483636
240450,2159.24,37.179,1.297453333
240500,2161.8586,27.8226,1.014243467
240550,2163.8789,18.0126,0.692468513
240600,2148.49,9.2347,0.378377648
240650,2131.99,0.5227,0.021359069
240700,2132.8613,0,0
240750,2134.8416,0,0
240800,2135.9199,0,0
240850,2136.9199,0,0
240900,2135.6201,0,0
240950,2134.1201,0,0
241000,2125.26,0,0
241050,2115.76,0,0
241100,2107.6399,0,0
241150,2099.6399,0,0
241200,2084.28,0,0
241250,2068.28,0,0
241300,2051.6667,0,0
241350,2035,0,0
241400,2010.2673,0,0
241450,1985.0198,0,0
241500,1957.24,0,0
241550,1929.24,0,0
241600,1906.3,0,0
241650,1883.8,0,0
241700,1858.08,0,0
241750,1832.08,0,0
241800,1804.7,0,0
241850,1777.2,0,0
241900,1758.4399,0,0
241950,1740.4399,0,0
242000,1717.38,0,0
242050,1693.88,0,0
242100,1669.92,0,0
242150,1645.92,0,0
242200,1629.28,0,0
242250,1613.28,0,0
242300,1597.28,0,0
242350,1581.28,0,0
242400,1565.74,0,0
242450,1550.24,0,0
242500,1539.8,0,0
242550,1529.8,0,0
242600,1517.04,0,0
242650,1504.04,0,0
242700,1497.02,0,0
242750,1490.52,0,0
242800,1485.4,0,0
242850,1480.4,0,0
242900,1477.7,0,0
242950,1475.2,0,0
243000,1471.78,0,0
243050,1468.28,0,0
243100,1468.92,0,0
243150,1469.92,0,0
243200,1473.6801,0,0
243250,1477.6801,0,0
243300,1480.3,0,0
243350,1482.8,0,0
243400,1485.3,0,0
243450,1487.8,0,0
243500,1501.0101,8.6292,0.331918098
243550,1515.1515,17.8092,0.660649445
243600,1522.9802,20.4581,0.748987887
243650,1530.4059,22.6901,0.82336139
243700,1536.98,22.9748,0.832905278
243750,1543.48,23.1352,0.838308689
243800,1550.9,22.2041,0.807456697
243850,1558.4,21.1781,0.773485231
243900,1567.28,23.8118,0.86101672
243950,1576.28,26.7638,0.959001823
244000,1586.2,28.2254,1.006663198
244050,1596.2,29.5574,1.046066565
244100,1606.66,30.6079,1.077187223
244150,1617.16,31.6339,1.107621111
244200,1627.2,30.9211,1.086562396
244250,1637.2,30.0571,1.060995208
244300,1646.74,30.402,1.071262177
244350,1656.24,30.852,1.084660432
244400,1665.28,30.888,1.085775112
244450,1674.28,30.888,1.085820993
244500,1683.28,29.8897,1.056185154
244550,1692.28,28.8277,1.024622614
244600,1700.36,27.5243,0.984352344
244650,1708.36,26.2055,0.941002843
244700,1714.52,25.5313,0.918870263
244750,1720.52,24.9131,0.898594135
244800,1728.8199,24.876,0.897431317
244850,1737.3199,24.876,0.897488534
244900,1742.6,24.876,0.897524044
244950,1747.6,24.876,0.897557648
245000,1753.52,24.876,0.897597407
245050,1759.52,24.876,0.897637671
245100,1766.4399,24.876,0.89768407
245150,1773.4399,24.876,0.897730962
245200,1780.4399,25.4456,0.916416019
245250,1787.4399,26.0515,0.936271213
245300,1795.36,28.8265,1.024738635
245350,1803.36,31.7902,1.113501878
245400,1813.66,40.9976,1.389468272
245450,1824.16,50.6035,1.685239375
245500,1838.34,60.4138,1.992254375
245550,1852.84,70.2418,2.327525609
245600,1861.36,79.0762,2.639981959
245650,1869.36,87.8242,2.963052844
245700,1877.36,94.1544,3.23375949
245750,1885.36,100.2744,3.502072508
245800,1895.66,100.3291,3.505526053
245850,1906.16,99.8564,3.485537515
245900,1915.28,99.828,3.485099898
245950,1924.28,99.828,3.485890942
246000,1936.04,99.828,3.486923636
246050,1948.04,99.828,3.487976315
246100,1960.96,99.828,3.489108469
246150,1973.96,99.828,3.490246348
246200,1986.04,99.6926,3.485412015
246250,1998.04,99.5486,3.480201791
246300,2011.88,99.54,3.485149877
246350,2025.88,99.54,3.491232443
246400,2039.42,99.54,3.49712929
246450,2052.9199,99.54,3.503145409
246500,2067.3401,99.674,3.515790955
246550,2081.8401,99.8166,3.528863682
246600,2098.1799,102.8254,3.6730545
246650,2114.6799,106.0834,3.828645409
246700,2127.96,110.9273,4.073093005
246750,2140.96,115.9091,4.381475552
246800,2154.4199,116.1911,4.405309235
246850,2167.9199,116.1731,4.411014317
246900,2180.5,116.172,4.417234781
246950,2193,116.172,4.423443835
247000,2203.6599,115.252,4.373995468
247050,2214.1599,114.252,4.319968815
247100,2223.74,113.2276,4.264279998
247150,2233.24,112.2016,4.208705389
247200,2244.5801,111.7508,4.188275455
247250,2256.0801,111.3368,4.170203622
247300,2266.2,110.9567,4.153456237
247350,2276.2,110.5787,4.136844628
247400,2287.1201,110.5898,4.143511317
247450,2298.1201,110.6258,4.151636119
247500,2309.5801,112.6415,4.274812214
247550,2321.0801,114.7835,4.404661615
247600,2333.04,114.1079,4.37146553
247650,2345.04,113.2524,4.32812126
247700,2357.04,113.184,4.330178286
247750,2369.04,113.184,4.336137916
247800,2382.8799,111.2299,4.231508682
247850,2396.8799,109.1059,4.117964275
247900,2410.8799,108.3233,4.081168556
247950,2424.8799,107.6573,4.051193423
248000,2439.3401,106.5607,3.997913682
248050,2453.8401,105.4267,3.952959136
248100,2469.26,105.6204,3.968772727
248150,2484.76,105.9295,3.989868182
248200,2499.3401,104.3914,3.926581864
248250,2513.8401,102.7354,3.864990548
248300,2528.8,102.3145,3.860289648
248350,2543.8,101.9725,3.859218287
248400,2556.96,101.2244,3.837616981
248450,2569.96,100.4504,3.814520399
248500,2582.5,98.3434,3.728984667
248550,2595,96.1514,3.638916554
248600,2608.8799,94.9162,3.594226485
248650,2622.8799,93.7642,3.553232011
248700,2634.5801,92.9599,3.526197007
248750,2646.0801,92.1859,3.500247319
248800,2658.96,91.6769,3.488179205
248850,2671.96,91.1909,3.477252625
248900,2683.5801,90.3324,3.447752629
248950,2695.0801,89.4415,3.416555555
249000,2706.1201,86.9756,3.311485952
249050,2717.1201,84.4093,3.201416541
249100,2727.6599,82.3493,3.114310938
249150,2738.1599,80.3333,3.029006335
249200,2749.5801,78.665,2.966299936
249250,2761.0801,77.027,2.908896162
249300,2774.8799,73.3025,2.769094342
249350,2788.8799,69.3965,2.621498955
249400,2803.3401,66.4244,2.511209329
249450,2817.8401,63.5335,2.401551873
249500,2833.26,62.0741,2.350266324
249550,2848.76,60.7061,2.302067447
249600,2862.8799,60.2348,2.290271556
249650,2876.8799,59.8208,2.280677905
249700,2889.96,59.3392,2.267524511
249750,2902.96,58.8532,2.253957784
249800,2914.5801,58.5702,2.248251525
249850,2926.0801,58.3002,2.242975994
249900,2935.28,57.9118,2.231140326
249950,2944.28,57.5158,2.218742721
250000,2952.8201,53.907,2.063599703
250050,2961.3201,50.0931,1.914368408
250100,2968.4399,44.1509,1.694794516
250150,2975.4399,38.0236,1.471281481
250200,2976,34.695,1.360646681
250250,2976,31.545,1.255817204
250300,2980.1399,32.6758,1.294320705
250350,2984.6399,34.0798,1.342077012
250400,2988.22,32.4382,1.28809861
250450,2991.72,30.6022,1.227533757
250500,2992.46,28.5631,1.159588948
250550,2992.96,26.5111,1.091151886
250600,2994.8401,26.388,1.087357384
250650,2996.8401,26.388,1.087694395
250700,3002.0601,26.388,1.08867847
250750,3007.5601,26.388,1.089886262
250800,3013.0601,25.9022,1.074767657
250850,3018.5601,25.3853,1.058535126
250900,3024.52,25.7083,1.070689398
250950,3030.52,26.1043,1.085381571
251000,3036.0601,26.8481,1.111840119
251050,3041.5601,27.6221,1.139433445
251100,3048.4399,27.6674,1.142654156
251150,3055.4399,27.6494,1.143758014
251200,3062.4399,27.5818,1.143167353
251250,3069.4399,27.5098,1.142422032
251300,3075.52,27.1231,1.130596634
251350,3081.52,26.7091,1.117750102
251400,3086.1399,26.676,1.117706083
251450,3090.6399,26.676,1.118781342
251500,3096.0601,26.6098,1.117780461
251550,3101.5601,26.5378,1.116592163
251600,3107.98,26.532,1.117931578
251650,3114.48,26.532,1.119500639
251700,3118.6799,26.7638,1.128652416
251750,3122.6799,27.0158,1.138495966
251800,3128.52,28.1455,1.179765232
251850,3134.52,29.3515,1.223976098
251900,3138.6799,30.5575,1.26784435
251950,3142.6799,31.7635,1.311813221
252000,3147.1399,32.953,1.35550201
252050,3151.6399,34.141,1.399315554
252100,3158.4399,36.2398,1.476668727
252150,3165.4399,38.4178,1.560747175
252200,3171.98,39.4862,1.604069528
252250,3178.48,40.4582,1.643746581
252300,3180.3799,40.5029,1.646274164
252350,3181.8799,40.4669,1.64556774
252400,3186.1399,40.4143,1.645442938
252450,3190.6399,40.3603,1.645370335
252500,3194.22,40.4222,1.64928955
252550,3197.72,40.4942,1.653557962
252600,3200.76,40.4834,1.654484252
252650,3203.76,40.4654,1.655120027
252700,3208.6001,40.464,1.657195122
252750,3213.6001,40.464,1.659394631
252800,3218.6001,40.464,1.661595143
252850,3223.6001,40.464,1.663796657
252900,3228.6001,40.2984,1.659708739
252950,3233.6001,40.1184,1.655071838
253000,3239.0601,40.5724,1.674729708
253050,3244.5601,41.0815,1.696509595
253100,3250.52,41.9664,1.73279366
253150,3256.52,42.8753,1.770028164
253200,3262.0601,43.2792,1.787865063
253250,3267.5601,43.6392,1.804022492
253300,3274.4399,43.7177,1.810091604
253350,3281.4399,43.7717,1.815285548
253400,3287.0601,43.776,1.817970569
253450,3292.5601,43.776,1.820439188
253500,3298.0601,43.9747,1.830480786
253550,3303.5601,44.1907,1.841186842
253600,3308.6001,45.2678,1.884520177
253650,3313.6001,46.4198,1.930711525
253700,3318.6001,48.3502,2.007557895
253750,3323.6001,50.3482,2.097195538
253800,3329.52,52.0646,2.17491942
253850,3335.52,53.7566,2.251502848
253900,3338.76,56.3429,2.365522707
253950,3341.76,59.0069,2.482713734
254000,3345.22,56.587,2.379189316
254050,3348.72,53.725,2.25658153
254100,3350.3799,54.9864,2.312146544
254150,3351.8799,56.6064,2.383175318
254200,3352.9199,56.5373,2.380667161
254250,3353.9199,56.3213,2.371767027
254300,3359.0601,56.1715,2.367701
254350,3364.5601,56.0275,2.364061942
254400,3371.4399,54.4759,2.300144599
254450,3378.4399,52.8019,2.231104529
254500,3383.1399,46.8389,1.978446205
254550,3387.6399,40.5029,1.738072884
254600,3389.3799,35.6242,1.552161796
254650,3390.8799,30.8722,1.366663232
254700,3392.8401,29.1341,1.29862948
254750,3394.8401,27.6581,1.240867945
254800,3396.3665,27.9871,1.254416504
254850,3397.8516,28.4731,1.274199069
254900,3399.3635,27.419,1.23287332
254950,3400.8789,26.231,1.186170164
255000,3403.3,26.1194,1.182472418
255050,3405.8,26.1014,1.182517534
255100,3407.3799,25.8185,1.171725329
255150,3408.8799,25.5125,1.159972271
255200,3407.1599,27.1109,1.223158595
255250,3405.1599,28.8749,1.292736427
255300,3405.46,28.7345,1.287253263
255350,3405.96,28.4285,1.275243739
255400,3406,27.725,1.247240055
255450,3406,26.987,1.217848438
255500,3402.78,27.6473,1.243072428
255550,3399.28,28.4291,1.272947619
255600,3399.9199,26.2312,1.185884978
255650,3400.9199,23.843,1.091304628
255700,3389.04,12.7721,0.658302213
255750,3376.04,0.9461,0.054383965
255800,3355.22,0,0
255850,3333.72,0,0
255900,3328.78,0,0
255950,3325.28,0,0
256000,3313.5,0,0
256050,3301,0,0
256100,3291.26,1.3579,0.076856603
256150,3281.76,2.8339,0.160122108
256200,3279.6201,4.0284,0.227526175
256250,3278.1201,5.1984,0.29352882
256300,3264.2,5.4907,0.309255763
256350,3249.2,5.7067,0.320555021
256400,3238.3401,6.2042,0.347821472
256450,3227.8401,6.7262,0.376376993
256500,3219.6399,6.7846,0.379088241
256550,3211.6399,6.8026,0.37955108
256600,3200.8799,4.8665,0.271005739
256650,3189.8799,2.7605,0.153426025
256700,3179.8,4.3639,0.242107471
256750,3169.8,6.2899,0.34834277
256800,3155.6599,6.7752,0.374281394
256850,3141.1599,7.1352,0.393161045
256900,3120.22,7.2799,0.399658617
256950,3098.72,7.4059,0.405046003
257000,3077.6799,7.9128,0.431181791
257050,3056.6799,8.4528,0.458926783
257100,3039.8201,8.5291,0.46171688
257150,3023.3201,8.5651,0.4623442
257200,3015.5601,8.1209,0.437779465
257250,3008.5601,7.6349,0.4110839
257300,2996.96,7.1158,0.38202044
257350,2984.96,6.5938,0.352000646
257400,2984.46,6.2539,0.333777167
257450,2984.96,5.9299,0.316559287
257500,3004.3201,5.9868,0.322110374
257550,3025.3201,6.0768,0.328139099
257600,2985.1399,5.8522,0.312437788
257650,2939.6399,5.6002,0.292726494
257700,2938.76,6.8882,0.359905516
257750,2941.76,8.3102,0.434804174
257800,2937.3999,8.5068,0.444198888
257850,2932.3999,8.5968,0.447869411
257900,2926.02,8.604,0.446937264
257950,2919.52,8.604,0.445613227
258000,2913.48,8.2894,0.428141058
258050,2907.48,7.9474,0.409360665
258100,2904.24,7.506,0.38605773
258150,2901.24,7.056,0.362420674
258200,2899.1599,11.5243,0.561569613
258250,2897.1599,16.4203,0.730555761
258300,2902.52,20.5546,0.874338751
258350,2908.52,24.6226,1.015129069
258400,2909.9199,25.7429,1.052121402
258450,2910.9199,26.6069,1.08065203
258500,2914.22,27.6696,1.116114913
258550,2917.72,28.7496,1.152230164
258600,2918.46,31.3531,1.237988475
258650,2918.96,34.0891,1.328079502
258700,2923.1399,39.8722,1.521805213
258750,2927.6399,45.9202,1.747529667
258800,2935.8201,47.3976,1.805106785
258850,2944.3201,48.4776,1.848172145
258900,2949.1399,47.9016,1.828379565
258950,2953.6399,47.1816,1.803075948
259000,2955.8401,47.1406,1.802289817
259050,2957.8401,47.1586,1.803636787
259100,2962.6001,49.6771,1.89929248
259150,2967.6001,52.4131,2.003979713
259200,2973.98,53.725,2.065650065
259250,2980.48,54.913,2.122234895
259300,2986.98,53.2526,2.050658415
259350,2993.48,51.3446,1.97294161
259400,3001.3601,50.6952,1.951557975
259450,3009.3601,50.1552,1.934841704
259500,3014.1399,50.7082,1.957788066
259550,3018.6399,51.3562,1.984192678
259600,3026.3601,52.2526,2.025768663
259650,3034.3601,53.1706,2.071619865
259700,3038.6799,52.3498,2.036806578
259750,3042.6799,51.3778,1.995855132
259800,3049.3762,51.7802,2.016829758
259850,3056.3069,52.3022,2.04411501
259900,3101.1001,53.8178,2.135923869
259950,3150.1001,55.4198,2.232620401
260000,3160.8501,54.5047,2.197316171
260050,3167.3501,53.3707,2.150204387
260100,3154.5,55.7143,2.247950334
260150,3139.5,58.3603,2.358467348
260200,3133.05,59.1185,2.389174196
260250,3127.55,59.7125,2.413052404
260300,3131.05,62.6746,2.545106911
260350,3135.55,65.8426,2.682983797
260400,3143.2727,68.6462,2.807154277
260450,3151.3535,71.4182,2.930569719
260500,3161.2,71.7559,2.950496646
260550,3171.2,71.8819,2.961448496
260600,3179.3601,71.7595,2.96067486
260650,3187.3601,71.6155,2.958873422
260700,3196.28,71.1734,2.944630634
260750,3205.28,70.7054,2.929250137
260800,3212.8999,70.3699,2.918828454
260850,3220.3999,70.0459,2.908808747
260900,3224.6799,68.6952,2.852135705
260950,3228.6799,67.2552,2.791305259
261000,3234.0601,67.4381,2.802132035
261050,3239.5601,67.7621,2.819232942
261100,3244.1399,67.5396,2.811901844
261150,3248.6399,67.2696,2.802427572
261200,3254.0601,67.1983,2.802157167
261250,3259.5601,67.1443,2.802690037
261300,3265.0601,67.1566,2.806146785
261350,3270.5601,67.1746,2.809863424
261400,3277.8999,66.9773,2.805053662
261450,3285.3999,66.7613,2.799485574
261500,3292.4399,64.823,2.717276133
261550,3299.4399,62.735,2.628142846
261600,3308.28,62.4521,2.619941874
261650,3317.28,62.3261,2.618784046
261700,3325.8201,62.2166,2.618130604
261750,3334.3201,62.1086,2.617521896
261800,3343.28,62.4478,2.637196043
261850,3352.28,62.8258,2.65871274
261900,3360.8201,62.4254,2.645032835
261950,3369.3201,61.9574,2.628231025
262000,3376.8999,64.0231,2.725393448
262050,3384.3999,66.3091,2.832814088
262100,3390.0601,70.6154,3.033400609
262150,3395.5601,75.0974,3.255074406
262200,3401.0601,76.6483,3.3340907
262250,3406.5601,77.9443,3.400712404
262300,3409.76,77.8824,3.399748813
262350,3412.76,77.7024,3.392905813
262400,3416.6799,77.8039,3.400360754
262450,3420.6799,77.9299,3.409061463
262500,3426.0601,77.6419,3.398482722
262550,3431.5601,77.3179,3.386224782
262600,3436.6001,76.8118,3.364797563
262650,3441.6001,76.2898,3.342565804
262700,3449.3601,75.7843,3.322899544
262750,3457.3601,75.2803,3.303453932
262800,3462.1399,75.24,3.304546665
262850,3466.6399,75.24,3.307425191
262900,3471.6001,75.0247,3.300102056
262950,3476.6001,74.7907,3.291891181
263000,3482.52,74.772,3.294765805
263050,3488.52,74.772,3.298604332
263100,3495.4399,74.7887,3.303847047
263150,3502.4399,74.8066,3.308939529
263200,3508.98,73.7316,3.259922063
263250,3515.48,72.5616,3.206145043
263300,3522.8999,71.6731,3.166514072
263350,3530.3999,70.8091,3.128037854
263400,3535.6001,70.6572,3.123237208
263450,3540.6001,70.5672,3.121365039
263500,3546.98,69.9473,3.094164465
263550,3553.48,69.2813,3.064706414
263600,3560.4399,68.9962,3.054166855
263650,3567.4399,68.7442,3.045256354
263700,3573.52,68.7074,3.046480573
263750,3579.52,68.6894,3.048594769
263800,3585.98,68.423,3.038671953
263850,3592.48,68.135,3.027681955
263900,3598.98,67.9464,3.021590789
263950,3605.48,67.7664,3.015913942
264000,3610.6001,67.603,3.010362898
264050,3615.6001,67.441,3.004813181
264100,3621.4363,67.428,3.007070182
264150,3627.3455,67.428,3.010013688
264200,3633.6799,67.0262,2.993428028
264250,3640.1799,66.4682,2.969731126
264300,3647.3999,66.2083,2.960644131
264350,3654.8999,66.0643,2.957245384
264400,3660.24,65.8426,2.949064305
264450,3664.74,65.5906,2.939003496
264500,3670.6799,65.5718,2.940880232
264550,3677.1799,65.6438,2.947428114
264600,3683.3201,65.2234,2.929918706
264650,3689.3201,64.6114,2.902975016
264700,3695.6799,62.5349,2.804794718
264750,3702.1799,59.8889,2.67858657
264800,3708.3201,58.9406,2.634774077
264850,3714.3201,58.6526,2.623079045
264900,3721.76,57.587,2.573803572
264950,3729.76,56.219,2.509704582
265000,3735.24,55.1232,2.4638686
265050,3739.74,54.1332,2.423573703
265100,3745.6799,52.6507,2.363006325
265150,3752.1799,50.9767,2.294585988
265200,3754.3601,49.7822,2.244986096
265250,3754.8601,48.7742,2.202698242
265300,3757.52,48.5438,2.193868736
265350,3761.02,48.6158,2.198049292
265400,3763.4399,48.7526,2.204602332
265450,3765.4399,48.9146,2.212077244
265500,3769.96,49.6469,2.24437688
265550,3775.46,50.6009,2.286309982
265600,3782.3999,52.9286,2.386469114
265650,3789.8999,55.7906,2.5109204
265700,3795.96,57.3955,2.593331688
265750,3801.46,58.5115,2.651316186
265800,3806.6001,58.824,2.669082026
265850,3811.6001,58.824,2.671170339
265900,3818.3999,58.6555,2.665557995
265950,3825.8999,58.4215,2.656922994
266000,3831.6001,58.356,2.655998288
266050,3836.6001,58.356,2.658083241
266100,3842.3201,57.7728,2.631012517
266150,3848.3201,56.9628,2.592501072
266200,3854.6799,55.8806,2.540218378
266250,3861.1799,54.6926,2.485505544
266300,3869.8401,53.9842,2.458541327
266350,3879.3401,53.4622,2.43967056
266400,3887.04,53.2253,2.432183007
266450,3894.04,53.0993,2.429121186
266500,3901.04,52.74,2.416298532
266550,3908.04,52.29,2.399689402
266600,3913.24,51.1402,2.353249744
266650,3917.74,49.7182,2.295224022
266700,3922.96,48.0758,2.228240291
266750,3928.46,46.3478,2.15780086
266800,3926.792,34.0445,1.606978991
266850,3922.3367,17.6285,0.909719823
266900,3898.3738,8.3405,0.510205445
266950,3866.0505,1.8245,0.112153389
267000,3850.8799,0,0
267050,3842.3799,0,0
267100,3836.3999,0,0
267150,3831.3999,0,0
267200,3822.0801,0,0
267250,3811.0801,0,0
267300,3800.4399,0,0
267350,3789.9399,0,0
267400,3777.6399,0,0
267450,3764.6399,0,0
267500,3745.8799,0,0
267550,3724.8799,0,0
267600,3700.6399,0,0
267650,3675.1399,0,0
267700,3647.48,0,0
267750,3618.98,0,0
267800,3588.3201,0,0
267850,3556.8201,0,0
267900,3525.6799,0,0
267950,3494.6799,0,0
268000,3462.6001,0,0
268050,3430.1001,0,0
268100,3397.24,0,0
268150,3364.24,0,0
268200,3329.0801,0,0
268250,3293.0801,0,0
268300,3258.52,0,0
268350,3224.52,0,0
268400,3190.52,0,0
268450,3156.52,0,0
268500,3128.28,0,0
268550,3102.28,0,0
268600,3077.72,0,0
268650,3053.72,0,0
268700,3033.6799,0,0
268750,3015.1799,0,0
268800,3001.72,0,0
268850,2990.22,0,0
268900,2975.1201,0,0
268950,2958.6201,0,0
269000,2941.04,0,0
269050,2923.04,0,0
269100,2907.2,0,0
269150,2892.2,0,0
269200,2875.04,0,0
269250,2857.04,0,0
269300,2839.04,0,0
269350,2821.04,0,0
269400,2800.8799,0,0
269450,2779.8799,0,0
269500,2757.0801,0,0
269550,2733.5801,0,0
269600,2710.4399,0,0
269650,2687.4399,0,0
269700,2664.4399,0,0
269750,2641.4399,0,0
269800,2617.3601,0,0
269850,2592.8601,0,0
269900,2567.6399,0,0
269950,2542.1399,0,0
270000,2516.6399,0,0
270050,2491.1399,0,0
270100,2465.28,0,0
270150,2439.28,0,0
270200,2412.9199,0,0
270250,2386.4199,0,0
270300,2359.2,0,0
270350,2331.7,0,0
270400,2304.9199,0,0
270450,2278.4199,0,0
270500,2252.6399,0,0
270550,2227.1399,0,0
270600,2200.5601,0,0
270650,2173.5601,0,0
270700,2146.5601,0,0
270750,2119.5601,0,0
270800,2095.4399,0,0
270850,2072.4399,0,0
270900,2053.3999,0,0
270950,2035.9,0,0
271000,2016.6,0,0
271050,1996.6,0,0
271100,1974.4399,0,0
271150,1951.4399,0,0
271200,1935.28,0,0
271250,1921.78,0,0
271300,1915.12,0,0
271350,1911.12,0,0
271400,1910,0,0
271450,1910,0,0
271500,1906.04,0,0
271550,1900.54,0,0
271600,1897.92,0,0
271650,1896.42,0,0
271700,1895.64,0,0
271750,1895.14,0,0
271800,1895,0,0
271850,1895,0,0
271900,1896.08,0,0
271950,1897.58,0,0
272000,1899.4399,0,0
272050,1901.4399,0,0
272100,1903.4399,0,0
272150,1905.4399,0,0
272200,1907.4399,0,0
272250,1909.4399,0,0
272300,1920.8,3.2918,0.130842979
272350,1935.8,7.8638,0.312944716
272400,1941.4399,11.7101,0.46621985
272450,1943.4399,15.2741,0.587983633
272500,1949.76,17.4384,0.658195338
272550,1957.76,19.0584,0.7107731
272600,1965.3466,19.836,0.736055059
272650,1972.7722,20.286,0.750723403
272700,1978.85,19.9843,0.741075726
272750,1984.35,19.3903,0.721987039
272800,1989.5354,20.196,0.74808799
272850,1994.5858,21.546,0.791733704
272900,2001.04,21.6,0.79365489
272950,2008.04,21.15,0.779841281
273000,2013.96,20.687,0.765475618
273050,2019.46,20.219,0.750885449
273100,2024.24,20.088,0.747110964
273150,2028.74,20.088,0.747546385
273200,2033.9208,20.088,0.748048309
273250,2039.3663,20.088,0.748576605
273300,2043.8282,20.088,0.749010034
273350,2047.8687,20.088,0.749402961
273400,2052.24,20.736,0.770873605
273450,2056.74,21.636,0.800570889
273500,2060.8799,23.184,0.851332781
273550,2064.8799,24.984,0.910330601
273600,2071.76,27.0043,0.976926353
273650,2079.76,29.1103,1.043313333
273700,2088.1201,34.0805,1.1949388
273750,2096.6201,40.1645,1.380332739
273800,2109.4399,49.2552,1.665679733
273850,2123.9399,59.5152,1.996249701
273900,2134.48,66.1334,2.228838218
273950,2143.48,71.3354,2.412347839
274000,2152.8401,75.695,2.571840032
274050,2162.3401,79.727,2.72589123
274100,2168.96,81.2318,2.784429422
274150,2174.46,81.7538,2.805784231
274200,2183.5601,86.7859,2.997669831
274250,2194.0601,93.5719,3.301542418
274300,2204.9199,95.4461,3.389124248
274350,2215.9199,95.4101,3.392295119
274400,2224.76,94.7909,3.368672419
274450,2232.76,93.9449,3.33458682
274500,2244.72,92.1398,3.25953508
274550,2258.22,89.9618,3.168379918
274600,2269.9199,88.7947,3.121280484
274650,2280.9199,88.0207,3.091316716
274700,2291.5601,87.7133,3.081962384
274750,2302.0601,87.5873,3.080632729
274800,2312.5601,87.6557,3.087988893
274850,2323.0601,87.7997,3.098740841
274900,2335,89.784,3.192521272
274950,2347.5,92.484,3.318829859
275000,2358.4851,94.4323,3.411015288
275050,2368.8811,96.0883,3.489988024
275100,2378.01,96.9926,3.535122727
275150,2386.5959,97.6046,3.566843591
275200,2394.04,97.3742,3.559754545
275250,2401.04,96.8162,3.537572727
275300,2407.99,96.3619,3.520081818
275350,2414.9209,95.9479,3.504414045
275400,2424.4243,95.6117,3.493496636
275450,2435.0303,95.3057,3.484455583
275500,2444.1201,95.3237,3.489367694
275550,2452.6201,95.4677,3.499723962
275600,2461.8401,95.1451,3.489287209
275650,2471.3401,94.6411,3.470735384
275700,2481.2,94.0334,3.447607725
275750,2491.2,93.3854,3.422670954
275800,2499.76,93.2558,3.420610823
275850,2507.76,93.3278,3.430735023
275900,2513.96,93.2573,3.432922425
275950,2519.46,93.1313,3.431974372
276000,2523.1599,93.096,3.433590326
276050,2526.1599,93.096,3.436206687
276100,2528.8,92.8238,3.426095729
276150,2531.3,92.4458,3.411029526
276200,2535.6001,91.9512,3.392195615
276250,2540.6001,91.4112,3.371875321
276300,2545.6001,90.7157,3.344424402
276350,2550.6001,89.9597,3.314174302
276400,2557.04,89.7221,3.308846508
276450,2564.04,89.6861,3.313226063
276500,2572.1201,89.3261,3.303691256
276550,2580.6201,88.8401,3.288717295
276600,2589.1201,88.6262,3.286212764
276650,2597.6201,88.5182,3.288572962
276700,2608.28,88.0214,3.274901476
276750,2619.78,87.3734,3.254947168
276800,2629.8401,86.868,3.240283534
276850,2639.3401,86.418,3.227663671
276900,2648.48,84.024,3.124763856
276950,2657.48,80.874,2.988515606
277000,2667.5601,75.5597,2.785855915
277050,2678.0601,69.4037,2.549536282
277100,2688.5601,64.8936,2.379962508
277150,2699.0601,61.0236,2.234826267
277200,2709.5601,57.9053,2.11775037
277250,2720.0601,55.0793,2.01103742
277300,2729.1201,51.8645,1.898054616
277350,2737.6201,48.4985,1.780135472
277400,2745.04,44.2771,1.630801794
277450,2752.04,39.7231,1.472599601
277500,2755.8,33.8213,1.285617514
277550,2758.3,27.3953,1.081457609
277600,2760.8,25.1813,1.011308656
277650,2763.3,24.6053,0.992750629
277700,2768.6799,26.2325,1.04600597
277750,2775.1799,28.7165,1.126376434
277800,2784.2,31.2264,1.208249834
277850,2794.2,33.7464,1.290938916
277900,2800.96,34.3354,1.311225832
277950,2806.46,34.1734,1.30715389
278000,2811.96,34.4002,1.315588359
278050,2817.46,34.7782,1.328913795
278100,2822.24,33.7824,1.297801647
278150,2826.74,32.2524,1.249327731
278200,2829.4399,30.8779,1.205455388
278250,2831.4399,29.5639,1.16336622
278300,2835.24,30.2458,1.186096333
278350,2839.74,31.7038,1.234114095
278400,2843.8799,32.3194,1.254855309
278450,2847.8799,32.6074,1.264981397
278500,2850.0801,29.4869,1.164201816
278550,2851.5801,25.0409,1.020214352
278600,2853.0801,25.4938,1.035138874
278650,2854.5801,27.8518,1.111923084
278700,2858.96,31.0651,1.217076842
278750,2864.46,34.6111,1.333476056
278800,2871.7029,37.7035,1.435770335
278850,2879.6238,40.6195,1.536965489
278900,2885.5,43.2374,1.635073813
278950,2890.5,45.7394,1.728831805
279000,2896.2424,47.3342,1.789528071
279050,2902.303,48.5762,1.837423664
279100,2909.3999,48.0686,1.821068157
279150,2916.8999,46.8806,1.779605639
279200,2922.24,46.1592,1.754630959
279250,2926.74,45.6192,1.736068088
279300,2931.96,45.1958,1.722036862
279350,2937.46,44.8178,1.709756718
279400,2944.76,43.3642,1.657988163
279450,2952.76,41.4922,1.590699612
279500,2957.52,38.9722,1.498320878
279550,2961.02,36.2002,1.407236479
279600,2962.3601,33.48,1.317276869
279650,2962.8601,30.78,1.227773301
279700,2964.4399,30.0758,1.204703944
279750,2966.4399,30.1478,1.20747856
279800,2968.0693,30.0773,1.205449463
279850,2969.5544,29.9513,1.201546832
279900,2970.707,29.0606,1.172157686
279950,2971.7173,27.8726,1.132843923
280000,2970.5601,27.3067,1.113827552
280050,2968.5601,26.9827,1.102715664
280100,2967.6399,27.0605,1.10514329
280150,2967.1399,27.2945,1.112830844
280200,2967.72,27.9562,1.134914341
280250,2968.72,28.7842,1.162605516
280300,2970.4399,30.9341,1.234385389
280350,2972.4399,33.5981,1.323372044
280400,2974.4399,34.9531,1.368883665
280450,2976.4399,35.7991,1.397492201
280500,2977.72,36.036,1.405675638
280550,2978.72,36.036,1.405909229
280600,2981.52,36.1008,1.408722749
280650,2985.02,36.1908,1.412544299
280700,2987.4399,39.0154,1.508249845
280750,2989.4399,42.9034,1.654710571
280800,2993.96,47.219,1.81819064
280850,2999.46,51.701,1.988557506
280900,3005.3201,54.7315,2.126970079
280950,3011.3201,57.1975,2.242055932
281000,3017.2773,60.3374,2.387495943
281050,3023.2178,63.7394,2.54118308
281100,3027.4749,67.0118,2.680224841
281150,3031.01,70.2338,2.817032829
281200,3034.52,71.9266,2.889854205
281250,3038.02,73.0246,2.937797076
281300,3043.6799,73.9411,2.979352726
281350,3050.1799,74.7871,3.021249528
281400,3057.04,74.8685,3.029502083
281450,3064.04,74.6525,3.023459949
281500,3070.3201,73.309,2.967154381
281550,3076.3201,71.527,2.894975183
281600,3081.6001,71.8963,2.913419119
281650,3086.6001,73.1023,2.967251442
281700,3091.6001,73.3104,2.978815687
281750,3096.6001,73.1304,2.973904075
281800,3100.1599,73.0541,2.972607087
281850,3103.1599,73.0181,2.972717457
281900,3105.4399,72.684,2.959735887
281950,3107.4399,72.234,2.941651017
282000,3110.52,72.3672,2.949000122
282050,3114.02,72.7272,2.966265919
282100,3117.1599,71.3894,2.910861634
282150,3120.1599,69.3914,2.827101346
282200,3124.5645,70.2446,2.865878025
282250,3129.5149,72.2066,2.952490581
282300,3135.2,72.1728,2.954152287
282350,3141.2,71.3628,2.922676943
282400,3147.2424,71.0712,2.913421714
282450,3153.303,70.9812,2.912827264
282500,3158.9209,71.4614,2.93655678
282550,3164.3665,72.1634,2.969814825
282600,3171.25,71.8286,2.959173844
282650,3178.75,71.0906,2.931396939
282700,3185.55,69.925,2.884623577
282750,3192.05,68.593,2.830334677
282800,3199.25,68.22,2.817929733
282850,3206.75,68.22,2.82187876
282900,3214.25,62.8692,2.59256138
282950,3221.75,55.4375,2.269173628
283000,3225.3999,46.6153,1.898216861
283050,3227.3999,37.1971,1.541381619
283100,3224.1499,28.5466,1.221222438
283150,3218.6499,20.1946,0.913481664
283200,3200.3838,11.4278,0.589564089
283250,3176.6465,2.4998,0.138610328
283300,3166.3999,0,0
283350,3161.3999,0,0
283400,3153.1599,0,0
283450,3143.6599,0,0
283500,3134.52,0,0
283550,3125.52,0,0
283600,3115.0801,0,0
283650,3104.0801,0,0
283700,3088.3999,0,0
283750,3070.8999,0,0
283800,3053.1682,0,0
283850,3035.3464,0,0
283900,3016.5657,0,0
283950,2997.3738,0,0
284000,2976.8799,0,0
284050,2955.8799,0,0
284100,2935.24,0,0
284150,2914.74,0,0
284200,2894.6001,0,0
284250,2874.6001,0,0
284300,2852.8,0,0
284350,2830.3,0,0
284400,2808.3169,0,0
284450,2786.5347,0,0
284500,2764.4443,0,0
284550,2742.2222,0,0
284600,2719.8,0,0
284650,2697.3,0,0
284700,2671.2,0,0
284750,2643.7,0,0
284800,2614.76,0,0
284850,2585.26,0,0
284900,2556.1201,0,0
284950,2527.1201,0,0
285000,2499.9199,0,0
285050,2473.4199,0,0
285100,2446.5601,0,0
285150,2419.5601,0,0
285200,2391.8401,0,0
285250,2363.8401,0,0
285300,2339.0801,0,0
285350,2315.5801,0,0
285400,2294.6001,0,0
285450,2274.6001,0,0
285500,2253.3169,0,0
285550,2231.5347,0,0
285600,2206.8,0,0
285650,2180.8,0,0
285700,2156.8999,0,0
285750,2133.8999,0,0
285800,2113,0,0
285850,2093,0,0
285900,2069.8501,0,0
285950,2045.35,0,0
286000,2022.25,0,0
286050,1999.75,0,0
286100,1977.95,0,0
286150,1956.45,0,0
286200,1934.95,0,0
286250,1913.45,0,0
286300,1890.9,0,0
286350,1867.9,0,0
286400,1847.35,0,0
286450,1827.85,0,0
286500,1808,0,0
286550,1788,0,0
286600,1769.2727,0,0
286650,1751.0909,0,0
286700,1736.0198,0,0
286750,1722.1584,0,0
286800,1713.45,0,0
286850,1706.95,0,0
286900,1703.9395,0,0
286950,1702.4242,0,0
287000,1709.5601,6.2986,0.246222962
287050,1720.0601,15.0466,0.574462916
287100,1728.76,22.4986,0.819374657
287150,1736.76,29.4466,1.043147983
287200,1748.36,32.8824,1.145729015
287250,1761.36,34.9524,1.207675176
287300,1773.64,34.0805,1.181763994
287350,1785.64,32.0645,1.121587066
287400,1795.48,29.232,1.036876247
287450,1804.48,26.082,0.937338609
287500,1815.64,24.7594,0.894206184
287550,1827.64,24.1474,0.874325075
287600,1838.5601,22.693,0.827004622
287650,1849.0601,20.911,0.769073808
287700,1856.6337,13.0637,0.513685737
287750,1863.0693,2.8577,0.113069386
287800,1861.5,0,0
287850,1856.5,0,0
287900,1858.85,0,0
287950,1864.35,0,0
288000,1874.75,2.2291,0.08827944
288050,1887.25,5.3251,0.211099879
288100,1891.7,7.6954,0.30517199
288150,1892.7,9.7834,0.388005362
288200,1895.45,10.1477,0.402541146
288250,1898.95,9.8417,0.390511108
288300,1900.35,11.4626,0.454877715
288350,1900.85,13.8329,0.540054607
288400,1898.2,14.859,0.573294281
288450,1894.2,15.309,0.587799301
288500,1891.95,15.444,0.592124455
288550,1890.45,15.444,0.592084702
288600,1890.35,15.8328,0.604713343
288650,1890.85,16.3728,0.622269075
288700,1893.8,17.9237,0.672715639
288750,1897.8,19.8677,0.735926561
288800,1904.6,22.4597,0.820173844
288850,1912.6,25.3037,0.912529359
288900,1922.7,27.383,0.979997017
288950,1933.7,29.165,1.035161744
289000,1944.7,30.6101,1.07882974
289050,1955.7,31.9241,1.118593715
289100,1967.05,33.3936,1.163116685
289150,1978.55,34.9236,1.209533667
289200,1988.65,36.311,1.251675363
289250,1998.15,37.643,1.292179362
289300,2008.35,39.636,1.353618182
289350,2018.85,41.886,1.423072727
289400,2032.5,45.0691,1.521980821
289450,2047.5,48.6151,1.635743339
289500,2062.2524,52.4981,1.76076592
289550,2076.8989,56.5121,1.890622698
289600,2090.3601,60.1891,2.011159915
289650,2103.3601,63.7351,2.137484188
289700,2114.5601,66.672,2.242395114
289750,2125.0601,69.372,2.339042137
289800,2136.6399,70.2317,2.37206403
289850,2148.6399,70.3757,2.380318633
289900,2161.3601,65.3098,2.207108929
289950,2174.3601,58.2178,1.965701208
290000,2178.72,41.5483,1.432217576
290050,2179.72,21.1543,0.797668646
290100,2163.4399,9.8842,0.405984655
290150,2140.4399,2.1622,0.088476092
290200,2132.2,0,0
290250,2129.7,0,0
290300,2122.5842,0,0
290350,2113.6733,0,0
290400,2102.5151,0,0
290450,2090.394,0,0
290500,2074.1682,0,0
290550,2056.3464,0,0
290600,2037,0,0
290650,2017,0,0
290700,2000.15,0,0
290750,1984.65,0,0
290800,1967.4,0,0
290850,1949.4,0,0
290900,1932.8,0,0
290950,1916.8,0,0
291000,1900.45,0,0
291050,1883.95,0,0
291100,1865.35,0,0
291150,1845.85,0,0
291200,1827.6262,0,0
291250,1809.9495,0,0
291300,1793.5941,0,0
291350,1777.7524,0,0
291400,1760.4,0,0
291450,1742.4,0,0
291500,1721.95,0,0
291550,1700.45,0,0
291600,1682.1,0,0
291650,1665.1,0,0
291700,1652.65,0,0
291750,1642.15,0,0
291800,1630.95,0,0
291850,1619.45,0,0
291900,1609,0,0
291950,1599,0,0
292000,1590.75,0,0
292050,1583.25,0,0
292100,1577.15,0,0
292150,1571.65,0,0
292200,1568.25,0,0
292250,1565.75,0,0
292300,1566.75,0,0
292350,1569.25,0,0
292400,1571.05,0,0
292450,1572.55,0,0
292500,1576.15,0,0
292550,1580.65,0,0
292600,1585.85,0,0
292650,1591.35,0,0
292700,1596.85,0.5314,0.020591871
292750,1602.35,1.2694,0.049210515
292800,1612.75,6.9192,0.268451376
292850,1625.25,14.4792,0.553038793
292900,1636.35,19.4861,0.718759807
292950,1646.85,23.5001,0.851457564
293000,1654.9,25.1554,0.906149166
293050,1661.9,25.8934,0.930529815
293100,1666.45,25.6594,0.92283626
293150,1669.95,25.0474,0.902682606
293200,1673.1,24.9926,0.900896982
293250,1676.1,25.1546,0.906253912
293300,1680.85,27.6365,0.98802768
293350,1686.35,31.0205,1.089822852
293400,1694.65,33.588,1.166256579
293450,1704.15,35.838,1.233331448
293500,1711.55,36.5717,1.255285628
293550,1718.05,36.7157,1.259674829
293600,1727.7,37.2096,1.274547915
293650,1738.7,37.8396,1.293521386
293700,1747.6,37.679,1.288883981
293750,1755.6,37.211,1.27504718
293800,1766.05,37.7986,1.292776063
293850,1777.55,38.7966,1.32281753
293900,1791.15,41.336,1.399069954
293950,1805.65,44.536,1.495257377
294000,1820.85,48.7297,1.626579688
294050,1836.35,53.3099,1.770195313
294100,1849.75,53.6276,1.780542188
294150,1862.25,52.1185,1.733773438
294200,1874.75,54.3528,1.803985938
294250,1887.25,58.0428,1.919689063
294300,1899.4,62.0698,2.050313001
294350,1911.4,66.2278,2.1932742
294400,1922.35,71.3318,2.368857463
294450,1932.85,76.8038,2.561679933
294500,1942.65,81.252,2.726825613
294550,1952.15,85.302,2.877342377
294600,1962.7,86.5267,2.923566702
294650,1973.7,86.6527,2.929215246
294700,1985.4,86.2992,2.91718182
294750,1997.4,85.7592,2.898257946
294800,2009.75,85.1544,2.879251682
294850,2022.25,84.5244,2.859941385
294900,2034.4,87.5431,2.97596468
294950,2046.4,91.9807,3.170177935
295000,2058.3999,94.2538,3.27441088
295050,2070.3999,95.5993,3.338283887
295100,2081,95.4242,3.335108153
295150,2091,94.6579,3.305762994
295200,2099.95,97.5654,3.437057294
295250,2108.45,102.0474,3.642359091
295300,2117.6499,110.8008,4.05933597
295350,2127.1499,121.3848,4.681724095
295400,2137.7,124.8372,4.873519293
295450,2148.7,125.2332,4.902825921
295500,2158.6499,125.0496,4.900128155
295550,2168.1499,124.6176,4.883380438
295600,2178.7,125.0862,4.917133631
295650,2189.7,125.9407,4.94
295700,2198.6001,128.1946,4.94
295750,2206.6001,130.9926,4.94
295800,2215.3,131.8956,4.94
295850,2224.3,131.9865,4.94
295900,2231.8999,131.6399,4.94
295950,2238.8999,131.123,4.94
296000,2246.25,130.4716,4.94
296050,2253.75,129.7625,4.94
296100,2260.55,127.3219,4.94
296150,2267.05,124.2079,4.936823878
296200,2274.25,122.2966,4.828487865
296250,2281.75,120.8531,4.747229496
296300,2291.3501,120.2927,4.719851416
296350,2301.8501,120.1109,4.715792191
296400,2313.05,120.5395,4.749844279
296450,2324.55,121.2055,4.799578318
296500,2336.3999,121.9882,4.857931625
296550,2348.3999,122.8162,4.920501244
296600,2359.7,120.5986,4.787866936
296650,2370.7,117.1966,4.57546976
296700,2379.95,115.7515,4.488076348
296750,2388.45,115.0675,4.453007326
296800,2399.75,114.876,4.447383374
296850,2412.25,114.876,4.453198482
296900,2424.3999,114.2344,4.422565725
296950,2436.3999,113.3433,4.377969702
297000,2449.1001,112.7069,4.348267114
297050,2462.1001,112.1796,4.324992765
297100,2474.05,110.8915,4.258825896
297150,2485.55,109.3075,4.176288304
297200,2497.3999,108.3197,4.127501393
297250,2509.3999,107.5637,4.098258365
297300,2521.3999,107.8781,4.130184773
297350,2533.3999,108.6088,4.185068625
297400,2545.3999,108.4248,4.189245243
297450,2557.3999,107.8488,4.171771029
297500,2569.05,107.2305,4.151592504
297550,2580.55,106.5942,4.130294971
297600,2591,106.416,4.13298867
297650,2601,106.416,4.144929129
297700,2610.6499,106.416,4.1564267
297750,2620.1499,106.416,4.167721903
297800,2629.6499,106.416,4.1789936
297850,2639.1499,106.416,4.190241863
297900,2650.05,105.8616,4.172824192
297950,2661.55,105.0696,4.143190836
298000,2671.6499,106.932,4.256676708
298050,2681.1499,109.932,4.431171361
298100,2692.05,107.6227,4.318090089
298150,2703.55,103.2487,4.093811627
298200,2714,101.6611,4.020029303
298250,2724,101.1571,4.004612966
298300,2735.75,99.8483,3.953432608
298350,2748.25,98.2265,3.888089954
298400,2759.9546,97.1214,3.846593455
298450,2771.3181,96.2378,3.81528008
298500,2782.25,95.409,3.786016209
298550,2792.75,94.635,3.758829334
298600,2803.25,94.275,3.751822595
298650,2813.75,94.329,3.765165039
298700,2824.25,93.924,3.755914475
298750,2834.75,93.06,3.723880579
298800,2845,92.628,3.712866862
298850,2855,92.628,3.723049345
298900,2865.5,92.628,3.733800053
298950,2876.5,92.628,3.745128187
299000,2887.5,92.628,3.756523923
299050,2898.5,92.628,3.767987868
299100,2908.5,92.628,3.778469342
299150,2917.5,92.628,3.787951685
299200,2927.25,92.628,3.79827704
299250,2937.75,92.628,3.809458575
299300,2948.5,91.494,3.763051573
299350,2959.5,89.226,3.658532587
299400,2970,87.885,3.600503545
299450,2980,87.471,3.589396125
299500,2990,86.76,3.562881058
299550,3000,85.752,3.520829016
299600,3010,85.086,3.493621956
299650,3020,84.762,3.484341775
299700,3030.25,84.978,3.501413622
299750,3040.75,85.734,3.547726531
299800,3051.25,85.176,3.526008644
299850,3061.75,83.304,3.440465193
299900,3071.25,82.593,3.41212539
299950,3079.75,83.043,3.439312274
300000,3088.75,82.566,3.421967626
300050,3098.25,81.162,3.360067665
300100,3108.25,80.793,3.348567293
300150,3118.75,81.459,3.387495461
300200,3129.25,81.792,3.410312229
300250,3139.75,81.792,3.417007765
300300,3150,81.648,3.416569767
300350,3160,81.36,3.408993991
300400,3168.9604,81.234,3.408603882
300450,3176.8811,81.27,3.415403144
300500,3185.8484,81.09,3.412400327
300550,3195.9495,80.694,3.39964578
300600,3206.25,80.226,3.38352128
300650,3216.75,79.686,3.364024683
300700,3226.25,79.3887,3.355658798
300750,3234.75,79.3342,3.358435124
300800,3244.25,79.2153,3.358724511
300850,3254.75,79.0371,3.356773198
300900,3264.5,78.867,3.354735799
300950,3273.5,78.705,3.352612357
301000,3283,78.363,3.342063847
301050,3293,77.841,3.323085295
301100,3302.75,77.508,3.313124122
301150,3312.25,77.364,3.312185603
301200,3321.75,77.013,3.301184174
301250,3331.25,76.455,3.280114258
301300,3340.5,76.176,3.272444782
301350,3349.5,76.176,3.278183092
301400,3358.5,75.798,3.265535157
301450,3367.5,75.042,3.234491315
301500,3377,74.691,3.223463687
301550,3387,74.745,3.232463057
301600,3396.75,74.358,3.219837595
301650,3406.25,73.53,3.185575167
301700,3415.75,73.08,3.16970882
301750,3425.25,73.008,3.172248769
301800,3434.75,72.873,3.171720395
301850,3444.25,72.675,3.168121994
301900,3453.25,72.477,3.164203873
301950,3461.75,72.279,3.159965977
302000,3470.75,71.874,3.145953285
302050,3480.25,71.262,3.122160241
302100,3489.25,70.884,3.109452651
302150,3497.75,70.74,3.107836729
302200,3506.25,70.542,3.102752518
302250,3514.75,70.29,3.094716644
302300,3523.75,70.389,3.104093496
302350,3533.25,70.839,3.130954278
302400,3542.5,71.748,3.18029206
302450,3551.5,73.116,3.25219336
302500,3560.5,74.709,3.335359402
302550,3569.5,76.527,3.429835153
302600,3579,78.372,3.527315792
302650,3589,80.244,3.629694503
302700,3598,81.117,3.680084527
302750,3606,80.991,3.678405692
302800,3613.75,80.901,3.678431878
302850,3621.25,80.847,3.680165129
302900,3629.75,80.703,3.677856507
302950,3639.25,80.469,3.671500329
303000,3647.75,80.1338,3.659305765
303050,3655.25,79.6974,3.64126701
303100,3663,79.5529,3.638459947
303150,3671,79.6776,3.649728387
303200,3679,79.452,3.642875628
303250,3687,78.876,3.617873971
303300,3695,78.5244,3.604475524
303350,3703,78.3971,3.602689537
303400,3712,78.233,3.599595603
303450,3722,78.035,3.59534184
303500,3731,77.94,3.595827495
303550,3739,77.94,3.600643788
303600,3746.75,77.5843,3.586838586
303650,3754.25,76.9003,3.555813621
303700,3761.75,76.4515,3.536990111
303750,3769.25,76.2198,3.529441129
303800,3777,76.023,3.523851636
303850,3785,75.861,3.520218579
303900,3793,75.798,3.521736867
303950,3801,75.834,3.528412938
304000,3808.75,75.735,3.527909855
304050,3816.25,75.501,3.520218935
304100,3824.25,75.213,3.510006128
304150,3832.75,74.871,3.497314344
304200,3840.75,74.547,3.485400008
304250,3848.25,74.241,3.474087971
304300,3856.25,73.656,3.448684464
304350,3864.75,72.792,3.409131314
304400,3873.25,72.387,3.393157983
304450,3881.75,72.441,3.400857671
304500,3889.5,72.387,3.402555415
304550,3896.5,72.225,3.398228943
304600,3904,71.946,3.388116964
304650,3912,71.55,3.372196844
304700,3919.25,71.361,3.366563162
304750,3925.75,71.379,3.371252812
304800,3933.75,71.208,3.366977017
304850,3943.25,70.848,3.353699091
304900,3950.4753,70.38,3.333432295
304950,3955.4258,69.804,3.306174503
305000,3961.6365,69.453,3.291359594
305050,3969.2122,69.327,3.289074845
305100,3977.5,69.138,3.283886194
305150,3986.5,68.886,3.275780573
305200,3994,68.562,3.263013987
305250,4000,68.166,3.245578947
305300,4006.75,68.004,3.239795045
305350,4014.25,68.076,3.246647061
305400,4022,67.932,3.242209781
305450,4030,67.572,3.226441036
305500,4036.5,67.374,3.218601943
305550,4041.5,67.338,3.218722683
305600,4048.5,67.104,3.209154313
305650,4057.5,66.672,3.189855265
305700,4065.75,66.411,3.179295582
305750,4073.25,66.321,3.177513611
305800,4079.75,66.231,3.175326146
305850,4085.25,66.141,3.172732971
305900,4092.25,66.078,3.172178975
305950,4100.75,66.042,3.173670629
306000,4108,65.952,3.171771257
306050,4114,65.808,3.166470147
306100,4120.25,65.655,3.160776319
306150,4126.75,65.493,3.154687899
306200,4133,65.286,3.146067416
306250,4139,65.034,3.134908249
306300,4145.25,64.845,3.127220329
306350,4151.75,64.719,3.123013252
306400,4158.75,64.638,3.121425197
306450,4166.25,64.602,3.122464698
306500,4173,64.521,3.120772685
306550,4179,64.395,3.11634079
306600,4185,64.287,3.112876118
306650,4191,64.197,3.110381505
306700,4197,63.99,3.101526427
306750,4203,63.666,3.086292208
306800,4208.75,63.567,3.083175726
306850,4214.25,63.693,3.092211524
306900,4219.5,63.747,3.097238503
306950,4224.5,63.729,3.09824571
307000,4229.75,63.513,3.088540884
307050,4235.25,63.099,3.068095167
307100,4240.25,62.739,3.050371323
307150,4244.75,62.433,3.035380425
307200,4250,62.361,3.033479452
307250,4256,62.523,3.044701624
307300,4261.75,62.406,3.040530339
307350,4267.25,62.01,3.020922341
307400,4273.25,61.677,3.004936676
307450,4279.75,61.407,2.992464068
307500,4285,61.362,2.991993281
307550,4289,61.542,3.003584625
307600,4293,61.641,3.010595442
307650,4297,61.659,3.013142636
307700,4302,61.596,3.011606057
307750,4308,61.452,3.005974773
307800,4313.75,61.335,3.001730463
307850,4319.25,61.245,2.998857417
307900,4325.25,61.02,2.9885163
307950,4331.75,60.66,2.970703899
308000,4336.75,60.597,2.969084575
308050,4340.25,60.831,2.983715063
308100,4345,60.237,2.951872872
308150,4351,58.815,2.873380314
308200,4356.25,58.167,2.838449502
308250,4360.75,58.293,2.847254656
308300,4366,58.203,2.844035128
308350,4372,57.897,2.828746003
308400,4379.25,57.447,2.805625465
308450,4387.75,56.853,2.774614591
308500,4392,56.601,2.76164525
308550,4392,56.691,2.766808169
308600,4395.25,56.736,2.770523566
308650,4401.75,56.736,2.772796527
308700,4407,56.736,2.774637347
308750,4411,56.736,2.776042867
308800,4415.5,56.655,2.772955358
308850,4420.5,56.493,2.765359741
308900,4425.5,56.412,2.762429183
308950,4430.5,56.412,2.764179882
309000,4435.5,56.412,2.765934639
309050,4440.5,56.412,2.767693468
309100,4445.75,56.853,2.795158855
309150,4451.25,57.735,2.848429776
309200,4455.75,59.22,2.936557606
309250,4459.25,61.308,3.058037424
309300,4464.25,62.496,3.127546891
309350,4470.75,62.784,3.146650367
309400,4476,63.027,3.162702026
309450,4480,63.225,3.175683371
309500,4484.25,63.261,3.17955805
309550,4488.75,63.135,3.174306694
309600,4493,63.045,3.170994806
309650,4497,62.991,3.169627049
309700,4502,62.991,3.172116154
309750,4508,63.045,3.178816663
309800,4513.25,62.964,3.177345685
309850,4517.75,62.748,3.16768166
309900,4522,62.514,3.156820007
309950,4526,62.262,3.144759499
310000,4530.5,61.965,3.130396071
310050,4535.5,61.623,3.113720643
310100,4539.75,61.389,3.102786128
310150,4543.25,61.263,3.097609418
310200,4547.25,61.065,3.088574597
310250,4551.75,60.795,3.075671313
310300,4555.75,60.714,3.073358238
310350,4559.25,60.822,3.081657983
310400,4563.25,60.732,3.078826129
310450,4567.75,60.444,3.06483877
310500,4572.75,60.102,3.047998611
310550,4578.25,59.706,3.028293827
310600,4583,59.373,3.011767434
310650,4587,59.103,2.998378573
310700,4590.75,58.842,2.984943199
310750,4594.25,58.59,2.971876316
310800,4598.25,58.167,2.948786656
310850,4602.75,57.573,2.915636868
310900,4607.25,56.952,2.88078571
310950,4611.75,56.304,2.844227632
311000,4615.75,55.611,2.804589708
311050,4619.25,54.873,2.761877383
311100,4623.2275,54.225,2.724801585
311150,4627.6831,53.667,2.693366066
311200,4632.1816,52.983,2.654235359
311250,4636.7271,52.173,2.607385095
311300,4640.25,51.615,2.575247886
311350,4642.75,51.309,2.557885446
311400,4647,50.814,2.529856203
311450,4653,50.13,2.492838925
311500,4657.5,49.509,2.464113893
311550,4660.5,48.951,2.437862265
311600,4664,48.303,2.407343689
311650,4668,47.565,2.372540338
311700,4672.25,46.962,2.34441928
311750,4676.75,46.494,2.32299315
311800,4682,45.981,2.29957577
311850,4688,45.423,2.274150533
311900,4692,44.937,2.251532226
311950,4694,44.523,2.231754351
312000,4696,44.154,2.214186783
312050,4698,43.83,2.198832146
312100,4701,43.353,2.176223014
312150,4705,42.723,2.146333003
312200,4707.5,42.228,2.122607833
312250,4708.5,41.868,2.105077854
312300,4709.75,41.634,2.093869352
312350,4711.25,41.526,2.088985363
312400,4713.5,41.256,2.076293061
312450,4716.5,40.824,2.055776299
312500,4719.25,40.545,2.042762014
312550,4721.75,40.419,2.037264456
312600,4723.5,40.185,2.026161345
312650,4724.5,39.843,2.009451796
312700,4725.5,39.591,1.997333333
312750,4726.5,39.429,1.989904762
312800,4727.25,39.33,1.985404762
312850,4727.75,39.294,1.983833333
312900,4729.5,39.051,1.972761905
312950,4732.5,38.601,1.952190476
313000,4734.25,38.259,1.936404762
313050,4734.75,38.025,1.925404762
313100,4735,35.829,1.820904762
313150,4735,31.671,1.622904762
313200,4723.25,22.194,1.179958654
313250,4699.75,7.398,0.64610553
313300,4677.75,0,0
313350,4657.25,0,0
313400,4643.25,0,0
313450,4635.75,0,0
313500,4626,0,0
313550,4614,0,0
313600,4602.75,0,0
313650,4592.25,0,0
313700,4580.25,0,0
313750,4566.75,0,0
313800,4553.25,0,0
313850,4539.75,0,0
313900,4524.25,0,0
313950,4506.75,0,0
314000,4488.5,0,0
314050,4469.5,0,0
314100,4449.25,0,0
314150,4427.75,0,0
314200,4406.25,0,0
314250,4384.75,0,0
314300,4362.75,0,0
314350,4340.25,0,0
314400,4316.6235,0,0
314450,4291.8711,0,0
314500,4266.8789,0,0
314550,4241.6265,0,0
314600,4216.25,0,0
314650,4190.75,0,0
314700,4165.5,0,0
314750,4140.5,0,0
314800,4115.75,0,0
314850,4091.25,0,0
314900,4066,0,0
314950,4040,0,0
315000,4014.75,0,0
315050,3990.25,0,0
315100,3967.75,0,0
315150,3947.25,0,0
315200,3930.25,0,0
315250,3916.75,0,0
315300,3903.25,0,0
315350,3889.75,0,0
315400,3876.25,0,0
315450,3862.75,0,0
315500,3847.5,0,0
315550,3830.5,0,0
315600,3813.75,0,0
315650,3797.25,0,0
315700,3782.75,0,0
315750,3770.25,0,0
315800,3758.5,0,0
315850,3747.5,0,0
315900,3736.25,0,0
315950,3724.75,0,0
316000,3713.75,0,0
316050,3703.25,0,0
316100,3693.792,0,0
316150,3685.3762,0,0
316200,3676.6365,0,0
316250,3667.5454,0,0
316300,3657.75,0,0
316350,3647.25,0,0
316400,3637.25,0,0
316450,3627.75,0,0
316500,3617.5,0,0
316550,3606.5,0,0
316600,3595,0,0
316650,3583,0,0
316700,3569.5,0,0
316750,3554.5,0,0
316800,3537.5,0,0
316850,3518.5,0,0
316900,3498,0,0
316950,3476,0,0
317000,3453.25,0,0
317050,3429.75,0,0
317100,3406.3665,0,0
317150,3383.0991,0,0
317200,3359,0,0
317250,3334,0,0
317300,3309.24,0,0
317350,3284.74,0,0
317400,3259.76,0,0
317450,3234.26,0,0
317500,3209,0,0
317550,3184,0,0
317600,3159,0,0
317650,3134,0,0
317700,3112.0303,0,0
317750,3093.3435,0,0
317800,3075.5,0,0
317850,3058.5,0,0
317900,3040.5,0,0
317950,3021.5,0,0
318000,3003,0,0
318050,2985,0,0
318100,2968.75,0,0
318150,2954.25,0,0
318200,2940,0,0
318250,2926,0,0
318300,2910.75,0,0
318350,2894.25,0,0
318400,2878.5,0,0
318450,2863.5,0,0
318500,2848.75,0,0
318550,2834.25,0,0
318600,2821.75,0,0
318650,2811.25,0,0
318700,2800.0593,0,0
318750,2788.1782,0,0
318800,2776,0,0
318850,2763.5,0,0
318900,2750.76,0,0
318950,2737.76,0,0
319000,2725,0,0
319050,2712.5,0,0
319100,2700,0,0
319150,2687.5,0,0
319200,2674.9395,0,0
319250,2662.3132,0,0
319300,2651.25,0,0
319350,2641.75,0,0
319400,2634,0,0
319450,2628,0,0
319500,2624.5049,0,0
319550,2623.5149,0,0
319600,2622.2727,0,0
319650,2620.7576,0,0
319700,2621.7327,1.71,0.077979813
319750,2625.198,5.13,0.234265214
319800,2630.8789,9.378,0.429233155
319850,2638.9597,14.454,0.623063547
319900,2647.5,18.99,0.780940957
319950,2656.5,22.986,0.920267392
320000,2666,26.577,1.041412789
320050,2676,29.763,1.142750589
320100,2684.5,32.418,1.227530991
320150,2691.5,34.542,1.295597356
320200,2696.75,35.388,1.323263893
320250,2700.25,34.956,1.310378025
320300,2702.99,34.947,1.310649049
320350,2704.9702,35.361,1.324098018
320400,2706.24,35.622,1.332586496
320450,2706.74,35.73,1.336094922
320500,2708.2,35.946,1.343209975
320550,2710.7,36.27,1.353955649
320600,2713.697,36.234,1.353452525
320650,2717.2324,35.838,1.341689301
320700,2721.4753,35.793,1.34115436
320750,2726.4258,36.099,1.351875547
320800,2731.8799,36.207,1.356451958
320850,2737.8799,36.117,1.354874171
320900,2743.6667,36.036,1.353533169
320950,2749.2222,35.964,1.352426085
321000,2755.25,36.279,1.363734963
321050,2761.75,36.981,1.38750731
321100,2768.7129,37.17,1.395072954
321150,2776.1387,36.846,1.386366892
321200,2782.6399,36.594,1.379736913
321250,2788.1399,36.414,1.375177962
321300,2794.6365,35.847,1.358411873
321350,2802.2122,34.893,1.329398613
321400,2807.75,33.885,1.298143893
321450,2811.25,32.823,1.26467843
321500,2815.5,32.292,1.248414342
321550,2820.5,32.292,1.249388158
321600,2825.75,32.22,1.248088708
321650,2831.25,32.076,1.244508624
321700,2836,31.923,1.240484138
321750,2840,31.761,1.236015797
321800,2843.7327,31.716,1.235279106
321850,2847.198,31.788,1.238282564
321900,2849.7273,30.537,1.198197786
321950,2851.2424,27.963,1.11496842
322000,2852,25.731,1.042670422
322050,2852,23.841,0.980124163
322100,2851.75,23.067,0.953330752
322150,2851.25,23.409,0.96507488
322200,2851.75,23.409,0.965152534
322250,2853.25,23.067,0.953563595
322300,2853.25,23.058,0.953252493
322350,2851.75,23.382,0.964219235
322400,2850,24.237,0.993501555
322450,2848,25.623,1.038550826
322500,2845.25,25.866,1.046002926
322550,2841.75,24.966,1.016316588
322600,2836.25,24.516,1.000942092
322650,2828.75,24.516,0.999840155
322700,2821.2871,24.759,1.006604483
322750,2813.8613,25.245,1.021168757
322800,2806.6399,25.191,1.018356945
322850,2799.6399,24.597,0.998112636
322900,2792.8484,25.011,1.010544325
322950,2786.2827,26.433,1.055124725
323000,2782.2573,26.478,1.055941043
323050,2780.7722,25.146,1.013099335
323100,2778.5601,23.247,0.948194284
323150,2775.5601,20.781,0.862532564
323200,2772.5454,18.864,0.795838816
323250,2769.5151,17.496,0.748111738
323300,2769.25,16.569,0.716046003
323350,2771.75,16.083,0.69963967
323400,2773.99,15.255,0.671377488
323450,2775.9702,14.085,0.63125909
323500,2777.72,13.032,0.595146649
323550,2779.22,12.096,0.563037526
323600,2781.9199,11.385,0.538884138
323650,2785.9199,10.899,0.522701577
323700,2789.4399,11.223,0.534432026
323750,2792.4399,12.357,0.574071305
323800,2794,12.924,0.593900737
323850,2794,12.924,0.593900737
323900,2793.76,13.509,0.614077458
323950,2793.26,14.679,0.654427638
324000,2792.5151,15.147,0.670484147
324050,2791.5051,14.913,0.662244188
324100,2790.01,16.497,0.716745368
324150,2788.0298,19.899,0.833985195
324200,2787.48,22.698,0.930609321
324250,2788.48,24.894,1.00615672
324300,2788.0303,26.055,1.043285935
324350,2786.01,26.181,1.047012435
324400,2784,26.838,1.067735409
324450,2782,28.026,1.105434602
324500,2782.25,29.619,1.15645175
324550,2784.75,31.617,1.220857192
324600,2786,32.958,1.26403602
324650,2786,33.642,1.285940282
324700,2786.5,34.497,1.313423777
324750,2787.5,35.523,1.346496356
324800,2788.25,36.387,1.374337012
324850,2788.75,37.089,1.396939258
324900,2790.5,40.491,1.507201437
324950,2793.5,46.593,1.729189017
325000,2796.5,47.592,1.766361579
325050,2799.5,43.488,1.618429455
325100,2799.5,41.391,1.542347546
325150,2796.5,41.301,1.538235038
325200,2792.75,40.707,1.5156515
325250,2788.25,39.609,1.477563728
325300,2785.5,38.79,1.450681879
325350,2784.5,38.25,1.43316067
325400,2784.5,38.556,1.442957027
325450,2785.5,39.708,1.480076785
325500,2787.2375,39.744,1.481646028
325550,2789.7129,38.664,1.447628718
325600,2793.1819,37.845,1.422173165
325650,2797.7273,37.287,1.405300638
325700,2802,36.936,1.394987085
325750,2806,36.792,1.391250948
325800,2810.9702,35.577,1.353256027
325850,2816.9109,33.291,1.280878242
325900,2822.1599,32.454,1.254937242
325950,2826.6599,33.066,1.275578688
326000,2832.8789,34.596,1.326283483
326050,2840.9597,37.044,1.407249186
326100,2849.208,38.412,1.453493648
326150,2857.6238,38.7,1.464848503
326200,2864.1599,39.204,1.482812401
326250,2868.6599,39.924,1.508292753
326300,2873.3999,41.652,1.573135203
326350,2878.3999,44.388,1.675246293
326400,2883.1599,46.0857,1.739231078
326450,2887.6599,46.7451,1.764978578
326500,2891.4399,47.1578,1.781432039
326550,2894.4399,47.3033,1.787790345
326600,2897.4399,47.2423,1.786533315
326650,2900.4399,46.975,1.777656186
326700,2903.4399,48.7282,1.843427391
326750,2906.4399,52.6702,1.990188172
326800,2910.3999,54.6676,2.076775019
326850,2915.3999,54.5585,2.074407301
326900,2920.6667,54.315,2.066297797
326950,2926.2222,53.937,2.052401334
327000,2933.4556,53.802,2.049852155
327050,2942.3665,53.91,2.058773506
327100,2950.3601,53.694,2.053001329
327150,2957.3601,53.154,2.032321046
327200,2963.6667,54.081,2.076558523
327250,2969.2222,56.475,2.186291736
327300,2974,57.915,2.253451058
327350,2978,58.401,2.277623069
327400,2980.75,58.545,2.285749629
327450,2982.25,58.347,2.277742763
327500,2983.25,59.094,2.311990451
327550,2983.75,60.786,2.388533453
327600,2983.5,61.056,2.400531579
327650,2982.5,59.904,2.347996398
327700,2982.5,58.419,2.281134624
327750,2983.5,56.601,2.199837823
327800,2984.75,54.486,2.105193166
327850,2986.25,52.074,1.99761869
327900,2986.01,48.402,1.859831301
327950,2984.0298,43.47,1.67425821
328000,2979.8484,36.873,1.434049754
328050,2973.2827,28.611,1.157680695
328100,2967.7722,23.445,0.984431669
328150,2963.3169,21.375,0.912130475
328200,2962.2122,21.195,0.905732434
328250,2964.7373,22.905,0.965278987
328300,2967,24.822,1.030676375
328350,2969,26.946,1.101571171
328400,2972,26.541,1.088615929
328450,2976,23.607,0.991316321
328500,2980.2278,21.717,0.926585308
328550,2984.6831,20.871,0.89800645
328600,2988.697,19.8,0.861572645
328650,2992.2324,18.504,0.817277843
328700,2996,17.73,0.791078448
328750,3000,17.478,0.782975779
328800,3003,17.343,0.778696245
328850,3005,17.325,0.778334084
328900,3006.75,17.316,0.778250862
328950,3008.25,17.316,0.778446992
329000,3008.01,17.649,0.789963056
329050,3006.0298,18.315,0.812780571
329100,3005,19.062,0.838519109
329150,3005,19.89,0.867208343
329200,3004.25,20.844,0.900140646
329250,3002.75,21.924,0.937293424
329300,3001.75,22.374,0.952698247
329350,3001.25,22.194,0.946378969
329400,3000.01,22.995,0.973877265
329450,2998.0298,24.777,1.034037402
329500,2996.52,26.001,1.074706626
329550,2995.52,26.667,1.096794363
329600,2995,29.4327,1.189108282
329650,2995,34.298,1.351658815
329700,2997.1621,38.377,1.488482763
329750,3001.6667,41.604,1.609895495
329800,3006.04,44.7295,1.72932399
329850,3010.04,47.5658,1.83775659
329900,3014.9307,50.636,1.955427436
329950,3022.3564,54.3072,2.116716051
330000,3028.8484,57.4589,2.262847089
330050,3032.3838,59.1316,2.340344614
330100,3036.1699,60.5755,2.407541193
330150,3040.6699,61.431,2.448411713
330200,3045.3,62.2105,2.485861446
330250,3050.3,62.7742,2.512772609
330300,3054.6499,63.4944,2.545063838
330350,3057.1499,64.6171,2.593534608
330400,3059.9099,65.1953,2.61920729
330450,3063.4099,64.2233,2.579811412
330500,3067.3,63.3683,2.545478208
330550,3072.3,62.8463,2.525670908
330600,3077.1699,62.7673,2.524521384
330650,3081.6699,63.9491,2.576638003
330700,3086.04,65.3888,2.639732195
330750,3090.04,67.4918,2.730922942
330800,3093.9099,69.204,2.805594838
330850,3097.4099,69.804,2.832899737
330900,3100.6436,70.9346,2.882683471
330950,3103.1189,73.4297,2.990218447
331000,3106.3333,75.2004,3.076617957
331050,3111.8889,74.9094,3.066034353
331100,3116.1299,74.8946,3.067992613
331150,3116.6299,75.5897,3.101963551
331200,3117.52,76.104,3.127427542
331250,3119.52,76.104,3.128691424
331300,3121.52,76.2487,3.136962196
331350,3123.52,76.7655,3.163252463
331400,3125.3899,79.1838,3.281545405
331450,3126.8899,87.0138,3.672538307
331500,3128.1299,92.9718,3.981266778
331550,3128.6299,93.6018,4.014821833
331600,3129.78,94.0491,4.03983793
331650,3132.78,93.9764,4.038039123
331700,3136.3,93.899,4.036353686
331750,3141.3,93.8099,4.035085816
331800,3146.6899,93.7156,4.033810926
331850,3153.1899,93.6065,4.032520851
331900,3159.4299,93.5679,4.034880673
331950,3164.9299,93.7105,4.046596272
332000,3170.04,93.7073,4.050099783
332050,3174.04,93.2891,4.030136846
332100,3178.5601,93.0329,4.019369242
332150,3184.5601,93.1933,4.032449299
332200,3190.8201,93.2033,4.037504623
332250,3197.8201,92.7851,4.019592882
332300,3204.1699,92.484,4.007600851
332350,3208.6699,92.484,4.010828804
332400,3213.8201,92.484,4.014531021
332450,3220.8201,92.484,4.019576464
332500,3227.95,92.2781,4.013348481
332550,3235.45,91.4861,3.976639899
332600,3242.5601,90.9189,3.952166956
332650,3248.5601,90.9916,3.959941146
332700,3254.95,90.9492,3.962042534
332750,3262.45,90.6106,3.949623756
332800,3269.5601,90.3179,3.939312171
332850,3275.5601,90.1559,3.934992059
332900,3281.9307,90.0828,3.93550118
332950,3289.3564,90.2628,3.949753825
333000,3296.5757,90.396,3.961453723
333050,3303.1414,90.396,3.965853816
333100,3309.95,90.396,3.970415435
333150,3317.45,90.396,3.975438797
333200,3325.21,90.279,3.974613079
333250,3333.71,89.829,3.957147674
333300,3341.6899,89.4211,3.941505878
333350,3348.1899,89.1331,3.931045204
333400,3355.21,88.906,3.924068325
333450,3363.71,88.852,3.926987161
333500,3371.6899,88.7652,3.927870087
333550,3378.1899,88.5852,3.922970025
333600,3385.3401,88.3858,3.917509639
333650,3394.3401,88.1313,3.910458303
333700,3402.6899,87.948,3.906632536
333750,3409.1899,87.948,3.910986429
333800,3415.8201,87.9575,3.915914358
333850,3422.8201,87.9938,3.922465007
333900,3429.95,87.8952,3.922172784
333950,3437.45,87.4497,3.904315691
334000,3445.0801,87.0585,3.88933899
334050,3453.0801,86.8222,3.882566016
334100,3461.0593,86.6171,3.877382614
334150,3468.9802,86.4923,3.876282437
334200,3476.8181,86.4,3.876794505
334250,3484.394,86.4,3.881865875
334300,3491.8201,86.385,3.886066078
334350,3498.8201,86.3316,3.88801069
334400,3505.6899,86.1703,3.883995833
334450,3512.1899,85.7023,3.863944631
334500,3519.0801,85.3092,3.847962067
334550,3527.0801,85.1292,3.843585923
334600,3534.8201,84.9345,3.838292848
334650,3541.8201,84.6982,3.830407632
334700,3549.0801,84.3983,3.819405004
334750,3557.0801,83.9349,3.800434358
334800,3564.8201,83.6156,3.788704873
334850,3571.8201,83.7065,3.797631131
334900,3578.6899,83.6323,3.7979837
334950,3585.1899,83.1333,3.776231589
335000,3591.8201,82.7971,3.762931979
335050,3598.8201,82.9244,3.773737534
335100,3606.0801,82.9761,3.780810748
335150,3614.0801,82.8335,3.778316488
335200,3621.95,82.6578,3.774032991
335250,3629.45,82.3878,3.764653043
335300,3636.8201,82.1693,3.757846654
335350,3643.8201,82.0973,3.758379038
335400,3650.8201,81.9785,3.756493101
335450,3657.8201,81.7265,3.747719294
335500,3664.95,81.5634,3.743615869
335550,3672.45,81.6534,3.75282951
335600,3679.6899,81.6065,3.754806151
335650,3686.1899,81.1702,3.736172139
335700,3692.95,80.6364,3.712633468
335750,3700.45,79.8523,3.676557225
335800,3707.4299,79.4358,3.65919309
335850,3712.9299,80.0658,3.695182256
335900,3718.802,80.4665,3.719525934
335950,3725.7327,80.2145,3.71066565
336000,3732.697,79.9625,3.701819398
336050,3739.7676,79.7105,3.693031285
336100,3746.8201,79.4912,3.685924152
336150,3753.8201,79.3652,3.683627669
336200,3760.8201,79.1456,3.676464442
336250,3767.8201,78.6596,3.655444217
336300,3774.6899,78.3281,3.642366174
336350,3781.1899,78.4361,3.651923237
336400,3788.0801,78.4692,3.657824994
336450,3796.0801,78.2892,3.653308344
336500,3803.6899,78.0905,3.647577
336550,3810.1899,77.8385,3.638390314
336600,3816.95,77.6142,3.630799065
336650,3824.45,77.4687,3.627760351
336700,3832.21,77.3091,3.624141333
336750,3840.71,77.1131,3.619068348
336800,3848.5601,76.9302,3.614280762
336850,3854.5601,76.7847,3.610320847
336900,3860.4299,76.6351,3.606065279
336950,3865.9299,76.4747,3.601018437
337000,3871.6899,76.3087,3.595833549
337050,3878.1899,76.1269,3.590267806
337100,3884.8201,75.7615,3.575172254
337150,3891.8201,74.9238,3.535572784
337200,3897.78,74.2756,3.505238658
337250,3900.78,74.1665,3.501333562
337300,3904.5601,74.103,3.500284945
337350,3910.5601,74.1564,3.506696957
337400,3916.4299,73.9901,3.50152193
337450,3921.9299,73.1981,3.46362179
337500,3927.5601,72.832,3.447908508
337550,3933.5601,73.678,3.495517609
337600,3938.78,74.1636,3.524110209
337650,3941.78,73.6236,3.497604651
337700,3945.8201,73.1632,3.476001675
337750,3952.8201,72.9292,3.467956138
337800,3959.3,72.7279,3.461293477
337850,3964.3,72.6199,3.458620094
337900,3969.4299,72.5213,3.456512217
337950,3974.9299,72.4493,3.45601589
338000,3980.3,72.2696,3.449790389
338050,3985.3,71.7836,3.427250435
338100,3990.8201,71.4193,3.411377463
338150,3997.8201,71.4013,3.414567887
338200,4004.4299,71.3833,3.416834153
338250,4009.9299,71.3653,3.41827735
338300,4015.3,71.1976,3.41176843
338350,4020.3,70.6036,3.382578898
338400,4025.5601,70.164,3.361613121
338450,4031.5601,70.164,3.364179015
338500,4037.4299,70.0517,3.360748296
338550,4042.9299,69.6197,3.340211846
338600,4048.1699,69.3608,3.328710057
338650,4052.6699,69.5948,3.343036441
338700,4057.8201,69.7399,3.352940094
338750,4064.8201,69.6319,3.350196847
338800,4071.3,69.5473,3.348470412
338850,4076.3,69.5293,3.349654522
338900,4081.0298,69.413,3.345483792
338950,4084.99,69.017,3.326056027
339000,4089.697,68.7614,3.314415013
339050,4096.7676,68.9054,3.325113396
339100,4103.4302,68.9324,3.32940113
339150,4108.9302,68.6264,3.315366859
339200,4113.9102,67.9835,3.283031148
339250,4117.4102,66.3815,3.198595946
339300,4121.1699,65.444,3.149823773
339350,4125.6699,66.398,3.202850844
339400,4130.04,67.221,3.248861358
339450,4134.04,67.671,3.274723786
339500,4138.4302,67.99,3.29373671
339550,4143.9302,67.936,3.293162969
339600,4149.2998,67.8024,3.288242217
339650,4154.2998,67.4424,3.270943051
339700,4159.04,67.2088,3.260331007
339750,4163.04,67.3348,3.268819203
339800,4167.1699,67.3672,3.272313536
339850,4171.6699,67.1332,3.261557578
339900,4176.2871,66.6184,3.235632993
339950,4181.2378,65.3044,3.166505032
340000,4186.0908,64.7626,3.139099528
340050,4190.6362,66.4186,3.230791855
340100,4195.04,67.5925,3.296378798
340150,4199.04,67.3945,3.287334374
340200,4203.4302,67.2012,3.278699967
340250,4208.9302,67.0212,3.271248822
340300,4213.9102,66.8178,3.262288961
340350,4217.4102,66.5478,3.249058689
340400,4221.5601,66.1936,3.231494229
340450,4227.5601,65.5996,3.2015863
340500,4232.7725,65.1226,3.177688991
340550,4235.7427,64.9786,3.171040175
340600,4238.606,64.8486,3.165106757
340650,4241.1313,64.7586,3.161218067
340700,4243.9009,64.692,3.15870698
340750,4247.3662,64.692,3.160125928
340800,4251.2119,64.5984,3.156572743
340850,4256.2627,64.2384,3.138895808
340900,4261.2871,63.9486,3.125032519
340950,4266.2378,63.8586,3.122093819
341000,4270.9697,63.7452,3.11777518
341050,4275.0103,63.5652,3.109506216
341100,4279.04,63.4741,3.106116431
341150,4283.04,63.6361,3.116654399
341200,4286.9102,63.6109,3.116833338
341250,4290.4102,63.0529,3.087472644
341300,4293.7725,58.077,2.811129902
341350,4296.7427,40.527,1.958118352
341400,4290.1514,23.9598,1.210004283
341450,4253.2827,10.1898,0.702432638
341500,4223.27,0,0
341550,4212.77,0,0
341600,4201.75,0,0
341650,4189.25,0,0
341700,4174.6699,0,0
341750,4154.1699,0,0
341800,4133.6699,0,0
341850,4113.1699,0,0
341900,4092.7227,0,0
341950,4072.4258,0,0
342000,4051.1819,0,0
342050,4026.9395,0,0
342100,4002.76,0,0
342150,3978.76,0,0
342200,3954.5,0,0
342250,3929.5,0,0
342300,3904.6931,0,0
342350,3880.4355,0,0
342400,3856.4243,0,0
342450,3833.1919,0,0
342500,3810.3367,0,0
342550,3788.5544,0,0
342600,3767.2727,0,0
342650,3747.5757,0,0
342700,3729.396,0,0
342750,3715.5347,0,0
342800,3701.2424,0,0
342850,3685.5859,0,0
342900,3667.5645,0,0
342950,3642.8118,0,0
343000,3617.5757,0,0
343050,3590.8081,0,0
343100,3564.6931,0,0
343150,3590,0,0
343200,3620,0,0
343250,3650,0,0
343300,3670,0,0
343350,3685,0,0
343400,3700,0,0
343450,3715,0,0
343500,3725.04,0,0
343550,3686.54,0,0
343600,3647.0801,0,0
343650,3607.5801,0,0
343700,3567.9802,0,0
343750,3528.3762,0,0
343800,3488.0203,0,0
343850,3447.6162,0,0
343900,3409.52,0,0
343950,3371.52,0,0
344000,3334,0,0
344050,3296.5,0,0
344100,3260.9199,0,0
344150,3225.4199,0,0
344200,3188.48,0,0
344250,3151.48,0,0
344300,3113.52,0,0
344350,3075.52,0,0
344400,3039.9199,0,0
344450,3004.4199,0,0
344500,2972.76,0,0
344550,2941.26,0,0
344600,2913.3862,0,0
344650,2885.6633,0,0
344700,2865.6699,0,0
344750,2846.1699,0,0
344800,2832.3101,0,0
344850,2818.8101,0,0
344900,2800.6101,0,0
344950,2782.1101,0,0
345000,2764.0801,0,0
345050,2746.0801,0,0
345100,2728.8586,0,0
345150,2711.6868,0,0
345200,2690.3601,0,0
345250,2668.8601,0,0
345300,2648.8,0,0
345350,2628.8,0,0
345400,2608.5149,0,0
345450,2588.2178,0,0
345500,2561.6201,0,0
345550,2534.6201,0,0
345600,2503.0908,0,0
345650,2471.2727,0,0
345700,2443.1201,0,0
345750,2415.1201,0,0
345800,2390.48,0,0
345850,2365.98,0,0
345900,2338.6001,0,0
345950,2311.1001,0,0
346000,2280.72,0,0
346050,2250.22,0,0
346100,2224.04,0,0
346150,2198.04,0,0
346200,2176.5645,0,0
346250,2155.2773,0,0
346300,2132.8501,0,0
346350,2110.3501,0,0
346400,2099.6001,0,0
346450,2089.6001,0,0
346500,2081.8789,0,0
346550,2074.303,0,0
346600,2066.8,0,0
346650,2059.3,0,0
346700,2045.08,0,0
346750,2030.58,0,0
346800,2018.96,0,0
346850,2007.46,0,0
346900,1996.0693,0,0
346950,1984.6832,0,0
347000,1974.0303,0,0
347050,1963.4242,0,0
347100,1957.24,0,0
347150,1951.24,0,0
347200,1948.12,0,0
347250,1945.12,0,0
347300,1946.901,0,0
347350,1948.8812,0,0
347400,1959.8101,4.0723,0.162369949
347450,1971.3101,11.3443,0.452732891
347500,1978.6465,18.8784,0.705348914
347550,1985.7172,26.6184,0.955391152
347600,1995.0297,30.2659,1.068642959
347650,2004.4357,30.6979,1.082292206
347700,2012.05,31.4569,1.106215152
347750,2019.55,32.4727,1.137906061
347800,2026.11,32.2036,1.130546667
347850,2032.61,30.84,1.090013333
347900,2040.99,35.2296,1.224047273
347950,2049.49,44.1396,1.495077576
348000,2063.1599,49.068,1.652450378
348050,2077.1599,50.868,1.711707867
348100,2084.5801,48.5755,1.640154566
348150,2091.5801,43.0675,1.467691527
348200,2093.8799,35.5637,1.240582412
348250,2095.8799,26.4917,0.963262257
348300,2090.7778,18.2664,0.694143591
348350,2085.2222,10.7064,0.434176233
348400,2082.6238,7.7832,0.315498834
348450,2080.1484,8.5032,0.344546375
348500,2080.9495,8.8301,0.357838698
348550,2081.9597,8.8481,0.358626872
348600,2082.96,8.6645,0.351242249
348650,2083.96,8.3225,0.337432939
348700,2085.4399,8.5248,0.345718099
348750,2086.9399,9.1548,0.371357729
348800,2088.4399,10.0771,0.408869663
348850,2089.9399,11.2291,0.455722015
348900,2092.8516,12.6936,0.512383957
348950,2095.8218,14.4036,0.568434636
349000,2098.3501,15.4685,0.603415611
349050,2100.8501,16.0265,0.621850148
349100,2102.4099,16.4317,0.635222984
349150,2103.9099,16.7168,0.644669359
349200,2103.5251,18.617,0.706763583
349250,2103.0203,21.893,0.813818036
349300,2105.3762,23.4687,0.865598514
349350,2107.8516,23.596,0.870043298
349400,2106.5901,23.652,0.871731346
349450,2105.0901,23.652,0.871560304
349500,2104.0601,24.7507,0.90736719
349550,2103.0601,26.7127,0.971391837
349600,2109.5801,33.7248,1.186761224
349650,2116.5801,44.7048,1.521441191
349700,2129.6899,55.7957,1.878403445
349750,2143.1899,66.9737,2.260365264
349800,2151.5959,73.3435,2.484537207
349850,2159.6768,75.9355,2.582940809
349900,2165.28,77.3179,2.636491055
349950,2170.78,77.7499,2.654402883
350000,2179.1599,79.9157,2.738310015
350050,2187.6599,83.4437,2.873524832
350100,2196.6399,85.9435,2.970430745
350150,2205.6399,87.6355,3.043661575
350200,2214.6399,87.9466,3.061068459
350250,2223.6399,87.1726,3.030389199
350300,2231.6799,86.2272,2.992927481
350350,2239.6799,85.1472,2.954915082
350400,2248.6399,83.6942,2.903102743
350450,2257.6399,81.9482,2.84017045
350500,2269.52,84.073,2.924367068
350550,2281.52,89.239,3.145861115
350600,2291.1201,92.9534,3.31553023
350650,2300.6201,95.5274,3.434532134
350700,2307.72,96.9725,3.502259091
350750,2314.72,97.5305,3.530804545
350800,2323.0791,99.5702,3.627317773
350850,2331.4951,102.7742,3.776779591
350900,2341.3999,107.4974,3.995972682
350950,2351.3999,113.4143,4.340597229
351000,2359.52,116.5442,4.527029321
351050,2367.52,117.3002,4.580319064
351100,2375.05,117.648,4.607456035
351150,2382.55,117.648,4.612114785
351200,2390.99,117.2448,4.590771168
351250,2399.49,116.5248,4.548025734
351300,2406.5801,116.0366,4.519398762
351350,2413.5801,115.7306,4.502648754
351400,2420.1716,115.596,4.497589053
351450,2426.7373,115.596,4.500676333
351500,2430.802,115.2533,4.483057018
351550,2434.7625,114.6413,4.450358108
351600,2440.2222,113.5736,4.392763114
351650,2445.7778,112.1478,4.315219195
351700,2450.8,110.0291,4.198677766
351750,2455.8,107.32,4.049261637
351800,2460.8,105.0696,3.939890909
351850,2465.8,103.1796,3.856254545
351900,2471.76,94.0421,3.443767092
351950,2477.76,79.2101,2.808402395
352000,2484.24,68.4,2.402749476
352050,2490.74,60.75,2.131526576
352100,2497.24,53.2411,1.869790906
352150,2503.74,45.8431,1.616331461
352200,2503.04,34.3627,1.253974755
352250,2502.04,19.6747,0.782199694
352300,2482.3201,9.5126,0.412323506
352350,2461.8201,2.9066,0.125540327
352400,2453.8,2.2176,0.095648873
352450,2446.3,6.1776,0.266106105
352500,2458.48,15.2582,0.62600802
352550,2471.48,28.3622,1.068124848
352600,2480.6399,34.8034,1.264423018
352650,2489.6399,36.0094,1.302059382
352700,2497.6799,39.0197,1.394255139
352750,2505.6799,43.4477,1.534199988
352800,2516.0801,45.6682,1.613765161
352850,2526.5801,46.1542,1.63356031
352900,2536.6001,46.3176,1.642093927
352950,2546.6001,46.2276,1.641844434
353000,2557.4556,45.9562,1.635525473
353050,2568.3464,45.5422,1.62422016
353100,2578.8701,44.2714,1.582833503
353150,2589.3701,42.3274,1.517731698
353200,2599.3999,41.3914,1.489094497
353250,2609.3999,41.2474,1.48696973
353300,2619.8701,40.8917,1.478383252
353350,2630.3701,40.3697,1.464603079
353400,2634.29,32.953,1.234936754
353450,2637.79,20.119,0.818415548
353500,2636.5901,18.504,0.762488521
353550,2635.0901,25.704,1.009697816
353600,2644.3999,31.009,1.176260669
353650,2654.3999,34.825,1.297097106
353700,2663.9299,36.1109,1.339191736
353750,2673.4299,35.4089,1.3191674
353800,2677.29,33.8299,1.270454172
353850,2680.79,31.5619,1.199988538
353900,2681.9399,29.0016,1.11986486
353950,2682.9399,26.2116,1.032474642
354000,2684.4099,25.861,1.021686033
354050,2685.9099,27.427,1.071076367
354100,2687.4099,28.8518,1.116060611
354150,2688.9099,30.1658,1.157590015
354200,2693.7,30.4315,1.166770653
354250,2698.7,29.8735,1.150076838
354300,2701.3501,29.6683,1.144067424
354350,2703.8501,29.7403,1.14676098
354400,2705.4099,29.772,1.148026119
354450,2706.9099,29.772,1.148282342
354500,2709.8484,29.4696,1.139244966
354550,2712.8789,28.9296,1.122712643
354600,2714.4399,28.8432,1.12024385
354650,2715.9399,29.1132,1.12902016
354700,2717.9199,29.2723,1.134378762
354750,2719.9199,29.3443,1.136991766
354800,2720,30.515,1.174010621
354850,2720,32.549,1.238304463
354900,2725.7029,35.4096,1.329906685
354950,2731.6436,38.9196,1.442341921
355000,2740.0708,42.5707,1.568057355
355050,2748.6565,46.3327,1.705797203
355100,2758.1201,50.4374,1.856583134
355150,2767.6201,54.8114,2.019670405
355200,2775.604,57.7037,2.14011156
355250,2783.5247,59.4317,2.214123525
355300,2789.697,61.9862,2.321451925
355350,2795.7576,65.1902,2.455924812
355400,2801.76,66.8218,2.526215506
355450,2807.76,67.2178,2.546104479
355500,2815.2,67.3416,2.555975941
355550,2822.7,67.2516,2.557258025
355600,2828.28,67.3027,2.562996215
355650,2833.78,67.4647,2.573188274
355700,2841.6799,68.9371,2.638186159
355750,2849.6799,71.4391,2.745270909
355800,2856.24,74.9894,2.894271586
355850,2862.74,79.3634,3.089886078
355900,2869.24,81.1267,3.17932625
355950,2875.74,80.8387,3.171336488
356000,2882.24,80.2282,3.147981241
356050,2888.74,79.3642,3.112510789
356100,2895.72,78.9739,3.099987945
356150,2902.72,78.9559,3.105229207
356200,2910.2,79.0891,3.118121784
356250,2917.7,79.3411,3.136736288
356300,2925.1404,79.1526,3.134251075
356350,2932.5786,78.6179,3.115175126
356400,2940.05,78.1167,3.097699113
356450,2947.55,77.644,3.081583308
356500,2955.5901,78.8432,3.146228859
356550,2964.0901,81.3561,3.274593439
356600,2973.1299,84.5338,3.435734146
356650,2982.6299,88.2778,3.633679695
356700,2991.3201,90.5302,3.759095014
356750,2999.3201,91.512,3.818534116
356800,3005.97,91.8835,3.842564039
356850,3011.47,91.7755,3.840691239
356900,3018.05,93.2098,3.919431694
356950,3025.55,95.8558,4.062861815
357000,3033.05,96.8004,4.11819343
357050,3040.55,96.4084,4.102748198
357100,3046.1599,96.3065,4.101330969
357150,3050.1599,96.452,4.111922888
357200,3054.4299,96.3064,4.107228124
357250,3058.9299,95.9322,4.090506466
357300,3063.4299,95.76,4.084528166
357350,3067.9299,95.76,4.087733025
357400,3073.24,95.3574,4.070001454
357450,3079.24,94.612,4.034369139
357500,3085.24,94.2739,4.020473722
357550,3091.24,94.2559,4.023719831
357600,3097.8181,93.8549,4.006799782
357650,3104.8889,93.1529,3.975000237
357700,3112.7129,92.5517,3.94918439
357750,3121.1287,92.0297,3.927868806
357800,3128.5454,91.5581,3.908491988
357850,3135.1111,91.1261,3.890593632
357900,3143.2673,91.1275,3.896161945
357950,3152.6733,91.4695,3.920162101
358000,3160.51,91.5091,3.92748114
358050,3167.01,91.3111,3.921630332
358100,3173.5454,91.0426,3.912165157
358150,3180.1111,90.7186,3.899857978
358200,3187.1584,90.455,3.890995835
358250,3194.5842,90.239,3.884847531
358300,3200.97,90.0634,3.880085476
358350,3206.47,89.9194,3.876358616
358400,3212.24,89.725,3.870214418
358450,3218.24,89.491,3.862183979
358500,3225.05,89.136,3.848460703
358550,3232.55,88.686,3.830307502
358600,3237.8899,88.4779,3.823175884
358650,3241.3899,88.4599,3.824606425
358700,3245.1599,88.3814,3.823099805
358750,3249.1599,88.2554,3.819299896
358800,3254,87.9379,3.806196396
358850,3259.5557,87.4699,3.785821791
358900,3263.3862,87.2741,3.778314825
358950,3265.8613,87.2921,3.780911696
359000,3270,87.1186,3.774762984
359050,3275.5557,86.7946,3.761817467
359100,3280.52,86.2186,3.735494283
359150,3285.02,85.4446,3.698663975
359200,3288.96,85.2048,3.688975619
359250,3292.46,85.3848,3.700611588
359300,3294.8401,85.595,3.71304475
359350,3296.3401,85.829,3.726108153
359400,3298.6799,85.7506,3.723650503
359450,3301.6799,85.4266,3.708992495
359500,3303.8318,85.5461,3.716598753
359550,3305.3169,86.0141,3.741697685
359600,3306.54,86.1595,3.750008959
359650,3307.54,86.0515,3.745123003
359700,3309.0801,85.9536,3.741121604
359750,3311.0801,85.8636,3.737837447
359800,3313.3501,85.9752,3.745113924
359850,3315.8501,86.2452,3.760698686
359900,3318.8899,86.2027,3.760560139
359950,3322.3899,85.9147,3.748096022
360000,3326.1599,86.3469,3.772881321
360050,3330.1599,87.3449,3.826934426
360100,3335.24,84.577,3.687925798
360150,3341.24,78.601,3.390843895
360200,3345.3501,65.5294,2.776504935
360250,3347.8501,46.4134,1.946055782
360300,3345.22,34.2569,1.480346006
360350,3338.22,28.0289,1.2369489
360400,3327.98,18.3697,0.864230388
360450,3314.98,5.7877,0.328994938
360500,3297.6599,0,0
360550,3276.6599,0,0
360600,3262.4099,0,0
360650,3253.9099,0,0
360700,3247.8401,2.0412,0.114629647
360750,3243.8401,5.8212,0.326671952
360800,3239.3,8.1043,0.454423626
360850,3234.3,9.1123,0.506914037
360900,3225.79,9.8116,0.53216291
360950,3214.29,10.248,0.547408495
361000,3201.98,10.4198,0.55280847
361050,3188.98,10.3838,0.550542194
361100,3174.3601,10.0858,0.538662908
361150,3158.3601,9.5818,0.519345028
361200,3142.3601,9.5011,0.515432978
361250,3126.3601,9.7531,0.523474492
361300,3110.0901,9.8741,0.526754973
361350,3093.5901,9.8921,0.526334549
361400,3079.52,9.9907,0.528922893
361450,3067.52,10.1527,0.533860373
361500,3054.71,10.1736,0.533755739
361550,3041.21,10.0836,0.529726338
361600,3031.4546,10.427,0.541086776
361650,3024.8889,11.111,0.5644754
361700,3020.8911,13.7909,0.657438772
361750,3018.9109,18.0389,0.804987704
361800,3018.54,20.2373,0.881388142
361850,3019.54,20.8255,0.902008127
361900,3018.9199,20.8604,0.903119804
361950,3016.9199,20.424,0.88762035
362000,3015.73,19.3537,0.850236676
362050,3015.23,17.7854,0.795671001
362100,3014.73,16.5586,0.752983887
362150,3014.23,15.6226,0.720409416
362200,3015.3635,15.1822,0.705237936
362250,3017.8889,15.164,0.704886184
362300,3019.8401,15.156,0.704824962
362350,3021.3401,15.156,0.70499189
362400,3023.96,14.7931,0.692644949
362450,3027.46,14.1451,0.670433941
362500,3030.1201,13.6886,0.654780477
362550,3032.1201,13.3826,0.644295624
362600,3032.1682,13.3079,0.641692787
362650,3030.6831,13.4148,0.645282462
362700,3028.6499,13.4149,0.645092162
362750,3026.1499,13.324,0.641686489
362800,3023.3799,13.3445,0.642139406
362850,3020.3799,13.4525,0.645614366
362900,3017.3799,13.4496,0.645228216
362950,3014.3799,13.3596,0.641817111
363000,3011.6499,13.3805,0.642286134
363050,3009.1499,13.4885,0.645797415
363100,3005.5454,13.7678,0.655134354
363150,3001,14.1818,0.669021397
363200,2997.3367,14.4339,0.677234847
363250,2994.3665,14.5586,0.681093722
363300,2991.3799,16.2101,0.737777219
363350,2988.3799,19.1621,0.839452687
363400,2988.6201,24.7676,1.032244663
363450,2991.6201,32.6336,1.295335992
363500,2996.24,38.7792,1.501901867
363550,3002.24,43.4592,1.679895472
363600,3009.05,48.3336,1.866193491
363650,3016.55,53.3736,2.07130486
363700,3021.6201,57.8887,2.278650401
363750,3024.6201,61.9567,2.464467858
363800,3027.3501,64.5181,2.575670343
363850,3029.8501,65.7961,2.630392857
363900,3033.97,66.1993,2.649242099
363950,3039.47,65.8573,2.637476598
364000,3043.3501,65.6806,2.631874931
364050,3045.8501,65.6446,2.631535685
364100,3049.7,65.1323,2.611779121
364150,3054.7,64.2143,2.575425325
364200,3059.97,59.9526,2.391037566
364250,3065.47,52.8426,2.073364662
364300,3069.0801,48.8062,1.91081836
364350,3071.0801,47.388,1.858228143
364400,3074.97,46.9137,1.84207264
364450,3080.47,47.181,1.85460904
364500,3084.3501,47.1175,1.853944264
364550,3086.8501,46.772,1.84202017
364600,3089.6201,46.62,1.837517563
364650,3092.6201,46.62,1.838854542
364700,3095.8899,46.62,1.840312175
364750,3099.3899,46.62,1.841872907
364800,3102.3501,46.5002,1.838668664
364850,3104.8501,46.2864,1.831707769
364900,3108.97,45.77,1.814034678
364950,3114.47,44.996,1.787233592
365000,3118.3501,44.5615,1.7725337
365050,3120.8501,44.416,1.768141997
365100,3122.54,44.3419,1.766089622
365150,3123.54,44.3239,1.765852182
365200,3125.3501,44.1863,1.761451833
365250,3127.8501,43.9546,1.753798078
365300,3130.6201,44.1299,1.76165345
365350,3133.6201,44.6519,1.782725659
365400,3137.97,46.9342,1.870995545
365450,3143.47,50.716,2.019516005
365500,3148.1599,56.9409,2.299431907
365550,3152.1599,65.0855,2.658579335
365600,3156.1599,70.8926,2.910558393
365650,3160.1599,74.7086,3.086774775
365700,3164.4299,77.1736,3.20893385
365750,3168.9299,78.4876,3.275473574
365800,3172.8899,79.0823,3.306815789
365850,3176.3899,79.0643,3.308169657
365900,3180.4299,79.0074,3.307981465
365950,3184.9299,78.9174,3.306481145
366000,3188.8899,77.4763,3.239127352
366050,3192.3899,74.8843,3.115665209
366100,3196.7,78.5714,3.29719242
366150,3201.7,87.6074,3.753852806
366200,3205.3501,91.9505,3.980396969
366250,3207.8501,92.296,3.999899464
366300,3210.3501,92.2983,4.001809132
366350,3212.8501,92.031,3.989582293
366400,3215.6201,92.0927,3.99462306
366450,3218.6201,92.4347,4.015269151
366500,3222.1599,92.1935,4.004504283
366550,3226.1599,91.4555,3.968828941
366600,3229.3501,90.9216,3.943437324
366650,3231.8501,90.5616,3.926552478
366700,3233.8101,90.3085,3.91481854
366750,3235.3101,90.1465,3.907473589
366800,3237.8899,90.6163,3.933430218
366850,3241.3899,91.6243,3.987748789
366900,3243.54,91.8256,3.999567984
366950,3244.54,91.3396,3.975183804
367000,3246.6201,91.1452,3.96655753
367050,3249.6201,91.1992,3.971353451
367100,3252.3501,91.2633,3.97648832
367150,3254.8501,91.336,3.98191167
367200,3256.27,91.0757,3.969447764
367250,3256.77,90.5537,3.942879623
367300,3258.8899,90.5659,3.944931161
367350,3262.3899,90.9979,3.96954225
367400,3265.8899,90.9085,3.967282302
367450,3269.3899,90.4095,3.943917715
367500,3273.1599,90.3567,3.943726805
367550,3277.1599,90.684,3.963272047
367600,3281.97,90.8885,3.97703112
367650,3287.47,90.9965,3.986279157
367700,3292.97,90.3853,3.95848575
367750,3298.47,89.2091,3.901604005
367800,3303.1599,88.5502,3.870826054
367850,3307.1599,88.332,3.86227977
367900,3311.97,88.0445,3.850711884
367950,3317.47,87.7025,3.836804861
368000,3323.24,87.5822,3.834493231
368050,3329.24,87.6362,3.841306698
368100,3335.51,87.5802,3.842639812
368150,3342.01,87.4376,3.839671687
368200,3347.7,87.2051,3.831535237
368250,3352.7,86.896,3.818996681
368300,3356.8899,86.8709,3.820522805
368350,3360.3899,87.0689,3.833058771
368400,3364.4546,86.8738,3.82575706
368450,3369,86.3698,3.802895987
368500,3372.6799,86.148,3.793966452
368550,3375.6799,86.148,3.795984277
368600,3378.6633,86.2286,3.802134336
368650,3381.6335,86.3726,3.811533963
368700,3384.3635,85.9723,3.792791855
368750,3386.8889,85.1443,3.751929841
368800,3389.9407,84.1046,3.70054595
368850,3393.406,82.8986,3.640900865
368900,3397.97,81.7834,3.586673915
368950,3403.47,80.7394,3.536749897
369000,3408.1599,80.1802,3.511195999
369050,3412.1599,80.002,3.504752701
369100,3416.4299,79.5895,3.487161164
369150,3420.9299,78.9775,3.460245465
369200,3425.4299,78.6377,3.446583804
369250,3429.9299,78.5297,3.444211625
369300,3435.24,78.1301,3.428152641
369350,3441.24,77.4821,3.400429673
369400,3446.1599,76.8049,3.370585257
369450,3450.1599,76.1029,3.33893764
369500,3454.7,70.9783,3.09208446
369550,3459.7,62.0863,2.680587672
369600,3456.6487,44.6682,1.928910868
369650,3446.7388,19.9871,0.948620337
369700,3431.2,2.6914,0.156293554
369750,3403.7,1.0894,0.06294141
369800,3382.28,0,0
369850,3373.78,0,0
369900,3363.7227,0,0
369950,3350.3564,0,0
370000,3333.8789,0,0
370050,3310.1414,0,0
370100,3286.6399,0,0
370150,3263.6399,0,0
370200,3240.8,0,0
370250,3218.3,0,0
370300,3195.3201,0,0
370350,3171.3201,0,0
370400,3146.8401,0,0
370450,3121.3401,0,0
370500,3094.72,0,0
370550,3065.72,0,0
370600,3037.8401,0,0
370650,3012.3401,0,0
370700,2987.6399,0,0
370750,2964.6399,0,0
370800,2942.9199,0,0
370850,2923.9199,0,0
370900,2905.2971,0,0
370950,2887.4753,0,0
371000,2872.4243,0,0
371050,2863.8384,0,0
371100,2855.1484,0,0
371150,2846.2375,0,0
371200,2838.4849,0.1843,0.009205181
371250,2833.4343,0.7603,0.037890382
371300,2833.4851,3.8995,0.194340177
371350,2844.3762,12.4855,0.586438232
371400,2853.8181,19.0613,0.815186323
371450,2859.8789,21.3653,0.895767339
371500,2865.76,23.2085,0.960397344
371550,2871.26,24.0725,0.991121059
371600,2875.96,24.2107,0.996629883
371650,2878.96,22.8067,0.948555895
371700,2881.9504,22.5662,0.940705078
371750,2884.9209,24.7982,1.017323867
371800,2889.1001,28.0668,1.124813749
371850,2896.1001,33.5381,1.305149807
371900,2904.75,38.6262,1.473837796
371950,2917.25,42.8202,1.629320818
372000,2927.5,45.9742,1.749487903
372050,2932.5,46.7015,1.77813475
372100,2938.25,48.1349,1.833338291
372150,2945.75,51.0689,1.945138568
372200,2952.8181,52.3094,1.99394557
372250,2958.8789,49.9514,1.908207038
372300,2964.1089,47.6465,1.82398169
372350,2967.5742,45.4545,1.743240789
372400,2971.6499,43.7564,1.681063909
372450,2977.1499,43.2109,1.662384542
372500,2980.25,39.1363,1.510721189
372550,2977.75,27.5623,1.123582834
372600,2973.7273,18.1598,0.802512476
372650,2966.1516,13.3718,0.635707555
372700,2960.5247,10.116,0.522219144
372750,2959.0396,10.116,0.521992874
372800,2957.697,10.5019,0.535137354
372850,2956.6868,11.7079,0.576700951
372900,2956.1584,14.3872,0.66930147
372950,2956.6536,20.1971,0.870351736
373000,2957.606,25.1749,1.040915474
373050,2959.6262,28.2113,1.141942714
373100,2961.1584,32.5282,1.285440588
373150,2961.6536,39.5662,1.521459305
373200,2961.394,44.1101,1.691026149
373250,2959.3738,43.3541,1.662169806
373300,2952.9307,35.9856,1.398246422
373350,2937.0891,14.5656,0.67254744
373400,2917.9697,0,0
373450,2891.2019,0,0
373500,2869.3201,0,0
373550,2857.8201,0,0
373600,2843.4399,0,0
373650,2822.9399,0,0
373700,2803.1819,0,0
373750,2785,0,0
373800,2767.6138,0,0
373850,2751.7722,0,0
373900,2734.3464,0,0
373950,2713.5544,0,0
374000,2692.9395,0,0
374050,2672.7373,0,0
374100,2652.9199,0,0
374150,2633.9199,0,0
374200,2614.1201,0,0
374250,2592.6201,0,0
374300,2572.2971,0,0
374350,2554.4753,0,0
374400,2536.8484,0,0
374450,2519.6768,0,0
374500,2501.8586,0,0
374550,2482.6667,0,0
374600,2464.6138,0,0
374650,2448.7722,0,0
374700,2432.7722,0,0
374750,2416.4355,0,0
374800,2400.4546,0,0
374850,2385.303,0,0
374900,2372.1201,0,0
374950,2363.1201,0,0
375000,2354.28,0,0
375050,2345.78,0,0
375100,2336.48,0,0
375150,2325.48,0,0
375200,2314.8,0,0
375250,2304.8,0,0
375300,2293.6799,0,0
375350,2280.1799,0,0
375400,2266.3601,0,0
375450,2251.8601,0,0
375500,2238.1211,0,0
375550,2226,0,0
375600,2213.2871,0,0
375650,2199.4258,0,0
375700,2185.7227,0,0
375750,2172.3564,0,0
375800,2159.8181,0,0
375850,2149.2122,0,0
375900,2138.6733,0,0
375950,2128.2773,0,0
376000,2117.6667,0,0
376050,2106.5557,0,0
376100,2095.0396,0,0
376150,2082.6633,0,0
376200,2070.3635,0,0
376250,2058.2424,0,0
376300,2044.9307,0,0
376350,2029.0891,0,0
376400,2014.5151,0,0
376450,2002.899,0,0
376500,1990.4059,0,0
376550,1976.0496,0,0
376600,1962.3636,0,0
376650,1950.2424,0,0
376700,1938.198,0,0
376750,1926.3168,0,0
376800,1914.3636,0,0
376850,1902.2424,0,0
376900,1890.8317,0,0
376950,1880.9307,0,0
377000,1870.9697,0,0
377050,1860.8687,0,0
377100,1852.24,0,0
377150,1846.74,0,0
377200,1841.72,0,0
377250,1837.72,0,0
377300,1835,0.8525,0.033655744
377350,1835,3.5165,0.138827477
377400,1839.3199,7.7472,0.305955128
377450,1852.8199,15.3072,0.586629685
377500,1864.6931,21.3523,0.783669613
377550,1873.1089,24.1783,0.875701785
377600,1881.1212,26.3822,0.947409556
377650,1888.1919,27.2642,0.976092058
377700,1896.2,29.1946,1.035973693
377750,1906.2,33.3526,1.16128313
377800,1916.04,36.4277,1.254091906
377850,1925.54,37.2017,1.277586721
377900,1934.3762,37.5725,1.288926639
377950,1941.802,37.0865,1.274380703
378000,1949.4242,36.8078,1.266087419
378050,1957.505,36.9698,1.27111388
378100,1966.3268,37.0282,1.27302463
378150,1976.7228,36.8662,1.268294234
378200,1985.9697,36.756,1.265107906
378250,1992.5354,36.756,1.265213351
378300,1999.6931,36.756,1.265328398
378350,2008.1089,36.756,1.26631623
378400,2016.1,36.7099,1.265887879
378450,2023.1,36.5659,1.262372727
378500,2029.95,36.5141,1.261633333
378550,2036.45,36.6581,1.266784848
378600,2042.8182,36.756,1.270523418
378650,2048.8789,36.756,1.271258048
378700,2055.2178,36.756,1.2720264
378750,2062.1484,36.756,1.272866473
378800,2068.6667,37.1304,1.285002024
378850,2074.2222,38.3004,1.321129964
378900,2080.5347,39.2899,1.351879964
378950,2088.4556,39.8958,1.371200679
379000,2096.1211,40.5055,1.390605588
379050,2103.1919,41.1236,1.410192958
379100,2110.2178,41.4979,1.422387006
379150,2117.1484,41.3539,1.418863442
379200,2124.2727,40.8701,1.405066388
379250,2131.8484,39.6641,1.3694392
379300,2138.2673,38.1482,1.324280885
379350,2142.2278,35.974,1.258876097
379400,2145.9092,34.0756,1.201795055
379450,2148.9395,32.8211,1.164147212
379500,2152.7427,32.0083,1.139977903
379550,2158.1882,32.1343,1.144456145
379600,2163.5151,32.1509,1.145604861
379650,2168.5657,31.9349,1.1396716
379700,2174.24,32.053,1.143938182
379750,2181.24,32.881,1.169877576
379800,2187.6001,34.1294,1.2084788
379850,2192.6001,36.2714,1.273993952
379900,2198.3762,38.0131,1.327472873
379950,2205.802,38.9042,1.355376
380000,2213.4243,39.5116,1.374705976
380050,2221.5051,39.4571,1.374033952
380100,2227.96,39.5755,1.378404242
380150,2230.96,40.0615,1.393495152
380200,2234.9199,40.127,1.395959988
380250,2240.9199,39.299,1.371596352
380300,2247.0801,39.0874,1.365930921
380350,2253.5801,40.1854,1.399991527
380400,2259.4399,40.9032,1.422453321
380450,2263.9399,40.8132,1.420271503
380500,2269.0593,40.8902,1.42322537
380550,2275.4951,41.3222,1.437096376
380600,2281.9697,41.5238,1.443990267
380650,2288.5354,41.2358,1.436058836
380700,2295.2178,41.1322,1.43372943
380750,2302.1484,41.4202,1.443296776
380800,2308.8,41.3568,1.442181818
380850,2314.8,40.5468,1.418363636
380900,2319.75,39.1234,1.375830303
380950,2322.25,36.3967,1.293506061
381000,2324.7576,33.6044,1.209194861
381050,2327.2827,30.6589,1.120243358
381100,2329.792,28.3219,1.049729333
381150,2332.2673,27.2779,1.018393006
381200,2334.45,26.7984,1.004127273
381250,2335.95,27.5184,1.026127273
381300,2337.75,28.4342,1.05409697
381350,2340.25,29.7662,1.094763636
381400,2344.2727,31.6627,1.152720933
381450,2351.8484,34.7587,1.247457382
381500,2358.4399,38.0794,1.348883624
381550,2362.9399,41.8774,1.464519988
381600,2368.24,47.1269,1.637622791
381650,2375.24,55.4609,1.918906327
381700,2382.0593,63.6106,2.20488169
381750,2388.4951,71.3686,2.481453459
381800,2393.9092,77.0396,2.698032872
381850,2396.9395,78.276,2.746183554
381900,2399.9504,79.0556,2.776915104
381950,2402.9209,78.9487,2.773804073
382000,2408.1819,78.5016,2.758445968
382050,2418.7878,77.3316,2.717177977
382100,2426.792,76.0867,2.672147341
382150,2429.2673,74.6827,2.619229674
382200,2432.9697,75.289,2.643596422
382250,2439.5354,80.167,2.832426275
382300,2445.5842,83.7432,2.971406526
382350,2450.5347,84.5532,3.004887671
382400,2456.1001,84.8621,3.021142934
382450,2463.1001,84.1061,2.99133233
382500,2470.55,84.1738,2.996498317
382550,2479.05,85.9918,3.081810098
382600,2487.2727,88.668,3.206735996
382650,2494.8484,93.168,3.414425713
382700,2502.3762,97.4203,3.612163631
382750,2509.802,101.1463,3.788670826
382800,2518,103.7318,3.914522344
382850,2528,103.8938,3.931794881
382900,2538.3,103.5763,3.92744978
382950,2549.3,102.2396,3.876882898
383000,2560.0303,101.2004,3.839501769
383050,2570.1313,100.8549,3.833395175
383100,2580.01,100.62,3.832168534
383150,2589.4158,100.62,3.841389233
383200,2599.0303,100.62,3.850859625
383250,2609.1313,100.62,3.860858699
383300,2619.1682,100.3348,3.857490657
383350,2629.0693,99.4438,3.825532981
383400,2638.8789,98.6291,3.796915141
383450,2648.4749,97.9927,3.776356283
383500,2658.1682,97.6637,3.770328929
383550,2668.0693,97.9877,3.795434843
383600,2677.4243,98.1619,3.8130034
383650,2685.5051,98.0179,3.814223393
383700,2692.5842,97.92,3.816644118
383750,2697.5347,97.92,3.821612725
383800,2702.0605,97.92,3.826166195
383850,2705.5959,97.92,3.829730623
383900,2709.7427,97.4295,3.810414206
383950,2715.1882,95.8969,3.742347452
384000,2721.1211,94.824,3.69665711
384050,2728.1919,94.824,3.703589742
384100,2736.1682,94.4305,3.692453828
384150,2746.0693,93.2008,3.642707429
384200,2756.1819,92.4054,3.613971685
384250,2766.7878,92.6236,3.634858597
384300,2777.9604,90.8672,3.560092438
384350,2790.3367,84.9147,3.289043285
384400,2804.1516,78.7298,3.009643397
384450,2821.3232,72.0025,2.748583613
384500,2837.4355,67.6008,2.581125642
384550,2851.2971,68.1408,2.612281958
384600,2865.697,65.7374,2.523986099
384650,2881.3535,57.0794,2.166196005
384700,2894.2178,47.7763,1.80516564
384750,2901.1484,37.1023,1.423017029
384800,2908.4243,29.7864,1.184598659
384850,2916.5051,29.6064,1.180180574
384900,2924.8516,29.5924,1.181263475
384950,2933.7625,29.931,1.194087784
385000,2942.7273,30.1898,1.204331658
385050,2951.8181,30.2625,1.208475056
385100,2961.1682,32.7129,1.291570542
385150,2971.0693,40.2159,1.548469767
385200,2980.2727,45.7789,1.75956369
385250,2987.8484,46.8153,1.800954656
385300,2995.0593,47.5485,1.830943693
385350,3001.4951,47.6376,1.836663464
385400,3008.55,48.4909,1.871886675
385450,3017.05,51.1273,1.974864125
385500,3024.3982,55.1837,2.15750471
385550,3029.0593,62.2577,2.480232009
385600,3033.7205,68.0409,2.726396051
385650,3037.76,71.0812,2.856046626
385700,3041.76,74.1216,2.985898297
385750,3044.3501,75.776,3.065396688
385800,3046.8501,77.342,3.142692046
385850,3048.8799,78.282,3.189427168
385900,3050.8799,79.182,3.234212821
385950,3054.76,78.2885,3.193459785
386000,3058.76,77.2805,3.147238681
386050,3064.6399,77.2538,3.149661272
386100,3070.6399,77.2898,3.155193422
386150,3075.7,76.869,3.138032833
386200,3080.7,76.419,3.119418107
386250,3087.1101,76.5612,3.130346527
386300,3093.6101,76.7412,3.143163862
386350,3101.05,77.0058,3.160673644
386400,3108.55,77.2758,3.17848792
386450,3115.5801,77.9011,3.21321249
386500,3122.5801,78.5491,3.249026647
386550,3129.1101,77.3021,3.192777154
386600,3135.6101,75.9341,3.130633691
386650,3141.1699,75.3444,3.105583129
386700,3146.6699,74.8044,3.082897203
386750,3151.23,74.9412,3.092404819
386800,3155.73,75.1212,3.103969394
386850,3161.1699,74.7767,3.090712888
386900,3166.6699,74.3987,3.075867955
386950,3174.05,74.376,3.079428978
387000,3181.55,74.376,3.084167257
387050,3189.99,73.75,3.059148068
387100,3198.49,73.084,3.032218746
387150,3207.46,72.8579,3.026913691
387200,3216.46,72.6599,3.022988912
387250,3226.3999,72.9187,3.041820578
387300,3236.3999,73.2067,3.062114602
387350,3246.3999,73.224,3.069276648
387400,3256.3999,73.224,3.075601565
387450,3266.3999,72.8687,3.064675872
387500,3276.3999,72.4907,3.052643428
387550,3284.99,72.4849,3.057795092
387600,3293.49,72.5029,3.064047775
387650,3303.3069,72.3365,3.062175507
387700,3313.208,72.1583,3.059782305
387750,3319.52,71.8429,3.048446952
387800,3325.52,71.5156,3.03633289
387850,3333.7312,72.8158,3.104748247
387900,3342.1345,74.2198,3.178355416
387950,3348.7,72.5443,3.101038301
388000,3353.7,70.6723,3.013152698
388050,3359.24,70.6615,3.016132277
388100,3365.24,70.7695,3.025183537
388150,3370.97,70.6576,3.02336605
388200,3376.47,70.5316,3.020716408
388250,3381.97,71.0147,3.047710122
388300,3387.47,71.5367,3.076603022
388350,3391.6201,72.1094,3.10711306
388400,3394.6201,72.6854,3.137057758
388450,3397.0801,74.6489,3.234209725
388500,3399.0801,76.7009,3.335385486
388550,3401.3501,74.709,3.239857879
388600,3403.8501,72.459,3.131901384
388650,3406.3501,67.0619,2.879208157
388700,3408.8501,61.4639,2.625841527
388750,3408.3799,48.9118,2.078089279
388800,3405.3799,35.9158,1.570351648
388850,3391.04,18.6221,0.884828128
388900,3367.04,1.0541,0.060491905
388950,3347.6299,0,0
389000,3332.1299,0,0
389050,3322.3,0,0
389100,3317.3,0,0
389150,3308.25,0,0
389200,3295.75,0,0
389250,3285.6799,0,0
389300,3277.6799,0,0
389350,3268.3301,0,0
389400,3257.8301,0,0
389450,3245.98,0,0
389500,3232.98,0,0
389550,3217.55,0,0
389600,3200.05,0,0
389650,3179.8501,0,0
389700,3157.3501,0,0
389750,3133.77,0,0
389800,3109.27,0,0
389850,3083.6899,0,0
389900,3057.1899,0,0
389950,3029.8799,0,0
390000,3001.8799,0,0
390050,2973.6101,0,0
390100,2945.1101,0,0
390150,2916.3401,0,0
390200,2887.3401,0,0
390250,2857.8,0,0
390300,2827.8,0,0
390350,2799.6899,0,0
390400,2773.1899,0,0
390450,2749.1201,0,0
390500,2727.1201,0,0
390550,2705.1201,0,0
390600,2683.1201,0,0
390650,2660.5801,0,0
390700,2637.5801,0,0
390750,2615.9299,0,0
390800,2595.4299,0,0
390850,2575.2,0,0
390900,2555.2,0,0
390950,2533.3101,0,0
391000,2509.8101,0,0
391050,2486.04,0,0
391100,2462.04,0,0
391150,2438.04,0,0
391200,2414.04,0,0
391250,2391.1201,0,0
391300,2369.1201,0,0
391350,2347.1201,0,0
391400,2325.1201,0,0
391450,2302.1682,0,0
391500,2278.406,0,0
391550,2255.4443,0,0
391600,2233.2222,0,0
391650,2214.0901,0,0
391700,2197.5901,0,0
391750,2180.55,0,0
391800,2163.05,0,0
391850,2145.28,0,0
391900,2127.28,0,0
391950,2112.79,0,0
392000,2101.29,0,0
392050,2091.4099,0,0
392100,2082.9099,0,0
392150,2076.8401,0,0
392200,2072.8401,0,0
392250,2068.03,0,0
392300,2062.53,0,0
392350,2064.3201,4.6022,0.186002189
392400,2072.3201,9.4982,0.384375694
392450,2077.6201,14.6311,0.574499055
392500,2080.6201,19.7791,0.742533956
392550,2084.97,21.1032,0.786141737
392600,2090.47,22.1832,0.821956439
392650,2095.1599,22.3834,0.828998375
392700,2099.1599,22.5274,0.834137156
392750,2102.6201,21.3854,0.797181529
392800,2105.6201,20.1614,0.757464971
392850,2109.7,20.088,0.755467717
392900,2114.7,20.088,0.755962438
392950,2117.54,18.0238,0.688631188
393000,2118.54,15.8278,0.616782372
393050,2121.406,18.2002,0.694761053
393100,2125.8613,20.8642,0.782521178
393150,2129.3,20.7364,0.778681748
393200,2131.8,20.4304,0.76889554
393250,2134.8384,21.4103,0.8013717
393300,2138.3738,22.4723,0.836624768
393350,2141.8899,22.9421,0.852448889
393400,2145.3899,23.3741,0.867043137
393450,2149.97,26.3441,0.965262637
393500,2155.47,29.4761,1.063575152
393550,2159.604,30.1716,1.085152
393600,2162.5742,30.7116,1.101875661
393650,2166.1011,31.0993,1.114051648
393700,2170.1414,31.4773,1.125995927
393750,2173.6201,31.0939,1.114799406
393800,2176.6201,30.6619,1.102072133
393850,2179.8899,30.636,1.101683624
393900,2183.3899,30.636,1.102107867
393950,2186.0801,30.2807,1.091667285
394000,2188.0801,29.9027,1.080455164
394050,2191.7,30.1507,1.088409091
394100,2196.7,30.4387,1.097742424
394150,2201.1599,30.4052,1.097267867
394200,2205.1599,30.3512,1.096116352
394250,2207.8101,30.1619,1.090701224
394300,2209.3101,29.9639,1.084883042
394350,2212.1599,30.0535,1.087943624
394400,2216.1599,30.1615,1.0917012
394450,2220.1599,29.5758,1.074437564
394500,2224.1599,28.9458,1.055831503
394550,2228.4299,29.2972,1.066997564
394600,2232.9299,29.7112,1.080088473
394650,2235,28.3486,1.039048485
394700,2235,26.8726,0.993765802
394750,2236.3501,26.2087,0.971854571
394800,2238.8501,25.5967,0.951808324
394850,2240.8101,25.4077,0.945764469
394900,2242.3101,25.2457,0.940558959
394950,2243,25.2529,0.940885174
395000,2243,25.2709,0.941484614
395050,2244.0801,25.8134,0.959689165
395100,2246.0801,26.3894,0.979134919
395150,2248.8899,26.7793,0.992496431
395200,2252.3899,27.1573,1.005056352
395250,2254.54,28.7536,1.053689697
395300,2255.54,30.4276,1.104538182
395350,2258.1599,31.594,1.1402012
395400,2262.1599,32.728,1.175049685
395450,2266.97,32.4576,1.167438788
395500,2272.47,32.0976,1.157196364
395550,2275,32.3636,1.165563636
395600,2275,32.6696,1.174836364
395650,2277.4299,32.6203,1.173636958
395700,2281.9299,32.5483,1.172000594
395750,2286.97,32.6455,1.17555697
395800,2292.47,32.7535,1.179496364
395850,2298.78,36.6347,1.297873333
395900,2305.78,40.7567,1.423630909
395950,2314.1299,43.1021,1.495715745
396000,2323.6299,45.3341,1.570816554
396050,2332.3201,48.3106,1.671294634
396100,2340.3201,51.3346,1.773578299
396150,2347.24,56.3382,1.942135058
396200,2353.24,61.4682,2.121613712
396250,2358.1599,64.4832,2.229472235
396300,2362.1599,67.3632,2.332381723
396350,2365.8899,73.5257,2.555307105
396400,2369.3899,79.8977,2.799027202
396450,2372.0801,83.6809,2.943998017
396500,2374.0801,87.2989,3.097323229
396550,2379.8601,87.8375,3.123930136
396600,2388.8601,88.1795,3.14306547
396650,2391.9199,87.6416,3.120132331
396700,2389.9199,87.0476,3.092568149
396750,2389.27,90.2776,3.237654502
396800,2389.77,93.7516,3.394210111
396850,2391.8899,97.6147,3.569709045
396900,2395.3899,101.5027,3.748027227
396950,2398.8899,105.12,3.914040864
397000,2402.3899,108.72,4.099031381
397050,2407.78,109.2575,4.132453298
397100,2414.78,109.5995,4.155574004
397150,2423.1299,109.0109,4.126731469
397200,2432.6299,108.3629,4.095270699
397250,2441.5901,108.3748,4.100791662
397300,2450.0901,108.4287,4.108402356
397350,2459.3999,108.0598,4.092714213
397400,2469.3999,107.6637,4.075944144
397450,2479.1299,107.64,4.079887112
397500,2488.6299,107.64,4.085009181
397550,2498.9399,107.7754,4.098067491
397600,2509.9399,107.9194,4.118651058
397650,2520.6699,112.801,4.402172892
397700,2531.1699,117.9849,4.765514967
397750,2541.3999,117.8053,4.767631195
397800,2551.3999,117.2833,4.744503272
397850,2561.9399,116.609,4.71120049
397900,2572.9399,115.925,4.677996933
397950,2584.1484,115.7148,4.679489905
398000,2595.5347,115.5348,4.683421584
398050,2606.46,115.0841,4.667149936
398100,2616.96,114.6161,4.649060056
398150,2627.98,113.1498,4.560125392
398200,2639.48,111.6198,4.475320259
398250,2649.9399,110.541,4.428400508
398300,2659.4399,109.491,4.382047258
398350,2669.46,108.9011,4.361483664
398400,2679.96,108.7031,4.362867594
398450,2689.9399,108.5245,4.364701939
398500,2699.4399,108.3625,4.366879825
398550,2709.72,108.288,4.374704117
398600,2720.72,108.288,4.387379727
398650,2730.99,108.288,4.399186869
398700,2740.5859,108.288,4.410195299
398750,2750.6699,108.2686,4.420690495
398800,2761.1699,108.2326,4.430741358
398850,2771.9399,107.9924,4.430065223
398900,2782.9399,107.5784,4.420291302
398950,2793.1299,106.4646,4.371966058
399000,2802.6299,104.7546,4.29091009
399050,2812.3999,103.4723,4.233296349
399100,2822.3999,102.5543,4.195609384
399150,2832.3999,102.1223,4.184041503
399200,2842.3999,102.1043,4.194655433
399250,2852.3999,101.9016,4.195372195
399300,2862.3999,101.5416,4.187686802
399350,2872.3999,101.376,4.190388686
399400,2882.3999,101.376,4.201909844
399450,2892.0791,100.9483,4.190268851
399500,2901.4851,100.1563,4.158962769
399550,2911.5151,99.6462,4.143416452
399600,2922.1211,99.3762,4.141309169
399650,2932.3999,98.6688,4.115643835
399700,2942.3999,97.5888,4.069982092
399750,2952.3999,97.0823,4.054753174
399800,2962.3999,97.0643,4.065369135
399850,2971.5901,96.813,4.062712923
399900,2980.0901,96.363,4.048785517
399950,2989.1299,95.913,4.035506828
400000,2998.6299,95.463,4.022785276
400050,3007.5444,95.256,4.018665288
400100,3015.9604,95.256,4.0244762
400150,3025.46,94.8575,4.009973458
400200,3035.96,94.1195,3.978615937
400250,3045.1599,93.857,3.971222722
400300,3053.1599,93.9996,3.983990628
400350,3061.9399,93.7844,3.978763981
400400,3071.4399,93.2389,3.956935198
400450,3080.99,92.8714,3.944356095
400500,3090.5859,92.6554,3.939647851
400550,3099.8601,91.9436,3.909088739
400600,3108.8601,90.8096,3.856529977
400650,3117.8601,90.0547,3.823585399
400700,3126.8601,89.6227,3.807339775
400750,3136.1526,89.3268,3.798329894
400800,3145.6946,89.1468,3.795479214
400850,3155.2366,88.8362,3.785884519
400900,3164.3635,87.7235,3.734594543
400950,3173.4546,86.6108,3.68329964
401000,3182.3762,86.0364,3.65969513
401050,3191.2871,85.4964,3.6378674
401100,3199.8201,85.464,3.641983258
401150,3208.3201,85.464,3.647746832
401200,3218.2,83.129,3.534003739
401250,3228.2,80.645,3.417861954
401300,3236.4343,80.0222,3.392898734
401350,3244.5151,79.5182,3.373595954
401400,3253.9299,79.488,3.378139957
401450,3263.4299,79.488,3.384206439
401500,3273.7722,77.2376,3.281520172
401550,3284.1682,74.8436,3.17185123
401600,3291.4399,73.7186,3.121812517
401650,3298.4399,72.6746,3.0755234
401700,3308.2,71.0723,3.00383443
401750,3318.2,69.4343,2.936262718
401800,3324.52,53.8567,2.250470162
401850,3330.52,37.3894,1.593779061
401900,3310.3,19.3113,0.896824582
401950,3287.8,1.0931,0.06183028
402000,3276.3401,0,0
402050,3265.8401,0,0
402100,3260.3999,0,0
402150,3255.3999,0,0
402200,3238.7373,0,0
402250,3221.0605,0,0
402300,3203.55,0,0
402350,3186.05,0,0
402400,3163.8501,0,0
402450,3141.3501,0,0
402500,3116.5,0,0
402550,3091.5,0,0
402600,3068.3799,0,0
402650,3045.3799,0,0
402700,3028.49,0,0
402750,3011.99,0,0
402800,2992.2,0,0
402850,2972.2,0,0
402900,2948.9099,0,0
402950,2925.4099,0,0
403000,2901.4399,0,0
403050,2877.4399,0,0
403100,2853.4399,0,0
403150,2829.4399,0,0
403200,2807.0593,0,0
403250,2784.7822,0,0
403300,2758.6201,0,0
403350,2732.1201,0,0
403400,2707.9199,0,0
403450,2683.9199,0,0
403500,2660.8401,0,0
403550,2637.8401,0,0
403600,2615.3,0,0
403650,2592.8,0,0
403700,2568.9199,0,0
403750,2544.9199,0,0
403800,2518.6201,0,0
403850,2492.1201,0,0
403900,2466.54,0,0
403950,2441.04,0,0
404000,2415.0801,0,0
404050,2389.0801,0,0
404100,2362.1599,0,0
404150,2335.1599,0,0
404200,2307.24,0,0
404250,2279.24,0,0
404300,2250.78,0,0
404350,2222.28,0,0
404400,2194.9092,0,0
404450,2167.6365,0,0
404500,2142.03,0,0
404550,2116.53,0,0
404600,2091.7327,0,0
404650,2066.9802,0,0
404700,2041.7677,0,0
404750,2016.5151,0,0
404800,1990.802,0,0
404850,1965.0594,0,0
404900,1943.6801,0,0
404950,1922.6801,0,0
405000,1903.0601,0,0
405050,1883.5601,0,0
405100,1862.6801,0,0
405150,1841.6801,0,0
405200,1826.66,0,0
405250,1812.16,0,0
405300,1800.88,0,0
405350,1789.88,0,0
405400,1775.66,0,0
405450,1761.16,0,0
405500,1754.9399,0,0
405550,1749.4399,0,0
405600,1744.4,0,0
405650,1739.4,0,0
405700,1738.54,0,0
405750,1738.04,0,0
405800,1740.76,0,0
405850,1743.76,0,0
405900,1747.22,2.4509,0.096092773
405950,1750.72,5.1149,0.200595641
406000,1767.1,13.3596,0.520524527
406050,1784.6,22.0896,0.806655065
406100,1797.04,25.2971,0.911652843
406150,1809.04,28.0244,1.000730935
406200,1819.66,28.8749,1.026225485
406250,1830.16,29.6055,1.048155831
406300,1839.28,29.664,1.049937818
406350,1848.28,29.664,1.049964808
406400,1857.74,29.664,1.04999321
406450,1867.24,29.664,1.050021764
406500,1878.12,32.2902,1.129052791
406550,1889.12,35.1447,1.215060852
406600,1902.42,38.5308,1.317239019
406650,1915.92,41.9508,1.420608198
406700,1932.3334,44.1187,1.486450518
406750,1949,46.2067,1.551740625
406800,1960.8101,45.486,1.529587816
406850,1972.3101,44.586,1.501822191
406900,1981.8416,36.4104,1.254580438
406950,1991.2476,27.7704,0.992589364
407000,1992.92,20.9916,0.773819267
407050,1993.92,14.3316,0.55891085
407100,1994.46,12.9101,0.513054989
407150,1994.96,11.823,0.472729396
407200,1999.6,11.8865,0.475444786
407250,2004.6,12.0502,0.482363019
407300,2009.6,13.0651,0.518871764
407350,2014.6,14.1345,0.553769036
407400,2015.92,14.22,0.556627291
407450,2016.92,14.22,0.556699271
407500,2022.52,14.22,0.557102704
407550,2028.52,14.22,0.557535602
407600,2029.92,14.22,0.557636708
407650,2030.92,14.22,0.55770895
407700,2035.6,14.22,0.558047288
407750,2040.6,14.22,0.558409215
407800,2043.76,15.0229,0.584685268
407850,2046.76,15.8956,0.61323547
407900,2051.6001,18.0253,0.682781496
407950,2056.6001,20.2352,0.755036795
408000,2064.8201,23.7575,0.870425297
408050,2073.3201,27.3938,0.98980941
408100,2084.1201,29.6593,1.060478194
408150,2095.1201,31.8373,1.127811527
408200,2107.5,33.7954,1.188648485
408250,2120,35.7394,1.249072727
408300,2130.2,38.5294,1.334854545
408350,2140.2,41.3734,1.422248485
408400,2149.74,39.429,1.364483636
408450,2159.24,37.179,1.297453333
408500,2161.8586,27.8226,1.014243467
408550,2163.8789,18.0126,0.692468513
408600,2148.49,9.2347,0.378377648
408650,2131.99,0.5227,0.021359069
408700,2132.8613,0,0
408750,2134.8416,0,0
408800,2135.9199,0,0
408850,2136.9199,0,0
408900,2135.6201,0,0
408950,2134.1201,0,0
409000,2125.26,0,0
409050,2115.76,0,0
409100,2107.6399,0,0
409150,2099.6399,0,0
409200,2084.28,0,0
409250,2068.28,0,0
409300,2051.6667,0,0
409350,2035,0,0
409400,2010.2673,0,0
409450,1985.0198,0,0
409500,1957.24,0,0
409550,1929.24,0,0
409600,1906.3,0,0
409650,1883.8,0,0
409700,1858.08,0,0
409750,1832.08,0,0
409800,1804.7,0,0
409850,1777.2,0,0
409900,1758.4399,0,0
409950,1740.4399,0,0
410000,1717.38,0,0
410050,1693.88,0,0
410100,1669.92,0,0
410150,1645.92,0,0
410200,1629.28,0,0
410250,1613.28,0,0
410300,1597.28,0,0
410350,1581.28,0,0
410400,1565.74,0,0
410450,1550.24,0,0
410500,1539.8,0,0
410550,1529.8,0,0
410600,1517.04,0,0
410650,1504.04,0,0
410700,1497.02,0,0
410750,1490.52,0,0
410800,1485.4,0,0
410850,1480.4,0,0
410900,1477.7,0,0
410950,1475.2,0,0
411000,1471.78,0,0
411050,1468.28,0,0
411100,1468.92,0,0
411150,1469.92,0,0
411200,1473.6801,0,0
411250,1477.6801,0,0
411300,1480.3,0,0
411350,1482.8,0,0
411400,1485.3,0,0
411450,1487.8,0,0
411500,1501.0101,8.6292,0.331918098
411550,1515.1515,17.8092,0.660649445
411600,1522.9802,20.4581,0.748987887
411650,1530.4059,22.6901,0.82336139
411700,1536.98,22.9748,0.832905278
411750,1543.48,23.1352,0.838308689
411800,1550.9,22.2041,0.807456697
411850,1558.4,21.1781,0.773485231
411900,1567.28,23.8118,0.86101672
411950,1576.28,26.7638,0.959001823
412000,1586.2,28.2254,1.006663198
412050,1596.2,29.5574,1.046066565
412100,1606.66,30.6079,1.077187223
412150,1617.16,31.6339,1.107621111
412200,1627.2,30.9211,1.086562396
412250,1637.2,30.0571,1.060995208
412300,1646.74,30.402,1.071262177
412350,1656.24,30.852,1.084660432
412400,1665.28,30.888,1.085775112
412450,1674.28,30.888,1.085820993
412500,1683.28,29.8897,1.056185154
412550,1692.28,28.8277,1.024622614
412600,1700.36,27.5243,0.984352344
412650,1708.36,26.2055,0.941002843
412700,1714.52,25.5313,0.918870263
412750,1720.52,24.9131,0.898594135
412800,1728.8199,24.876,0.897431317
412850,1737.3199,24.876,0.897488534
412900,1742.6,24.876,0.897524044
412950,1747.6,24.876,0.897557648
413000,1753.52,24.876,0.897597407
413050,1759.52,24.876,0.897637671
413100,1766.4399,24.876,0.89768407
413150,1773.4399,24.876,0.897730962
413200,1780.4399,25.4456,0.916416019
413250,1787.4399,26.0515,0.936271213
413300,1795.36,28.8265,1.024738635
413350,1803.36,31.7902,1.113501878
413400,1813.66,40.9976,1.389468272
413450,1824.16,50.6035,1.685239375
413500,1838.34,60.4138,1.992254375
413550,1852.84,70.2418,2.327525609
413600,1861.36,79.0762,2.639981959
413650,1869.36,87.8242,2.963052844
413700,1877.36,94.1544,3.23375949
413750,1885.36,100.2744,3.502072508
413800,1895.66,100.3291,3.505526053
413850,1906.16,99.8564,3.485537515
413900,1915.28,99.828,3.485099898
413950,1924.28,99.828,3.485890942
414000,1936.04,99.828,3.486923636
414050,1948.04,99.828,3.487976315
414100,1960.96,99.828,3.489108469
414150,1973.96,99.828,3.490246348
414200,1986.04,99.6926,3.485412015
414250,1998.04,99.5486,3.480201791
414300,2011.88,99.54,3.485149877
414350,2025.88,99.54,3.491232443
414400,2039.42,99.54,3.49712929
414450,2052.9199,99.54,3.503145409
414500,2067.3401,99.674,3.515790955
414550,2081.8401,99.8166,3.528863682
414600,2098.1799,102.8254,3.6730545
414650,2114.6799,106.0834,3.828645409
414700,2127.96,110.9273,4.073093005
414750,2140.96,115.9091,4.381475552
414800,2154.4199,116.1911,4.405309235
414850,2167.9199,116.1731,4.411014317
414900,2180.5,116.172,4.417234781
414950,2193,116.172,4.423443835
415000,2203.6599,115.252,4.373995468
415050,2214.1599,114.252,4.319968815
415100,2223.74,113.2276,4.264279998
415150,2233.24,112.2016,4.208705389
415200,2244.5801,111.7508,4.188275455
415250,2256.0801,111.3368,4.170203622
415300,2266.2,110.9567,4.153456237
415350,2276.2,110.5787,4.136844628
415400,2287.1201,110.5898,4.143511317
415450,2298.1201,110.6258,4.151636119
415500,2309.5801,112.6415,4.274812214
415550,2321.0801,114.7835,4.404661615
415600,2333.04,114.1079,4.37146553
415650,2345.04,113.2524,4.32812126
415700,2357.04,113.184,4.330178286
415750,2369.04,113.184,4.336137916
415800,2382.8799,111.2299,4.231508682
415850,2396.8799,109.1059,4.117964275
415900,2410.8799,108.3233,4.081168556
415950,2424.8799,107.6573,4.051193423
416000,2439.3401,106.5607,3.997913682
416050,2453.8401,105.4267,3.952959136
416100,2469.26,105.6204,3.968772727
416150,2484.76,105.9295,3.989868182
416200,2499.3401,104.3914,3.926581864
416250,2513.8401,102.7354,3.864990548
416300,2528.8,102.3145,3.860289648
416350,2543.8,101.9725,3.859218287
416400,2556.96,101.2244,3.837616981
416450,2569.96,100.4504,3.814520399
416500,2582.5,98.3434,3.728984667
416550,2595,96.1514,3.638916554
416600,2608.8799,94.9162,3.594226485
416650,2622.8799,93.7642,3.553232011
416700,2634.5801,92.9599,3.526197007
416750,2646.0801,92.1859,3.500247319
416800,2658.96,91.6769,3.488179205
416850,2671.96,91.1909,3.477252625
416900,2683.5801,90.3324,3.447752629
416950,2695.0801,89.4415,3.416555555
417000,2706.1201,86.9756,3.311485952
417050,2717.1201,84.4093,3.201416541
417100,2727.6599,82.3493,3.114310938
417150,2738.1599,80.3333,3.029006335
417200,2749.5801,78.665,2.966299936
417250,2761.0801,77.027,2.908896162
417300,2774.8799,73.3025,2.769094342
417350,2788.8799,69.3965,2.621498955
417400,2803.3401,66.4244,2.511209329
417450,2817.8401,63.5335,2.401551873
417500,2833.26,62.0741,2.350266324
417550,2848.76,60.7061,2.302067447
417600,2862.8799,60.2348,2.290271556
417650,2876.8799,59.8208,2.280677905
417700,2889.96,59.3392,2.267524511
417750,2902.96,58.8532,2.253957784
417800,2914.5801,58.5702,2.248251525
417850,2926.0801,58.3002,2.242975994
417900,2935.28,57.9118,2.231140326
417950,2944.28,57.5158,2.218742721
418000,2952.8201,53.907,2.063599703
418050,2961.3201,50.0931,1.914368408
418100,2968.4399,44.1509,1.694794516
418150,2975.4399,38.0236,1.471281481
418200,2976,34.695,1.360646681
418250,2976,31.545,1.255817204
418300,2980.1399,32.6758,1.294320705
418350,2984.6399,34.0798,1.342077012
418400,2988.22,32.4382,1.28809861
418450,2991.72,30.6022,1.227533757
418500,2992.46,28.5631,1.159588948
418550,2992.96,26.5111,1.091151886
418600,2994.8401,26.388,1.087357384
418650,2996.8401,26.388,1.087694395
418700,3002.0601,26.388,1.08867847
418750,3007.5601,26.388,1.089886262
418800,3013.0601,25.9022,1.074767657
418850,3018.5601,25.3853,1.058535126
418900,3024.52,25.7083,1.070689398
418950,3030.52,26.1043,1.085381571
419000,3036.0601,26.8481,1.111840119
419050,3041.5601,27.6221,1.139433445
419100,3048.4399,27.6674,1.142654156
419150,3055.4399,27.6494,1.143758014
419200,3062.4399,27.5818,1.143167353
419250,3069.4399,27.5098,1.142422032
419300,3075.52,27.1231,1.130596634
419350,3081.52,26.7091,1.117750102
419400,3086.1399,26.676,1.117706083
419450,3090.6399,26.676,1.118781342
419500,3096.0601,26.6098,1.117780461
419550,3101.5601,26.5378,1.116592163
419600,3107.98,26.532,1.117931578
419650,3114.48,26.532,1.119500639
419700,3118.6799,26.7638,1.128652416
419750,3122.6799,27.0158,1.138495966
419800,3128.52,28.1455,1.179765232
419850,3134.52,29.3515,1.223976098
419900,3138.6799,30.5575,1.26784435
419950,3142.6799,31.7635,1.311813221
420000,3147.1399,32.953,1.35550201
420050,3151.6399,34.141,1.399315554
420100,3158.4399,36.2398,1.476668727
420150,3165.4399,38.4178,1.560747175
420200,3171.98,39.4862,1.604069528
420250,3178.48,40.4582,1.643746581
420300,3180.3799,40.5029,1.646274164
420350,3181.8799,40.4669,1.64556774
420400,3186.1399,40.4143,1.645442938
420450,3190.6399,40.3603,1.645370335
420500,3194.22,40.4222,1.64928955
420550,3197.72,40.4942,1.653557962
420600,3200.76,40.4834,1.654484252
420650,3203.76,40.4654,1.655120027
420700,3208.6001,40.464,1.657195122
420750,3213.6001,40.464,1.659394631
420800,3218.6001,40.464,1.661595143
420850,3223.6001,40.464,1.663796657
420900,3228.6001,40.2984,1.659708739
420950,3233.6001,40.1184,1.655071838
421000,3239.0601,40.5724,1.674729708
421050,3244.5601,41.0815,1.696509595
421100,3250.52,41.9664,1.73279366
421150,3256.52,42.8753,1.770028164
421200,3262.0601,43.2792,1.787865063
421250,3267.5601,43.6392,1.804022492
421300,3274.4399,43.7177,1.810091604
421350,3281.4399,43.7717,1.815285548
421400,3287.0601,43.776,1.817970569
421450,3292.5601,43.776,1.820439188
421500,3298.0601,43.9747,1.830480786
421550,3303.5601,44.1907,1.841186842
421600,3308.6001,45.2678,1.884520177
421650,3313.6001,46.4198,1.930711525
421700,3318.6001,48.3502,2.007557895
421750,3323.6001,50.3482,2.097195538
421800,3329.52,52.0646,2.17491942
421850,3335.52,53.7566,2.251502848
421900,3338.76,56.3429,2.365522707
421950,3341.76,59.0069,2.482713734
422000,3345.22,56.587,2.379189316
422050,3348.72,53.725,2.25658153
422100,3350.3799,54.9864,2.312146544
422150,3351.8799,56.6064,2.383175318
422200,3352.9199,56.5373,2.380667161
422250,3353.9199,56.3213,2.371767027
422300,3359.0601,56.1715,2.367701
422350,3364.5601,56.0275,2.364061942
422400,3371.4399,54.4759,2.300144599
422450,3378.4399,52.8019,2.231104529
422500,3383.1399,46.8389,1.978446205
422550,3387.6399,40.5029,1.738072884
422600,3389.3799,35.6242,1.552161796
422650,3390.8799,30.8722,1.366663232
422700,3392.8401,29.1341,1.29862948
422750,3394.8401,27.6581,1.240867945
422800,3396.3665,27.9871,1.254416504
422850,3397.8516,28.4731,1.274199069
422900,3399.3635,27.419,1.23287332
422950,3400.8789,26.231,1.186170164
423000,3403.3,26.1194,1.182472418
423050,3405.8,26.1014,1.182517534
423100,3407.3799,25.8185,1.171725329
423150,3408.8799,25.5125,1.159972271
423200,3407.1599,27.1109,1.223158595
423250,3405.1599,28.8749,1.292736427
423300,3405.46,28.7345,1.287253263
423350,3405.96,28.4285,1.275243739
423400,3406,27.725,1.247240055
423450,3406,26.987,1.217848438
423500,3402.78,27.6473,1.243072428
423550,3399.28,28.4291,1.272947619
423600,3399.9199,26.2312,1.185884978
423650,3400.9199,23.843,1.091304628
423700,3389.04,12.7721,0.658302213
423750,3376.04,0.9461,0.054383965
423800,3355.22,0,0
423850,3333.72,0,0
423900,3328.78,0,0
423950,3325.28,0,0
424000,3313.5,0,0
424050,3301,0,0
424100,3291.26,1.3579,0.076856603
424150,3281.76,2.8339,0.160122108
424200,3279.6201,4.0284,0.227526175
424250,3278.1201,5.1984,0.29352882
424300,3264.2,5.4907,0.309255763
424350,3249.2,5.7067,0.320555021
424400,3238.3401,6.2042,0.347821472
424450,3227.8401,6.7262,0.376376993
424500,3219.6399,6.7846,0.379088241
424550,3211.6399,6.8026,0.37955108
424600,3200.8799,4.8665,0.271005739
424650,3189.8799,2.7605,0.153426025
424700,3179.8,4.3639,0.242107471
424750,3169.8,6.2899,0.34834277
424800,3155.6599,6.7752,0.374281394
424850,3141.1599,7.1352,0.393161045
424900,3120.22,7.2799,0.399658617
424950,3098.72,7.4059,0.405046003
425000,3077.6799,7.9128,0.431181791
425050,3056.6799,8.4528,0.458926783
425100,3039.8201,8.5291,0.46171688
425150,3023.3201,8.5651,0.4623442
425200,3015.5601,8.1209,0.437779465
425250,3008.5601,7.6349,0.4110839
425300,2996.96,7.1158,0.38202044
425350,2984.96,6.5938,0.352000646
425400,2984.46,6.2539,0.333777167
425450,2984.96,5.9299,0.316559287
425500,3004.3201,5.9868,0.322110374
425550,3025.3201,6.0768,0.328139099
425600,2985.1399,5.8522,0.312437788
425650,2939.6399,5.6002,0.292726494
425700,2938.76,6.8882,0.359905516
425750,2941.76,8.3102,0.434804174
425800,2937.3999,8.5068,0.444198888
425850,2932.3999,8.5968,0.447869411
425900,2926.02,8.604,0.446937264
425950,2919.52,8.604,0.445613227
426000,2913.48,8.2894,0.428141058
426050,2907.48,7.9474,0.409360665
426100,2904.24,7.506,0.38605773
426150,2901.24,7.056,0.362420674
426200,2899.1599,11.5243,0.561569613
426250,2897.1599,16.4203,0.730555761
426300,2902.52,20.5546,0.874338751
426350,2908.52,24.6226,1.015129069
426400,2909.9199,25.7429,1.052121402
426450,2910.9199,26.6069,1.08065203
426500,2914.22,27.6696,1.116114913
426550,2917.72,28.7496,1.152230164
426600,2918.46,31.3531,1.237988475
426650,2918.96,34.0891,1.328079502
426700,2923.1399,39.8722,1.521805213
426750,2927.6399,45.9202,1.747529667
426800,2935.8201,47.3976,1.805106785
426850,2944.3201,48.4776,1.848172145
426900,2949.1399,47.9016,1.828379565
426950,2953.6399,47.1816,1.803075948
427000,2955.8401,47.1406,1.802289817
427050,2957.8401,47.1586,1.803636787
427100,2962.6001,49.6771,1.89929248
427150,2967.6001,52.4131,2.003979713
427200,2973.98,53.725,2.065650065
427250,2980.48,54.913,2.122234895
427300,2986.98,53.2526,2.050658415
427350,2993.48,51.3446,1.97294161
427400,3001.3601,50.6952,1.951557975
427450,3009.3601,50.1552,1.934841704
427500,3014.1399,50.7082,1.957788066
427550,3018.6399,51.3562,1.984192678
427600,3026.3601,52.2526,2.025768663
427650,3034.3601,53.1706,2.071619865
427700,3038.6799,52.3498,2.036806578
427750,3042.6799,51.3778,1.995855132
427800,3049.3762,51.7802,2.016829758
427850,3056.3069,52.3022,2.04411501
427900,3101.1001,53.8178,2.135923869
427950,3150.1001,55.4198,2.232620401
428000,3160.8501,54.5047,2.197316171
428050,3167.3501,53.3707,2.150204387
428100,3154.5,55.7143,2.247950334
428150,3139.5,58.3603,2.358467348
428200,3133.05,59.1185,2.389174196
428250,3127.55,59.7125,2.413052404
428300,3131.05,62.6746,2.545106911
428350,3135.55,65.8426,2.682983797
428400,3143.2727,68.6462,2.807154277
428450,3151.3535,71.4182,2.930569719
428500,3161.2,71.7559,2.950496646
428550,3171.2,71.8819,2.961448496
428600,3179.3601,71.7595,2.96067486
428650,3187.3601,71.6155,2.958873422
428700,3196.28,71.1734,2.944630634
428750,3205.28,70.7054,2.929250137
428800,3212.8999,70.3699,2.918828454
428850,3220.3999,70.0459,2.908808747
428900,3224.6799,68.6952,2.852135705
428950,3228.6799,67.2552,2.791305259
429000,3234.0601,67.4381,2.802132035
429050,3239.5601,67.7621,2.819232942
429100,3244.1399,67.5396,2.811901844
429150,3248.6399,67.2696,2.802427572
429200,3254.0601,67.1983,2.802157167
429250,3259.5601,67.1443,2.802690037
429300,3265.0601,67.1566,2.806146785
429350,3270.5601,67.1746,2.809863424
429400,3277.8999,66.9773,2.805053662
429450,3285.3999,66.7613,2.799485574
429500,3292.4399,64.823,2.717276133
429550,3299.4399,62.735,2.628142846
429600,3308.28,62.4521,2.619941874
429650,3317.28,62.3261,2.618784046
429700,3325.8201,62.2166,2.618130604
429750,3334.3201,62.1086,2.617521896
429800,3343.28,62.4478,2.637196043
429850,3352.28,62.8258,2.65871274
429900,3360.8201,62.4254,2.645032835
429950,3369.3201,61.9574,2.628231025
430000,3376.8999,64.0231,2.725393448
430050,3384.3999,66.3091,2.832814088
430100,3390.0601,70.6154,3.033400609
430150,3395.5601,75.0974,3.255074406
430200,3401.0601,76.6483,3.3340907
430250,3406.5601,77.9443,3.400712404
430300,3409.76,77.8824,3.399748813
430350,3412.76,77.7024,3.392905813
430400,3416.6799,77.8039,3.400360754
430450,3420.6799,77.9299,3.409061463
430500,3426.0601,77.6419,3.398482722
430550,3431.5601,77.3179,3.386224782
430600,3436.6001,76.8118,3.364797563
430650,3441.6001,76.2898,3.342565804
430700,3449.3601,75.7843,3.322899544
430750,3457.3601,75.2803,3.303453932
430800,3462.1399,75.24,3.304546665
430850,3466.6399,75.24,3.307425191
430900,3471.6001,75.0247,3.300102056
430950,3476.6001,74.7907,3.291891181
431000,3482.52,74.772,3.294765805
431050,3488.52,74.772,3.298604332
431100,3495.4399,74.7887,3.303847047
431150,3502.4399,74.8066,3.308939529
431200,3508.98,73.7316,3.259922063
431250,3515.48,72.5616,3.206145043
431300,3522.8999,71.6731,3.166514072
431350,3530.3999,70.8091,3.128037854
431400,3535.6001,70.6572,3.123237208
431450,3540.6001,70.5672,3.121365039
431500,3546.98,69.9473,3.094164465
431550,3553.48,69.2813,3.064706414
431600,3560.4399,68.9962,3.054166855
431650,3567.4399,68.7442,3.045256354
431700,3573.52,68.7074,3.046480573
431750,3579.52,68.6894,3.048594769
431800,3585.98,68.423,3.038671953
431850,3592.48,68.135,3.027681955
431900,3598.98,67.9464,3.021590789
431950,3605.48,67.7664,3.015913942
432000,3610.6001,67.603,3.010362898
432050,3615.6001,67.441,3.004813181
432100,3621.4363,67.428,3.007070182
432150,3627.3455,67.428,3.010013688
432200,3633.6799,67.0262,2.993428028
432250,3640.1799,66.4682,2.969731126
432300,3647.3999,66.2083,2.960644131
432350,3654.8999,66.0643,2.957245384
432400,3660.24,65.8426,2.949064305
432450,3664.74,65.5906,2.939003496
432500,3670.6799,65.5718,2.940880232
432550,3677.1799,65.6438,2.947428114
432600,3683.3201,65.2234,2.929918706
432650,3689.3201,64.6114,2.902975016
432700,3695.6799,62.5349,2.804794718
432750,3702.1799,59.8889,2.67858657
432800,3708.3201,58.9406,2.634774077
432850,3714.3201,58.6526,2.623079045
432900,3721.76,57.587,2.573803572
432950,3729.76,56.219,2.509704582
433000,3735.24,55.1232,2.4638686
433050,3739.74,54.1332,2.423573703
433100,3745.6799,52.6507,2.363006325
433150,3752.1799,50.9767,2.294585988
433200,3754.3601,49.7822,2.244986096
433250,3754.8601,48.7742,2.202698242
433300,3757.52,48.5438,2.193868736
433350,3761.02,48.6158,2.198049292
433400,3763.4399,48.7526,2.204602332
433450,3765.4399,48.9146,2.212077244
433500,3769.96,49.6469,2.24437688
433550,3775.46,50.6009,2.286309982
433600,3782.3999,52.9286,2.386469114
433650,3789.8999,55.7906,2.5109204
433700,3795.96,57.3955,2.593331688
433750,3801.46,58.5115,2.651316186
433800,3806.6001,58.824,2.669082026
433850,3811.6001,58.824,2.671170339
433900,3818.3999,58.6555,2.665557995
433950,3825.8999,58.4215,2.656922994
434000,3831.6001,58.356,2.655998288
434050,3836.6001,58.356,2.658083241
434100,3842.3201,57.7728,2.631012517
434150,3848.3201,56.9628,2.592501072
434200,3854.6799,55.8806,2.540218378
434250,3861.1799,54.6926,2.485505544
434300,3869.8401,53.9842,2.458541327
434350,3879.3401,53.4622,2.43967056
434400,3887.04,53.2253,2.432183007
434450,3894.04,53.0993,2.429121186
434500,3901.04,52.74,2.416298532
434550,3908.04,52.29,2.399689402
434600,3913.24,51.1402,2.353249744
434650,3917.74,49.7182,2.295224022
434700,3922.96,48.0758,2.228240291
434750,3928.46,46.3478,2.15780086
434800,3926.792,34.0445,1.606978991
434850,3922.3367,17.6285,0.909719823
434900,3898.3738,8.3405,0.510205445
434950,3866.0505,1.8245,0.112153389
435000,3850.8799,0,0
435050,3842.3799,0,0
435100,3836.3999,0,0
435150,3831.3999,0,0
435200,3822.0801,0,0
435250,3811.0801,0,0
435300,3800.4399,0,0
435350,3789.9399,0,0
435400,3777.6399,0,0
435450,3764.6399,0,0
435500,3745.8799,0,0
435550,3724.8799,0,0
435600,3700.6399,0,0
435650,3675.1399,0,0
435700,3647.48,0,0
435750,3618.98,0,0
435800,3588.3201,0,0
435850,3556.8201,0,0
435900,3525.6799,0,0
435950,3494.6799,0,0
436000,3462.6001,0,0
436050,3430.1001,0,0
436100,3397.24,0,0
436150,3364.24,0,0
436200,3329.0801,0,0
436250,3293.0801,0,0
436300,3258.52,0,0
436350,3224.52,0,0
436400,3190.52,0,0
436450,3156.52,0,0
436500,3128.28,0,0
436550,3102.28,0,0
436600,3077.72,0,0
436650,3053.72,0,0
436700,3033.6799,0,0
436750,3015.1799,0,0
436800,3001.72,0,0
436850,2990.22,0,0
436900,2975.1201,0,0
436950,2958.6201,0,0
437000,2941.04,0,0
437050,2923.04,0,0
437100,2907.2,0,0
437150,2892.2,0,0
437200,2875.04,0,0
437250,2857.04,0,0
437300,2839.04,0,0
437350,2821.04,0,0
437400,2800.8799,0,0
437450,2779.8799,0,0
437500,2757.0801,0,0
437550,2733.5801,0,0
437600,2710.4399,0,0
437650,2687.4399,0,0
437700,2664.4399,0,0
437750,2641.4399,0,0
437800,2617.3601,0,0
437850,2592.8601,0,0
437900,2567.6399,0,0
437950,2542.1399,0,0
438000,2516.6399,0,0
438050,2491.1399,0,0
438100,2465.28,0,0
438150,2439.28,0,0
438200,2412.9199,0,0
438250,2386.4199,0,0
438300,2359.2,0,0
438350,2331.7,0,0
438400,2304.9199,0,0
438450,2278.4199,0,0
438500,2252.6399,0,0
438550,2227.1399,0,0
438600,2200.5601,0,0
438650,2173.5601,0,0
438700,2146.5601,0,0
438750,2119.5601,0,0
438800,2095.4399,0,0
438850,2072.4399,0,0
438900,2053.3999,0,0
438950,2035.9,0,0
439000,2016.6,0,0
439050,1996.6,0,0
439100,1974.4399,0,0
439150,1951.4399,0,0
439200,1935.28,0,0
439250,1921.78,0,0
439300,1915.12,0,0
439350,1911.12,0,0
439400,1910,0,0
439450,1910,0,0
439500,1906.04,0,0
439550,1900.54,0,0
439600,1897.92,0,0
439650,1896.42,0,0
439700,1895.64,0,0
439750,1895.14,0,0
439800,1895,0,0
439850,1895,0,0
439900,1896.08,0,0
439950,1897.58,0,0
440000,1899.4399,0,0
440050,1901.4399,0,0
440100,1903.4399,0,0
440150,1905.4399,0,0
440200,1907.4399,0,0
440250,1909.4399,0,0
440300,1920.8,3.2918,0.130842979
440350,1935.8,7.8638,0.312944716
440400,1941.4399,11.7101,0.46621985
440450,1943.4399,15.2741,0.587983633
440500,1949.76,17.4384,0.658195338
440550,1957.76,19.0584,0.7107731
440600,1965.3466,19.836,0.736055059
440650,1972.7722,20.286,0.750723403
440700,1978.85,19.9843,0.741075726
440750,1984.35,19.3903,0.721987039
440800,1989.5354,20.196,0.74808799
440850,1994.5858,21.546,0.791733704
440900,2001.04,21.6,0.79365489
440950,2008.04,21.15,0.779841281
441000,2013.96,20.687,0.765475618
441050,2019.46,20.219,0.750885449
441100,2024.24,20.088,0.747110964
441150,2028.74,20.088,0.747546385
441200,2033.9208,20.088,0.748048309
441250,2039.3663,20.088,0.748576605
441300,2043.8282,20.088,0.749010034
441350,2047.8687,20.088,0.749402961
441400,2052.24,20.736,0.770873605
441450,2056.74,21.636,0.800570889
441500,2060.8799,23.184,0.851332781
441550,2064.8799,24.984,0.910330601
441600,2071.76,27.0043,0.976926353
441650,2079.76,29.1103,1.043313333
441700,2088.1201,34.0805,1.1949388
441750,2096.6201,40.1645,1.380332739
441800,2109.4399,49.2552,1.665679733
441850,2123.9399,59.5152,1.996249701
441900,2134.48,66.1334,2.228838218
441950,2143.48,71.3354,2.412347839
442000,2152.8401,75.695,2.571840032
442050,2162.3401,79.727,2.72589123
442100,2168.96,81.2318,2.784429422
442150,2174.46,81.7538,2.805784231
442200,2183.5601,86.7859,2.997669831
442250,2194.0601,93.5719,3.301542418
442300,2204.9199,95.4461,3.389124248
442350,2215.9199,95.4101,3.392295119
442400,2224.76,94.7909,3.368672419
442450,2232.76,93.9449,3.33458682
442500,2244.72,92.1398,3.25953508
442550,2258.22,89.9618,3.168379918
442600,2269.9199,88.7947,3.121280484
442650,2280.9199,88.0207,3.091316716
442700,2291.5601,87.7133,3.081962384
442750,2302.0601,87.5873,3.080632729
442800,2312.5601,87.6557,3.087988893
442850,2323.0601,87.7997,3.098740841
442900,2335,89.784,3.192521272
442950,2347.5,92.484,3.318829859
443000,2358.4851,94.4323,3.411015288
443050,2368.8811,96.0883,3.489988024
443100,2378.01,96.9926,3.535122727
443150,2386.5959,97.6046,3.566843591
443200,2394.04,97.3742,3.559754545
443250,2401.04,96.8162,3.537572727
443300,2407.99,96.3619,3.520081818
443350,2414.9209,95.9479,3.504414045
443400,2424.4243,95.6117,3.493496636
443450,2435.0303,95.3057,3.484455583
443500,2444.1201,95.3237,3.489367694
443550,2452.6201,95.4677,3.499723962
443600,2461.8401,95.1451,3.489287209
443650,2471.3401,94.6411,3.470735384
443700,2481.2,94.0334,3.447607725
443750,2491.2,93.3854,3.422670954
443800,2499.76,93.2558,3.420610823
443850,2507.76,93.3278,3.430735023
443900,2513.96,93.2573,3.432922425
443950,2519.46,93.1313,3.431974372
444000,2523.1599,93.096,3.433590326
444050,2526.1599,93.096,3.436206687
444100,2528.8,92.8238,3.426095729
444150,2531.3,92.4458,3.411029526
444200,2535.6001,91.9512,3.392195615
444250,2540.6001,91.4112,3.371875321
444300,2545.6001,90.7157,3.344424402
444350,2550.6001,89.9597,3.314174302
444400,2557.04,89.7221,3.308846508
444450,2564.04,89.6861,3.313226063
444500,2572.1201,89.3261,3.303691256
444550,2580.6201,88.8401,3.288717295
444600,2589.1201,88.6262,3.286212764
444650,2597.6201,88.5182,3.288572962
444700,2608.28,88.0214,3.274901476
444750,2619.78,87.3734,3.254947168
444800,2629.8401,86.868,3.240283534
444850,2639.3401,86.418,3.227663671
444900,2648.48,84.024,3.124763856
444950,2657.48,80.874,2.988515606
445000,2667.5601,75.5597,2.785855915
445050,2678.0601,69.4037,2.549536282
445100,2688.5601,64.8936,2.379962508
445150,2699.0601,61.0236,2.234826267
445200,2709.5601,57.9053,2.11775037
445250,2720.0601,55.0793,2.01103742
445300,2729.1201,51.8645,1.898054616
445350,2737.6201,48.4985,1.780135472
445400,2745.04,44.2771,1.630801794
445450,2752.04,39.7231,1.472599601
445500,2755.8,33.8213,1.285617514
445550,2758.3,27.3953,1.081457609
445600,2760.8,25.1813,1.011308656
445650,2763.3,24.6053,0.992750629
445700,2768.6799,26.2325,1.04600597
445750,2775.1799,28.7165,1.126376434
445800,2784.2,31.2264,1.208249834
445850,2794.2,33.7464,1.290938916
445900,2800.96,34.3354,1.311225832
445950,2806.46,34.1734,1.30715389
446000,2811.96,34.4002,1.315588359
446050,2817.46,34.7782,1.328913795
446100,2822.24,33.7824,1.297801647
446150,2826.74,32.2524,1.249327731
446200,2829.4399,30.8779,1.205455388
446250,2831.4399,29.5639,1.16336622
446300,2835.24,30.2458,1.186096333
446350,2839.74,31.7038,1.234114095
446400,2843.8799,32.3194,1.254855309
446450,2847.8799,32.6074,1.264981397
446500,2850.0801,29.4869,1.164201816
446550,2851.5801,25.0409,1.020214352
446600,2853.0801,25.4938,1.035138874
446650,2854.5801,27.8518,1.111923084
446700,2858.96,31.0651,1.217076842
446750,2864.46,34.6111,1.333476056
446800,2871.7029,37.7035,1.435770335
446850,2879.6238,40.6195,1.536965489
446900,2885.5,43.2374,1.635073813
446950,2890.5,45.7394,1.728831805
447000,2896.2424,47.3342,1.789528071
447050,2902.303,48.5762,1.837423664
447100,2909.3999,48.0686,1.821068157
447150,2916.8999,46.8806,1.779605639
447200,2922.24,46.1592,1.754630959
447250,2926.74,45.6192,1.736068088
447300,2931.96,45.1958,1.722036862
447350,2937.46,44.8178,1.709756718
447400,2944.76,43.3642,1.657988163
447450,2952.76,41.4922,1.590699612
447500,2957.52,38.9722,1.498320878
447550,2961.02,36.2002,1.407236479
447600,2962.3601,33.48,1.317276869
447650,2962.8601,30.78,1.227773301
447700,2964.4399,30.0758,1.204703944
447750,2966.4399,30.1478,1.20747856
447800,2968.0693,30.0773,1.205449463
447850,2969.5544,29.9513,1.201546832
447900,2970.707,29.0606,1.172157686
447950,2971.7173,27.8726,1.132843923
448000,2970.5601,27.3067,1.113827552
448050,2968.5601,26.9827,1.102715664
448100,2967.6399,27.0605,1.10514329
448150,2967.1399,27.2945,1.112830844
448200,2967.72,27.9562,1.134914341
448250,2968.72,28.7842,1.162605516
448300,2970.4399,30.9341,1.234385389
448350,2972.4399,33.5981,1.323372044
448400,2974.4399,34.9531,1.368883665
448450,2976.4399,35.7991,1.397492201
448500,2977.72,36.036,1.405675638
448550,2978.72,36.036,1.405909229
448600,2981.52,36.1008,1.408722749
448650,2985.02,36.1908,1.412544299
448700,2987.4399,39.0154,1.508249845
448750,2989.4399,42.9034,1.654710571
448800,2993.96,47.219,1.81819064
448850,2999.46,51.701,1.988557506
448900,3005.3201,54.7315,2.126970079
448950,3011.3201,57.1975,2.242055932
449000,3017.2773,60.3374,2.387495943
449050,3023.2178,63.7394,2.54118308
449100,3027.4749,67.0118,2.680224841
449150,3031.01,70.2338,2.817032829
449200,3034.52,71.9266,2.889854205
449250,3038.02,73.0246,2.937797076
449300,3043.6799,73.9411,2.979352726
449350,3050.1799,74.7871,3.021249528
449400,3057.04,74.8685,3.029502083
449450,3064.04,74.6525,3.023459949
449500,3070.3201,73.309,2.967154381
449550,3076.3201,71.527,2.894975183
449600,3081.6001,71.8963,2.913419119
449650,3086.6001,73.1023,2.967251442
449700,3091.6001,73.3104,2.978815687
449750,3096.6001,73.1304,2.973904075
449800,3100.1599,73.0541,2.972607087
449850,3103.1599,73.0181,2.972717457
449900,3105.4399,72.684,2.959735887
449950,3107.4399,72.234,2.941651017
450000,3110.52,72.3672,2.949000122
450050,3114.02,72.7272,2.966265919
450100,3117.1599,71.3894,2.910861634
450150,3120.1599,69.3914,2.827101346
450200,3124.5645,70.2446,2.865878025
450250,3129.5149,72.2066,2.952490581
450300,3135.2,72.1728,2.954152287
450350,3141.2,71.3628,2.922676943
450400,3147.2424,71.0712,2.913421714
450450,3153.303,70.9812,2.912827264
450500,3158.9209,71.4614,2.93655678
450550,3164.3665,72.1634,2.969814825
450600,3171.25,71.8286,2.959173844
450650,3178.75,71.0906,2.931396939
450700,3185.55,69.925,2.884623577
450750,3192.05,68.593,2.830334677
450800,3199.25,68.22,2.817929733
450850,3206.75,68.22,2.82187876
450900,3214.25,62.8692,2.59256138
450950,3221.75,55.4375,2.269173628
451000,3225.3999,46.6153,1.898216861
451050,3227.3999,37.1971,1.541381619
451100,3224.1499,28.5466,1.221222438
451150,3218.6499,20.1946,0.913481664
451200,3200.3838,11.4278,0.589564089
451250,3176.6465,2.4998,0.138610328
451300,3166.3999,0,0
451350,3161.3999,0,0
451400,3153.1599,0,0
451450,3143.6599,0,0
451500,3134.52,0,0
451550,3125.52,0,0
451600,3115.0801,0,0
451650,3104.0801,0,0
451700,3088.3999,0,0
451750,3070.8999,0,0
451800,3053.1682,0,0
451850,3035.3464,0,0
451900,3016.5657,0,0
451950,2997.3738,0,0
452000,2976.8799,0,0
452050,2955.8799,0,0
452100,2935.24,0,0
452150,2914.74,0,0
452200,2894.6001,0,0
452250,2874.6001,0,0
452300,2852.8,0,0
452350,2830.3,0,0
452400,2808.3169,0,0
452450,2786.5347,0,0
452500,2764.4443,0,0
452550,2742.2222,0,0
452600,2719.8,0,0
452650,2697.3,0,0
452700,2671.2,0,0
452750,2643.7,0,0
452800,2614.76,0,0
452850,2585.26,0,0
452900,2556.1201,0,0
452950,2527.1201,0,0
453000,2499.9199,0,0
453050,2473.4199,0,0
453100,2446.5601,0,0
453150,2419.5601,0,0
453200,2391.8401,0,0
453250,2363.8401,0,0
453300,2339.0801,0,0
453350,2315.5801,0,0
453400,2294.6001,0,0
453450,2274.6001,0,0
453500,2253.3169,0,0
453550,2231.5347,0,0
453600,2206.8,0,0
453650,2180.8,0,0
453700,2156.8999,0,0
453750,2133.8999,0,0
453800,2113,0,0
453850,2093,0,0
453900,2069.8501,0,0
453950,2045.35,0,0
454000,2022.25,0,0
454050,1999.75,0,0
454100,1977.95,0,0
454150,1956.45,0,0
454200,1934.95,0,0
454250,1913.45,0,0
454300,1890.9,0,0
454350,1867.9,0,0
454400,1847.35,0,0
454450,1827.85,0,0
454500,1808,0,0
454550,1788,0,0
454600,1769.2727,0,0
454650,1751.0909,0,0
454700,1736.0198,0,0
454750,1722.1584,0,0
454800,1713.45,0,0
454850,1706.95,0,0
454900,1703.9395,0,0
454950,1702.4242,0,0
455000,1709.5601,6.2986,0.246222962
455050,1720.0601,15.0466,0.574462916
455100,1728.76,22.4986,0.819374657
455150,1736.76,29.4466,1.043147983
455200,1748.36,32.8824,1.145729015
455250,1761.36,34.9524,1.207675176
455300,1773.64,34.0805,1.181763994
455350,1785.64,32.0645,1.121587066
455400,1795.48,29.232,1.036876247
455450,1804.48,26.082,0.937338609
455500,1815.64,24.7594,0.894206184
455550,1827.64,24.1474,0.874325075
455600,1838.5601,22.693,0.827004622
455650,1849.0601,20.911,0.769073808
455700,1856.6337,13.0637,0.513685737
455750,1863.0693,2.8577,0.113069386
455800,1861.5,0,0
455850,1856.5,0,0
455900,1858.85,0,0
455950,1864.35,0,0
456000,1874.75,2.2291,0.08827944
456050,1887.25,5.3251,0.211099879
456100,1891.7,7.6954,0.30517199
456150,1892.7,9.7834,0.388005362
456200,1895.45,10.1477,0.402541146
456250,1898.95,9.8417,0.390511108
456300,1900.35,11.4626,0.454877715
456350,1900.85,13.8329,0.540054607
456400,1898.2,14.859,0.573294281
456450,1894.2,15.309,0.587799301
456500,1891.95,15.444,0.592124455
456550,1890.45,15.444,0.592084702
456600,1890.35,15.8328,0.604713343
456650,1890.85,16.3728,0.622269075
456700,1893.8,17.9237,0.672715639
456750,1897.8,19.8677,0.735926561
456800,1904.6,22.4597,0.820173844
456850,1912.6,25.3037,0.912529359
456900,1922.7,27.383,0.979997017
456950,1933.7,29.165,1.035161744
457000,1944.7,30.6101,1.07882974
457050,1955.7,31.9241,1.118593715
457100,1967.05,33.3936,1.163116685
457150,1978.55,34.9236,1.209533667
457200,1988.65,36.311,1.251675363
457250,1998.15,37.643,1.292179362
457300,2008.35,39.636,1.353618182
457350,2018.85,41.886,1.423072727
457400,2032.5,45.0691,1.521980821
457450,2047.5,48.6151,1.635743339
457500,2062.2524,52.4981,1.76076592
457550,2076.8989,56.5121,1.890622698
457600,2090.3601,60.1891,2.011159915
457650,2103.3601,63.7351,2.137484188
457700,2114.5601,66.672,2.242395114
457750,2125.0601,69.372,2.339042137
457800,2136.6399,70.2317,2.37206403
457850,2148.6399,70.3757,2.380318633
457900,2161.3601,65.3098,2.207108929
457950,2174.3601,58.2178,1.965701208
458000,2178.72,41.5483,1.432217576
458050,2179.72,21.1543,0.797668646
458100,2163.4399,9.8842,0.405984655
458150,2140.4399,2.1622,0.088476092
458200,2132.2,0,0
458250,2129.7,0,0
458300,2122.5842,0,0
458350,2113.6733,0,0
458400,2102.5151,0,0
458450,2090.394,0,0
458500,2074.1682,0,0
458550,2056.3464,0,0
458600,2037,0,0
458650,2017,0,0
458700,2000.15,0,0
458750,1984.65,0,0
458800,1967.4,0,0
458850,1949.4,0,0
458900,1932.8,0,0
458950,1916.8,0,0
459000,1900.45,0,0
459050,1883.95,0,0
459100,1865.35,0,0
459150,1845.85,0,0
459200,1827.6262,0,0
459250,1809.9495,0,0
459300,1793.5941,0,0
459350,1777.7524,0,0
459400,1760.4,0,0
459450,1742.4,0,0
459500,1721.95,0,0
459550,1700.45,0,0
459600,1682.1,0,0
459650,1665.1,0,0
459700,1652.65,0,0
459750,1642.15,0,0
459800,1630.95,0,0
459850,1619.45,0,0
459900,1609,0,0
459950,1599,0,0
460000,1590.75,0,0
460050,1583.25,0,0
460100,1577.15,0,0
460150,1571.65,0,0
460200,1568.25,0,0
460250,1565.75,0,0
460300,1566.75,0,0
460350,1569.25,0,0
460400,1571.05,0,0
460450,1572.55,0,0
460500,1576.15,0,0
460550,1580.65,0,0
460600,1585.85,0,0
460650,1591.35,0,0
460700,1596.85,0.5314,0.020591871
460750,1602.35,1.2694,0.049210515
460800,1612.75,6.9192,0.268451376
460850,1625.25,14.4792,0.553038793
460900,1636.35,19.4861,0.718759807
460950,1646.85,23.5001,0.851457564
461000,1654.9,25.1554,0.906149166
461050,1661.9,25.8934,0.930529815
461100,1666.45,25.6594,0.92283626
461150,1669.95,25.0474,0.902682606
461200,1673.1,24.9926,0.900896982
461250,1676.1,25.1546,0.906253912
461300,1680.85,27.6365,0.98802768
461350,1686.35,31.0205,1.089822852
461400,1694.65,33.588,1.166256579
461450,1704.15,35.838,1.233331448
461500,1711.55,36.5717,1.255285628
461550,1718.05,36.7157,1.259674829
461600,1727.7,37.2096,1.274547915
461650,1738.7,37.8396,1.293521386
461700,1747.6,37.679,1.288883981
461750,1755.6,37.211,1.27504718
461800,1766.05,37.7986,1.292776063
461850,1777.55,38.7966,1.32281753
461900,1791.15,41.336,1.399069954
461950,1805.65,44.536,1.495257377
462000,1820.85,48.7297,1.626579688
462050,1836.35,53.3099,1.770195313
462100,1849.75,53.6276,1.780542188
462150,1862.25,52.1185,1.733773438
462200,1874.75,54.3528,1.803985938
462250,1887.25,58.0428,1.919689063
462300,1899.4,62.0698,2.050313001
462350,1911.4,66.2278,2.1932742
462400,1922.35,71.3318,2.368857463
462450,1932.85,76.8038,2.561679933
462500,1942.65,81.252,2.726825613
462550,1952.15,85.302,2.877342377
462600,1962.7,86.5267,2.923566702
462650,1973.7,86.6527,2.929215246
462700,1985.4,86.2992,2.91718182
462750,1997.4,85.7592,2.898257946
462800,2009.75,85.1544,2.879251682
462850,2022.25,84.5244,2.859941385
462900,2034.4,87.5431,2.97596468
462950,2046.4,91.9807,3.170177935
463000,2058.3999,94.2538,3.27441088
463050,2070.3999,95.5993,3.338283887
463100,2081,95.4242,3.335108153
463150,2091,94.6579,3.305762994
463200,2099.95,97.5654,3.437057294
463250,2108.45,102.0474,3.642359091
463300,2117.6499,110.8008,4.05933597
463350,2127.1499,121.3848,4.681724095
463400,2137.7,124.8372,4.873519293
463450,2148.7,125.2332,4.902825921
463500,2158.6499,125.0496,4.900128155
463550,2168.1499,124.6176,4.883380438
463600,2178.7,125.0862,4.917133631
463650,2189.7,125.9407,4.94
463700,2198.6001,128.1946,4.94
463750,2206.6001,130.9926,4.94
463800,2215.3,131.8956,4.94
463850,2224.3,131.9865,4.94
463900,2231.8999,131.6399,4.94
463950,2238.8999,131.123,4.94
464000,2246.25,130.4716,4.94
464050,2253.75,129.7625,4.94
464100,2260.55,127.3219,4.94
464150,2267.05,124.2079,4.936823878
464200,2274.25,122.2966,4.828487865
464250,2281.75,120.8531,4.747229496
464300,2291.3501,120.2927,4.719851416
464350,2301.8501,120.1109,4.715792191
464400,2313.05,120.5395,4.749844279
464450,2324.55,121.2055,4.799578318
464500,2336.3999,121.9882,4.857931625
464550,2348.3999,122.8162,4.920501244
464600,2359.7,120.5986,4.787866936
464650,2370.7,117.1966,4.57546976
464700,2379.95,115.7515,4.488076348
464750,2388.45,115.0675,4.453007326
464800,2399.75,114.876,4.447383374
464850,2412.25,114.876,4.453198482
464900,2424.3999,114.2344,4.422565725
464950,2436.3999,113.3433,4.377969702
465000,2449.1001,112.7069,4.348267114
465050,2462.1001,112.1796,4.324992765
465100,2474.05,110.8915,4.258825896
465150,2485.55,109.3075,4.176288304
465200,2497.3999,108.3197,4.127501393
465250,2509.3999,107.5637,4.098258365
465300,2521.3999,107.8781,4.130184773
465350,2533.3999,108.6088,4.185068625
465400,2545.3999,108.4248,4.189245243
465450,2557.3999,107.8488,4.171771029
465500,2569.05,107.2305,4.151592504
465550,2580.55,106.5942,4.130294971
465600,2591,106.416,4.13298867
465650,2601,106.416,4.144929129
465700,2610.6499,106.416,4.1564267
465750,2620.1499,106.416,4.167721903
465800,2629.6499,106.416,4.1789936
465850,2639.1499,106.416,4.190241863
465900,2650.05,105.8616,4.172824192
465950,2661.55,105.0696,4.143190836
466000,2671.6499,106.932,4.256676708
466050,2681.1499,109.932,4.431171361
466100,2692.05,107.6227,4.318090089
466150,2703.55,103.2487,4.093811627
466200,2714,101.6611,4.020029303
466250,2724,101.1571,4.004612966
466300,2735.75,99.8483,3.953432608
466350,2748.25,98.2265,3.888089954
466400,2759.9546,97.1214,3.846593455
466450,2771.3181,96.2378,3.81528008
466500,2782.25,95.409,3.786016209
466550,2792.75,94.635,3.758829334
466600,2803.25,94.275,3.751822595
466650,2813.75,94.329,3.765165039
466700,2824.25,93.924,3.755914475
466750,2834.75,93.06,3.723880579
466800,2845,92.628,3.712866862
466850,2855,92.628,3.723049345
466900,2865.5,92.628,3.733800053
466950,2876.5,92.628,3.745128187
467000,2887.5,92.628,3.756523923
467050,2898.5,92.628,3.767987868
467100,2908.5,92.628,3.778469342
467150,2917.5,92.628,3.787951685
467200,2927.25,92.628,3.79827704
467250,2937.75,92.628,3.809458575
467300,2948.5,91.494,3.763051573
467350,2959.5,89.226,3.658532587
467400,2970,87.885,3.600503545
467450,2980,87.471,3.589396125
467500,2990,86.76,3.562881058
467550,3000,85.752,3.520829016
467600,3010,85.086,3.493621956
467650,3020,84.762,3.484341775
467700,3030.25,84.978,3.501413622
467750,3040.75,85.734,3.547726531
467800,3051.25,85.176,3.526008644
467850,3061.75,83.304,3.440465193
467900,3071.25,82.593,3.41212539
467950,3079.75,83.043,3.439312274
468000,3088.75,82.566,3.421967626
468050,3098.25,81.162,3.360067665
468100,3108.25,80.793,3.348567293
468150,3118.75,81.459,3.387495461
468200,3129.25,81.792,3.410312229
468250,3139.75,81.792,3.417007765
468300,3150,81.648,3.416569767
468350,3160,81.36,3.408993991
468400,3168.9604,81.234,3.408603882
468450,3176.8811,81.27,3.415403144
468500,3185.8484,81.09,3.412400327
468550,3195.9495,80.694,3.39964578
468600,3206.25,80.226,3.38352128
468650,3216.75,79.686,3.364024683
468700,3226.25,79.3887,3.355658798
468750,3234.75,79.3342,3.358435124
468800,3244.25,79.2153,3.358724511
468850,3254.75,79.0371,3.356773198
468900,3264.5,78.867,3.354735799
468950,3273.5,78.705,3.352612357
469000,3283,78.363,3.342063847
469050,3293,77.841,3.323085295
469100,3302.75,77.508,3.313124122
469150,3312.25,77.364,3.312185603
469200,3321.75,77.013,3.301184174
469250,3331.25,76.455,3.280114258
469300,3340.5,76.176,3.272444782
469350,3349.5,76.176,3.278183092
469400,3358.5,75.798,3.265535157
469450,3367.5,75.042,3.234491315
469500,3377,74.691,3.223463687
469550,3387,74.745,3.232463057
469600,3396.75,74.358,3.219837595
469650,3406.25,73.53,3.185575167
469700,3415.75,73.08,3.16970882
469750,3425.25,73.008,3.172248769
469800,3434.75,72.873,3.171720395
469850,3444.25,72.675,3.168121994
469900,3453.25,72.477,3.164203873
469950,3461.75,72.279,3.159965977
470000,3470.75,71.874,3.145953285
470050,3480.25,71.262,3.122160241
470100,3489.25,70.884,3.109452651
470150,3497.75,70.74,3.107836729
470200,3506.25,70.542,3.102752518
470250,3514.75,70.29,3.094716644
470300,3523.75,70.389,3.104093496
470350,3533.25,70.839,3.130954278
470400,3542.5,71.748,3.18029206
470450,3551.5,73.116,3.25219336
470500,3560.5,74.709,3.335359402
470550,3569.5,76.527,3.429835153
470600,3579,78.372,3.527315792
470650,3589,80.244,3.629694503
470700,3598,81.117,3.680084527
470750,3606,80.991,3.678405692
470800,3613.75,80.901,3.678431878
470850,3621.25,80.847,3.680165129
470900,3629.75,80.703,3.677856507
470950,3639.25,80.469,3.671500329
471000,3647.75,80.1338,3.659305765
471050,3655.25,79.6974,3.64126701
471100,3663,79.5529,3.638459947
471150,3671,79.6776,3.649728387
471200,3679,79.452,3.642875628
471250,3687,78.876,3.617873971
471300,3695,78.5244,3.604475524
471350,3703,78.3971,3.602689537
471400,3712,78.233,3.599595603
471450,3722,78.035,3.59534184
471500,3731,77.94,3.595827495
471550,3739,77.94,3.600643788
471600,3746.75,77.5843,3.586838586
471650,3754.25,76.9003,3.555813621
471700,3761.75,76.4515,3.536990111
471750,3769.25,76.2198,3.529441129
471800,3777,76.023,3.523851636
471850,3785,75.861,3.520218579
471900,3793,75.798,3.521736867
471950,3801,75.834,3.528412938
472000,3808.75,75.735,3.527909855
472050,3816.25,75.501,3.520218935
472100,3824.25,75.213,3.510006128
472150,3832.75,74.871,3.497314344
472200,3840.75,74.547,3.485400008
472250,3848.25,74.241,3.474087971
472300,3856.25,73.656,3.448684464
472350,3864.75,72.792,3.409131314
472400,3873.25,72.387,3.393157983
472450,3881.75,72.441,3.400857671
472500,3889.5,72.387,3.402555415
472550,3896.5,72.225,3.398228943
472600,3904,71.946,3.388116964
472650,3912,71.55,3.372196844
472700,3919.25,71.361,3.366563162
472750,3925.75,71.379,3.371252812
472800,3933.75,71.208,3.366977017
472850,3943.25,70.848,3.353699091
472900,3950.4753,70.38,3.333432295
472950,3955.4258,69.804,3.306174503
473000,3961.6365,69.453,3.291359594
473050,3969.2122,69.327,3.289074845
473100,3977.5,69.138,3.283886194
473150,3986.5,68.886,3.275780573
473200,3994,68.562,3.263013987
473250,4000,68.166,3.245578947
473300,4006.75,68.004,3.239795045
473350,4014.25,68.076,3.246647061
473400,4022,67.932,3.242209781
473450,4030,67.572,3.226441036
473500,4036.5,67.374,3.218601943
473550,4041.5,67.338,3.218722683
473600,4048.5,67.104,3.209154313
473650,4057.5,66.672,3.189855265
473700,4065.75,66.411,3.179295582
473750,4073.25,66.321,3.177513611
473800,4079.75,66.231,3.175326146
473850,4085.25,66.141,3.172732971
473900,4092.25,66.078,3.172178975
473950,4100.75,66.042,3.173670629
474000,4108,65.952,3.171771257
474050,4114,65.808,3.166470147
474100,4120.25,65.655,3.160776319
474150,4126.75,65.493,3.154687899
474200,4133,65.286,3.146067416
474250,4139,65.034,3.134908249
474300,4145.25,64.845,3.127220329
474350,4151.75,64.719,3.123013252
474400,4158.75,64.638,3.121425197
474450,4166.25,64.602,3.122464698
474500,4173,64.521,3.120772685
474550,4179,64.395,3.11634079
474600,4185,64.287,3.112876118
474650,4191,64.197,3.110381505
474700,4197,63.99,3.101526427
474750,4203,63.666,3.086292208
474800,4208.75,63.567,3.083175726
474850,4214.25,63.693,3.092211524
474900,4219.5,63.747,3.097238503
474950,4224.5,63.729,3.09824571
475000,4229.75,63.513,3.088540884
475050,4235.25,63.099,3.068095167
475100,4240.25,62.739,3.050371323
475150,4244.75,62.433,3.035380425
475200,4250,62.361,3.033479452
475250,4256,62.523,3.044701624
475300,4261.75,62.406,3.040530339
475350,4267.25,62.01,3.020922341
475400,4273.25,61.677,3.004936676
475450,4279.75,61.407,2.992464068
475500,4285,61.362,2.991993281
475550,4289,61.542,3.003584625
475600,4293,61.641,3.010595442
475650,4297,61.659,3.013142636
475700,4302,61.596,3.011606057
475750,4308,61.452,3.005974773
475800,4313.75,61.335,3.001730463
475850,4319.25,61.245,2.998857417
475900,4325.25,61.02,2.9885163
475950,4331.75,60.66,2.970703899
476000,4336.75,60.597,2.969084575
476050,4340.25,60.831,2.983715063
476100,4345,60.237,2.951872872
476150,4351,58.815,2.873380314
476200,4356.25,58.167,2.838449502
476250,4360.75,58.293,2.847254656
476300,4366,58.203,2.844035128
476350,4372,57.897,2.828746003
476400,4379.25,57.447,2.805625465
476450,4387.75,56.853,2.774614591
476500,4392,56.601,2.76164525
476550,4392,56.691,2.766808169
476600,4395.25,56.736,2.770523566
476650,4401.75,56.736,2.772796527
476700,4407,56.736,2.774637347
476750,4411,56.736,2.776042867
476800,4415.5,56.655,2.772955358
476850,4420.5,56.493,2.765359741
476900,4425.5,56.412,2.762429183
476950,4430.5,56.412,2.764179882
477000,4435.5,56.412,2.765934639
477050,4440.5,56.412,2.767693468
477100,4445.75,56.853,2.795158855
477150,4451.25,57.735,2.848429776
477200,4455.75,59.22,2.936557606
477250,4459.25,61.308,3.058037424
477300,4464.25,62.496,3.127546891
477350,4470.75,62.784,3.146650367
477400,4476,63.027,3.162702026
477450,4480,63.225,3.175683371
477500,4484.25,63.261,3.17955805
477550,4488.75,63.135,3.174306694
477600,4493,63.045,3.170994806
477650,4497,62.991,3.169627049
477700,4502,62.991,3.172116154
477750,4508,63.045,3.178816663
477800,4513.25,62.964,3.177345685
477850,4517.75,62.748,3.16768166
477900,4522,62.514,3.156820007
477950,4526,62.262,3.144759499
478000,4530.5,61.965,3.130396071
478050,4535.5,61.623,3.113720643
478100,4539.75,61.389,3.102786128
478150,4543.25,61.263,3.097609418
478200,4547.25,61.065,3.088574597
478250,4551.75,60.795,3.075671313
478300,4555.75,60.714,3.073358238
478350,4559.25,60.822,3.081657983
478400,4563.25,60.732,3.078826129
478450,4567.75,60.444,3.06483877
478500,4572.75,60.102,3.047998611
478550,4578.25,59.706,3.028293827
478600,4583,59.373,3.011767434
478650,4587,59.103,2.998378573
478700,4590.75,58.842,2.984943199
478750,4594.25,58.59,2.971876316
478800,4598.25,58.167,2.948786656
478850,4602.75,57.573,2.915636868
478900,4607.25,56.952,2.88078571
478950,4611.75,56.304,2.844227632
479000,4615.75,55.611,2.804589708
479050,4619.25,54.873,2.761877383
479100,4623.2275,54.225,2.724801585
479150,4627.6831,53.667,2.693366066
479200,4632.1816,52.983,2.654235359
479250,4636.7271,52.173,2.607385095
479300,4640.25,51.615,2.575247886
479350,4642.75,51.309,2.557885446
479400,4647,50.814,2.529856203
479450,4653,50.13,2.492838925
479500,4657.5,49.509,2.464113893
479550,4660.5,48.951,2.437862265
479600,4664,48.303,2.407343689
479650,4668,47.565,2.372540338
479700,4672.25,46.962,2.34441928
479750,4676.75,46.494,2.32299315
479800,4682,45.981,2.29957577
479850,4688,45.423,2.274150533
479900,4692,44.937,2.251532226
479950,4694,44.523,2.231754351
480000,4696,44.154,2.214186783
480050,4698,43.83,2.198832146
480100,4701,43.353,2.176223014
480150,4705,42.723,2.146333003
480200,4707.5,42.228,2.122607833
480250,4708.5,41.868,2.105077854
480300,4709.75,41.634,2.093869352
480350,4711.25,41.526,2.088985363
480400,4713.5,41.256,2.076293061
480450,4716.5,40.824,2.055776299
480500,4719.25,40.545,2.042762014
480550,4721.75,40.419,2.037264456
480600,4723.5,40.185,2.026161345
480650,4724.5,39.843,2.009451796
480700,4725.5,39.591,1.997333333
480750,4726.5,39.429,1.989904762
480800,4727.25,39.33,1.985404762
480850,4727.75,39.294,1.983833333
480900,4729.5,39.051,1.972761905
480950,4732.5,38.601,1.952190476
481000,4734.25,38.259,1.936404762
481050,4734.75,38.025,1.925404762
481100,4735,35.829,1.820904762
481150,4735,31.671,1.622904762
481200,4723.25,22.194,1.179958654
481250,4699.75,7.398,0.64610553
481300,4677.75,0,0
481350,4657.25,0,0
481400,4643.25,0,0
481450,4635.75,0,0
481500,4626,0,0
481550,4614,0,0
481600,4602.75,0,0
481650,4592.25,0,0
481700,4580.25,0,0
481750,4566.75,0,0
481800,4553.25,0,0
481850,4539.75,0,0
481900,4524.25,0,0
481950,4506.75,0,0
482000,4488.5,0,0
482050,4469.5,0,0
482100,4449.25,0,0
482150,4427.75,0,0
482200,4406.25,0,0
482250,4384.75,0,0
482300,4362.75,0,0
482350,4340.25,0,0
482400,4316.6235,0,0
482450,4291.8711,0,0
482500,4266.8789,0,0
482550,4241.6265,0,0
482600,4216.25,0,0
482650,4190.75,0,0
482700,4165.5,0,0
482750,4140.5,0,0
482800,4115.75,0,0
482850,4091.25,0,0
482900,4066,0,0
482950,4040,0,0
483000,4014.75,0,0
483050,3990.25,0,0
483100,3967.75,0,0
483150,3947.25,0,0
483200,3930.25,0,0
483250,3916.75,0,0
483300,3903.25,0,0
483350,3889.75,0,0
483400,3876.25,0,0
483450,3862.75,0,0
483500,3847.5,0,0
483550,3830.5,0,0
483600,3813.75,0,0
483650,3797.25,0,0
483700,3782.75,0,0
483750,3770.25,0,0
483800,3758.5,0,0
483850,3747.5,0,0
483900,3736.25,0,0
483950,3724.75,0,0
484000,3713.75,0,0
484050,3703.25,0,0
484100,3693.792,0,0
484150,3685.3762,0,0
484200,3676.6365,0,0
484250,3667.5454,0,0
484300,3657.75,0,0
484350,3647.25,0,0
484400,3637.25,0,0
484450,3627.75,0,0
484500,3617.5,0,0
484550,3606.5,0,0
484600,3595,0,0
484650,3583,0,0
484700,3569.5,0,0
484750,3554.5,0,0
484800,3537.5,0,0
484850,3518.5,0,0
484900,3498,0,0
484950,3476,0,0
485000,3453.25,0,0
485050,3429.75,0,0
485100,3406.3665,0,0
485150,3383.0991,0,0
485200,3359,0,0
485250,3334,0,0
485300,3309.24,0,0
485350,3284.74,0,0
485400,3259.76,0,0
485450,3234.26,0,0
485500,3209,0,0
485550,3184,0,0
485600,3159,0,0
485650,3134,0,0
485700,3112.0303,0,0
485750,3093.3435,0,0
485800,3075.5,0,0
485850,3058.5,0,0
485900,3040.5,0,0
485950,3021.5,0,0
486000,3003,0,0
486050,2985,0,0
486100,2968.75,0,0
486150,2954.25,0,0
486200,2940,0,0
486250,2926,0,0
486300,2910.75,0,0
486350,2894.25,0,0
486400,2878.5,0,0
486450,2863.5,0,0
486500,2848.75,0,0
486550,2834.25,0,0
486600,2821.75,0,0
486650,2811.25,0,0
486700,2800.0593,0,0
486750,2788.1782,0,0
486800,2776,0,0
486850,2763.5,0,0
486900,2750.76,0,0
486950,2737.76,0,0
487000,2725,0,0
487050,2712.5,0,0
487100,2700,0,0
487150,2687.5,0,0
487200,2674.9395,0,0
487250,2662.3132,0,0
487300,2651.25,0,0
487350,2641.75,0,0
487400,2634,0,0
487450,2628,0,0
487500,2624.5049,0,0
487550,2623.5149,0,0
487600,2622.2727,0,0
487650,2620.7576,0,0
487700,2621.7327,1.71,0.077979813
487750,2625.198,5.13,0.234265214
487800,2630.8789,9.378,0.429233155
487850,2638.9597,14.454,0.623063547
487900,2647.5,18.99,0.780940957
487950,2656.5,22.986,0.920267392
488000,2666,26.577,1.041412789
488050,2676,29.763,1.142750589
488100,2684.5,32.418,1.227530991
488150,2691.5,34.542,1.295597356
488200,2696.75,35.388,1.323263893
488250,2700.25,34.956,1.310378025
488300,2702.99,34.947,1.310649049
488350,2704.9702,35.361,1.324098018
488400,2706.24,35.622,1.332586496
488450,2706.74,35.73,1.336094922
488500,2708.2,35.946,1.343209975
488550,2710.7,36.27,1.353955649
488600,2713.697,36.234,1.353452525
488650,2717.2324,35.838,1.341689301
488700,2721.4753,35.793,1.34115436
488750,2726.4258,36.099,1.351875547
488800,2731.8799,36.207,1.356451958
488850,2737.8799,36.117,1.354874171
488900,2743.6667,36.036,1.353533169
488950,2749.2222,35.964,1.352426085
489000,2755.25,36.279,1.363734963
489050,2761.75,36.981,1.38750731
489100,2768.7129,37.17,1.395072954
489150,2776.1387,36.846,1.386366892
489200,2782.6399,36.594,1.379736913
489250,2788.1399,36.414,1.375177962
489300,2794.6365,35.847,1.358411873
489350,2802.2122,34.893,1.329398613
489400,2807.75,33.885,1.298143893
489450,2811.25,32.823,1.26467843
489500,2815.5,32.292,1.248414342
489550,2820.5,32.292,1.249388158
489600,2825.75,32.22,1.248088708
489650,2831.25,32.076,1.244508624
489700,2836,31.923,1.240484138
489750,2840,31.761,1.236015797
489800,2843.7327,31.716,1.235279106
489850,2847.198,31.788,1.238282564
489900,2849.7273,30.537,1.198197786
489950,2851.2424,27.963,1.11496842
490000,2852,25.731,1.042670422
490050,2852,23.841,0.980124163
490100,2851.75,23.067,0.953330752
490150,2851.25,23.409,0.96507488
490200,2851.75,23.409,0.965152534
490250,2853.25,23.067,0.953563595
490300,2853.25,23.058,0.953252493
490350,2851.75,23.382,0.964219235
490400,2850,24.237,0.993501555
490450,2848,25.623,1.038550826
490500,2845.25,25.866,1.046002926
490550,2841.75,24.966,1.016316588
490600,2836.25,24.516,1.000942092
490650,2828.75,24.516,0.999840155
490700,2821.2871,24.759,1.006604483
490750,2813.8613,25.245,1.021168757
490800,2806.6399,25.191,1.018356945
490850,2799.6399,24.597,0.998112636
490900,2792.8484,25.011,1.010544325
490950,2786.2827,26.433,1.055124725
491000,2782.2573,26.478,1.055941043
491050,2780.7722,25.146,1.013099335
491100,2778.5601,23.247,0.948194284
491150,2775.5601,20.781,0.862532564
491200,2772.5454,18.864,0.795838816
491250,2769.5151,17.496,0.748111738
491300,2769.25,16.569,0.716046003
491350,2771.75,16.083,0.69963967
491400,2773.99,15.255,0.671377488
491450,2775.9702,14.085,0.63125909
491500,2777.72,13.032,0.595146649
491550,2779.22,12.096,0.563037526
491600,2781.9199,11.385,0.538884138
491650,2785.9199,10.899,0.522701577
491700,2789.4399,11.223,0.534432026
491750,2792.4399,12.357,0.574071305
491800,2794,12.924,0.593900737
491850,2794,12.924,0.593900737
491900,2793.76,13.509,0.614077458
491950,2793.26,14.679,0.654427638
492000,2792.5151,15.147,0.670484147
492050,2791.5051,14.913,0.662244188
492100,2790.01,16.497,0.716745368
492150,2788.0298,19.899,0.833985195
492200,2787.48,22.698,0.930609321
492250,2788.48,24.894,1.00615672
492300,2788.0303,26.055,1.043285935
492350,2786.01,26.181,1.047012435
492400,2784,26.838,1.067735409
492450,2782,28.026,1.105434602
492500,2782.25,29.619,1.15645175
492550,2784.75,31.617,1.220857192
492600,2786,32.958,1.26403602
492650,2786,33.642,1.285940282
492700,2786.5,34.497,1.313423777
492750,2787.5,35.523,1.346496356
492800,2788.25,36.387,1.374337012
492850,2788.75,37.089,1.396939258
492900,2790.5,40.491,1.507201437
492950,2793.5,46.593,1.729189017
493000,2796.5,47.592,1.766361579
493050,2799.5,43.488,1.618429455
493100,2799.5,41.391,1.542347546
493150,2796.5,41.301,1.538235038
493200,2792.75,40.707,1.5156515
493250,2788.25,39.609,1.477563728
493300,2785.5,38.79,1.450681879
493350,2784.5,38.25,1.43316067
493400,2784.5,38.556,1.442957027
493450,2785.5,39.708,1.480076785
493500,2787.2375,39.744,1.481646028
493550,2789.7129,38.664,1.447628718
493600,2793.1819,37.845,1.422173165
493650,2797.7273,37.287,1.405300638
493700,2802,36.936,1.394987085
493750,2806,36.792,1.391250948
493800,2810.9702,35.577,1.353256027
493850,2816.9109,33.291,1.280878242
493900,2822.1599,32.454,1.254937242
493950,2826.6599,33.066,1.275578688
494000,2832.8789,34.596,1.326283483
494050,2840.9597,37.044,1.407249186
494100,2849.208,38.412,1.453493648
494150,2857.6238,38.7,1.464848503
494200,2864.1599,39.204,1.482812401
494250,2868.6599,39.924,1.508292753
494300,2873.3999,41.652,1.573135203
494350,2878.3999,44.388,1.675246293
494400,2883.1599,46.0857,1.739231078
494450,2887.6599,46.7451,1.764978578
494500,2891.4399,47.1578,1.781432039
494550,2894.4399,47.3033,1.787790345
494600,2897.4399,47.2423,1.786533315
494650,2900.4399,46.975,1.777656186
494700,2903.4399,48.7282,1.843427391
494750,2906.4399,52.6702,1.990188172
494800,2910.3999,54.6676,2.076775019
494850,2915.3999,54.5585,2.074407301
494900,2920.6667,54.315,2.066297797
494950,2926.2222,53.937,2.052401334
495000,2933.4556,53.802,2.049852155
495050,2942.3665,53.91,2.058773506
495100,2950.3601,53.694,2.053001329
495150,2957.3601,53.154,2.032321046
495200,2963.6667,54.081,2.076558523
495250,2969.2222,56.475,2.186291736
495300,2974,57.915,2.253451058
495350,2978,58.401,2.277623069
495400,2980.75,58.545,2.285749629
495450,2982.25,58.347,2.277742763
495500,2983.25,59.094,2.311990451
495550,2983.75,60.786,2.388533453
495600,2983.5,61.056,2.400531579
495650,2982.5,59.904,2.347996398
495700,2982.5,58.419,2.281134624
495750,2983.5,56.601,2.199837823
495800,2984.75,54.486,2.105193166
495850,2986.25,52.074,1.99761869
495900,2986.01,48.402,1.859831301
495950,2984.0298,43.47,1.67425821
496000,2979.8484,36.873,1.434049754
496050,2973.2827,28.611,1.157680695
496100,2967.7722,23.445,0.984431669
496150,2963.3169,21.375,0.912130475
496200,2962.2122,21.195,0.905732434
496250,2964.7373,22.905,0.965278987
496300,2967,24.822,1.030676375
496350,2969,26.946,1.101571171
496400,2972,26.541,1.088615929
496450,2976,23.607,0.991316321
496500,2980.2278,21.717,0.926585308
496550,2984.6831,20.871,0.89800645
496600,2988.697,19.8,0.861572645
496650,2992.2324,18.504,0.817277843
496700,2996,17.73,0.791078448
496750,3000,17.478,0.782975779
496800,3003,17.343,0.778696245
496850,3005,17.325,0.778334084
496900,3006.75,17.316,0.778250862
496950,3008.25,17.316,0.778446992
497000,3008.01,17.649,0.789963056
497050,3006.0298,18.315,0.812780571
497100,3005,19.062,0.838519109
497150,3005,19.89,0.867208343
497200,3004.25,20.844,0.900140646
497250,3002.75,21.924,0.937293424
497300,3001.75,22.374,0.952698247
497350,3001.25,22.194,0.946378969
497400,3000.01,22.995,0.973877265
497450,2998.0298,24.777,1.034037402
497500,2996.52,26.001,1.074706626
497550,2995.52,26.667,1.096794363
497600,2995,29.4327,1.189108282
497650,2995,34.298,1.351658815
497700,2997.1621,38.377,1.488482763
497750,3001.6667,41.604,1.609895495
497800,3006.04,44.7295,1.72932399
497850,3010.04,47.5658,1.83775659
497900,3014.9307,50.636,1.955427436
497950,3022.3564,54.3072,2.116716051
498000,3028.8484,57.4589,2.262847089
498050,3032.3838,59.1316,2.340344614
498100,3036.1699,60.5755,2.407541193
498150,3040.6699,61.431,2.448411713
498200,3045.3,62.2105,2.485861446
498250,3050.3,62.7742,2.512772609
498300,3054.6499,63.4944,2.545063838
498350,3057.1499,64.6171,2.593534608
498400,3059.9099,65.1953,2.61920729
498450,3063.4099,64.2233,2.579811412
498500,3067.3,63.3683,2.545478208
498550,3072.3,62.8463,2.525670908
498600,3077.1699,62.7673,2.524521384
498650,3081.6699,63.9491,2.576638003
498700,3086.04,65.3888,2.639732195
498750,3090.04,67.4918,2.730922942
498800,3093.9099,69.204,2.805594838
498850,3097.4099,69.804,2.832899737
498900,3100.6436,70.9346,2.882683471
498950,3103.1189,73.4297,2.990218447
499000,3106.3333,75.2004,3.076617957
499050,3111.8889,74.9094,3.066034353
499100,3116.1299,74.8946,3.067992613
499150,3116.6299,75.5897,3.101963551
499200,3117.52,76.104,3.127427542
499250,3119.52,76.104,3.128691424
499300,3121.52,76.2487,3.136962196
499350,3123.52,76.7655,3.163252463
499400,3125.3899,79.1838,3.281545405
499450,3126.8899,87.0138,3.672538307
499500,3128.1299,92.9718,3.981266778
499550,3128.6299,93.6018,4.014821833
499600,3129.78,94.0491,4.03983793
499650,3132.78,93.9764,4.038039123
499700,3136.3,93.899,4.036353686
499750,3141.3,93.8099,4.035085816
499800,3146.6899,93.7156,4.033810926
499850,3153.1899,93.6065,4.032520851
499900,3159.4299,93.5679,4.034880673
499950,3164.9299,93.7105,4.046596272
500000,3170.04,93.7073,4.050099783
500050,3174.04,93.2891,4.030136846
500100,3178.5601,93.0329,4.019369242
500150,3184.5601,93.1933,4.032449299
500200,3190.8201,93.2033,4.037504623
500250,3197.8201,92.7851,4.019592882
500300,3204.1699,92.484,4.007600851
500350,3208.6699,92.484,4.010828804
500400,3213.8201,92.484,4.014531021
500450,3220.8201,92.484,4.019576464
500500,3227.95,92.2781,4.013348481
500550,3235.45,91.4861,3.976639899
500600,3242.5601,90.9189,3.952166956
500650,3248.5601,90.9916,3.959941146
500700,3254.95,90.9492,3.962042534
500750,3262.45,90.6106,3.949623756
500800,3269.5601,90.3179,3.939312171
500850,3275.5601,90.1559,3.934992059
500900,3281.9307,90.0828,3.93550118
500950,3289.3564,90.2628,3.949753825
501000,3296.5757,90.396,3.961453723
501050,3303.1414,90.396,3.965853816
501100,3309.95,90.396,3.970415435
501150,3317.45,90.396,3.975438797
501200,3325.21,90.279,3.974613079
501250,3333.71,89.829,3.957147674
501300,3341.6899,89.4211,3.941505878
501350,3348.1899,89.1331,3.931045204
501400,3355.21,88.906,3.924068325
501450,3363.71,88.852,3.926987161
501500,3371.6899,88.7652,3.927870087
501550,3378.1899,88.5852,3.922970025
501600,3385.3401,88.3858,3.917509639
501650,3394.3401,88.1313,3.910458303
501700,3402.6899,87.948,3.906632536
501750,3409.1899,87.948,3.910986429
501800,3415.8201,87.9575,3.915914358
501850,3422.8201,87.9938,3.922465007
501900,3429.95,87.8952,3.922172784
501950,3437.45,87.4497,3.904315691
502000,3445.0801,87.0585,3.88933899
502050,3453.0801,86.8222,3.882566016
502100,3461.0593,86.6171,3.877382614
502150,3468.9802,86.4923,3.876282437
502200,3476.8181,86.4,3.876794505
502250,3484.394,86.4,3.881865875
502300,3491.8201,86.385,3.886066078
502350,3498.8201,86.3316,3.88801069
502400,3505.6899,86.1703,3.883995833
502450,3512.1899,85.7023,3.863944631
502500,3519.0801,85.3092,3.847962067
502550,3527.0801,85.1292,3.843585923
502600,3534.8201,84.9345,3.838292848
502650,3541.8201,84.6982,3.830407632
502700,3549.0801,84.3983,3.819405004
502750,3557.0801,83.9349,3.800434358
502800,3564.8201,83.6156,3.788704873
502850,3571.8201,83.7065,3.797631131
502900,3578.6899,83.6323,3.7979837
502950,3585.1899,83.1333,3.776231589
503000,3591.8201,82.7971,3.762931979
503050,3598.8201,82.9244,3.773737534
503100,3606.0801,82.9761,3.780810748
503150,3614.0801,82.8335,3.778316488
503200,3621.95,82.6578,3.774032991
503250,3629.45,82.3878,3.764653043
503300,3636.8201,82.1693,3.757846654
503350,3643.8201,82.0973,3.758379038
503400,3650.8201,81.9785,3.756493101
503450,3657.8201,81.7265,3.747719294
503500,3664.95,81.5634,3.743615869
503550,3672.45,81.6534,3.75282951
503600,3679.6899,81.6065,3.754806151
503650,3686.1899,81.1702,3.736172139
503700,3692.95,80.6364,3.712633468
503750,3700.45,79.8523,3.676557225
503800,3707.4299,79.4358,3.65919309
503850,3712.9299,80.0658,3.695182256
503900,3718.802,80.4665,3.719525934
503950,3725.7327,80.2145,3.71066565
504000,3732.697,79.9625,3.701819398
504050,3739.7676,79.7105,3.693031285
504100,3746.8201,79.4912,3.685924152
504150,3753.8201,79.3652,3.683627669
504200,3760.8201,79.1456,3.676464442
504250,3767.8201,78.6596,3.655444217
504300,3774.6899,78.3281,3.642366174
504350,3781.1899,78.4361,3.651923237
504400,3788.0801,78.4692,3.657824994
504450,3796.0801,78.2892,3.653308344
504500,3803.6899,78.0905,3.647577
504550,3810.1899,77.8385,3.638390314
504600,3816.95,77.6142,3.630799065
504650,3824.45,77.4687,3.627760351
504700,3832.21,77.3091,3.624141333
504750,3840.71,77.1131,3.619068348
504800,3848.5601,76.9302,3.614280762
504850,3854.5601,76.7847,3.610320847
504900,3860.4299,76.6351,3.606065279
504950,3865.9299,76.4747,3.601018437
505000,3871.6899,76.3087,3.595833549
505050,3878.1899,76.1269,3.590267806
505100,3884.8201,75.7615,3.575172254
505150,3891.8201,74.9238,3.535572784
505200,3897.78,74.2756,3.505238658
505250,3900.78,74.1665,3.501333562
505300,3904.5601,74.103,3.500284945
505350,3910.5601,74.1564,3.506696957
505400,3916.4299,73.9901,3.50152193
505450,3921.9299,73.1981,3.46362179
505500,3927.5601,72.832,3.447908508
505550,3933.5601,73.678,3.495517609
505600,3938.78,74.1636,3.524110209
505650,3941.78,73.6236,3.497604651
505700,3945.8201,73.1632,3.476001675
505750,3952.8201,72.9292,3.467956138
505800,3959.3,72.7279,3.461293477
505850,3964.3,72.6199,3.458620094
505900,3969.4299,72.5213,3.456512217
505950,3974.9299,72.4493,3.45601589
506000,3980.3,72.2696,3.449790389
506050,3985.3,71.7836,3.427250435
506100,3990.8201,71.4193,3.411377463
506150,3997.8201,71.4013,3.414567887
506200,4004.4299,71.3833,3.416834153
506250,4009.9299,71.3653,3.41827735
506300,4015.3,71.1976,3.41176843
506350,4020.3,70.6036,3.382578898
506400,4025.5601,70.164,3.361613121
506450,4031.5601,70.164,3.364179015
506500,4037.4299,70.0517,3.360748296
506550,4042.9299,69.6197,3.340211846
506600,4048.1699,69.3608,3.328710057
506650,4052.6699,69.5948,3.343036441
506700,4057.8201,69.7399,3.352940094
506750,4064.8201,69.6319,3.350196847
506800,4071.3,69.5473,3.348470412
506850,4076.3,69.5293,3.349654522
506900,4081.0298,69.413,3.345483792
506950,4084.99,69.017,3.326056027
507000,4089.697,68.7614,3.314415013
507050,4096.7676,68.9054,3.325113396
507100,4103.4302,68.9324,3.32940113
507150,4108.9302,68.6264,3.315366859
507200,4113.9102,67.9835,3.283031148
507250,4117.4102,66.3815,3.198595946
507300,4121.1699,65.444,3.149823773
507350,4125.6699,66.398,3.202850844
507400,4130.04,67.221,3.248861358
507450,4134.04,67.671,3.274723786
507500,4138.4302,67.99,3.29373671
507550,4143.9302,67.936,3.293162969
507600,4149.2998,67.8024,3.288242217
507650,4154.2998,67.4424,3.270943051
507700,4159.04,67.2088,3.260331007
507750,4163.04,67.3348,3.268819203
507800,4167.1699,67.3672,3.272313536
507850,4171.6699,67.1332,3.261557578
507900,4176.2871,66.6184,3.235632993
507950,4181.2378,65.3044,3.166505032
508000,4186.0908,64.7626,3.139099528
508050,4190.6362,66.4186,3.230791855
508100,4195.04,67.5925,3.296378798
508150,4199.04,67.3945,3.287334374
508200,4203.4302,67.2012,3.278699967
508250,4208.9302,67.0212,3.271248822
508300,4213.9102,66.8178,3.262288961
508350,4217.4102,66.5478,3.249058689
508400,4221.5601,66.1936,3.231494229
508450,4227.5601,65.5996,3.2015863
508500,4232.7725,65.1226,3.177688991
508550,4235.7427,64.9786,3.171040175
508600,4238.606,64.8486,3.165106757
508650,4241.1313,64.7586,3.161218067
508700,4243.9009,64.692,3.15870698
508750,4247.3662,64.692,3.160125928
508800,4251.2119,64.5984,3.156572743
508850,4256.2627,64.2384,3.138895808
508900,4261.2871,63.9486,3.125032519
508950,4266.2378,63.8586,3.122093819
509000,4270.9697,63.7452,3.11777518
509050,4275.0103,63.5652,3.109506216
509100,4279.04,63.4741,3.106116431
509150,4283.04,63.6361,3.116654399
509200,4286.9102,63.6109,3.116833338
509250,4290.4102,63.0529,3.087472644
509300,4293.7725,58.077,2.811129902
509350,4296.7427,40.527,1.958118352
509400,4290.1514,23.9598,1.210004283
509450,4253.2827,10.1898,0.702432638
509500,4223.27,0,0
509550,4212.77,0,0
509600,4201.75,0,0
509650,4189.25,0,0
509700,4174.6699,0,0
509750,4154.1699,0,0
509800,4133.6699,0,0
509850,4113.1699,0,0
509900,4092.7227,0,0
509950,4072.4258,0,0
510000,4051.1819,0,0
510050,4026.9395,0,0
510100,4002.76,0,0
510150,3978.76,0,0
510200,3954.5,0,0
510250,3929.5,0,0
510300,3904.6931,0,0
510350,3880.4355,0,0
510400,3856.4243,0,0
510450,3833.1919,0,0
510500,3810.3367,0,0
510550,3788.5544,0,0
510600,3767.2727,0,0
510650,3747.5757,0,0
510700,3729.396,0,0
510750,3715.5347,0,0
510800,3701.2424,0,0
510850,3685.5859,0,0
510900,3667.5645,0,0
510950,3642.8118,0,0
511000,3617.5757,0,0
511050,3590.8081,0,0
511100,3564.6931,0,0
511150,3590,0,0
511200,3620,0,0
511250,3650,0,0
511300,3670,0,0
511350,3685,0,0
511400,3700,0,0
511450,3715,0,0
511500,3725.04,0,0
511550,3686.54,0,0
511600,3647.0801,0,0
511650,3607.5801,0,0
511700,3567.9802,0,0
511750,3528.3762,0,0
511800,3488.0203,0,0
511850,3447.6162,0,0
511900,3409.52,0,0
511950,3371.52,0,0
512000,3334,0,0
512050,3296.5,0,0
512100,3260.9199,0,0
512150,3225.4199,0,0
512200,3188.48,0,0
512250,3151.48,0,0
512300,3113.52,0,0
512350,3075.52,0,0
512400,3039.9199,0,0
512450,3004.4199,0,0
512500,2972.76,0,0
512550,2941.26,0,0
512600,2913.3862,0,0
512650,2885.6633,0,0
512700,2865.6699,0,0
512750,2846.1699,0,0
512800,2832.3101,0,0
512850,2818.8101,0,0
512900,2800.6101,0,0
512950,2782.1101,0,0
513000,2764.0801,0,0
513050,2746.0801,0,0
513100,2728.8586,0,0
513150,2711.6868,0,0
513200,2690.3601,0,0
513250,2668.8601,0,0
513300,2648.8,0,0
513350,2628.8,0,0
513400,2608.5149,0,0
513450,2588.2178,0,0
513500,2561.6201,0,0
513550,2534.6201,0,0
513600,2503.0908,0,0
513650,2471.2727,0,0
513700,2443.1201,0,0
513750,2415.1201,0,0
513800,2390.48,0,0
513850,2365.98,0,0
513900,2338.6001,0,0
513950,2311.1001,0,0
514000,2280.72,0,0
514050,2250.22,0,0
514100,2224.04,0,0
514150,2198.04,0,0
514200,2176.5645,0,0
514250,2155.2773,0,0
514300,2132.8501,0,0
514350,2110.3501,0,0
514400,2099.6001,0,0
514450,2089.6001,0,0
514500,2081.8789,0,0
514550,2074.303,0,0
514600,2066.8,0,0
514650,2059.3,0,0
514700,2045.08,0,0
514750,2030.58,0,0
514800,2018.96,0,0
514850,2007.46,0,0
514900,1996.0693,0,0
514950,1984.6832,0,0
515000,1974.0303,0,0
515050,1963.4242,0,0
515100,1957.24,0,0
515150,1951.24,0,0
515200,1948.12,0,0
515250,1945.12,0,0
515300,1946.901,0,0
515350,1948.8812,0,0
515400,1959.8101,4.0723,0.162369949
515450,1971.3101,11.3443,0.452732891
515500,1978.6465,18.8784,0.705348914
515550,1985.7172,26.6184,0.955391152
515600,1995.0297,30.2659,1.068642959
515650,2004.4357,30.6979,1.082292206
515700,2012.05,31.4569,1.106215152
515750,2019.55,32.4727,1.137906061
515800,2026.11,32.2036,1.130546667
515850,2032.61,30.84,1.090013333
515900,2040.99,35.2296,1.224047273
515950,2049.49,44.1396,1.495077576
516000,2063.1599,49.068,1.652450378
516050,2077.1599,50.868,1.711707867
516100,2084.5801,48.5755,1.640154566
516150,2091.5801,43.0675,1.467691527
516200,2093.8799,35.5637,1.240582412
516250,2095.8799,26.4917,0.963262257
516300,2090.7778,18.2664,0.694143591
516350,2085.2222,10.7064,0.434176233
516400,2082.6238,7.7832,0.315498834
516450,2080.1484,8.5032,0.344546375
516500,2080.9495,8.8301,0.357838698
516550,2081.9597,8.8481,0.358626872
516600,2082.96,8.6645,0.351242249
516650,2083.96,8.3225,0.337432939
516700,2085.4399,8.5248,0.345718099
516750,2086.9399,9.1548,0.371357729
516800,2088.4399,10.0771,0.408869663
516850,2089.9399,11.2291,0.455722015
516900,2092.8516,12.6936,0.512383957
516950,2095.8218,14.4036,0.568434636
517000,2098.3501,15.4685,0.603415611
517050,2100.8501,16.0265,0.621850148
517100,2102.4099,16.4317,0.635222984
517150,2103.9099,16.7168,0.644669359
517200,2103.5251,18.617,0.706763583
517250,2103.0203,21.893,0.813818036
517300,2105.3762,23.4687,0.865598514
517350,2107.8516,23.596,0.870043298
517400,2106.5901,23.652,0.871731346
517450,2105.0901,23.652,0.871560304
517500,2104.0601,24.7507,0.90736719
517550,2103.0601,26.7127,0.971391837
517600,2109.5801,33.7248,1.186761224
517650,2116.5801,44.7048,1.521441191
517700,2129.6899,55.7957,1.878403445
517750,2143.1899,66.9737,2.260365264
517800,2151.5959,73.3435,2.484537207
517850,2159.6768,75.9355,2.582940809
517900,2165.28,77.3179,2.636491055
517950,2170.78,77.7499,2.654402883
518000,2179.1599,79.9157,2.738310015
518050,2187.6599,83.4437,2.873524832
518100,2196.6399,85.9435,2.970430745
518150,2205.6399,87.6355,3.043661575
518200,2214.6399,87.9466,3.061068459
518250,2223.6399,87.1726,3.030389199
518300,2231.6799,86.2272,2.992927481
518350,2239.6799,85.1472,2.954915082
518400,2248.6399,83.6942,2.903102743
518450,2257.6399,81.9482,2.84017045
518500,2269.52,84.073,2.924367068
518550,2281.52,89.239,3.145861115
518600,2291.1201,92.9534,3.31553023
518650,2300.6201,95.5274,3.434532134
518700,2307.72,96.9725,3.502259091
518750,2314.72,97.5305,3.530804545
518800,2323.0791,99.5702,3.627317773
518850,2331.4951,102.7742,3.776779591
518900,2341.3999,107.4974,3.995972682
518950,2351.3999,113.4143,4.340597229
519000,2359.52,116.5442,4.527029321
519050,2367.52,117.3002,4.580319064
519100,2375.05,117.648,4.607456035
519150,2382.55,117.648,4.612114785
519200,2390.99,117.2448,4.590771168
519250,2399.49,116.5248,4.548025734
519300,2406.5801,116.0366,4.519398762
519350,2413.5801,115.7306,4.502648754
519400,2420.1716,115.596,4.497589053
519450,2426.7373,115.596,4.500676333
519500,2430.802,115.2533,4.483057018
519550,2434.7625,114.6413,4.450358108
519600,2440.2222,113.5736,4.392763114
519650,2445.7778,112.1478,4.315219195
519700,2450.8,110.0291,4.198677766
519750,2455.8,107.32,4.049261637
519800,2460.8,105.0696,3.939890909
519850,2465.8,103.1796,3.856254545
519900,2471.76,94.0421,3.443767092
519950,2477.76,79.2101,2.808402395
520000,2484.24,68.4,2.402749476
520050,2490.74,60.75,2.131526576
520100,2497.24,53.2411,1.869790906
520150,2503.74,45.8431,1.616331461
520200,2503.04,34.3627,1.253974755
520250,2502.04,19.6747,0.782199694
520300,2482.3201,9.5126,0.412323506
520350,2461.8201,2.9066,0.125540327
520400,2453.8,2.2176,0.095648873
520450,2446.3,6.1776,0.266106105
520500,2458.48,15.2582,0.62600802
520550,2471.48,28.3622,1.068124848
520600,2480.6399,34.8034,1.264423018
520650,2489.6399,36.0094,1.302059382
520700,2497.6799,39.0197,1.394255139
520750,2505.6799,43.4477,1.534199988
520800,2516.0801,45.6682,1.613765161
520850,2526.5801,46.1542,1.63356031
520900,2536.6001,46.3176,1.642093927
520950,2546.6001,46.2276,1.641844434
521000,2557.4556,45.9562,1.635525473
521050,2568.3464,45.5422,1.62422016
521100,2578.8701,44.2714,1.582833503
521150,2589.3701,42.3274,1.517731698
521200,2599.3999,41.3914,1.489094497
521250,2609.3999,41.2474,1.48696973
521300,2619.8701,40.8917,1.478383252
521350,2630.3701,40.3697,1.464603079
521400,2634.29,32.953,1.234936754
521450,2637.79,20.119,0.818415548
521500,2636.5901,18.504,0.762488521
521550,2635.0901,25.704,1.009697816
521600,2644.3999,31.009,1.176260669
521650,2654.3999,34.825,1.297097106
521700,2663.9299,36.1109,1.339191736
521750,2673.4299,35.4089,1.3191674
521800,2677.29,33.8299,1.270454172
521850,2680.79,31.5619,1.199988538
521900,2681.9399,29.0016,1.11986486
521950,2682.9399,26.2116,1.032474642
522000,2684.4099,25.861,1.021686033
522050,2685.9099,27.427,1.071076367
522100,2687.4099,28.8518,1.116060611
522150,2688.9099,30.1658,1.157590015
522200,2693.7,30.4315,1.166770653
522250,2698.7,29.8735,1.150076838
522300,2701.3501,29.6683,1.144067424
522350,2703.8501,29.7403,1.14676098
522400,2705.4099,29.772,1.148026119
522450,2706.9099,29.772,1.148282342
522500,2709.8484,29.4696,1.139244966
522550,2712.8789,28.9296,1.122712643
522600,2714.4399,28.8432,1.12024385
522650,2715.9399,29.1132,1.12902016
522700,2717.9199,29.2723,1.134378762
522750,2719.9199,29.3443,1.136991766
522800,2720,30.515,1.174010621
522850,2720,32.549,1.238304463
522900,2725.7029,35.4096,1.329906685
522950,2731.6436,38.9196,1.442341921
523000,2740.0708,42.5707,1.568057355
523050,2748.6565,46.3327,1.705797203
523100,2758.1201,50.4374,1.856583134
523150,2767.6201,54.8114,2.019670405
523200,2775.604,57.7037,2.14011156
523250,2783.5247,59.4317,2.214123525
523300,2789.697,61.9862,2.321451925
523350,2795.7576,65.1902,2.455924812
523400,2801.76,66.8218,2.526215506
523450,2807.76,67.2178,2.546104479
523500,2815.2,67.3416,2.555975941
523550,2822.7,67.2516,2.557258025
523600,2828.28,67.3027,2.562996215
523650,2833.78,67.4647,2.573188274
523700,2841.6799,68.9371,2.638186159
523750,2849.6799,71.4391,2.745270909
523800,2856.24,74.9894,2.894271586
523850,2862.74,79.3634,3.089886078
523900,2869.24,81.1267,3.17932625
523950,2875.74,80.8387,3.171336488
524000,2882.24,80.2282,3.147981241
524050,2888.74,79.3642,3.112510789
524100,2895.72,78.9739,3.099987945
524150,2902.72,78.9559,3.105229207
524200,2910.2,79.0891,3.118121784
524250,2917.7,79.3411,3.136736288
524300,2925.1404,79.1526,3.134251075
524350,2932.5786,78.6179,3.115175126
524400,2940.05,78.1167,3.097699113
524450,2947.55,77.644,3.081583308
524500,2955.5901,78.8432,3.146228859
524550,2964.0901,81.3561,3.274593439
524600,2973.1299,84.5338,3.435734146
524650,2982.6299,88.2778,3.633679695
524700,2991.3201,90.5302,3.759095014
524750,2999.3201,91.512,3.818534116
524800,3005.97,91.8835,3.842564039
524850,3011.47,91.7755,3.840691239
524900,3018.05,93.2098,3.919431694
524950,3025.55,95.8558,4.062861815
525000,3033.05,96.8004,4.11819343
525050,3040.55,96.4084,4.102748198
525100,3046.1599,96.3065,4.101330969
525150,3050.1599,96.452,4.111922888
525200,3054.4299,96.3064,4.107228124
525250,3058.9299,95.9322,4.090506466
525300,3063.4299,95.76,4.084528166
525350,3067.9299,95.76,4.087733025
525400,3073.24,95.3574,4.070001454
525450,3079.24,94.612,4.034369139
525500,3085.24,94.2739,4.020473722
525550,3091.24,94.2559,4.023719831
525600,3097.8181,93.8549,4.006799782
525650,3104.8889,93.1529,3.975000237
525700,3112.7129,92.5517,3.94918439
525750,3121.1287,92.0297,3.927868806
525800,3128.5454,91.5581,3.908491988
525850,3135.1111,91.1261,3.890593632
525900,3143.2673,91.1275,3.896161945
525950,3152.6733,91.4695,3.920162101
526000,3160.51,91.5091,3.92748114
526050,3167.01,91.3111,3.921630332
526100,3173.5454,91.0426,3.912165157
526150,3180.1111,90.7186,3.899857978
526200,3187.1584,90.455,3.890995835
526250,3194.5842,90.239,3.884847531
526300,3200.97,90.0634,3.880085476
526350,3206.47,89.9194,3.876358616
526400,3212.24,89.725,3.870214418
526450,3218.24,89.491,3.862183979
526500,3225.05,89.136,3.848460703
526550,3232.55,88.686,3.830307502
526600,3237.8899,88.4779,3.823175884
526650,3241.3899,88.4599,3.824606425
526700,3245.1599,88.3814,3.823099805
526750,3249.1599,88.2554,3.819299896
526800,3254,87.9379,3.806196396
526850,3259.5557,87.4699,3.785821791
526900,3263.3862,87.2741,3.778314825
526950,3265.8613,87.2921,3.780911696
527000,3270,87.1186,3.774762984
527050,3275.5557,86.7946,3.761817467
527100,3280.52,86.2186,3.735494283
527150,3285.02,85.4446,3.698663975
527200,3288.96,85.2048,3.688975619
527250,3292.46,85.3848,3.700611588
527300,3294.8401,85.595,3.71304475
527350,3296.3401,85.829,3.726108153
527400,3298.6799,85.7506,3.723650503
527450,3301.6799,85.4266,3.708992495
527500,3303.8318,85.5461,3.716598753
527550,3305.3169,86.0141,3.741697685
527600,3306.54,86.1595,3.750008959
527650,3307.54,86.0515,3.745123003
527700,3309.0801,85.9536,3.741121604
527750,3311.0801,85.8636,3.737837447
527800,3313.3501,85.9752,3.745113924
527850,3315.8501,86.2452,3.760698686
527900,3318.8899,86.2027,3.760560139
527950,3322.3899,85.9147,3.748096022
528000,3326.1599,86.3469,3.772881321
528050,3330.1599,87.3449,3.826934426
528100,3335.24,84.577,3.687925798
528150,3341.24,78.601,3.390843895
528200,3345.3501,65.5294,2.776504935
528250,3347.8501,46.4134,1.946055782
528300,3345.22,34.2569,1.480346006
528350,3338.22,28.0289,1.2369489
528400,3327.98,18.3697,0.864230388
528450,3314.98,5.7877,0.328994938
528500,3297.6599,0,0
528550,3276.6599,0,0
528600,3262.4099,0,0
528650,3253.9099,0,0
528700,3247.8401,2.0412,0.114629647
528750,3243.8401,5.8212,0.326671952
528800,3239.3,8.1043,0.454423626
528850,3234.3,9.1123,0.506914037
528900,3225.79,9.8116,0.53216291
528950,3214.29,10.248,0.547408495
529000,3201.98,10.4198,0.55280847
529050,3188.98,10.3838,0.550542194
529100,3174.3601,10.0858,0.538662908
529150,3158.3601,9.5818,0.519345028
529200,3142.3601,9.5011,0.515432978
529250,3126.3601,9.7531,0.523474492
529300,3110.0901,9.8741,0.526754973
529350,3093.5901,9.8921,0.526334549
529400,3079.52,9.9907,0.528922893
529450,3067.52,10.1527,0.533860373
529500,3054.71,10.1736,0.533755739
529550,3041.21,10.0836,0.529726338
529600,3031.4546,10.427,0.541086776
529650,3024.8889,11.111,0.5644754
529700,3020.8911,13.7909,0.657438772
529750,3018.9109,18.0389,0.804987704
529800,3018.54,20.2373,0.881388142
529850,3019.54,20.8255,0.902008127
529900,3018.9199,20.8604,0.903119804
529950,3016.9199,20.424,0.88762035
530000,3015.73,19.3537,0.850236676
530050,3015.23,17.7854,0.795671001
530100,3014.73,16.5586,0.752983887
530150,3014.23,15.6226,0.720409416
530200,3015.3635,15.1822,0.705237936
530250,3017.8889,15.164,0.704886184
530300,3019.8401,15.156,0.704824962
530350,3021.3401,15.156,0.70499189
530400,3023.96,14.7931,0.692644949
530450,3027.46,14.1451,0.670433941
530500,3030.1201,13.6886,0.654780477
530550,3032.1201,13.3826,0.644295624
530600,3032.1682,13.3079,0.641692787
530650,3030.6831,13.4148,0.645282462
530700,3028.6499,13.4149,0.645092162
530750,3026.1499,13.324,0.641686489
530800,3023.3799,13.3445,0.642139406
530850,3020.3799,13.4525,0.645614366
530900,3017.3799,13.4496,0.645228216
530950,3014.3799,13.3596,0.641817111
531000,3011.6499,13.3805,0.642286134
531050,3009.1499,13.4885,0.645797415
531100,3005.5454,13.7678,0.655134354
531150,3001,14.1818,0.669021397
531200,2997.3367,14.4339,0.677234847
531250,2994.3665,14.5586,0.681093722
531300,2991.3799,16.2101,0.737777219
531350,2988.3799,19.1621,0.839452687
531400,2988.6201,24.7676,1.032244663
531450,2991.6201,32.6336,1.295335992
531500,2996.24,38.7792,1.501901867
531550,3002.24,43.4592,1.679895472
531600,3009.05,48.3336,1.866193491
531650,3016.55,53.3736,2.07130486
531700,3021.6201,57.8887,2.278650401
531750,3024.6201,61.9567,2.464467858
531800,3027.3501,64.5181,2.575670343
531850,3029.8501,65.7961,2.630392857
531900,3033.97,66.1993,2.649242099
531950,3039.47,65.8573,2.637476598
532000,3043.3501,65.6806,2.631874931
532050,3045.8501,65.6446,2.631535685
532100,3049.7,65.1323,2.611779121
532150,3054.7,64.2143,2.575425325
532200,3059.97,59.9526,2.391037566
532250,3065.47,52.8426,2.073364662
532300,3069.0801,48.8062,1.91081836
532350,3071.0801,47.388,1.858228143
532400,3074.97,46.9137,1.84207264
532450,3080.47,47.181,1.85460904
532500,3084.3501,47.1175,1.853944264
532550,3086.8501,46.772,1.84202017
532600,3089.6201,46.62,1.837517563
532650,3092.6201,46.62,1.838854542
532700,3095.8899,46.62,1.840312175
532750,3099.3899,46.62,1.841872907
532800,3102.3501,46.5002,1.838668664
532850,3104.8501,46.2864,1.831707769
532900,3108.97,45.77,1.814034678
532950,3114.47,44.996,1.787233592
533000,3118.3501,44.5615,1.7725337
533050,3120.8501,44.416,1.768141997
533100,3122.54,44.3419,1.766089622
533150,3123.54,44.3239,1.765852182
533200,3125.3501,44.1863,1.761451833
533250,3127.8501,43.9546,1.753798078
533300,3130.6201,44.1299,1.76165345
533350,3133.6201,44.6519,1.782725659
533400,3137.97,46.9342,1.870995545
533450,3143.47,50.716,2.019516005
533500,3148.1599,56.9409,2.299431907
533550,3152.1599,65.0855,2.658579335
533600,3156.1599,70.8926,2.910558393
533650,3160.1599,74.7086,3.086774775
533700,3164.4299,77.1736,3.20893385
533750,3168.9299,78.4876,3.275473574
533800,3172.8899,79.0823,3.306815789
533850,3176.3899,79.0643,3.308169657
533900,3180.4299,79.0074,3.307981465
533950,3184.9299,78.9174,3.306481145
534000,3188.8899,77.4763,3.239127352
534050,3192.3899,74.8843,3.115665209
534100,3196.7,78.5714,3.29719242
534150,3201.7,87.6074,3.753852806
534200,3205.3501,91.9505,3.980396969
534250,3207.8501,92.296,3.999899464
534300,3210.3501,92.2983,4.001809132
534350,3212.8501,92.031,3.989582293
534400,3215.6201,92.0927,3.99462306
534450,3218.6201,92.4347,4.015269151
534500,3222.1599,92.1935,4.004504283
534550,3226.1599,91.4555,3.968828941
534600,3229.3501,90.9216,3.943437324
534650,3231.8501,90.5616,3.926552478
534700,3233.8101,90.3085,3.91481854
534750,3235.3101,90.1465,3.907473589
534800,3237.8899,90.6163,3.933430218
534850,3241.3899,91.6243,3.987748789
534900,3243.54,91.8256,3.999567984
534950,3244.54,91.3396,3.975183804
535000,3246.6201,91.1452,3.96655753
535050,3249.6201,91.1992,3.971353451
535100,3252.3501,91.2633,3.97648832
535150,3254.8501,91.336,3.98191167
535200,3256.27,91.0757,3.969447764
535250,3256.77,90.5537,3.942879623
535300,3258.8899,90.5659,3.944931161
535350,3262.3899,90.9979,3.96954225
535400,3265.8899,90.9085,3.967282302
535450,3269.3899,90.4095,3.943917715
535500,3273.1599,90.3567,3.943726805
535550,3277.1599,90.684,3.963272047
535600,3281.97,90.8885,3.97703112
535650,3287.47,90.9965,3.986279157
535700,3292.97,90.3853,3.95848575
535750,3298.47,89.2091,3.901604005
535800,3303.1599,88.5502,3.870826054
535850,3307.1599,88.332,3.86227977
535900,3311.97,88.0445,3.850711884
535950,3317.47,87.7025,3.836804861
536000,3323.24,87.5822,3.834493231
536050,3329.24,87.6362,3.841306698
536100,3335.51,87.5802,3.842639812
536150,3342.01,87.4376,3.839671687
536200,3347.7,87.2051,3.831535237
536250,3352.7,86.896,3.818996681
536300,3356.8899,86.8709,3.820522805
536350,3360.3899,87.0689,3.833058771
536400,3364.4546,86.8738,3.82575706
536450,3369,86.3698,3.802895987
536500,3372.6799,86.148,3.793966452
536550,3375.6799,86.148,3.795984277
536600,3378.6633,86.2286,3.802134336
536650,3381.6335,86.3726,3.811533963
536700,3384.3635,85.9723,3.792791855
536750,3386.8889,85.1443,3.751929841
536800,3389.9407,84.1046,3.70054595
536850,3393.406,82.8986,3.640900865
536900,3397.97,81.7834,3.586673915
536950,3403.47,80.7394,3.536749897
537000,3408.1599,80.1802,3.511195999
537050,3412.1599,80.002,3.504752701
537100,3416.4299,79.5895,3.487161164
537150,3420.9299,78.9775,3.460245465
537200,3425.4299,78.6377,3.446583804
537250,3429.9299,78.5297,3.444211625
537300,3435.24,78.1301,3.428152641
537350,3441.24,77.4821,3.400429673
537400,3446.1599,76.8049,3.370585257
537450,3450.1599,76.1029,3.33893764
537500,3454.7,70.9783,3.09208446
537550,3459.7,62.0863,2.680587672
537600,3456.6487,44.6682,1.928910868
537650,3446.7388,19.9871,0.948620337
537700,3431.2,2.6914,0.156293554
537750,3403.7,1.0894,0.06294141
537800,3382.28,0,0
537850,3373.78,0,0
537900,3363.7227,0,0
537950,3350.3564,0,0
538000,3333.8789,0,0
538050,3310.1414,0,0
538100,3286.6399,0,0
538150,3263.6399,0,0
538200,3240.8,0,0
538250,3218.3,0,0
538300,3195.3201,0,0
538350,3171.3201,0,0
538400,3146.8401,0,0
538450,3121.3401,0,0
538500,3094.72,0,0
538550,3065.72,0,0
538600,3037.8401,0,0
538650,3012.3401,0,0
538700,2987.6399,0,0
538750,2964.6399,0,0
538800,2942.9199,0,0
538850,2923.9199,0,0
538900,2905.2971,0,0
538950,2887.4753,0,0
539000,2872.4243,0,0
539050,2863.8384,0,0
539100,2855.1484,0,0
539150,2846.2375,0,0
539200,2838.4849,0.1843,0.009205181
539250,2833.4343,0.7603,0.037890382
539300,2833.4851,3.8995,0.194340177
539350,2844.3762,12.4855,0.586438232
539400,2853.8181,19.0613,0.815186323
539450,2859.8789,21.3653,0.895767339
539500,2865.76,23.2085,0.960397344
539550,2871.26,24.0725,0.991121059
539600,2875.96,24.2107,0.996629883
539650,2878.96,22.8067,0.948555895
539700,2881.9504,22.5662,0.940705078
539750,2884.9209,24.7982,1.017323867
539800,2889.1001,28.0668,1.124813749
539850,2896.1001,33.5381,1.305149807
539900,2904.75,38.6262,1.473837796
539950,2917.25,42.8202,1.629320818
540000,2927.5,45.9742,1.749487903
540050,2932.5,46.7015,1.77813475
540100,2938.25,48.1349,1.833338291
540150,2945.75,51.0689,1.945138568
540200,2952.8181,52.3094,1.99394557
540250,2958.8789,49.9514,1.908207038
540300,2964.1089,47.6465,1.82398169
540350,2967.5742,45.4545,1.743240789
540400,2971.6499,43.7564,1.681063909
540450,2977.1499,43.2109,1.662384542
540500,2980.25,39.1363,1.510721189
540550,2977.75,27.5623,1.123582834
540600,2973.7273,18.1598,0.802512476
540650,2966.1516,13.3718,0.635707555
540700,2960.5247,10.116,0.522219144
540750,2959.0396,10.116,0.521992874
540800,2957.697,10.5019,0.535137354
540850,2956.6868,11.7079,0.576700951
540900,2956.1584,14.3872,0.66930147
540950,2956.6536,20.1971,0.870351736
541000,2957.606,25.1749,1.040915474
541050,2959.6262,28.2113,1.141942714
541100,2961.1584,32.5282,1.285440588
541150,2961.6536,39.5662,1.521459305
541200,2961.394,44.1101,1.691026149
541250,2959.3738,43.3541,1.662169806
541300,2952.9307,35.9856,1.398246422
541350,2937.0891,14.5656,0.67254744
541400,2917.9697,0,0
541450,2891.2019,0,0
541500,2869.3201,0,0
541550,2857.8201,0,0
541600,2843.4399,0,0
541650,2822.9399,0,0
541700,2803.1819,0,0
541750,2785,0,0
541800,2767.6138,0,0
541850,2751.7722,0,0
541900,2734.3464,0,0
541950,2713.5544,0,0
542000,2692.9395,0,0
542050,2672.7373,0,0
542100,2652.9199,0,0
542150,2633.9199,0,0
542200,2614.1201,0,0
542250,2592.6201,0,0
542300,2572.2971,0,0
542350,2554.4753,0,0
542400,2536.8484,0,0
542450,2519.6768,0,0
542500,2501.8586,0,0
542550,2482.6667,0,0
542600,2464.6138,0,0
542650,2448.7722,0,0
542700,2432.7722,0,0
542750,2416.4355,0,0
542800,2400.4546,0,0
542850,2385.303,0,0
542900,2372.1201,0,0
542950,2363.1201,0,0
543000,2354.28,0,0
543050,2345.78,0,0
543100,2336.48,0,0
543150,2325.48,0,0
543200,2314.8,0,0
543250,2304.8,0,0
543300,2293.6799,0,0
543350,2280.1799,0,0
543400,2266.3601,0,0
543450,2251.8601,0,0
543500,2238.1211,0,0
543550,2226,0,0
543600,2213.2871,0,0
543650,2199.4258,0,0
543700,2185.7227,0,0
543750,2172.3564,0,0
543800,2159.8181,0,0
543850,2149.2122,0,0
543900,2138.6733,0,0
543950,2128.2773,0,0
544000,2117.6667,0,0
544050,2106.5557,0,0
544100,2095.0396,0,0
544150,2082.6633,0,0
544200,2070.3635,0,0
544250,2058.2424,0,0
544300,2044.9307,0,0
544350,2029.0891,0,0
544400,2014.5151,0,0
544450,2002.899,0,0
544500,1990.4059,0,0
544550,1976.0496,0,0
544600,1962.3636,0,0
544650,1950.2424,0,0
544700,1938.198,0,0
544750,1926.3168,0,0
544800,1914.3636,0,0
544850,1902.2424,0,0
544900,1890.8317,0,0
544950,1880.9307,0,0
545000,1870.9697,0,0
545050,1860.8687,0,0
545100,1852.24,0,0
545150,1846.74,0,0
545200,1841.72,0,0
545250,1837.72,0,0
545300,1835,0.8525,0.033655744
545350,1835,3.5165,0.138827477
545400,1839.3199,7.7472,0.305955128
545450,1852.8199,15.3072,0.586629685
545500,1864.6931,21.3523,0.783669613
545550,1873.1089,24.1783,0.875701785
545600,1881.1212,26.3822,0.947409556
545650,1888.1919,27.2642,0.976092058
545700,1896.2,29.1946,1.035973693
545750,1906.2,33.3526,1.16128313
545800,1916.04,36.4277,1.254091906
545850,1925.54,37.2017,1.277586721
545900,1934.3762,37.5725,1.288926639
545950,1941.802,37.0865,1.274380703
546000,1949.4242,36.8078,1.266087419
546050,1957.505,36.9698,1.27111388
546100,1966.3268,37.0282,1.27302463
546150,1976.7228,36.8662,1.268294234
546200,1985.9697,36.756,1.265107906
546250,1992.5354,36.756,1.265213351
546300,1999.6931,36.756,1.265328398
546350,2008.1089,36.756,1.26631623
546400,2016.1,36.7099,1.265887879
546450,2023.1,36.5659,1.262372727
546500,2029.95,36.5141,1.261633333
546550,2036.45,36.6581,1.266784848
546600,2042.8182,36.756,1.270523418
546650,2048.8789,36.756,1.271258048
546700,2055.2178,36.756,1.2720264
546750,2062.1484,36.756,1.272866473
546800,2068.6667,37.1304,1.285002024
546850,2074.2222,38.3004,1.321129964
546900,2080.5347,39.2899,1.351879964
546950,2088.4556,39.8958,1.371200679
547000,2096.1211,40.5055,1.390605588
547050,2103.1919,41.1236,1.410192958
547100,2110.2178,41.4979,1.422387006
547150,2117.1484,41.3539,1.418863442
547200,2124.2727,40.8701,1.405066388
547250,2131.8484,39.6641,1.3694392
547300,2138.2673,38.1482,1.324280885
547350,2142.2278,35.974,1.258876097
547400,2145.9092,34.0756,1.201795055
547450,2148.9395,32.8211,1.164147212
547500,2152.7427,32.0083,1.139977903
547550,2158.1882,32.1343,1.144456145
547600,2163.5151,32.1509,1.145604861
547650,2168.5657,31.9349,1.1396716
547700,2174.24,32.053,1.143938182
547750,2181.24,32.881,1.169877576
547800,2187.6001,34.1294,1.2084788
547850,2192.6001,36.2714,1.273993952
547900,2198.3762,38.0131,1.327472873
547950,2205.802,38.9042,1.355376
548000,2213.4243,39.5116,1.374705976
548050,2221.5051,39.4571,1.374033952
548100,2227.96,39.5755,1.378404242
548150,2230.96,40.0615,1.393495152
548200,2234.9199,40.127,1.395959988
548250,2240.9199,39.299,1.371596352
548300,2247.0801,39.0874,1.365930921
548350,2253.5801,40.1854,1.399991527
548400,2259.4399,40.9032,1.422453321
548450,2263.9399,40.8132,1.420271503
548500,2269.0593,40.8902,1.42322537
548550,2275.4951,41.3222,1.437096376
548600,2281.9697,41.5238,1.443990267
548650,2288.5354,41.2358,1.436058836
548700,2295.2178,41.1322,1.43372943
548750,2302.1484,41.4202,1.443296776
548800,2308.8,41.3568,1.442181818
548850,2314.8,40.5468,1.418363636
548900,2319.75,39.1234,1.375830303
548950,2322.25,36.3967,1.293506061
549000,2324.7576,33.6044,1.209194861
549050,2327.2827,30.6589,1.120243358
549100,2329.792,28.3219,1.049729333
549150,2332.2673,27.2779,1.018393006
549200,2334.45,26.7984,1.004127273
549250,2335.95,27.5184,1.026127273
549300,2337.75,28.4342,1.05409697
549350,2340.25,29.7662,1.094763636
549400,2344.2727,31.6627,1.152720933
549450,2351.8484,34.7587,1.247457382
549500,2358.4399,38.0794,1.348883624
549550,2362.9399,41.8774,1.464519988
549600,2368.24,47.1269,1.637622791
549650,2375.24,55.4609,1.918906327
549700,2382.0593,63.6106,2.20488169
549750,2388.4951,71.3686,2.481453459
549800,2393.9092,77.0396,2.698032872
549850,2396.9395,78.276,2.746183554
549900,2399.9504,79.0556,2.776915104
549950,2402.9209,78.9487,2.773804073
550000,2408.1819,78.5016,2.758445968
550050,2418.7878,77.3316,2.717177977
550100,2426.792,76.0867,2.672147341
550150,2429.2673,74.6827,2.619229674
550200,2432.9697,75.289,2.643596422
550250,2439.5354,80.167,2.832426275
550300,2445.5842,83.7432,2.971406526
550350,2450.5347,84.5532,3.004887671
550400,2456.1001,84.8621,3.021142934
550450,2463.1001,84.1061,2.99133233
550500,2470.55,84.1738,2.996498317
550550,2479.05,85.9918,3.081810098
550600,2487.2727,88.668,3.206735996
550650,2494.8484,93.168,3.414425713
550700,2502.3762,97.4203,3.612163631
550750,2509.802,101.1463,3.788670826
550800,2518,103.7318,3.914522344
550850,2528,103.8938,3.931794881
550900,2538.3,103.5763,3.92744978
550950,2549.3,102.2396,3.876882898
551000,2560.0303,101.2004,3.839501769
551050,2570.1313,100.8549,3.833395175
551100,2580.01,100.62,3.832168534
551150,2589.4158,100.62,3.841389233
551200,2599.0303,100.62,3.850859625
551250,2609.1313,100.62,3.860858699
551300,2619.1682,100.3348,3.857490657
551350,2629.0693,99.4438,3.825532981
551400,2638.8789,98.6291,3.796915141
551450,2648.4749,97.9927,3.776356283
551500,2658.1682,97.6637,3.770328929
551550,2668.0693,97.9877,3.795434843
551600,2677.4243,98.1619,3.8130034
551650,2685.5051,98.0179,3.814223393
551700,2692.5842,97.92,3.816644118
551750,2697.5347,97.92,3.821612725
551800,2702.0605,97.92,3.826166195
551850,2705.5959,97.92,3.829730623
551900,2709.7427,97.4295,3.810414206
551950,2715.1882,95.8969,3.742347452
552000,2721.1211,94.824,3.69665711
552050,2728.1919,94.824,3.703589742
552100,2736.1682,94.4305,3.692453828
552150,2746.0693,93.2008,3.642707429
552200,2756.1819,92.4054,3.613971685
552250,2766.7878,92.6236,3.634858597
552300,2777.9604,90.8672,3.560092438
552350,2790.3367,84.9147,3.289043285
552400,2804.1516,78.7298,3.009643397
552450,2821.3232,72.0025,2.748583613
552500,2837.4355,67.6008,2.581125642
552550,2851.2971,68.1408,2.612281958
552600,2865.697,65.7374,2.523986099
552650,2881.3535,57.0794,2.166196005
552700,2894.2178,47.7763,1.80516564
552750,2901.1484,37.1023,1.423017029
552800,2908.4243,29.7864,1.184598659
552850,2916.5051,29.6064,1.180180574
552900,2924.8516,29.5924,1.181263475
552950,2933.7625,29.931,1.194087784
553000,2942.7273,30.1898,1.204331658
553050,2951.8181,30.2625,1.208475056
553100,2961.1682,32.7129,1.291570542
553150,2971.0693,40.2159,1.548469767
553200,2980.2727,45.7789,1.75956369
553250,2987.8484,46.8153,1.800954656
553300,2995.0593,47.5485,1.830943693
553350,3001.4951,47.6376,1.836663464
553400,3008.55,48.4909,1.871886675
553450,3017.05,51.1273,1.974864125
553500,3024.3982,55.1837,2.15750471
553550,3029.0593,62.2577,2.480232009
553600,3033.7205,68.0409,2.726396051
553650,3037.76,71.0812,2.856046626
553700,3041.76,74.1216,2.985898297
553750,3044.3501,75.776,3.065396688
553800,3046.8501,77.342,3.142692046
553850,3048.8799,78.282,3.189427168
553900,3050.8799,79.182,3.234212821
553950,3054.76,78.2885,3.193459785
554000,3058.76,77.2805,3.147238681
554050,3064.6399,77.2538,3.149661272
554100,3070.6399,77.2898,3.155193422
554150,3075.7,76.869,3.138032833
554200,3080.7,76.419,3.119418107
554250,3087.1101,76.5612,3.130346527
554300,3093.6101,76.7412,3.143163862
554350,3101.05,77.0058,3.160673644
554400,3108.55,77.2758,3.17848792
554450,3115.5801,77.9011,3.21321249
554500,3122.5801,78.5491,3.249026647
554550,3129.1101,77.3021,3.192777154
554600,3135.6101,75.9341,3.130633691
554650,3141.1699,75.3444,3.105583129
554700,3146.6699,74.8044,3.082897203
554750,3151.23,74.9412,3.092404819
554800,3155.73,75.1212,3.103969394
554850,3161.1699,74.7767,3.090712888
554900,3166.6699,74.3987,3.075867955
554950,3174.05,74.376,3.079428978
555000,3181.55,74.376,3.084167257
555050,3189.99,73.75,3.059148068
555100,3198.49,73.084,3.032218746
555150,3207.46,72.8579,3.026913691
555200,3216.46,72.6599,3.022988912
555250,3226.3999,72.9187,3.041820578
555300,3236.3999,73.2067,3.062114602
555350,3246.3999,73.224,3.069276648
555400,3256.3999,73.224,3.075601565
555450,3266.3999,72.8687,3.064675872
555500,3276.3999,72.4907,3.052643428
555550,3284.99,72.4849,3.057795092
555600,3293.49,72.5029,3.064047775
555650,3303.3069,72.3365,3.062175507
555700,3313.208,72.1583,3.059782305
555750,3319.52,71.8429,3.048446952
555800,3325.52,71.5156,3.03633289
555850,3333.7312,72.8158,3.104748247
555900,3342.1345,74.2198,3.178355416
555950,3348.7,72.5443,3.101038301
556000,3353.7,70.6723,3.013152698
556050,3359.24,70.6615,3.016132277
556100,3365.24,70.7695,3.025183537
556150,3370.97,70.6576,3.02336605
556200,3376.47,70.5316,3.020716408
556250,3381.97,71.0147,3.047710122
556300,3387.47,71.5367,3.076603022
556350,3391.6201,72.1094,3.10711306
556400,3394.6201,72.6854,3.137057758
556450,3397.0801,74.6489,3.234209725
556500,3399.0801,76.7009,3.335385486
556550,3401.3501,74.709,3.239857879
556600,3403.8501,72.459,3.131901384
556650,3406.3501,67.0619,2.879208157
556700,3408.8501,61.4639,2.625841527
556750,3408.3799,48.9118,2.078089279
556800,3405.3799,35.9158,1.570351648
556850,3391.04,18.6221,0.884828128
556900,3367.04,1.0541,0.060491905
556950,3347.6299,0,0
557000,3332.1299,0,0
557050,3322.3,0,0
557100,3317.3,0,0
557150,3308.25,0,0
557200,3295.75,0,0
557250,3285.6799,0,0
557300,3277.6799,0,0
557350,3268.3301,0,0
557400,3257.8301,0,0
557450,3245.98,0,0
557500,3232.98,0,0
557550,3217.55,0,0
557600,3200.05,0,0
557650,3179.8501,0,0
557700,3157.3501,0,0
557750,3133.77,0,0
557800,3109.27,0,0
557850,3083.6899,0,0
557900,3057.1899,0,0
557950,3029.8799,0,0
558000,3001.8799,0,0
558050,2973.6101,0,0
558100,2945.1101,0,0
558150,2916.3401,0,0
558200,2887.3401,0,0
558250,2857.8,0,0
558300,2827.8,0,0
558350,2799.6899,0,0
558400,2773.1899,0,0
558450,2749.1201,0,0
558500,2727.1201,0,0
558550,2705.1201,0,0
558600,2683.1201,0,0
558650,2660.5801,0,0
558700,2637.5801,0,0
558750,2615.9299,0,0
558800,2595.4299,0,0
558850,2575.2,0,0
558900,2555.2,0,0
558950,2533.3101,0,0
559000,2509.8101,0,0
559050,2486.04,0,0
559100,2462.04,0,0
559150,2438.04,0,0
559200,2414.04,0,0
559250,2391.1201,0,0
559300,2369.1201,0,0
559350,2347.1201,0,0
559400,2325.1201,0,0
559450,2302.1682,0,0
559500,2278.406,0,0
559550,2255.4443,0,0
559600,2233.2222,0,0
559650,2214.0901,0,0
559700,2197.5901,0,0
559750,2180.55,0,0
559800,2163.05,0,0
559850,2145.28,0,0
559900,2127.28,0,0
559950,2112.79,0,0
560000,2101.29,0,0
560050,2091.4099,0,0
560100,2082.9099,0,0
560150,2076.8401,0,0
560200,2072.8401,0,0
560250,2068.03,0,0
560300,2062.53,0,0
560350,2064.3201,4.6022,0.186002189
560400,2072.3201,9.4982,0.384375694
560450,2077.6201,14.6311,0.574499055
560500,2080.6201,19.7791,0.742533956
560550,2084.97,21.1032,0.786141737
560600,2090.47,22.1832,0.821956439
560650,2095.1599,22.3834,0.828998375
560700,2099.1599,22.5274,0.834137156
560750,2102.6201,21.3854,0.797181529
560800,2105.6201,20.1614,0.757464971
560850,2109.7,20.088,0.755467717
560900,2114.7,20.088,0.755962438
560950,2117.54,18.0238,0.688631188
561000,2118.54,15.8278,0.616782372
561050,2121.406,18.2002,0.694761053
561100,2125.8613,20.8642,0.782521178
561150,2129.3,20.7364,0.778681748
561200,2131.8,20.4304,0.76889554
561250,2134.8384,21.4103,0.8013717
561300,2138.3738,22.4723,0.836624768
561350,2141.8899,22.9421,0.852448889
561400,2145.3899,23.3741,0.867043137
561450,2149.97,26.3441,0.965262637
561500,2155.47,29.4761,1.063575152
561550,2159.604,30.1716,1.085152
561600,2162.5742,30.7116,1.101875661
561650,2166.1011,31.0993,1.114051648
561700,2170.1414,31.4773,1.125995927
561750,2173.6201,31.0939,1.114799406
561800,2176.6201,30.6619,1.102072133
561850,2179.8899,30.636,1.101683624
561900,2183.3899,30.636,1.102107867
561950,2186.0801,30.2807,1.091667285
562000,2188.0801,29.9027,1.080455164
562050,2191.7,30.1507,1.088409091
562100,2196.7,30.4387,1.097742424
562150,2201.1599,30.4052,1.097267867
562200,2205.1599,30.3512,1.096116352
562250,2207.8101,30.1619,1.090701224
562300,2209.3101,29.9639,1.084883042
562350,2212.1599,30.0535,1.087943624
562400,2216.1599,30.1615,1.0917012
562450,2220.1599,29.5758,1.074437564
562500,2224.1599,28.9458,1.055831503
562550,2228.4299,29.2972,1.066997564
562600,2232.9299,29.7112,1.080088473
562650,2235,28.3486,1.039048485
562700,2235,26.8726,0.993765802
562750,2236.3501,26.2087,0.971854571
562800,2238.8501,25.5967,0.951808324
562850,2240.8101,25.4077,0.945764469
562900,2242.3101,25.2457,0.940558959
562950,2243,25.2529,0.940885174
563000,2243,25.2709,0.941484614
563050,2244.0801,25.8134,0.959689165
563100,2246.0801,26.3894,0.979134919
563150,2248.8899,26.7793,0.992496431
563200,2252.3899,27.1573,1.005056352
563250,2254.54,28.7536,1.053689697
563300,2255.54,30.4276,1.104538182
563350,2258.1599,31.594,1.1402012
563400,2262.1599,32.728,1.175049685
563450,2266.97,32.4576,1.167438788
563500,2272.47,32.0976,1.157196364
563550,2275,32.3636,1.165563636
563600,2275,32.6696,1.174836364
563650,2277.4299,32.6203,1.173636958
563700,2281.9299,32.5483,1.172000594
563750,2286.97,32.6455,1.17555697
563800,2292.47,32.7535,1.179496364
563850,2298.78,36.6347,1.297873333
563900,2305.78,40.7567,1.423630909
563950,2314.1299,43.1021,1.495715745
564000,2323.6299,45.3341,1.570816554
564050,2332.3201,48.3106,1.671294634
564100,2340.3201,51.3346,1.773578299
564150,2347.24,56.3382,1.942135058
564200,2353.24,61.4682,2.121613712
564250,2358.1599,64.4832,2.229472235
564300,2362.1599,67.3632,2.332381723
564350,2365.8899,73.5257,2.555307105
564400,2369.3899,79.8977,2.799027202
564450,2372.0801,83.6809,2.943998017
564500,2374.0801,87.2989,3.097323229
564550,2379.8601,87.8375,3.123930136
564600,2388.8601,88.1795,3.14306547
564650,2391.9199,87.6416,3.120132331
564700,2389.9199,87.0476,3.092568149
564750,2389.27,90.2776,3.237654502
564800,2389.77,93.7516,3.394210111
564850,2391.8899,97.6147,3.569709045
564900,2395.3899,101.5027,3.748027227
564950,2398.8899,105.12,3.914040864
565000,2402.3899,108.72,4.099031381
565050,2407.78,109.2575,4.132453298
565100,2414.78,109.5995,4.155574004
565150,2423.1299,109.0109,4.126731469
565200,2432.6299,108.3629,4.095270699
565250,2441.5901,108.3748,4.100791662
565300,2450.0901,108.4287,4.108402356
565350,2459.3999,108.0598,4.092714213
565400,2469.3999,107.6637,4.075944144
565450,2479.1299,107.64,4.079887112
565500,2488.6299,107.64,4.085009181
565550,2498.9399,107.7754,4.098067491
565600,2509.9399,107.9194,4.118651058
565650,2520.6699,112.801,4.402172892
565700,2531.1699,117.9849,4.765514967
565750,2541.3999,117.8053,4.767631195
565800,2551.3999,117.2833,4.744503272
565850,2561.9399,116.609,4.71120049
565900,2572.9399,115.925,4.677996933
565950,2584.1484,115.7148,4.679489905
566000,2595.5347,115.5348,4.683421584
566050,2606.46,115.0841,4.667149936
566100,2616.96,114.6161,4.649060056
566150,2627.98,113.1498,4.560125392
566200,2639.48,111.6198,4.475320259
566250,2649.9399,110.541,4.428400508
566300,2659.4399,109.491,4.382047258
566350,2669.46,108.9011,4.361483664
566400,2679.96,108.7031,4.362867594
566450,2689.9399,108.5245,4.364701939
566500,2699.4399,108.3625,4.366879825
566550,2709.72,108.288,4.374704117
566600,2720.72,108.288,4.387379727
566650,2730.99,108.288,4.399186869
566700,2740.5859,108.288,4.410195299
566750,2750.6699,108.2686,4.420690495
566800,2761.1699,108.2326,4.430741358
566850,2771.9399,107.9924,4.430065223
566900,2782.9399,107.5784,4.420291302
566950,2793.1299,106.4646,4.371966058
567000,2802.6299,104.7546,4.29091009
567050,2812.3999,103.4723,4.233296349
567100,2822.3999,102.5543,4.195609384
567150,2832.3999,102.1223,4.184041503
567200,2842.3999,102.1043,4.194655433
567250,2852.3999,101.9016,4.195372195
567300,2862.3999,101.5416,4.187686802
567350,2872.3999,101.376,4.190388686
567400,2882.3999,101.376,4.201909844
567450,2892.0791,100.9483,4.190268851
567500,2901.4851,100.1563,4.158962769
567550,2911.5151,99.6462,4.143416452
567600,2922.1211,99.3762,4.141309169
567650,2932.3999,98.6688,4.115643835
567700,2942.3999,97.5888,4.069982092
567750,2952.3999,97.0823,4.054753174
567800,2962.3999,97.0643,4.065369135
567850,2971.5901,96.813,4.062712923
567900,2980.0901,96.363,4.048785517
567950,2989.1299,95.913,4.035506828
568000,2998.6299,95.463,4.022785276
568050,3007.5444,95.256,4.018665288
568100,3015.9604,95.256,4.0244762
568150,3025.46,94.8575,4.009973458
568200,3035.96,94.1195,3.978615937
568250,3045.1599,93.857,3.971222722
568300,3053.1599,93.9996,3.983990628
568350,3061.9399,93.7844,3.978763981
568400,3071.4399,93.2389,3.956935198
568450,3080.99,92.8714,3.944356095
568500,3090.5859,92.6554,3.939647851
568550,3099.8601,91.9436,3.909088739
568600,3108.8601,90.8096,3.856529977
568650,3117.8601,90.0547,3.823585399
568700,3126.8601,89.6227,3.807339775
568750,3136.1526,89.3268,3.798329894
568800,3145.6946,89.1468,3.795479214
568850,3155.2366,88.8362,3.785884519
568900,3164.3635,87.7235,3.734594543
568950,3173.4546,86.6108,3.68329964
569000,3182.3762,86.0364,3.65969513
569050,3191.2871,85.4964,3.6378674
569100,3199.8201,85.464,3.641983258
569150,3208.3201,85.464,3.647746832
569200,3218.2,83.129,3.534003739
569250,3228.2,80.645,3.417861954
569300,3236.4343,80.0222,3.392898734
569350,3244.5151,79.5182,3.373595954
569400,3253.9299,79.488,3.378139957
569450,3263.4299,79.488,3.384206439
569500,3273.7722,77.2376,3.281520172
569550,3284.1682,74.8436,3.17185123
569600,3291.4399,73.7186,3.121812517
569650,3298.4399,72.6746,3.0755234
569700,3308.2,71.0723,3.00383443
569750,3318.2,69.4343,2.936262718
569800,3324.52,53.8567,2.250470162
569850,3330.52,37.3894,1.593779061
569900,3310.3,19.3113,0.896824582
569950,3287.8,1.0931,0.06183028
570000,3276.3401,0,0
570050,3265.8401,0,0
570100,3260.3999,0,0
570150,3255.3999,0,0
570200,3238.7373,0,0
570250,3221.0605,0,0
570300,3203.55,0,0
570350,3186.05,0,0
570400,3163.8501,0,0
570450,3141.3501,0,0
570500,3116.5,0,0
570550,3091.5,0,0
570600,3068.3799,0,0
570650,3045.3799,0,0
570700,3028.49,0,0
570750,3011.99,0,0
570800,2992.2,0,0
570850,2972.2,0,0
570900,2948.9099,0,0
570950,2925.4099,0,0
571000,2901.4399,0,0
571050,2877.4399,0,0
571100,2853.4399,0,0
571150,2829.4399,0,0
571200,2807.0593,0,0
571250,2784.7822,0,0
571300,2758.6201,0,0
571350,2732.1201,0,0
571400,2707.9199,0,0
571450,2683.9199,0,0
571500,2660.8401,0,0
571550,2637.8401,0,0
571600,2615.3,0,0
571650,2592.8,0,0
571700,2568.9199,0,0
571750,2544.9199,0,0
571800,2518.6201,0,0
571850,2492.1201,0,0
571900,2466.54,0,0
571950,2441.04,0,0
572000,2415.0801,0,0
572050,2389.0801,0,0
572100,2362.1599,0,0
572150,2335.1599,0,0
572200,2307.24,0,0
572250,2279.24,0,0
572300,2250.78,0,0
572350,2222.28,0,0
572400,2194.9092,0,0
572450,2167.6365,0,0
572500,2142.03,0,0
572550,2116.53,0,0
572600,2091.7327,0,0
572650,2066.9802,0,0
572700,2041.7677,0,0
572750,2016.5151,0,0
572800,1990.802,0,0
572850,1965.0594,0,0
572900,1943.6801,0,0
572950,1922.6801,0,0
573000,1903.0601,0,0
573050,1883.5601,0,0
573100,1862.6801,0,0
573150,1841.6801,0,0
573200,1826.66,0,0
573250,1812.16,0,0
573300,1800.88,0,0
573350,1789.88,0,0
573400,1775.66,0,0
573450,1761.16,0,0
573500,1754.9399,0,0
573550,1749.4399,0,0
573600,1744.4,0,0
573650,1739.4,0,0
573700,1738.54,0,0
573750,1738.04,0,0
573800,1740.76,0,0
573850,1743.76,0,0
573900,1747.22,2.4509,0.096092773
573950,1750.72,5.1149,0.200595641
574000,1767.1,13.3596,0.520524527
574050,1784.6,22.0896,0.806655065
574100,1797.04,25.2971,0.911652843
574150,1809.04,28.0244,1.000730935
574200,1819.66,28.8749,1.026225485
574250,1830.16,29.6055,1.048155831
574300,1839.28,29.664,1.049937818
574350,1848.28,29.664,1.049964808
574400,1857.74,29.664,1.04999321
574450,1867.24,29.664,1.050021764
574500,1878.12,32.2902,1.129052791
574550,1889.12,35.1447,1.215060852
574600,1902.42,38.5308,1.317239019
574650,1915.92,41.9508,1.420608198
574700,1932.3334,44.1187,1.486450518
574750,1949,46.2067,1.551740625
574800,1960.8101,45.486,1.529587816
574850,1972.3101,44.586,1.501822191
574900,1981.8416,36.4104,1.254580438
574950,1991.2476,27.7704,0.992589364
575000,1992.92,20.9916,0.773819267
575050,1993.92,14.3316,0.55891085
575100,1994.46,12.9101,0.513054989
575150,1994.96,11.823,0.472729396
575200,1999.6,11.8865,0.475444786
575250,2004.6,12.0502,0.482363019
575300,2009.6,13.0651,0.518871764
575350,2014.6,14.1345,0.553769036
575400,2015.92,14.22,0.556627291
575450,2016.92,14.22,0.556699271
575500,2022.52,14.22,0.557102704
575550,2028.52,14.22,0.557535602
575600,2029.92,14.22,0.557636708
575650,2030.92,14.22,0.55770895
575700,2035.6,14.22,0.558047288
575750,2040.6,14.22,0.558409215
575800,2043.76,15.0229,0.584685268
575850,2046.76,15.8956,0.61323547
575900,2051.6001,18.0253,0.682781496
575950,2056.6001,20.2352,0.755036795
576000,2064.8201,23.7575,0.870425297
576050,2073.3201,27.3938,0.98980941
576100,2084.1201,29.6593,1.060478194
576150,2095.1201,31.8373,1.127811527
576200,2107.5,33.7954,1.188648485
576250,2120,35.7394,1.249072727
576300,2130.2,38.5294,1.334854545
576350,2140.2,41.3734,1.422248485
576400,2149.74,39.429,1.364483636
576450,2159.24,37.179,1.297453333
576500,2161.8586,27.8226,1.014243467
576550,2163.8789,18.0126,0.692468513
576600,2148.49,9.2347,0.378377648
576650,2131.99,0.5227,0.021359069
576700,2132.8613,0,0
576750,2134.8416,0,0
576800,2135.9199,0,0
576850,2136.9199,0,0
576900,2135.6201,0,0
576950,2134.1201,0,0
577000,2125.26,0,0
577050,2115.76,0,0
577100,2107.6399,0,0
577150,2099.6399,0,0
577200,2084.28,0,0
577250,2068.28,0,0
577300,2051.6667,0,0
577350,2035,0,0
577400,2010.2673,0,0
577450,1985.0198,0,0
577500,1957.24,0,0
577550,1929.24,0,0
577600,1906.3,0,0
577650,1883.8,0,0
577700,1858.08,0,0
577750,1832.08,0,0
577800,1804.7,0,0
577850,1777.2,0,0
577900,1758.4399,0,0
577950,1740.4399,0,0
578000,1717.38,0,0
578050,1693.88,0,0
578100,1669.92,0,0
578150,1645.92,0,0
578200,1629.28,0,0
578250,1613.28,0,0
578300,1597.28,0,0
578350,1581.28,0,0
578400,1565.74,0,0
578450,1550.24,0,0
578500,1539.8,0,0
578550,1529.8,0,0
578600,1517.04,0,0
578650,1504.04,0,0
578700,1497.02,0,0
578750,1490.52,0,0
578800,1485.4,0,0
578850,1480.4,0,0
578900,1477.7,0,0
578950,1475.2,0,0
579000,1471.78,0,0
579050,1468.28,0,0
579100,1468.92,0,0
579150,1469.92,0,0
579200,1473.6801,0,0
579250,1477.6801,0,0
579300,1480.3,0,0
579350,1482.8,0,0
579400,1485.3,0,0
579450,1487.8,0,0
579500,1501.0101,8.6292,0.331918098
579550,1515.1515,17.8092,0.660649445
579600,1522.9802,20.4581,0.748987887
579650,1530.4059,22.6901,0.82336139
579700,1536.98,22.9748,0.832905278
579750,1543.48,23.1352,0.838308689
579800,1550.9,22.2041,0.807456697
579850,1558.4,21.1781,0.773485231
579900,1567.28,23.8118,0.86101672
579950,1576.28,26.7638,0.959001823
580000,1586.2,28.2254,1.006663198
580050,1596.2,29.5574,1.046066565
580100,1606.66,30.6079,1.077187223
580150,1617.16,31.6339,1.107621111
580200,1627.2,30.9211,1.086562396
580250,1637.2,30.0571,1.060995208
580300,1646.74,30.402,1.071262177
580350,1656.24,30.852,1.084660432
580400,1665.28,30.888,1.085775112
580450,1674.28,30.888,1.085820993
580500,1683.28,29.8897,1.056185154
580550,1692.28,28.8277,1.024622614
580600,1700.36,27.5243,0.984352344
580650,1708.36,26.2055,0.941002843
580700,1714.52,25.5313,0.918870263
580750,1720.52,24.9131,0.898594135
580800,1728.8199,24.876,0.897431317
580850,1737.3199,24.876,0.897488534
580900,1742.6,24.876,0.897524044
580950,1747.6,24.876,0.897557648
581000,1753.52,24.876,0.897597407
581050,1759.52,24.876,0.897637671
581100,1766.4399,24.876,0.89768407
581150,1773.4399,24.876,0.897730962
581200,1780.4399,25.4456,0.916416019
581250,1787.4399,26.0515,0.936271213
581300,1795.36,28.8265,1.024738635
581350,1803.36,31.7902,1.113501878
581400,1813.66,40.9976,1.389468272
581450,1824.16,50.6035,1.685239375
581500,1838.34,60.4138,1.992254375
581550,1852.84,70.2418,2.327525609
581600,1861.36,79.0762,2.639981959
581650,1869.36,87.8242,2.963052844
581700,1877.36,94.1544,3.23375949
581750,1885.36,100.2744,3.502072508
581800,1895.66,100.3291,3.505526053
581850,1906.16,99.8564,3.485537515
581900,1915.28,99.828,3.485099898
581950,1924.28,99.828,3.485890942
582000,1936.04,99.828,3.486923636
582050,1948.04,99.828,3.487976315
582100,1960.96,99.828,3.489108469
582150,1973.96,99.828,3.490246348
582200,1986.04,99.6926,3.485412015
582250,1998.04,99.5486,3.480201791
582300,2011.88,99.54,3.485149877
582350,2025.88,99.54,3.491232443
582400,2039.42,99.54,3.49712929
582450,2052.9199,99.54,3.503145409
582500,2067.3401,99.674,3.515790955
582550,2081.8401,99.8166,3.528863682
582600,2098.1799,102.8254,3.6730545
582650,2114.6799,106.0834,3.828645409
582700,2127.96,110.9273,4.073093005
582750,2140.96,115.9091,4.381475552
582800,2154.4199,116.1911,4.405309235
582850,2167.9199,116.1731,4.411014317
582900,2180.5,116.172,4.417234781
582950,2193,116.172,4.423443835
583000,2203.6599,115.252,4.373995468
583050,2214.1599,114.252,4.319968815
583100,2223.74,113.2276,4.264279998
583150,2233.24,112.2016,4.208705389
583200,2244.5801,111.7508,4.188275455
583250,2256.0801,111.3368,4.170203622
583300,2266.2,110.9567,4.153456237
583350,2276.2,110.5787,4.136844628
583400,2287.1201,110.5898,4.143511317
583450,2298.1201,110.6258,4.151636119
583500,2309.5801,112.6415,4.274812214
583550,2321.0801,114.7835,4.404661615
583600,2333.04,114.1079,4.37146553
583650,2345.04,113.2524,4.32812126
583700,2357.04,113.184,4.330178286
583750,2369.04,113.184,4.336137916
583800,2382.8799,111.2299,4.231508682
583850,2396.8799,109.1059,4.117964275
583900,2410.8799,108.3233,4.081168556
583950,2424.8799,107.6573,4.051193423
584000,2439.3401,106.5607,3.997913682
584050,2453.8401,105.4267,3.952959136
584100,2469.26,105.6204,3.968772727
584150,2484.76,105.9295,3.989868182
584200,2499.3401,104.3914,3.926581864
584250,2513.8401,102.7354,3.864990548
584300,2528.8,102.3145,3.860289648
584350,2543.8,101.9725,3.859218287
584400,2556.96,101.2244,3.837616981
584450,2569.96,100.4504,3.814520399
584500,2582.5,98.3434,3.728984667
584550,2595,96.1514,3.638916554
584600,2608.8799,94.9162,3.594226485
584650,2622.8799,93.7642,3.553232011
584700,2634.5801,92.9599,3.526197007
584750,2646.0801,92.1859,3.500247319
584800,2658.96,91.6769,3.488179205
584850,2671.96,91.1909,3.477252625
584900,2683.5801,90.3324,3.447752629
584950,2695.0801,89.4415,3.416555555
585000,2706.1201,86.9756,3.311485952
585050,2717.1201,84.4093,3.201416541
585100,2727.6599,82.3493,3.114310938
585150,2738.1599,80.3333,3.029006335
585200,2749.5801,78.665,2.966299936
585250,2761.0801,77.027,2.908896162
585300,2774.8799,73.3025,2.769094342
585350,2788.8799,69.3965,2.621498955
585400,2803.3401,66.4244,2.511209329
585450,2817.8401,63.5335,2.401551873
585500,2833.26,62.0741,2.350266324
585550,2848.76,60.7061,2.302067447
585600,2862.8799,60.2348,2.290271556
585650,2876.8799,59.8208,2.280677905
585700,2889.96,59.3392,2.267524511
585750,2902.96,58.8532,2.253957784
585800,2914.5801,58.5702,2.248251525
585850,2926.0801,58.3002,2.242975994
585900,2935.28,57.9118,2.231140326
585950,2944.28,57.5158,2.218742721
586000,2952.8201,53.907,2.063599703
586050,2961.3201,50.0931,1.914368408
586100,2968.4399,44.1509,1.694794516
586150,2975.4399,38.0236,1.471281481
586200,2976,34.695,1.360646681
586250,2976,31.545,1.255817204
586300,2980.1399,32.6758,1.294320705
586350,2984.6399,34.0798,1.342077012
586400,2988.22,32.4382,1.28809861
586450,2991.72,30.6022,1.227533757
586500,2992.46,28.5631,1.159588948
586550,2992.96,26.5111,1.091151886
586600,2994.8401,26.388,1.087357384
586650,2996.8401,26.388,1.087694395
586700,3002.0601,26.388,1.08867847
586750,3007.5601,26.388,1.089886262
586800,3013.0601,25.9022,1.074767657
586850,3018.5601,25.3853,1.058535126
586900,3024.52,25.7083,1.070689398
586950,3030.52,26.1043,1.085381571
587000,3036.0601,26.8481,1.111840119
587050,3041.5601,27.6221,1.139433445
587100,3048.4399,27.6674,1.142654156
587150,3055.4399,27.6494,1.143758014
587200,3062.4399,27.5818,1.143167353
587250,3069.4399,27.5098,1.142422032
587300,3075.52,27.1231,1.130596634
587350,3081.52,26.7091,1.117750102
587400,3086.1399,26.676,1.117706083
587450,3090.6399,26.676,1.118781342
587500,3096.0601,26.6098,1.117780461
587550,3101.5601,26.5378,1.116592163
587600,3107.98,26.532,1.117931578
587650,3114.48,26.532,1.119500639
587700,3118.6799,26.7638,1.128652416
587750,3122.6799,27.0158,1.138495966
587800,3128.52,28.1455,1.179765232
587850,3134.52,29.3515,1.223976098
587900,3138.6799,30.5575,1.26784435
587950,3142.6799,31.7635,1.311813221
588000,3147.1399,32.953,1.35550201
588050,3151.6399,34.141,1.399315554
588100,3158.4399,36.2398,1.476668727
588150,3165.4399,38.4178,1.560747175
588200,3171.98,39.4862,1.604069528
588250,3178.48,40.4582,1.643746581
588300,3180.3799,40.5029,1.646274164
588350,3181.8799,40.4669,1.64556774
588400,3186.1399,40.4143,1.645442938
588450,3190.6399,40.3603,1.645370335
588500,3194.22,40.4222,1.64928955
588550,3197.72,40.4942,1.653557962
588600,3200.76,40.4834,1.654484252
588650,3203.76,40.4654,1.655120027
588700,3208.6001,40.464,1.657195122
588750,3213.6001,40.464,1.659394631
588800,3218.6001,40.464,1.661595143
588850,3223.6001,40.464,1.663796657
588900,3228.6001,40.2984,1.659708739
588950,3233.6001,40.1184,1.655071838
589000,3239.0601,40.5724,1.674729708
589050,3244.5601,41.0815,1.696509595
589100,3250.52,41.9664,1.73279366
589150,3256.52,42.8753,1.770028164
589200,3262.0601,43.2792,1.787865063
589250,3267.5601,43.6392,1.804022492
589300,3274.4399,43.7177,1.810091604
589350,3281.4399,43.7717,1.815285548
589400,3287.0601,43.776,1.817970569
589450,3292.5601,43.776,1.820439188
589500,3298.0601,43.9747,1.830480786
589550,3303.5601,44.1907,1.841186842
589600,3308.6001,45.2678,1.884520177
589650,3313.6001,46.4198,1.930711525
589700,3318.6001,48.3502,2.007557895
589750,3323.6001,50.3482,2.097195538
589800,3329.52,52.0646,2.17491942
589850,3335.52,53.7566,2.251502848
589900,3338.76,56.3429,2.365522707
589950,3341.76,59.0069,2.482713734
590000,3345.22,56.587,2.379189316
590050,3348.72,53.725,2.25658153
590100,3350.3799,54.9864,2.312146544
590150,3351.8799,56.6064,2.383175318
590200,3352.9199,56.5373,2.380667161
590250,3353.9199,56.3213,2.371767027
590300,3359.0601,56.1715,2.367701
590350,3364.5601,56.0275,2.364061942
590400,3371.4399,54.4759,2.300144599
590450,3378.4399,52.8019,2.231104529
590500,3383.1399,46.8389,1.978446205
590550,3387.6399,40.5029,1.738072884
590600,3389.3799,35.6242,1.552161796
590650,3390.8799,30.8722,1.366663232
590700,3392.8401,29.1341,1.29862948
590750,3394.8401,27.6581,1.240867945
590800,3396.3665,27.9871,1.254416504
590850,3397.8516,28.4731,1.274199069
590900,3399.3635,27.419,1.23287332
590950,3400.8789,26.231,1.186170164
591000,3403.3,26.1194,1.182472418
591050,3405.8,26.1014,1.182517534
591100,3407.3799,25.8185,1.171725329
591150,3408.8799,25.5125,1.159972271
591200,3407.1599,27.1109,1.223158595
591250,3405.1599,28.8749,1.292736427
591300,3405.46,28.7345,1.287253263
591350,3405.96,28.4285,1.275243739
591400,3406,27.725,1.247240055
591450,3406,26.987,1.217848438
591500,3402.78,27.6473,1.243072428
591550,3399.28,28.4291,1.272947619
591600,3399.9199,26.2312,1.185884978
591650,3400.9199,23.843,1.091304628
591700,3389.04,12.7721,0.658302213
591750,3376.04,0.9461,0.054383965
591800,3355.22,0,0
591850,3333.72,0,0
591900,3328.78,0,0
591950,3325.28,0,0
592000,3313.5,0,0
592050,3301,0,0
592100,3291.26,1.3579,0.076856603
592150,3281.76,2.8339,0.160122108
592200,3279.6201,4.0284,0.227526175
592250,3278.1201,5.1984,0.29352882
592300,3264.2,5.4907,0.309255763
592350,3249.2,5.7067,0.320555021
592400,3238.3401,6.2042,0.347821472
592450,3227.8401,6.7262,0.376376993
592500,3219.6399,6.7846,0.379088241
592550,3211.6399,6.8026,0.37955108
592600,3200.8799,4.8665,0.271005739
592650,3189.8799,2.7605,0.153426025
592700,3179.8,4.3639,0.242107471
592750,3169.8,6.2899,0.34834277
592800,3155.6599,6.7752,0.374281394
592850,3141.1599,7.1352,0.393161045
592900,3120.22,7.2799,0.399658617
592950,3098.72,7.4059,0.405046003
593000,3077.6799,7.9128,0.431181791
593050,3056.6799,8.4528,0.458926783
593100,3039.8201,8.5291,0.46171688
593150,3023.3201,8.5651,0.4623442
593200,3015.5601,8.1209,0.437779465
593250,3008.5601,7.6349,0.4110839
593300,2996.96,7.1158,0.38202044
593350,2984.96,6.5938,0.352000646
593400,2984.46,6.2539,0.333777167
593450,2984.96,5.9299,0.316559287
593500,3004.3201,5.9868,0.322110374
593550,3025.3201,6.0768,0.328139099
593600,2985.1399,5.8522,0.312437788
593650,2939.6399,5.6002,0.292726494
593700,2938.76,6.8882,0.359905516
593750,2941.76,8.3102,0.434804174
593800,2937.3999,8.5068,0.444198888
593850,2932.3999,8.5968,0.447869411
593900,2926.02,8.604,0.446937264
593950,2919.52,8.604,0.445613227
594000,2913.48,8.2894,0.428141058
594050,2907.48,7.9474,0.409360665
594100,2904.24,7.506,0.38605773
594150,2901.24,7.056,0.362420674
594200,2899.1599,11.5243,0.561569613
594250,2897.1599,16.4203,0.730555761
594300,2902.52,20.5546,0.874338751
594350,2908.52,24.6226,1.015129069
594400,2909.9199,25.7429,1.052121402
594450,2910.9199,26.6069,1.08065203
594500,2914.22,27.6696,1.116114913
594550,2917.72,28.7496,1.152230164
594600,2918.46,31.3531,1.237988475
594650,2918.96,34.0891,1.328079502
594700,2923.1399,39.8722,1.521805213
594750,2927.6399,45.9202,1.747529667
594800,2935.8201,47.3976,1.805106785
594850,2944.3201,48.4776,1.848172145
594900,2949.1399,47.9016,1.828379565
594950,2953.6399,47.1816,1.803075948
595000,2955.8401,47.1406,1.802289817
595050,2957.8401,47.1586,1.803636787
595100,2962.6001,49.6771,1.89929248
595150,2967.6001,52.4131,2.003979713
595200,2973.98,53.725,2.065650065
595250,2980.48,54.913,2.122234895
595300,2986.98,53.2526,2.050658415
595350,2993.48,51.3446,1.97294161
595400,3001.3601,50.6952,1.951557975
595450,3009.3601,50.1552,1.934841704
595500,3014.1399,50.7082,1.957788066
595550,3018.6399,51.3562,1.984192678
595600,3026.3601,52.2526,2.025768663
595650,3034.3601,53.1706,2.071619865
595700,3038.6799,52.3498,2.036806578
595750,3042.6799,51.3778,1.995855132
595800,3049.3762,51.7802,2.016829758
595850,3056.3069,52.3022,2.04411501
595900,3101.1001,53.8178,2.135923869
595950,3150.1001,55.4198,2.232620401
596000,3160.8501,54.5047,2.197316171
596050,3167.3501,53.3707,2.150204387
596100,3154.5,55.7143,2.247950334
596150,3139.5,58.3603,2.358467348
596200,3133.05,59.1185,2.389174196
596250,3127.55,59.7125,2.413052404
596300,3131.05,62.6746,2.545106911
596350,3135.55,65.8426,2.682983797
596400,3143.2727,68.6462,2.807154277
596450,3151.3535,71.4182,2.930569719
596500,3161.2,71.7559,2.950496646
596550,3171.2,71.8819,2.961448496
596600,3179.3601,71.7595,2.96067486
596650,3187.3601,71.6155,2.958873422
596700,3196.28,71.1734,2.944630634
596750,3205.28,70.7054,2.929250137
596800,3212.8999,70.3699,2.918828454
596850,3220.3999,70.0459,2.908808747
596900,3224.6799,68.6952,2.852135705
596950,3228.6799,67.2552,2.791305259
597000,3234.0601,67.4381,2.802132035
597050,3239.5601,67.7621,2.819232942
597100,3244.1399,67.5396,2.811901844
597150,3248.6399,67.2696,2.802427572
597200,3254.0601,67.1983,2.802157167
597250,3259.5601,67.1443,2.802690037
597300,3265.0601,67.1566,2.806146785
597350,3270.5601,67.1746,2.809863424
597400,3277.8999,66.9773,2.805053662
597450,3285.3999,66.7613,2.799485574
597500,3292.4399,64.823,2.717276133
597550,3299.4399,62.735,2.628142846
597600,3308.28,62.4521,2.619941874
597650,3317.28,62.3261,2.618784046
597700,3325.8201,62.2166,2.618130604
597750,3334.3201,62.1086,2.617521896
597800,3343.28,62.4478,2.637196043
597850,3352.28,62.8258,2.65871274
597900,3360.8201,62.4254,2.645032835
597950,3369.3201,61.9574,2.628231025
598000,3376.8999,64.0231,2.725393448
598050,3384.3999,66.3091,2.832814088
598100,3390.0601,70.6154,3.033400609
598150,3395.5601,75.0974,3.255074406
598200,3401.0601,76.6483,3.3340907
598250,3406.5601,77.9443,3.400712404
598300,3409.76,77.8824,3.399748813
598350,3412.76,77.7024,3.392905813
598400,3416.6799,77.8039,3.400360754
598450,3420.6799,77.9299,3.409061463
598500,3426.0601,77.6419,3.398482722
598550,3431.5601,77.3179,3.386224782
598600,3436.6001,76.8118,3.364797563
598650,3441.6001,76.2898,3.342565804
598700,3449.3601,75.7843,3.322899544
598750,3457.3601,75.2803,3.303453932
598800,3462.1399,75.24,3.304546665
598850,3466.6399,75.24,3.307425191
598900,3471.6001,75.0247,3.300102056
598950,3476.6001,74.7907,3.291891181
599000,3482.52,74.772,3.294765805
599050,3488.52,74.772,3.298604332
599100,3495.4399,74.7887,3.303847047
599150,3502.4399,74.8066,3.308939529
599200,3508.98,73.7316,3.259922063
599250,3515.48,72.5616,3.206145043
599300,3522.8999,71.6731,3.166514072
599350,3530.3999,70.8091,3.128037854
599400,3535.6001,70.6572,3.123237208
599450,3540.6001,70.5672,3.121365039
599500,3546.98,69.9473,3.094164465
599550,3553.48,69.2813,3.064706414
599600,3560.4399,68.9962,3.054166855
599650,3567.4399,68.7442,3.045256354
599700,3573.52,68.7074,3.046480573
599750,3579.52,68.6894,3.048594769
599800,3585.98,68.423,3.038671953
599850,3592.48,68.135,3.027681955
599900,3598.98,67.9464,3.021590789
599950,3605.48,67.7664,3.015913942
600000,3610.6001,67.603,3.010362898
600050,3615.6001,67.441,3.004813181
600100,3621.4363,67.428,3.007070182
600150,3627.3455,67.428,3.010013688
600200,3633.6799,67.0262,2.993428028
600250,3640.1799,66.4682,2.969731126
600300,3647.3999,66.2083,2.960644131
600350,3654.8999,66.0643,2.957245384
600400,3660.24,65.8426,2.949064305
600450,3664.74,65.5906,2.939003496
600500,3670.6799,65.5718,2.940880232
600550,3677.1799,65.6438,2.947428114
600600,3683.3201,65.2234,2.929918706
600650,3689.3201,64.6114,2.902975016
600700,3695.6799,62.5349,2.804794718
600750,3702.1799,59.8889,2.67858657
600800,3708.3201,58.9406,2.634774077
600850,3714.3201,58.6526,2.623079045
600900,3721.76,57.587,2.573803572
600950,3729.76,56.219,2.509704582
601000,3735.24,55.1232,2.4638686
601050,3739.74,54.1332,2.423573703
601100,3745.6799,52.6507,2.363006325
601150,3752.1799,50.9767,2.294585988
601200,3754.3601,49.7822,2.244986096
601250,3754.8601,48.7742,2.202698242
601300,3757.52,48.5438,2.193868736
601350,3761.02,48.6158,2.198049292
601400,3763.4399,48.7526,2.204602332
601450,3765.4399,48.9146,2.212077244
601500,3769.96,49.6469,2.24437688
601550,3775.46,50.6009,2.286309982
601600,3782.3999,52.9286,2.386469114
601650,3789.8999,55.7906,2.5109204
601700,3795.96,57.3955,2.593331688
601750,3801.46,58.5115,2.651316186
601800,3806.6001,58.824,2.669082026
601850,3811.6001,58.824,2.671170339
601900,3818.3999,58.6555,2.665557995
601950,3825.8999,58.4215,2.656922994
602000,3831.6001,58.356,2.655998288
602050,3836.6001,58.356,2.658083241
602100,3842.3201,57.7728,2.631012517
602150,3848.3201,56.9628,2.592501072
602200,3854.6799,55.8806,2.540218378
602250,3861.1799,54.6926,2.485505544
602300,3869.8401,53.9842,2.458541327
602350,3879.3401,53.4622,2.43967056
602400,3887.04,53.2253,2.432183007
602450,3894.04,53.0993,2.429121186
602500,3901.04,52.74,2.416298532
602550,3908.04,52.29,2.399689402
602600,3913.24,51.1402,2.353249744
602650,3917.74,49.7182,2.295224022
602700,3922.96,48.0758,2.228240291
602750,3928.46,46.3478,2.15780086
602800,3926.792,34.0445,1.606978991
602850,3922.3367,17.6285,0.909719823
602900,3898.3738,8.3405,0.510205445
602950,3866.0505,1.8245,0.112153389
603000,3850.8799,0,0
603050,3842.3799,0,0
603100,3836.3999,0,0
603150,3831.3999,0,0
603200,3822.0801,0,0
603250,3811.0801,0,0
603300,3800.4399,0,0
603350,3789.9399,0,0
603400,3777.6399,0,0
603450,3764.6399,0,0
603500,3745.8799,0,0
603550,3724.8799,0,0
603600,3700.6399,0,0
603650,3675.1399,0,0
603700,3647.48,0,0
603750,3618.98,0,0
603800,3588.3201,0,0
603850,3556.8201,0,0
603900,3525.6799,0,0
603950,3494.6799,0,0
604000,3462.6001,0,0
604050,3430.1001,0,0
604100,3397.24,0,0
604150,3364.24,0,0
604200,3329.0801,0,0
604250,3293.0801,0,0
604300,3258.52,0,0
604350,3224.52,0,0
604400,3190.52,0,0
604450,3156.52,0,0
604500,3128.28,0,0
604550,3102.28,0,0
604600,3077.72,0,0
604650,3053.72,0,0
604700,3033.6799,0,0
604750,3015.1799,0,0
604800,3001.72,0,0
604850,2990.22,0,0
604900,2975.1201,0,0
604950,2958.6201,0,0
605000,2941.04,0,0
605050,2923.04,0,0
605100,2907.2,0,0
605150,2892.2,0,0
605200,2875.04,0,0
605250,2857.04,0,0
605300,2839.04,0,0
605350,2821.04,0,0
605400,2800.8799,0,0
605450,2779.8799,0,0
605500,2757.0801,0,0
605550,2733.5801,0,0
605600,2710.4399,0,0
605650,2687.4399,0,0
605700,2664.4399,0,0
605750,2641.4399,0,0
605800,2617.3601,0,0
605850,2592.8601,0,0
605900,2567.6399,0,0
605950,2542.1399,0,0
606000,2516.6399,0,0
606050,2491.1399,0,0
606100,2465.28,0,0
606150,2439.28,0,0
606200,2412.9199,0,0
606250,2386.4199,0,0
606300,2359.2,0,0
606350,2331.7,0,0
606400,2304.9199,0,0
606450,2278.4199,0,0
606500,2252.6399,0,0
606550,2227.1399,0,0
606600,2200.5601,0,0
606650,2173.5601,0,0
606700,2146.5601,0,0
606750,2119.5601,0,0
606800,2095.4399,0,0
606850,2072.4399,0,0
606900,2053.3999,0,0
606950,2035.9,0,0
607000,2016.6,0,0
607050,1996.6,0,0
607100,1974.4399,0,0
607150,1951.4399,0,0
607200,1935.28,0,0
607250,1921.78,0,0
607300,1915.12,0,0
607350,1911.12,0,0
607400,1910,0,0
607450,1910,0,0
607500,1906.04,0,0
607550,1900.54,0,0
607600,1897.92,0,0
607650,1896.42,0,0
607700,1895.64,0,0
607750,1895.14,0,0
607800,1895,0,0
607850,1895,0,0
607900,1896.08,0,0
607950,1897.58,0,0
608000,1899.4399,0,0
608050,1901.4399,0,0
608100,1903.4399,0,0
608150,1905.4399,0,0
608200,1907.4399,0,0
608250,1909.4399,0,0
608300,1920.8,3.2918,0.130842979
608350,1935.8,7.8638,0.312944716
608400,1941.4399,11.7101,0.46621985
608450,1943.4399,15.2741,0.587983633
608500,1949.76,17.4384,0.658195338
608550,1957.76,19.0584,0.7107731
608600,1965.3466,19.836,0.736055059
608650,1972.7722,20.286,0.750723403
608700,1978.85,19.9843,0.741075726
608750,1984.35,19.3903,0.721987039
608800,1989.5354,20.196,0.74808799
608850,1994.5858,21.546,0.791733704
608900,2001.04,21.6,0.79365489
608950,2008.04,21.15,0.779841281
609000,2013.96,20.687,0.765475618
609050,2019.46,20.219,0.750885449
609100,2024.24,20.088,0.747110964
609150,2028.74,20.088,0.747546385
609200,2033.9208,20.088,0.748048309
609250,2039.3663,20.088,0.748576605
609300,2043.8282,20.088,0.749010034
609350,2047.8687,20.088,0.749402961
609400,2052.24,20.736,0.770873605
609450,2056.74,21.636,0.800570889
609500,2060.8799,23.184,0.851332781
609550,2064.8799,24.984,0.910330601
609600,2071.76,27.0043,0.976926353
609650,2079.76,29.1103,1.043313333
609700,2088.1201,34.0805,1.1949388
609750,2096.6201,40.1645,1.380332739
609800,2109.4399,49.2552,1.665679733
609850,2123.9399,59.5152,1.996249701
609900,2134.48,66.1334,2.228838218
609950,2143.48,71.3354,2.412347839
610000,2152.8401,75.695,2.571840032
610050,2162.3401,79.727,2.72589123
610100,2168.96,81.2318,2.784429422
610150,2174.46,81.7538,2.805784231
610200,2183.5601,86.7859,2.997669831
610250,2194.0601,93.5719,3.301542418
610300,2204.9199,95.4461,3.389124248
610350,2215.9199,95.4101,3.392295119
610400,2224.76,94.7909,3.368672419
610450,2232.76,93.9449,3.33458682
610500,2244.72,92.1398,3.25953508
610550,2258.22,89.9618,3.168379918
610600,2269.9199,88.7947,3.121280484
610650,2280.9199,88.0207,3.091316716
610700,2291.5601,87.7133,3.081962384
610750,2302.0601,87.5873,3.080632729
610800,2312.5601,87.6557,3.087988893
610850,2323.0601,87.7997,3.098740841
610900,2335,89.784,3.192521272
610950,2347.5,92.484,3.318829859
611000,2358.4851,94.4323,3.411015288
611050,2368.8811,96.0883,3.489988024
611100,2378.01,96.9926,3.535122727
611150,2386.5959,97.6046,3.566843591
611200,2394.04,97.3742,3.559754545
611250,2401.04,96.8162,3.537572727
611300,2407.99,96.3619,3.520081818
611350,2414.9209,95.9479,3.504414045
611400,2424.4243,95.6117,3.493496636
611450,2435.0303,95.3057,3.484455583
611500,2444.1201,95.3237,3.489367694
611550,2452.6201,95.4677,3.499723962
611600,2461.8401,95.1451,3.489287209
611650,2471.3401,94.6411,3.470735384
611700,2481.2,94.0334,3.447607725
611750,2491.2,93.3854,3.422670954
611800,2499.76,93.2558,3.420610823
611850,2507.76,93.3278,3.430735023
611900,2513.96,93.2573,3.432922425
611950,2519.46,93.1313,3.431974372
612000,2523.1599,93.096,3.433590326
612050,2526.1599,93.096,3.436206687
612100,2528.8,92.8238,3.426095729
612150,2531.3,92.4458,3.411029526
612200,2535.6001,91.9512,3.392195615
612250,2540.6001,91.4112,3.371875321
612300,2545.6001,90.7157,3.344424402
612350,2550.6001,89.9597,3.314174302
612400,2557.04,89.7221,3.308846508
612450,2564.04,89.6861,3.313226063
612500,2572.1201,89.3261,3.303691256
612550,2580.6201,88.8401,3.288717295
612600,2589.1201,88.6262,3.286212764
612650,2597.6201,88.5182,3.288572962
612700,2608.28,88.0214,3.274901476
612750,2619.78,87.3734,3.254947168
612800,2629.8401,86.868,3.240283534
612850,2639.3401,86.418,3.227663671
612900,2648.48,84.024,3.124763856
612950,2657.48,80.874,2.988515606
613000,2667.5601,75.5597,2.785855915
613050,2678.0601,69.4037,2.549536282
613100,2688.5601,64.8936,2.379962508
613150,2699.0601,61.0236,2.234826267
613200,2709.5601,57.9053,2.11775037
613250,2720.0601,55.0793,2.01103742
613300,2729.1201,51.8645,1.898054616
613350,2737.6201,48.4985,1.780135472
613400,2745.04,44.2771,1.630801794
613450,2752.04,39.7231,1.472599601
613500,2755.8,33.8213,1.285617514
613550,2758.3,27.3953,1.081457609
613600,2760.8,25.1813,1.011308656
613650,2763.3,24.6053,0.992750629
613700,2768.6799,26.2325,1.04600597
613750,2775.1799,28.7165,1.126376434
613800,2784.2,31.2264,1.208249834
613850,2794.2,33.7464,1.290938916
613900,2800.96,34.3354,1.311225832
613950,2806.46,34.1734,1.30715389
614000,2811.96,34.4002,1.315588359
614050,2817.46,34.7782,1.328913795
614100,2822.24,33.7824,1.297801647
614150,2826.74,32.2524,1.249327731
614200,2829.4399,30.8779,1.205455388
614250,2831.4399,29.5639,1.16336622
614300,2835.24,30.2458,1.186096333
614350,2839.74,31.7038,1.234114095
614400,2843.8799,32.3194,1.254855309
614450,2847.8799,32.6074,1.264981397
614500,2850.0801,29.4869,1.164201816
614550,2851.5801,25.0409,1.020214352
614600,2853.0801,25.4938,1.035138874
614650,2854.5801,27.8518,1.111923084
614700,2858.96,31.0651,1.217076842
614750,2864.46,34.6111,1.333476056
614800,2871.7029,37.7035,1.435770335
614850,2879.6238,40.6195,1.536965489
614900,2885.5,43.2374,1.635073813
614950,2890.5,45.7394,1.728831805
615000,2896.2424,47.3342,1.789528071
615050,2902.303,48.5762,1.837423664
615100,2909.3999,48.0686,1.821068157
615150,2916.8999,46.8806,1.779605639
615200,2922.24,46.1592,1.754630959
615250,2926.74,45.6192,1.736068088
615300,2931.96,45.1958,1.722036862
615350,2937.46,44.8178,1.709756718
615400,2944.76,43.3642,1.657988163
615450,2952.76,41.4922,1.590699612
615500,2957.52,38.9722,1.498320878
615550,2961.02,36.2002,1.407236479
615600,2962.3601,33.48,1.317276869
615650,2962.8601,30.78,1.227773301
615700,2964.4399,30.0758,1.204703944
615750,2966.4399,30.1478,1.20747856
615800,2968.0693,30.0773,1.205449463
615850,2969.5544,29.9513,1.201546832
615900,2970.707,29.0606,1.172157686
615950,2971.7173,27.8726,1.132843923
616000,2970.5601,27.3067,1.113827552
616050,2968.5601,26.9827,1.102715664
616100,2967.6399,27.0605,1.10514329
616150,2967.1399,27.2945,1.112830844
616200,2967.72,27.9562,1.134914341
616250,2968.72,28.7842,1.162605516
616300,2970.4399,30.9341,1.234385389
616350,2972.4399,33.5981,1.323372044
616400,2974.4399,34.9531,1.368883665
616450,2976.4399,35.7991,1.397492201
616500,2977.72,36.036,1.405675638
616550,2978.72,36.036,1.405909229
616600,2981.52,36.1008,1.408722749
616650,2985.02,36.1908,1.412544299
616700,2987.4399,39.0154,1.508249845
616750,2989.4399,42.9034,1.654710571
616800,2993.96,47.219,1.81819064
616850,2999.46,51.701,1.988557506
616900,3005.3201,54.7315,2.126970079
616950,3011.3201,57.1975,2.242055932
617000,3017.2773,60.3374,2.387495943
617050,3023.2178,63.7394,2.54118308
617100,3027.4749,67.0118,2.680224841
617150,3031.01,70.2338,2.817032829
617200,3034.52,71.9266,2.889854205
617250,3038.02,73.0246,2.937797076
617300,3043.6799,73.9411,2.979352726
617350,3050.1799,74.7871,3.021249528
617400,3057.04,74.8685,3.029502083
617450,3064.04,74.6525,3.023459949
617500,3070.3201,73.309,2.967154381
617550,3076.3201,71.527,2.894975183
617600,3081.6001,71.8963,2.913419119
617650,3086.6001,73.1023,2.967251442
617700,3091.6001,73.3104,2.978815687
617750,3096.6001,73.1304,2.973904075
617800,3100.1599,73.0541,2.972607087
617850,3103.1599,73.0181,2.972717457
617900,3105.4399,72.684,2.959735887
617950,3107.4399,72.234,2.941651017
618000,3110.52,72.3672,2.949000122
618050,3114.02,72.7272,2.966265919
618100,3117.1599,71.3894,2.910861634
618150,3120.1599,69.3914,2.827101346
618200,3124.5645,70.2446,2.865878025
618250,3129.5149,72.2066,2.952490581
618300,3135.2,72.1728,2.954152287
618350,3141.2,71.3628,2.922676943
618400,3147.2424,71.0712,2.913421714
618450,3153.303,70.9812,2.912827264
618500,3158.9209,71.4614,2.93655678
618550,3164.3665,72.1634,2.969814825
618600,3171.25,71.8286,2.959173844
618650,3178.75,71.0906,2.931396939
618700,3185.55,69.925,2.884623577
618750,3192.05,68.593,2.830334677
618800,3199.25,68.22,2.817929733
618850,3206.75,68.22,2.82187876
618900,3214.25,62.8692,2.59256138
618950,3221.75,55.4375,2.269173628
619000,3225.3999,46.6153,1.898216861
619050,3227.3999,37.1971,1.541381619
619100,3224.1499,28.5466,1.221222438
619150,3218.6499,20.1946,0.913481664
619200,3200.3838,11.4278,0.589564089
619250,3176.6465,2.4998,0.138610328
619300,3166.3999,0,0
619350,3161.3999,0,0
619400,3153.1599,0,0
619450,3143.6599,0,0
619500,3134.52,0,0
619550,3125.52,0,0
619600,3115.0801,0,0
619650,3104.0801,0,0
619700,3088.3999,0,0
619750,3070.8999,0,0
619800,3053.1682,0,0
619850,3035.3464,0,0
619900,3016.5657,0,0
619950,2997.3738,0,0
620000,2976.8799,0,0
620050,2955.8799,0,0
620100,2935.24,0,0
620150,2914.74,0,0
620200,2894.6001,0,0
620250,2874.6001,0,0
620300,2852.8,0,0
620350,2830.3,0,0
620400,2808.3169,0,0
620450,2786.5347,0,0
620500,2764.4443,0,0
620550,2742.2222,0,0
620600,2719.8,0,0
620650,2697.3,0,0
620700,2671.2,0,0
620750,2643.7,0,0
620800,2614.76,0,0
620850,2585.26,0,0
620900,2556.1201,0,0
620950,2527.1201,0,0
621000,2499.9199,0,0
621050,2473.4199,0,0
621100,2446.5601,0,0
621150,2419.5601,0,0
621200,2391.8401,0,0
621250,2363.8401,0,0
621300,2339.0801,0,0
621350,2315.5801,0,0
621400,2294.6001,0,0
621450,2274.6001,0,0
621500,2253.3169,0,0
621550,2231.5347,0,0
621600,2206.8,0,0
621650,2180.8,0,0
621700,2156.8999,0,0
621750,2133.8999,0,0
621800,2113,0,0
621850,2093,0,0
621900,2069.8501,0,0
621950,2045.35,0,0
622000,2022.25,0,0
622050,1999.75,0,0
622100,1977.95,0,0
622150,1956.45,0,0
622200,1934.95,0,0
622250,1913.45,0,0
622300,1890.9,0,0
622350,1867.9,0,0
622400,1847.35,0,0
622450,1827.85,0,0
622500,1808,0,0
622550,1788,0,0
622600,1769.2727,0,0
622650,1751.0909,0,0
622700,1736.0198,0,0
622750,1722.1584,0,0
622800,1713.45,0,0
622850,1706.95,0,0
622900,1703.9395,0,0
622950,1702.4242,0,0
623000,1709.5601,6.2986,0.246222962
623050,1720.0601,15.0466,0.574462916
623100,1728.76,22.4986,0.819374657
623150,1736.76,29.4466,1.043147983
623200,1748.36,32.8824,1.145729015
623250,1761.36,34.9524,1.207675176
623300,1773.64,34.0805,1.181763994
623350,1785.64,32.0645,1.121587066
623400,1795.48,29.232,1.036876247
623450,1804.48,26.082,0.937338609
623500,1815.64,24.7594,0.894206184
623550,1827.64,24.1474,0.874325075
623600,1838.5601,22.693,0.827004622
623650,1849.0601,20.911,0.769073808
623700,1856.6337,13.0637,0.513685737
623750,1863.0693,2.8577,0.113069386
623800,1861.5,0,0
623850,1856.5,0,0
623900,1858.85,0,0
623950,1864.35,0,0
624000,1874.75,2.2291,0.08827944
624050,1887.25,5.3251,0.211099879
624100,1891.7,7.6954,0.30517199
624150,1892.7,9.7834,0.388005362
624200,1895.45,10.1477,0.402541146
624250,1898.95,9.8417,0.390511108
624300,1900.35,11.4626,0.454877715
624350,1900.85,13.8329,0.540054607
624400,1898.2,14.859,0.573294281
624450,1894.2,15.309,0.587799301
624500,1891.95,15.444,0.592124455
624550,1890.45,15.444,0.592084702
624600,1890.35,15.8328,0.604713343
624650,1890.85,16.3728,0.622269075
624700,1893.8,17.9237,0.672715639
624750,1897.8,19.8677,0.735926561
624800,1904.6,22.4597,0.820173844
624850,1912.6,25.3037,0.912529359
624900,1922.7,27.383,0.979997017
624950,1933.7,29.165,1.035161744
625000,1944.7,30.6101,1.07882974
625050,1955.7,31.9241,1.118593715
625100,1967.05,33.3936,1.163116685
625150,1978.55,34.9236,1.209533667
625200,1988.65,36.311,1.251675363
625250,1998.15,37.643,1.292179362
625300,2008.35,39.636,1.353618182
625350,2018.85,41.886,1.423072727
625400,2032.5,45.0691,1.521980821
625450,2047.5,48.6151,1.635743339
625500,2062.2524,52.4981,1.76076592
625550,2076.8989,56.5121,1.890622698
625600,2090.3601,60.1891,2.011159915
625650,2103.3601,63.7351,2.137484188
625700,2114.5601,66.672,2.242395114
625750,2125.0601,69.372,2.339042137
625800,2136.6399,70.2317,2.37206403
625850,2148.6399,70.3757,2.380318633
625900,2161.3601,65.3098,2.207108929
625950,2174.3601,58.2178,1.965701208
626000,2178.72,41.5483,1.432217576
626050,2179.72,21.1543,0.797668646
626100,2163.4399,9.8842,0.405984655
626150,2140.4399,2.1622,0.088476092
626200,2132.2,0,0
626250,2129.7,0,0
626300,2122.5842,0,0
626350,2113.6733,0,0
626400,2102.5151,0,0
626450,2090.394,0,0
626500,2074.1682,0,0
626550,2056.3464,0,0
626600,2037,0,0
626650,2017,0,0
626700,2000.15,0,0
626750,1984.65,0,0
626800,1967.4,0,0
626850,1949.4,0,0
626900,1932.8,0,0
626950,1916.8,0,0
627000,1900.45,0,0
627050,1883.95,0,0
627100,1865.35,0,0
627150,1845.85,0,0
627200,1827.6262,0,0
627250,1809.9495,0,0
627300,1793.5941,0,0
627350,1777.7524,0,0
627400,1760.4,0,0
627450,1742.4,0,0
627500,1721.95,0,0
627550,1700.45,0,0
627600,1682.1,0,0
627650,1665.1,0,0
627700,1652.65,0,0
627750,1642.15,0,0
627800,1630.95,0,0
627850,1619.45,0,0
627900,1609,0,0
627950,1599,0,0
628000,1590.75,0,0
628050,1583.25,0,0
628100,1577.15,0,0
628150,1571.65,0,0
628200,1568.25,0,0
628250,1565.75,0,0
628300,1566.75,0,0
628350,1569.25,0,0
628400,1571.05,0,0
628450,1572.55,0,0
628500,1576.15,0,0
628550,1580.65,0,0
628600,1585.85,0,0
628650,1591.35,0,0
628700,1596.85,0.5314,0.020591871
628750,1602.35,1.2694,0.049210515
628800,1612.75,6.9192,0.268451376
628850,1625.25,14.4792,0.553038793
628900,1636.35,19.4861,0.718759807
628950,1646.85,23.5001,0.851457564
629000,1654.9,25.1554,0.906149166
629050,1661.9,25.8934,0.930529815
629100,1666.45,25.6594,0.92283626
629150,1669.95,25.0474,0.902682606
629200,1673.1,24.9926,0.900896982
629250,1676.1,25.1546,0.906253912
629300,1680.85,27.6365,0.98802768
629350,1686.35,31.0205,1.089822852
629400,1694.65,33.588,1.166256579
629450,1704.15,35.838,1.233331448
629500,1711.55,36.5717,1.255285628
629550,1718.05,36.7157,1.259674829
629600,1727.7,37.2096,1.274547915
629650,1738.7,37.8396,1.293521386
629700,1747.6,37.679,1.288883981
629750,1755.6,37.211,1.27504718
629800,1766.05,37.7986,1.292776063
629850,1777.55,38.7966,1.32281753
629900,1791.15,41.336,1.399069954
629950,1805.65,44.536,1.495257377
630000,1820.85,48.7297,1.626579688
630050,1836.35,53.3099,1.770195313
630100,1849.75,53.6276,1.780542188
630150,1862.25,52.1185,1.733773438
630200,1874.75,54.3528,1.803985938
630250,1887.25,58.0428,1.919689063
630300,1899.4,62.0698,2.050313001
630350,1911.4,66.2278,2.1932742
630400,1922.35,71.3318,2.368857463
630450,1932.85,76.8038,2.561679933
630500,1942.65,81.252,2.726825613
630550,1952.15,85.302,2.877342377
630600,1962.7,86.5267,2.923566702
630650,1973.7,86.6527,2.929215246
630700,1985.4,86.2992,2.91718182
630750,1997.4,85.7592,2.898257946
630800,2009.75,85.1544,2.879251682
630850,2022.25,84.5244,2.859941385
630900,2034.4,87.5431,2.97596468
630950,2046.4,91.9807,3.170177935
631000,2058.3999,94.2538,3.27441088
631050,2070.3999,95.5993,3.338283887
631100,2081,95.4242,3.335108153
631150,2091,94.6579,3.305762994
631200,2099.95,97.5654,3.437057294
631250,2108.45,102.0474,3.642359091
631300,2117.6499,110.8008,4.05933597
631350,2127.1499,121.3848,4.681724095
631400,2137.7,124.8372,4.873519293
631450,2148.7,125.2332,4.902825921
631500,2158.6499,125.0496,4.900128155
631550,2168.1499,124.6176,4.883380438
631600,2178.7,125.0862,4.917133631
631650,2189.7,125.9407,4.94
631700,2198.6001,128.1946,4.94
631750,2206.6001,130.9926,4.94
631800,2215.3,131.8956,4.94
631850,2224.3,131.9865,4.94
631900,2231.8999,131.6399,4.94
631950,2238.8999,131.123,4.94
632000,2246.25,130.4716,4.94
632050,2253.75,129.7625,4.94
632100,2260.55,127.3219,4.94
632150,2267.05,124.2079,4.936823878
632200,2274.25,122.2966,4.828487865
632250,2281.75,120.8531,4.747229496
632300,2291.3501,120.2927,4.719851416
632350,2301.8501,120.1109,4.715792191
632400,2313.05,120.5395,4.749844279
632450,2324.55,121.2055,4.799578318
632500,2336.3999,121.9882,4.857931625
632550,2348.3999,122.8162,4.920501244
632600,2359.7,120.5986,4.787866936
632650,2370.7,117.1966,4.57546976
632700,2379.95,115.7515,4.488076348
632750,2388.45,115.0675,4.453007326
632800,2399.75,114.876,4.447383374
632850,2412.25,114.876,4.453198482
632900,2424.3999,114.2344,4.422565725
632950,2436.3999,113.3433,4.377969702
633000,2449.1001,112.7069,4.348267114
633050,2462.1001,112.1796,4.324992765
633100,2474.05,110.8915,4.258825896
633150,2485.55,109.3075,4.176288304
633200,2497.3999,108.3197,4.127501393
633250,2509.3999,107.5637,4.098258365
633300,2521.3999,107.8781,4.130184773
633350,2533.3999,108.6088,4.185068625
633400,2545.3999,108.4248,4.189245243
633450,2557.3999,107.8488,4.171771029
633500,2569.05,107.2305,4.151592504
633550,2580.55,106.5942,4.130294971
633600,2591,106.416,4.13298867
633650,2601,106.416,4.144929129
633700,2610.6499,106.416,4.1564267
633750,2620.1499,106.416,4.167721903
633800,2629.6499,106.416,4.1789936
633850,2639.1499,106.416,4.190241863
633900,2650.05,105.8616,4.172824192
633950,2661.55,105.0696,4.143190836
634000,2671.6499,106.932,4.256676708
634050,2681.1499,109.932,4.431171361
634100,2692.05,107.6227,4.318090089
634150,2703.55,103.2487,4.093811627
634200,2714,101.6611,4.020029303
634250,2724,101.1571,4.004612966
634300,2735.75,99.8483,3.953432608
634350,2748.25,98.2265,3.888089954
634400,2759.9546,97.1214,3.846593455
634450,2771.3181,96.2378,3.81528008
634500,2782.25,95.409,3.786016209
634550,2792.75,94.635,3.758829334
634600,2803.25,94.275,3.751822595
634650,2813.75,94.329,3.765165039
634700,2824.25,93.924,3.755914475
634750,2834.75,93.06,3.723880579
634800,2845,92.628,3.712866862
634850,2855,92.628,3.723049345
634900,2865.5,92.628,3.733800053
634950,2876.5,92.628,3.745128187
635000,2887.5,92.628,3.756523923
635050,2898.5,92.628,3.767987868
635100,2908.5,92.628,3.778469342
635150,2917.5,92.628,3.787951685
635200,2927.25,92.628,3.79827704
635250,2937.75,92.628,3.809458575
635300,2948.5,91.494,3.763051573
635350,2959.5,89.226,3.658532587
635400,2970,87.885,3.600503545
635450,2980,87.471,3.589396125
635500,2990,86.76,3.562881058
635550,3000,85.752,3.520829016
635600,3010,85.086,3.493621956
635650,3020,84.762,3.484341775
635700,3030.25,84.978,3.501413622
635750,3040.75,85.734,3.547726531
635800,3051.25,85.176,3.526008644
635850,3061.75,83.304,3.440465193
635900,3071.25,82.593,3.41212539
635950,3079.75,83.043,3.439312274
636000,3088.75,82.566,3.421967626
636050,3098.25,81.162,3.360067665
636100,3108.25,80.793,3.348567293
636150,3118.75,81.459,3.387495461
636200,3129.25,81.792,3.410312229
636250,3139.75,81.792,3.417007765
636300,3150,81.648,3.416569767
636350,3160,81.36,3.408993991
636400,3168.9604,81.234,3.408603882
636450,3176.8811,81.27,3.415403144
636500,3185.8484,81.09,3.412400327
636550,3195.9495,80.694,3.39964578
636600,3206.25,80.226,3.38352128
636650,3216.75,79.686,3.364024683
636700,3226.25,79.3887,3.355658798
636750,3234.75,79.3342,3.358435124
636800,3244.25,79.2153,3.358724511
636850,3254.75,79.0371,3.356773198
636900,3264.5,78.867,3.354735799
636950,3273.5,78.705,3.352612357
637000,3283,78.363,3.342063847
637050,3293,77.841,3.323085295
637100,3302.75,77.508,3.313124122
637150,3312.25,77.364,3.312185603
637200,3321.75,77.013,3.301184174
637250,3331.25,76.455,3.280114258
637300,3340.5,76.176,3.272444782
637350,3349.5,76.176,3.278183092
637400,3358.5,75.798,3.265535157
637450,3367.5,75.042,3.234491315
637500,3377,74.691,3.223463687
637550,3387,74.745,3.232463057
637600,3396.75,74.358,3.219837595
637650,3406.25,73.53,3.185575167
637700,3415.75,73.08,3.16970882
637750,3425.25,73.008,3.172248769
637800,3434.75,72.873,3.171720395
637850,3444.25,72.675,3.168121994
637900,3453.25,72.477,3.164203873
637950,3461.75,72.279,3.159965977
638000,3470.75,71.874,3.145953285
638050,3480.25,71.262,3.122160241
638100,3489.25,70.884,3.109452651
638150,3497.75,70.74,3.107836729
638200,3506.25,70.542,3.102752518
638250,3514.75,70.29,3.094716644
638300,3523.75,70.389,3.104093496
638350,3533.25,70.839,3.130954278
638400,3542.5,71.748,3.18029206
638450,3551.5,73.116,3.25219336
638500,3560.5,74.709,3.335359402
638550,3569.5,76.527,3.429835153
638600,3579,78.372,3.527315792
638650,3589,80.244,3.629694503
638700,3598,81.117,3.680084527
638750,3606,80.991,3.678405692
638800,3613.75,80.901,3.678431878
638850,3621.25,80.847,3.680165129
638900,3629.75,80.703,3.677856507
638950,3639.25,80.469,3.671500329
639000,3647.75,80.1338,3.659305765
639050,3655.25,79.6974,3.64126701
639100,3663,79.5529,3.638459947
639150,3671,79.6776,3.649728387
639200,3679,79.452,3.642875628
639250,3687,78.876,3.617873971
639300,3695,78.5244,3.604475524
639350,3703,78.3971,3.602689537
639400,3712,78.233,3.599595603
639450,3722,78.035,3.59534184
639500,3731,77.94,3.595827495
639550,3739,77.94,3.600643788
639600,3746.75,77.5843,3.586838586
639650,3754.25,76.9003,3.555813621
639700,3761.75,76.4515,3.536990111
639750,3769.25,76.2198,3.529441129
639800,3777,76.023,3.523851636
639850,3785,75.861,3.520218579
639900,3793,75.798,3.521736867
639950,3801,75.834,3.528412938
640000,3808.75,75.735,3.527909855
640050,3816.25,75.501,3.520218935
640100,3824.25,75.213,3.510006128
640150,3832.75,74.871,3.497314344
640200,3840.75,74.547,3.485400008
640250,3848.25,74.241,3.474087971
640300,3856.25,73.656,3.448684464
640350,3864.75,72.792,3.409131314
640400,3873.25,72.387,3.393157983
640450,3881.75,72.441,3.400857671
640500,3889.5,72.387,3.402555415
640550,3896.5,72.225,3.398228943
640600,3904,71.946,3.388116964
640650,3912,71.55,3.372196844
640700,3919.25,71.361,3.366563162
640750,3925.75,71.379,3.371252812
640800,3933.75,71.208,3.366977017
640850,3943.25,70.848,3.353699091
640900,3950.4753,70.38,3.333432295
640950,3955.4258,69.804,3.306174503
641000,3961.6365,69.453,3.291359594
641050,3969.2122,69.327,3.289074845
641100,3977.5,69.138,3.283886194
641150,3986.5,68.886,3.275780573
641200,3994,68.562,3.263013987
641250,4000,68.166,3.245578947
641300,4006.75,68.004,3.239795045
641350,4014.25,68.076,3.246647061
641400,4022,67.932,3.242209781
641450,4030,67.572,3.226441036
641500,4036.5,67.374,3.218601943
641550,4041.5,67.338,3.218722683
641600,4048.5,67.104,3.209154313
641650,4057.5,66.672,3.189855265
641700,4065.75,66.411,3.179295582
641750,4073.25,66.321,3.177513611
641800,4079.75,66.231,3.175326146
641850,4085.25,66.141,3.172732971
641900,4092.25,66.078,3.172178975
641950,4100.75,66.042,3.173670629
642000,4108,65.952,3.171771257
642050,4114,65.808,3.166470147
642100,4120.25,65.655,3.160776319
642150,4126.75,65.493,3.154687899
642200,4133,65.286,3.146067416
642250,4139,65.034,3.134908249
642300,4145.25,64.845,3.127220329
642350,4151.75,64.719,3.123013252
642400,4158.75,64.638,3.121425197
642450,4166.25,64.602,3.122464698
642500,4173,64.521,3.120772685
642550,4179,64.395,3.11634079
642600,4185,64.287,3.112876118
642650,4191,64.197,3.110381505
642700,4197,63.99,3.101526427
642750,4203,63.666,3.086292208
642800,4208.75,63.567,3.083175726
642850,4214.25,63.693,3.092211524
642900,4219.5,63.747,3.097238503
642950,4224.5,63.729,3.09824571
643000,4229.75,63.513,3.088540884
643050,4235.25,63.099,3.068095167
643100,4240.25,62.739,3.050371323
643150,4244.75,62.433,3.035380425
643200,4250,62.361,3.033479452
643250,4256,62.523,3.044701624
643300,4261.75,62.406,3.040530339
643350,4267.25,62.01,3.020922341
643400,4273.25,61.677,3.004936676
643450,4279.75,61.407,2.992464068
643500,4285,61.362,2.991993281
643550,4289,61.542,3.003584625
643600,4293,61.641,3.010595442
643650,4297,61.659,3.013142636
643700,4302,61.596,3.011606057
643750,4308,61.452,3.005974773
643800,4313.75,61.335,3.001730463
643850,4319.25,61.245,2.998857417
643900,4325.25,61.02,2.9885163
643950,4331.75,60.66,2.970703899
644000,4336.75,60.597,2.969084575
644050,4340.25,60.831,2.983715063
644100,4345,60.237,2.951872872
644150,4351,58.815,2.873380314
644200,4356.25,58.167,2.838449502
644250,4360.75,58.293,2.847254656
644300,4366,58.203,2.844035128
644350,4372,57.897,2.828746003
644400,4379.25,57.447,2.805625465
644450,4387.75,56.853,2.774614591
644500,4392,56.601,2.76164525
644550,4392,56.691,2.766808169
644600,4395.25,56.736,2.770523566
644650,4401.75,56.736,2.772796527
644700,4407,56.736,2.774637347
644750,4411,56.736,2.776042867
644800,4415.5,56.655,2.772955358
644850,4420.5,56.493,2.765359741
644900,4425.5,56.412,2.762429183
644950,4430.5,56.412,2.764179882
645000,4435.5,56.412,2.765934639
645050,4440.5,56.412,2.767693468
645100,4445.75,56.853,2.795158855
645150,4451.25,57.735,2.848429776
645200,4455.75,59.22,2.936557606
645250,4459.25,61.308,3.058037424
645300,4464.25,62.496,3.127546891
645350,4470.75,62.784,3.146650367
645400,4476,63.027,3.162702026
645450,4480,63.225,3.175683371
645500,4484.25,63.261,3.17955805
645550,4488.75,63.135,3.174306694
645600,4493,63.045,3.170994806
645650,4497,62.991,3.169627049
645700,4502,62.991,3.172116154
645750,4508,63.045,3.178816663
645800,4513.25,62.964,3.177345685
645850,4517.75,62.748,3.16768166
645900,4522,62.514,3.156820007
645950,4526,62.262,3.144759499
646000,4530.5,61.965,3.130396071
646050,4535.5,61.623,3.113720643
646100,4539.75,61.389,3.102786128
646150,4543.25,61.263,3.097609418
646200,4547.25,61.065,3.088574597
646250,4551.75,60.795,3.075671313
646300,4555.75,60.714,3.073358238
646350,4559.25,60.822,3.081657983
646400,4563.25,60.732,3.078826129
646450,4567.75,60.444,3.06483877
646500,4572.75,60.102,3.047998611
646550,4578.25,59.706,3.028293827
646600,4583,59.373,3.011767434
646650,4587,59.103,2.998378573
646700,4590.75,58.842,2.984943199
646750,4594.25,58.59,2.971876316
646800,4598.25,58.167,2.948786656
646850,4602.75,57.573,2.915636868
646900,4607.25,56.952,2.88078571
646950,4611.75,56.304,2.844227632
647000,4615.75,55.611,2.804589708
647050,4619.25,54.873,2.761877383
647100,4623.2275,54.225,2.724801585
647150,4627.6831,53.667,2.693366066
647200,4632.1816,52.983,2.654235359
647250,4636.7271,52.173,2.607385095
647300,4640.25,51.615,2.575247886
647350,4642.75,51.309,2.557885446
647400,4647,50.814,2.529856203
647450,4653,50.13,2.492838925
647500,4657.5,49.509,2.464113893
647550,4660.5,48.951,2.437862265
647600,4664,48.303,2.407343689
647650,4668,47.565,2.372540338
647700,4672.25,46.962,2.34441928
647750,4676.75,46.494,2.32299315
647800,4682,45.981,2.29957577
647850,4688,45.423,2.274150533
647900,4692,44.937,2.251532226
647950,4694,44.523,2.231754351
648000,4696,44.154,2.214186783
648050,4698,43.83,2.198832146
648100,4701,43.353,2.176223014
648150,4705,42.723,2.146333003
648200,4707.5,42.228,2.122607833
648250,4708.5,41.868,2.105077854
648300,4709.75,41.634,2.093869352
648350,4711.25,41.526,2.088985363
648400,4713.5,41.256,2.076293061
648450,4716.5,40.824,2.055776299
648500,4719.25,40.545,2.042762014
648550,4721.75,40.419,2.037264456
648600,4723.5,40.185,2.026161345
648650,4724.5,39.843,2.009451796
648700,4725.5,39.591,1.997333333
648750,4726.5,39.429,1.989904762
648800,4727.25,39.33,1.985404762
648850,4727.75,39.294,1.983833333
648900,4729.5,39.051,1.972761905
648950,4732.5,38.601,1.952190476
649000,4734.25,38.259,1.936404762
649050,4734.75,38.025,1.925404762
649100,4735,35.829,1.820904762
649150,4735,31.671,1.622904762
649200,4723.25,22.194,1.179958654
649250,4699.75,7.398,0.64610553
649300,4677.75,0,0
649350,4657.25,0,0
649400,4643.25,0,0
649450,4635.75,0,0
649500,4626,0,0
649550,4614,0,0
649600,4602.75,0,0
649650,4592.25,0,0
649700,4580.25,0,0
649750,4566.75,0,0
649800,4553.25,0,0
649850,4539.75,0,0
649900,4524.25,0,0
649950,4506.75,0,0
650000,4488.5,0,0
650050,4469.5,0,0
650100,4449.25,0,0
650150,4427.75,0,0
650200,4406.25,0,0
650250,4384.75,0,0
650300,4362.75,0,0
650350,4340.25,0,0
650400,4316.6235,0,0
650450,4291.8711,0,0
650500,4266.8789,0,0
650550,4241.6265,0,0
650600,4216.25,0,0
650650,4190.75,0,0
650700,4165.5,0,0
650750,4140.5,0,0
650800,4115.75,0,0
650850,4091.25,0,0
650900,4066,0,0
650950,4040,0,0
651000,4014.75,0,0
651050,3990.25,0,0
651100,3967.75,0,0
651150,3947.25,0,0
651200,3930.25,0,0
651250,3916.75,0,0
651300,3903.25,0,0
651350,3889.75,0,0
651400,3876.25,0,0
651450,3862.75,0,0
651500,3847.5,0,0
651550,3830.5,0,0
651600,3813.75,0,0
651650,3797.25,0,0
651700,3782.75,0,0
651750,3770.25,0,0
651800,3758.5,0,0
651850,3747.5,0,0
651900,3736.25,0,0
651950,3724.75,0,0
652000,3713.75,0,0
652050,3703.25,0,0
652100,3693.792,0,0
652150,3685.3762,0,0
652200,3676.6365,0,0
652250,3667.5454,0,0
652300,3657.75,0,0
652350,3647.25,0,0
652400,3637.25,0,0
652450,3627.75,0,0
652500,3617.5,0,0
652550,3606.5,0,0
652600,3595,0,0
652650,3583,0,0
652700,3569.5,0,0
652750,3554.5,0,0
652800,3537.5,0,0
652850,3518.5,0,0
652900,3498,0,0
652950,3476,0,0
653000,3453.25,0,0
653050,3429.75,0,0
653100,3406.3665,0,0
653150,3383.0991,0,0
653200,3359,0,0
653250,3334,0,0
653300,3309.24,0,0
653350,3284.74,0,0
653400,3259.76,0,0
653450,3234.26,0,0
653500,3209,0,0
653550,3184,0,0
653600,3159,0,0
653650,3134,0,0
653700,3112.0303,0,0
653750,3093.3435,0,0
653800,3075.5,0,0
653850,3058.5,0,0
653900,3040.5,0,0
653950,3021.5,0,0
654000,3003,0,0
654050,2985,0,0
654100,2968.75,0,0
654150,2954.25,0,0
654200,2940,0,0
654250,2926,0,0
654300,2910.75,0,0
654350,2894.25,0,0
654400,2878.5,0,0
654450,2863.5,0,0
654500,2848.75,0,0
654550,2834.25,0,0
654600,2821.75,0,0
654650,2811.25,0,0
654700,2800.0593,0,0
654750,2788.1782,0,0
654800,2776,0,0
654850,2763.5,0,0
654900,2750.76,0,0
654950,2737.76,0,0
655000,2725,0,0
655050,2712.5,0,0
655100,2700,0,0
655150,2687.5,0,0
655200,2674.9395,0,0
655250,2662.3132,0,0
655300,2651.25,0,0
655350,2641.75,0,0
655400,2634,0,0
655450,2628,0,0
655500,2624.5049,0,0
655550,2623.5149,0,0
655600,2622.2727,0,0
655650,2620.7576,0,0
655700,2621.7327,1.71,0.077979813
655750,2625.198,5.13,0.234265214
655800,2630.8789,9.378,0.429233155
655850,2638.9597,14.454,0.623063547
655900,2647.5,18.99,0.780940957
655950,2656.5,22.986,0.920267392
656000,2666,26.577,1.041412789
656050,2676,29.763,1.142750589
656100,2684.5,32.418,1.227530991
656150,2691.5,34.542,1.295597356
656200,2696.75,35.388,1.323263893
656250,2700.25,34.956,1.310378025
656300,2702.99,34.947,1.310649049
656350,2704.9702,35.361,1.324098018
656400,2706.24,35.622,1.332586496
656450,2706.74,35.73,1.336094922
656500,2708.2,35.946,1.343209975
656550,2710.7,36.27,1.353955649
656600,2713.697,36.234,1.353452525
656650,2717.2324,35.838,1.341689301
656700,2721.4753,35.793,1.34115436
656750,2726.4258,36.099,1.351875547
656800,2731.8799,36.207,1.356451958
656850,2737.8799,36.117,1.354874171
656900,2743.6667,36.036,1.353533169
656950,2749.2222,35.964,1.352426085
657000,2755.25,36.279,1.363734963
657050,2761.75,36.981,1.38750731
657100,2768.7129,37.17,1.395072954
657150,2776.1387,36.846,1.386366892
657200,2782.6399,36.594,1.379736913
657250,2788.1399,36.414,1.375177962
657300,2794.6365,35.847,1.358411873
657350,2802.2122,34.893,1.329398613
657400,2807.75,33.885,1.298143893
657450,2811.25,32.823,1.26467843
657500,2815.5,32.292,1.248414342
657550,2820.5,32.292,1.249388158
657600,2825.75,32.22,1.248088708
657650,2831.25,32.076,1.244508624
657700,2836,31.923,1.240484138
657750,2840,31.761,1.236015797
657800,2843.7327,31.716,1.235279106
657850,2847.198,31.788,1.238282564
657900,2849.7273,30.537,1.198197786
657950,2851.2424,27.963,1.11496842
658000,2852,25.731,1.042670422
658050,2852,23.841,0.980124163
658100,2851.75,23.067,0.953330752
658150,2851.25,23.409,0.96507488
658200,2851.75,23.409,0.965152534
658250,2853.25,23.067,0.953563595
658300,2853.25,23.058,0.953252493
658350,2851.75,23.382,0.964219235
658400,2850,24.237,0.993501555
658450,2848,25.623,1.038550826
658500,2845.25,25.866,1.046002926
658550,2841.75,24.966,1.016316588
658600,2836.25,24.516,1.000942092
658650,2828.75,24.516,0.999840155
658700,2821.2871,24.759,1.006604483
658750,2813.8613,25.245,1.021168757
658800,2806.6399,25.191,1.018356945
658850,2799.6399,24.597,0.998112636
658900,2792.8484,25.011,1.010544325
658950,2786.2827,26.433,1.055124725
659000,2782.2573,26.478,1.055941043
659050,2780.7722,25.146,1.013099335
659100,2778.5601,23.247,0.948194284
659150,2775.5601,20.781,0.862532564
659200,2772.5454,18.864,0.795838816
659250,2769.5151,17.496,0.748111738
659300,2769.25,16.569,0.716046003
659350,2771.75,16.083,0.69963967
659400,2773.99,15.255,0.671377488
659450,2775.9702,14.085,0.63125909
659500,2777.72,13.032,0.595146649
659550,2779.22,12.096,0.563037526
659600,2781.9199,11.385,0.538884138
659650,2785.9199,10.899,0.522701577
659700,2789.4399,11.223,0.534432026
659750,2792.4399,12.357,0.574071305
659800,2794,12.924,0.593900737
659850,2794,12.924,0.593900737
659900,2793.76,13.509,0.614077458
659950,2793.26,14.679,0.654427638
660000,2792.5151,15.147,0.670484147
660050,2791.5051,14.913,0.662244188
660100,2790.01,16.497,0.716745368
660150,2788.0298,19.899,0.833985195
660200,2787.48,22.698,0.930609321
660250,2788.48,24.894,1.00615672
660300,2788.0303,26.055,1.043285935
660350,2786.01,26.181,1.047012435
660400,2784,26.838,1.067735409
660450,2782,28.026,1.105434602
660500,2782.25,29.619,1.15645175
660550,2784.75,31.617,1.220857192
660600,2786,32.958,1.26403602
660650,2786,33.642,1.285940282
660700,2786.5,34.497,1.313423777
660750,2787.5,35.523,1.346496356
660800,2788.25,36.387,1.374337012
660850,2788.75,37.089,1.396939258
660900,2790.5,40.491,1.507201437
660950,2793.5,46.593,1.729189017
661000,2796.5,47.592,1.766361579
661050,2799.5,43.488,1.618429455
661100,2799.5,41.391,1.542347546
661150,2796.5,41.301,1.538235038
661200,2792.75,40.707,1.5156515
661250,2788.25,39.609,1.477563728
661300,2785.5,38.79,1.450681879
661350,2784.5,38.25,1.43316067
661400,2784.5,38.556,1.442957027
661450,2785.5,39.708,1.480076785
661500,2787.2375,39.744,1.481646028
661550,2789.7129,38.664,1.447628718
661600,2793.1819,37.845,1.422173165
661650,2797.7273,37.287,1.405300638
661700,2802,36.936,1.394987085
661750,2806,36.792,1.391250948
661800,2810.9702,35.577,1.353256027
661850,2816.9109,33.291,1.280878242
661900,2822.1599,32.454,1.254937242
661950,2826.6599,33.066,1.275578688
662000,2832.8789,34.596,1.326283483
662050,2840.9597,37.044,1.407249186
662100,2849.208,38.412,1.453493648
662150,2857.6238,38.7,1.464848503
662200,2864.1599,39.204,1.482812401
662250,2868.6599,39.924,1.508292753
662300,2873.3999,41.652,1.573135203
662350,2878.3999,44.388,1.675246293
662400,2883.1599,46.0857,1.739231078
662450,2887.6599,46.7451,1.764978578
662500,2891.4399,47.1578,1.781432039
662550,2894.4399,47.3033,1.787790345
662600,2897.4399,47.2423,1.786533315
662650,2900.4399,46.975,1.777656186
662700,2903.4399,48.7282,1.843427391
662750,2906.4399,52.6702,1.990188172
662800,2910.3999,54.6676,2.076775019
662850,2915.3999,54.5585,2.074407301
662900,2920.6667,54.315,2.066297797
662950,2926.2222,53.937,2.052401334
663000,2933.4556,53.802,2.049852155
663050,2942.3665,53.91,2.058773506
663100,2950.3601,53.694,2.053001329
663150,2957.3601,53.154,2.032321046
663200,2963.6667,54.081,2.076558523
663250,2969.2222,56.475,2.186291736
663300,2974,57.915,2.253451058
663350,2978,58.401,2.277623069
663400,2980.75,58.545,2.285749629
663450,2982.25,58.347,2.277742763
663500,2983.25,59.094,2.311990451
663550,2983.75,60.786,2.388533453
663600,2983.5,61.056,2.400531579
663650,2982.5,59.904,2.347996398
663700,2982.5,58.419,2.281134624
663750,2983.5,56.601,2.199837823
663800,2984.75,54.486,2.105193166
663850,2986.25,52.074,1.99761869
663900,2986.01,48.402,1.859831301
663950,2984.0298,43.47,1.67425821
664000,2979.8484,36.873,1.434049754
664050,2973.2827,28.611,1.157680695
664100,2967.7722,23.445,0.984431669
664150,2963.3169,21.375,0.912130475
664200,2962.2122,21.195,0.905732434
664250,2964.7373,22.905,0.965278987
664300,2967,24.822,1.030676375
664350,2969,26.946,1.101571171
664400,2972,26.541,1.088615929
664450,2976,23.607,0.991316321
664500,2980.2278,21.717,0.926585308
664550,2984.6831,20.871,0.89800645
664600,2988.697,19.8,0.861572645
664650,2992.2324,18.504,0.817277843
664700,2996,17.73,0.791078448
664750,3000,17.478,0.782975779
664800,3003,17.343,0.778696245
664850,3005,17.325,0.778334084
664900,3006.75,17.316,0.778250862
664950,3008.25,17.316,0.778446992
665000,3008.01,17.649,0.789963056
665050,3006.0298,18.315,0.812780571
665100,3005,19.062,0.838519109
665150,3005,19.89,0.867208343
665200,3004.25,20.844,0.900140646
665250,3002.75,21.924,0.937293424
665300,3001.75,22.374,0.952698247
665350,3001.25,22.194,0.946378969
665400,3000.01,22.995,0.973877265
665450,2998.0298,24.777,1.034037402
665500,2996.52,26.001,1.074706626
665550,2995.52,26.667,1.096794363
665600,2995,29.4327,1.189108282
665650,2995,34.298,1.351658815
665700,2997.1621,38.377,1.488482763
665750,3001.6667,41.604,1.609895495
665800,3006.04,44.7295,1.72932399
665850,3010.04,47.5658,1.83775659
665900,3014.9307,50.636,1.955427436
665950,3022.3564,54.3072,2.116716051
666000,3028.8484,57.4589,2.262847089
666050,3032.3838,59.1316,2.340344614
666100,3036.1699,60.5755,2.407541193
666150,3040.6699,61.431,2.448411713
666200,3045.3,62.2105,2.485861446
666250,3050.3,62.7742,2.512772609
666300,3054.6499,63.4944,2.545063838
666350,3057.1499,64.6171,2.593534608
666400,3059.9099,65.1953,2.61920729
666450,3063.4099,64.2233,2.579811412
666500,3067.3,63.3683,2.545478208
666550,3072.3,62.8463,2.525670908
666600,3077.1699,62.7673,2.524521384
666650,3081.6699,63.9491,2.576638003
666700,3086.04,65.3888,2.639732195
666750,3090.04,67.4918,2.730922942
666800,3093.9099,69.204,2.805594838
666850,3097.4099,69.804,2.832899737
666900,3100.6436,70.9346,2.882683471
666950,3103.1189,73.4297,2.990218447
667000,3106.3333,75.2004,3.076617957
667050,3111.8889,74.9094,3.066034353
667100,3116.1299,74.8946,3.067992613
667150,3116.6299,75.5897,3.101963551
667200,3117.52,76.104,3.127427542
667250,3119.52,76.104,3.128691424
667300,3121.52,76.2487,3.136962196
667350,3123.52,76.7655,3.163252463
667400,3125.3899,79.1838,3.281545405
667450,3126.8899,87.0138,3.672538307
667500,3128.1299,92.9718,3.981266778
667550,3128.6299,93.6018,4.014821833
667600,3129.78,94.0491,4.03983793
667650,3132.78,93.9764,4.038039123
667700,3136.3,93.899,4.036353686
667750,3141.3,93.8099,4.035085816
667800,3146.6899,93.7156,4.033810926
667850,3153.1899,93.6065,4.032520851
667900,3159.4299,93.5679,4.034880673
667950,3164.9299,93.7105,4.046596272
668000,3170.04,93.7073,4.050099783
668050,3174.04,93.2891,4.030136846
668100,3178.5601,93.0329,4.019369242
668150,3184.5601,93.1933,4.032449299
668200,3190.8201,93.2033,4.037504623
668250,3197.8201,92.7851,4.019592882
668300,3204.1699,92.484,4.007600851
668350,3208.6699,92.484,4.010828804
668400,3213.8201,92.484,4.014531021
668450,3220.8201,92.484,4.019576464
668500,3227.95,92.2781,4.013348481
668550,3235.45,91.4861,3.976639899
668600,3242.5601,90.9189,3.952166956
668650,3248.5601,90.9916,3.959941146
668700,3254.95,90.9492,3.962042534
668750,3262.45,90.6106,3.949623756
668800,3269.5601,90.3179,3.939312171
668850,3275.5601,90.1559,3.934992059
668900,3281.9307,90.0828,3.93550118
668950,3289.3564,90.2628,3.949753825
669000,3296.5757,90.396,3.961453723
669050,3303.1414,90.396,3.965853816
669100,3309.95,90.396,3.970415435
669150,3317.45,90.396,3.975438797
669200,3325.21,90.279,3.974613079
669250,3333.71,89.829,3.957147674
669300,3341.6899,89.4211,3.941505878
669350,3348.1899,89.1331,3.931045204
669400,3355.21,88.906,3.924068325
669450,3363.71,88.852,3.926987161
669500,3371.6899,88.7652,3.927870087
669550,3378.1899,88.5852,3.922970025
669600,3385.3401,88.3858,3.917509639
669650,3394.3401,88.1313,3.910458303
669700,3402.6899,87.948,3.906632536
669750,3409.1899,87.948,3.910986429
669800,3415.8201,87.9575,3.915914358
669850,3422.8201,87.9938,3.922465007
669900,3429.95,87.8952,3.922172784
669950,3437.45,87.4497,3.904315691
670000,3445.0801,87.0585,3.88933899
670050,3453.0801,86.8222,3.882566016
670100,3461.0593,86.6171,3.877382614
670150,3468.9802,86.4923,3.876282437
670200,3476.8181,86.4,3.876794505
670250,3484.394,86.4,3.881865875
670300,3491.8201,86.385,3.886066078
670350,3498.8201,86.3316,3.88801069
670400,3505.6899,86.1703,3.883995833
670450,3512.1899,85.7023,3.863944631
670500,3519.0801,85.3092,3.847962067
670550,3527.0801,85.1292,3.843585923
670600,3534.8201,84.9345,3.838292848
670650,3541.8201,84.6982,3.830407632
670700,3549.0801,84.3983,3.819405004
670750,3557.0801,83.9349,3.800434358
670800,3564.8201,83.6156,3.788704873
670850,3571.8201,83.7065,3.797631131
670900,3578.6899,83.6323,3.7979837
670950,3585.1899,83.1333,3.776231589
671000,3591.8201,82.7971,3.762931979
671050,3598.8201,82.9244,3.773737534
671100,3606.0801,82.9761,3.780810748
671150,3614.0801,82.8335,3.778316488
671200,3621.95,82.6578,3.774032991
671250,3629.45,82.3878,3.764653043
671300,3636.8201,82.1693,3.757846654
671350,3643.8201,82.0973,3.758379038
671400,3650.8201,81.9785,3.756493101
671450,3657.8201,81.7265,3.747719294
671500,3664.95,81.5634,3.743615869
671550,3672.45,81.6534,3.75282951
671600,3679.6899,81.6065,3.754806151
671650,3686.1899,81.1702,3.736172139
671700,3692.95,80.6364,3.712633468
671750,3700.45,79.8523,3.676557225
671800,3707.4299,79.4358,3.65919309
671850,3712.9299,80.0658,3.695182256
671900,3718.802,80.4665,3.719525934
671950,3725.7327,80.2145,3.71066565
672000,3732.697,79.9625,3.701819398
672050,3739.7676,79.7105,3.693031285
672100,3746.8201,79.4912,3.685924152
672150,3753.8201,79.3652,3.683627669
672200,3760.8201,79.1456,3.676464442
672250,3767.8201,78.6596,3.655444217
672300,3774.6899,78.3281,3.642366174
672350,3781.1899,78.4361,3.651923237
672400,3788.0801,78.4692,3.657824994
672450,3796.0801,78.2892,3.653308344
672500,3803.6899,78.0905,3.647577
672550,3810.1899,77.8385,3.638390314
672600,3816.95,77.6142,3.630799065
672650,3824.45,77.4687,3.627760351
672700,3832.21,77.3091,3.624141333
672750,3840.71,77.1131,3.619068348
672800,3848.5601,76.9302,3.614280762
672850,3854.5601,76.7847,3.610320847
672900,3860.4299,76.6351,3.606065279
672950,3865.9299,76.4747,3.601018437
673000,3871.6899,76.3087,3.595833549
673050,3878.1899,76.1269,3.590267806
673100,3884.8201,75.7615,3.575172254
673150,3891.8201,74.9238,3.535572784
673200,3897.78,74.2756,3.505238658
673250,3900.78,74.1665,3.501333562
673300,3904.5601,74.103,3.500284945
673350,3910.5601,74.1564,3.506696957
673400,3916.4299,73.9901,3.50152193
673450,3921.9299,73.1981,3.46362179
673500,3927.5601,72.832,3.447908508
673550,3933.5601,73.678,3.495517609
673600,3938.78,74.1636,3.524110209
673650,3941.78,73.6236,3.497604651
673700,3945.8201,73.1632,3.476001675
673750,3952.8201,72.9292,3.467956138
673800,3959.3,72.7279,3.461293477
673850,3964.3,72.6199,3.458620094
673900,3969.4299,72.5213,3.456512217
673950,3974.9299,72.4493,3.45601589
674000,3980.3,72.2696,3.449790389
674050,3985.3,71.7836,3.427250435
674100,3990.8201,71.4193,3.411377463
674150,3997.8201,71.4013,3.414567887
674200,4004.4299,71.3833,3.416834153
674250,4009.9299,71.3653,3.41827735
674300,4015.3,71.1976,3.41176843
674350,4020.3,70.6036,3.382578898
674400,4025.5601,70.164,3.361613121
674450,4031.5601,70.164,3.364179015
674500,4037.4299,70.0517,3.360748296
674550,4042.9299,69.6197,3.340211846
674600,4048.1699,69.3608,3.328710057
674650,4052.6699,69.5948,3.343036441
674700,4057.8201,69.7399,3.352940094
674750,4064.8201,69.6319,3.350196847
674800,4071.3,69.5473,3.348470412
674850,4076.3,69.5293,3.349654522
674900,4081.0298,69.413,3.345483792
674950,4084.99,69.017,3.326056027
675000,4089.697,68.7614,3.314415013
675050,4096.7676,68.9054,3.325113396
675100,4103.4302,68.9324,3.32940113
675150,4108.9302,68.6264,3.315366859
675200,4113.9102,67.9835,3.283031148
675250,4117.4102,66.3815,3.198595946
675300,4121.1699,65.444,3.149823773
675350,4125.6699,66.398,3.202850844
675400,4130.04,67.221,3.248861358
675450,4134.04,67.671,3.274723786
675500,4138.4302,67.99,3.29373671
675550,4143.9302,67.936,3.293162969
675600,4149.2998,67.8024,3.288242217
675650,4154.2998,67.4424,3.270943051
675700,4159.04,67.2088,3.260331007
675750,4163.04,67.3348,3.268819203
675800,4167.1699,67.3672,3.272313536
675850,4171.6699,67.1332,3.261557578
675900,4176.2871,66.6184,3.235632993
675950,4181.2378,65.3044,3.166505032
676000,4186.0908,64.7626,3.139099528
676050,4190.6362,66.4186,3.230791855
676100,4195.04,67.5925,3.296378798
676150,4199.04,67.3945,3.287334374
676200,4203.4302,67.2012,3.278699967
676250,4208.9302,67.0212,3.271248822
676300,4213.9102,66.8178,3.262288961
676350,4217.4102,66.5478,3.249058689
676400,4221.5601,66.1936,3.231494229
676450,4227.5601,65.5996,3.2015863
676500,4232.7725,65.1226,3.177688991
676550,4235.7427,64.9786,3.171040175
676600,4238.606,64.8486,3.165106757
676650,4241.1313,64.7586,3.161218067
676700,4243.9009,64.692,3.15870698
676750,4247.3662,64.692,3.160125928
676800,4251.2119,64.5984,3.156572743
676850,4256.2627,64.2384,3.138895808
676900,4261.2871,63.9486,3.125032519
676950,4266.2378,63.8586,3.122093819
677000,4270.9697,63.7452,3.11777518
677050,4275.0103,63.5652,3.109506216
677100,4279.04,63.4741,3.106116431
677150,4283.04,63.6361,3.116654399
677200,4286.9102,63.6109,3.116833338
677250,4290.4102,63.0529,3.087472644
677300,4293.7725,58.077,2.811129902
677350,4296.7427,40.527,1.958118352
677400,4290.1514,23.9598,1.210004283
677450,4253.2827,10.1898,0.702432638
677500,4223.27,0,0
677550,4212.77,0,0
677600,4201.75,0,0
677650,4189.25,0,0
677700,4174.6699,0,0
677750,4154.1699,0,0
677800,4133.6699,0,0
677850,4113.1699,0,0
677900,4092.7227,0,0
677950,4072.4258,0,0
678000,4051.1819,0,0
678050,4026.9395,0,0
678100,4002.76,0,0
678150,3978.76,0,0
678200,3954.5,0,0
678250,3929.5,0,0
678300,3904.6931,0,0
678350,3880.4355,0,0
678400,3856.4243,0,0
678450,3833.1919,0,0
678500,3810.3367,0,0
678550,3788.5544,0,0
678600,3767.2727,0,0
678650,3747.5757,0,0
678700,3729.396,0,0
678750,3715.5347,0,0
678800,3701.2424,0,0
678850,3685.5859,0,0
678900,3667.5645,0,0
678950,3642.8118,0,0
679000,3617.5757,0,0
679050,3590.8081,0,0
679100,3564.6931,0,0
679150,3590,0,0
679200,3620,0,0
679250,3650,0,0
679300,3670,0,0
679350,3685,0,0
679400,3700,0,0
679450,3715,0,0
679500,3725.04,0,0
679550,3686.54,0,0
679600,3647.0801,0,0
679650,3607.5801,0,0
679700,3567.9802,0,0
679750,3528.3762,0,0
679800,3488.0203,0,0
679850,3447.6162,0,0
679900,3409.52,0,0
679950,3371.52,0,0
680000,3334,0,0
680050,3296.5,0,0
680100,3260.9199,0,0
680150,3225.4199,0,0
680200,3188.48,0,0
680250,3151.48,0,0
680300,3113.52,0,0
680350,3075.52,0,0
680400,3039.9199,0,0
680450,3004.4199,0,0
680500,2972.76,0,0
680550,2941.26,0,0
680600,2913.3862,0,0
680650,2885.6633,0,0
680700,2865.6699,0,0
680750,2846.1699,0,0
680800,2832.3101,0,0
680850,2818.8101,0,0
680900,2800.6101,0,0
680950,2782.1101,0,0
681000,2764.0801,0,0
681050,2746.0801,0,0
681100,2728.8586,0,0
681150,2711.6868,0,0
681200,2690.3601,0,0
681250,2668.8601,0,0
681300,2648.8,0,0
681350,2628.8,0,0
681400,2608.5149,0,0
681450,2588.2178,0,0
681500,2561.6201,0,0
681550,2534.6201,0,0
681600,2503.0908,0,0
681650,2471.2727,0,0
681700,2443.1201,0,0
681750,2415.1201,0,0
681800,2390.48,0,0
681850,2365.98,0,0
681900,2338.6001,0,0
681950,2311.1001,0,0
682000,2280.72,0,0
682050,2250.22,0,0
682100,2224.04,0,0
682150,2198.04,0,0
682200,2176.5645,0,0
682250,2155.2773,0,0
682300,2132.8501,0,0
682350,2110.3501,0,0
682400,2099.6001,0,0
682450,2089.6001,0,0
682500,2081.8789,0,0
682550,2074.303,0,0
682600,2066.8,0,0
682650,2059.3,0,0
682700,2045.08,0,0
682750,2030.58,0,0
682800,2018.96,0,0
682850,2007.46,0,0
682900,1996.0693,0,0
682950,1984.6832,0,0
683000,1974.0303,0,0
683050,1963.4242,0,0
683100,1957.24,0,0
683150,1951.24,0,0
683200,1948.12,0,0
683250,1945.12,0,0
683300,1946.901,0,0
683350,1948.8812,0,0
683400,1959.8101,4.0723,0.162369949
683450,1971.3101,11.3443,0.452732891
683500,1978.6465,18.8784,0.705348914
683550,1985.7172,26.6184,0.955391152
683600,1995.0297,30.2659,1.068642959
683650,2004.4357,30.6979,1.082292206
683700,2012.05,31.4569,1.106215152
683750,2019.55,32.4727,1.137906061
683800,2026.11,32.2036,1.130546667
683850,2032.61,30.84,1.090013333
683900,2040.99,35.2296,1.224047273
683950,2049.49,44.1396,1.495077576
684000,2063.1599,49.068,1.652450378
684050,2077.1599,50.868,1.711707867
684100,2084.5801,48.5755,1.640154566
684150,2091.5801,43.0675,1.467691527
684200,2093.8799,35.5637,1.240582412
684250,2095.8799,26.4917,0.963262257
684300,2090.7778,18.2664,0.694143591
684350,2085.2222,10.7064,0.434176233
684400,2082.6238,7.7832,0.315498834
684450,2080.1484,8.5032,0.344546375
684500,2080.9495,8.8301,0.357838698
684550,2081.9597,8.8481,0.358626872
684600,2082.96,8.6645,0.351242249
684650,2083.96,8.3225,0.337432939
684700,2085.4399,8.5248,0.345718099
684750,2086.9399,9.1548,0.371357729
684800,2088.4399,10.0771,0.408869663
684850,2089.9399,11.2291,0.455722015
684900,2092.8516,12.6936,0.512383957
684950,2095.8218,14.4036,0.568434636
685000,2098.3501,15.4685,0.603415611
685050,2100.8501,16.0265,0.621850148
685100,2102.4099,16.4317,0.635222984
685150,2103.9099,16.7168,0.644669359
685200,2103.5251,18.617,0.706763583
685250,2103.0203,21.893,0.813818036
685300,2105.3762,23.4687,0.865598514
685350,2107.8516,23.596,0.870043298
685400,2106.5901,23.652,0.871731346
685450,2105.0901,23.652,0.871560304
685500,2104.0601,24.7507,0.90736719
685550,2103.0601,26.7127,0.971391837
685600,2109.5801,33.7248,1.186761224
685650,2116.5801,44.7048,1.521441191
685700,2129.6899,55.7957,1.878403445
685750,2143.1899,66.9737,2.260365264
685800,2151.5959,73.3435,2.484537207
685850,2159.6768,75.9355,2.582940809
685900,2165.28,77.3179,2.636491055
685950,2170.78,77.7499,2.654402883
686000,2179.1599,79.9157,2.738310015
686050,2187.6599,83.4437,2.873524832
686100,2196.6399,85.9435,2.970430745
686150,2205.6399,87.6355,3.043661575
686200,2214.6399,87.9466,3.061068459
686250,2223.6399,87.1726,3.030389199
686300,2231.6799,86.2272,2.992927481
686350,2239.6799,85.1472,2.954915082
686400,2248.6399,83.6942,2.903102743
686450,2257.6399,81.9482,2.84017045
686500,2269.52,84.073,2.924367068
686550,2281.52,89.239,3.145861115
686600,2291.1201,92.9534,3.31553023
686650,2300.6201,95.5274,3.434532134
686700,2307.72,96.9725,3.502259091
686750,2314.72,97.5305,3.530804545
686800,2323.0791,99.5702,3.627317773
686850,2331.4951,102.7742,3.776779591
686900,2341.3999,107.4974,3.995972682
686950,2351.3999,113.4143,4.340597229
687000,2359.52,116.5442,4.527029321
687050,2367.52,117.3002,4.580319064
687100,2375.05,117.648,4.607456035
687150,2382.55,117.648,4.612114785
687200,2390.99,117.2448,4.590771168
687250,2399.49,116.5248,4.548025734
687300,2406.5801,116.0366,4.519398762
687350,2413.5801,115.7306,4.502648754
687400,2420.1716,115.596,4.497589053
687450,2426.7373,115.596,4.500676333
687500,2430.802,115.2533,4.483057018
687550,2434.7625,114.6413,4.450358108
687600,2440.2222,113.5736,4.392763114
687650,2445.7778,112.1478,4.315219195
687700,2450.8,110.0291,4.198677766
687750,2455.8,107.32,4.049261637
687800,2460.8,105.0696,3.939890909
687850,2465.8,103.1796,3.856254545
687900,2471.76,94.0421,3.443767092
687950,2477.76,79.2101,2.808402395
688000,2484.24,68.4,2.402749476
688050,2490.74,60.75,2.131526576
688100,2497.24,53.2411,1.869790906
688150,2503.74,45.8431,1.616331461
688200,2503.04,34.3627,1.253974755
688250,2502.04,19.6747,0.782199694
688300,2482.3201,9.5126,0.412323506
688350,2461.8201,2.9066,0.125540327
688400,2453.8,2.2176,0.095648873
688450,2446.3,6.1776,0.266106105
688500,2458.48,15.2582,0.62600802
688550,2471.48,28.3622,1.068124848
688600,2480.6399,34.8034,1.264423018
688650,2489.6399,36.0094,1.302059382
688700,2497.6799,39.0197,1.394255139
688750,2505.6799,43.4477,1.534199988
688800,2516.0801,45.6682,1.613765161
688850,2526.5801,46.1542,1.63356031
688900,2536.6001,46.3176,1.642093927
688950,2546.6001,46.2276,1.641844434
689000,2557.4556,45.9562,1.635525473
689050,2568.3464,45.5422,1.62422016
689100,2578.8701,44.2714,1.582833503
689150,2589.3701,42.3274,1.517731698
689200,2599.3999,41.3914,1.489094497
689250,2609.3999,41.2474,1.48696973
689300,2619.8701,40.8917,1.478383252
689350,2630.3701,40.3697,1.464603079
689400,2634.29,32.953,1.234936754
689450,2637.79,20.119,0.818415548
689500,2636.5901,18.504,0.762488521
689550,2635.0901,25.704,1.009697816
689600,2644.3999,31.009,1.176260669
689650,2654.3999,34.825,1.297097106
689700,2663.9299,36.1109,1.339191736
689750,2673.4299,35.4089,1.3191674
689800,2677.29,33.8299,1.270454172
689850,2680.79,31.5619,1.199988538
689900,2681.9399,29.0016,1.11986486
689950,2682.9399,26.2116,1.032474642
690000,2684.4099,25.861,1.021686033
690050,2685.9099,27.427,1.071076367
690100,2687.4099,28.8518,1.116060611
690150,2688.9099,30.1658,1.157590015
690200,2693.7,30.4315,1.166770653
690250,2698.7,29.8735,1.150076838
690300,2701.3501,29.6683,1.144067424
690350,2703.8501,29.7403,1.14676098
690400,2705.4099,29.772,1.148026119
690450,2706.9099,29.772,1.148282342
690500,2709.8484,29.4696,1.139244966
690550,2712.8789,28.9296,1.122712643
690600,2714.4399,28.8432,1.12024385
690650,2715.9399,29.1132,1.12902016
690700,2717.9199,29.2723,1.134378762
690750,2719.9199,29.3443,1.136991766
690800,2720,30.515,1.174010621
690850,2720,32.549,1.238304463
690900,2725.7029,35.4096,1.329906685
690950,2731.6436,38.9196,1.442341921
691000,2740.0708,42.5707,1.568057355
691050,2748.6565,46.3327,1.705797203
691100,2758.1201,50.4374,1.856583134
691150,2767.6201,54.8114,2.019670405
691200,2775.604,57.7037,2.14011156
691250,2783.5247,59.4317,2.214123525
691300,2789.697,61.9862,2.321451925
691350,2795.7576,65.1902,2.455924812
691400,2801.76,66.8218,2.526215506
691450,2807.76,67.2178,2.546104479
691500,2815.2,67.3416,2.555975941
691550,2822.7,67.2516,2.557258025
691600,2828.28,67.3027,2.562996215
691650,2833.78,67.4647,2.573188274
691700,2841.6799,68.9371,2.638186159
691750,2849.6799,71.4391,2.745270909
691800,2856.24,74.9894,2.894271586
691850,2862.74,79.3634,3.089886078
691900,2869.24,81.1267,3.17932625
691950,2875.74,80.8387,3.171336488
692000,2882.24,80.2282,3.147981241
692050,2888.74,79.3642,3.112510789
692100,2895.72,78.9739,3.099987945
692150,2902.72,78.9559,3.105229207
692200,2910.2,79.0891,3.118121784
692250,2917.7,79.3411,3.136736288
692300,2925.1404,79.1526,3.134251075
692350,2932.5786,78.6179,3.115175126
692400,2940.05,78.1167,3.097699113
692450,2947.55,77.644,3.081583308
692500,2955.5901,78.8432,3.146228859
692550,2964.0901,81.3561,3.274593439
692600,2973.1299,84.5338,3.435734146
692650,2982.6299,88.2778,3.633679695
692700,2991.3201,90.5302,3.759095014
692750,2999.3201,91.512,3.818534116
692800,3005.97,91.8835,3.842564039
692850,3011.47,91.7755,3.840691239
692900,3018.05,93.2098,3.919431694
692950,3025.55,95.8558,4.062861815
693000,3033.05,96.8004,4.11819343
693050,3040.55,96.4084,4.102748198
693100,3046.1599,96.3065,4.101330969
693150,3050.1599,96.452,4.111922888
693200,3054.4299,96.3064,4.107228124
693250,3058.9299,95.9322,4.090506466
693300,3063.4299,95.76,4.084528166
693350,3067.9299,95.76,4.087733025
693400,3073.24,95.3574,4.070001454
693450,3079.24,94.612,4.034369139
693500,3085.24,94.2739,4.020473722
693550,3091.24,94.2559,4.023719831
693600,3097.8181,93.8549,4.006799782
693650,3104.8889,93.1529,3.975000237
693700,3112.7129,92.5517,3.94918439
693750,3121.1287,92.0297,3.927868806
693800,3128.5454,91.5581,3.908491988
693850,3135.1111,91.1261,3.890593632
693900,3143.2673,91.1275,3.896161945
693950,3152.6733,91.4695,3.920162101
694000,3160.51,91.5091,3.92748114
694050,3167.01,91.3111,3.921630332
694100,3173.5454,91.0426,3.912165157
694150,3180.1111,90.7186,3.899857978
694200,3187.1584,90.455,3.890995835
694250,3194.5842,90.239,3.884847531
694300,3200.97,90.0634,3.880085476
694350,3206.47,89.9194,3.876358616
694400,3212.24,89.725,3.870214418
694450,3218.24,89.491,3.862183979
694500,3225.05,89.136,3.848460703
694550,3232.55,88.686,3.830307502
694600,3237.8899,88.4779,3.823175884
694650,3241.3899,88.4599,3.824606425
694700,3245.1599,88.3814,3.823099805
694750,3249.1599,88.2554,3.819299896
694800,3254,87.9379,3.806196396
694850,3259.5557,87.4699,3.785821791
694900,3263.3862,87.2741,3.778314825
694950,3265.8613,87.2921,3.780911696
695000,3270,87.1186,3.774762984
695050,3275.5557,86.7946,3.761817467
695100,3280.52,86.2186,3.735494283
695150,3285.02,85.4446,3.698663975
695200,3288.96,85.2048,3.688975619
695250,3292.46,85.3848,3.700611588
695300,3294.8401,85.595,3.71304475
695350,3296.3401,85.829,3.726108153
695400,3298.6799,85.7506,3.723650503
695450,3301.6799,85.4266,3.708992495
695500,3303.8318,85.5461,3.716598753
695550,3305.3169,86.0141,3.741697685
695600,3306.54,86.1595,3.750008959
695650,3307.54,86.0515,3.745123003
695700,3309.0801,85.9536,3.741121604
695750,3311.0801,85.8636,3.737837447
695800,3313.3501,85.9752,3.745113924
695850,3315.8501,86.2452,3.760698686
695900,3318.8899,86.2027,3.760560139
695950,3322.3899,85.9147,3.748096022
696000,3326.1599,86.3469,3.772881321
696050,3330.1599,87.3449,3.826934426
696100,3335.24,84.577,3.687925798
696150,3341.24,78.601,3.390843895
696200,3345.3501,65.5294,2.776504935
696250,3347.8501,46.4134,1.946055782
696300,3345.22,34.2569,1.480346006
696350,3338.22,28.0289,1.2369489
696400,3327.98,18.3697,0.864230388
696450,3314.98,5.7877,0.328994938
696500,3297.6599,0,0
696550,3276.6599,0,0
696600,3262.4099,0,0
696650,3253.9099,0,0
696700,3247.8401,2.0412,0.114629647
696750,3243.8401,5.8212,0.326671952
696800,3239.3,8.1043,0.454423626
696850,3234.3,9.1123,0.506914037
696900,3225.79,9.8116,0.53216291
696950,3214.29,10.248,0.547408495
697000,3201.98,10.4198,0.55280847
697050,3188.98,10.3838,0.550542194
697100,3174.3601,10.0858,0.538662908
697150,3158.3601,9.5818,0.519345028
697200,3142.3601,9.5011,0.515432978
697250,3126.3601,9.7531,0.523474492
697300,3110.0901,9.8741,0.526754973
697350,3093.5901,9.8921,0.526334549
697400,3079.52,9.9907,0.528922893
697450,3067.52,10.1527,0.533860373
697500,3054.71,10.1736,0.533755739
697550,3041.21,10.0836,0.529726338
697600,3031.4546,10.427,0.541086776
697650,3024.8889,11.111,0.5644754
697700,3020.8911,13.7909,0.657438772
697750,3018.9109,18.0389,0.804987704
697800,3018.54,20.2373,0.881388142
697850,3019.54,20.8255,0.902008127
697900,3018.9199,20.8604,0.903119804
697950,3016.9199,20.424,0.88762035
698000,3015.73,19.3537,0.850236676
698050,3015.23,17.7854,0.795671001
698100,3014.73,16.5586,0.752983887
698150,3014.23,15.6226,0.720409416
698200,3015.3635,15.1822,0.705237936
698250,3017.8889,15.164,0.704886184
698300,3019.8401,15.156,0.704824962
698350,3021.3401,15.156,0.70499189
698400,3023.96,14.7931,0.692644949
698450,3027.46,14.1451,0.670433941
698500,3030.1201,13.6886,0.654780477
698550,3032.1201,13.3826,0.644295624
698600,3032.1682,13.3079,0.641692787
698650,3030.6831,13.4148,0.645282462
698700,3028.6499,13.4149,0.645092162
698750,3026.1499,13.324,0.641686489
698800,3023.3799,13.3445,0.642139406
698850,3020.3799,13.4525,0.645614366
698900,3017.3799,13.4496,0.645228216
698950,3014.3799,13.3596,0.641817111
699000,3011.6499,13.3805,0.642286134
699050,3009.1499,13.4885,0.645797415
699100,3005.5454,13.7678,0.655134354
699150,3001,14.1818,0.669021397
699200,2997.3367,14.4339,0.677234847
699250,2994.3665,14.5586,0.681093722
699300,2991.3799,16.2101,0.737777219
699350,2988.3799,19.1621,0.839452687
699400,2988.6201,24.7676,1.032244663
699450,2991.6201,32.6336,1.295335992
699500,2996.24,38.7792,1.501901867
699550,3002.24,43.4592,1.679895472
699600,3009.05,48.3336,1.866193491
699650,3016.55,53.3736,2.07130486
699700,3021.6201,57.8887,2.278650401
699750,3024.6201,61.9567,2.464467858
699800,3027.3501,64.5181,2.575670343
699850,3029.8501,65.7961,2.630392857
699900,3033.97,66.1993,2.649242099
699950,3039.47,65.8573,2.637476598
700000,3043.3501,65.6806,2.631874931
700050,3045.8501,65.6446,2.631535685
700100,3049.7,65.1323,2.611779121
700150,3054.7,64.2143,2.575425325
700200,3059.97,59.9526,2.391037566
700250,3065.47,52.8426,2.073364662
700300,3069.0801,48.8062,1.91081836
700350,3071.0801,47.388,1.858228143
700400,3074.97,46.9137,1.84207264
700450,3080.47,47.181,1.85460904
700500,3084.3501,47.1175,1.853944264
700550,3086.8501,46.772,1.84202017
700600,3089.6201,46.62,1.837517563
700650,3092.6201,46.62,1.838854542
700700,3095.8899,46.62,1.840312175
700750,3099.3899,46.62,1.841872907
700800,3102.3501,46.5002,1.838668664
700850,3104.8501,46.2864,1.831707769
700900,3108.97,45.77,1.814034678
700950,3114.47,44.996,1.787233592
701000,3118.3501,44.5615,1.7725337
701050,3120.8501,44.416,1.768141997
701100,3122.54,44.3419,1.766089622
701150,3123.54,44.3239,1.765852182
701200,3125.3501,44.1863,1.761451833
701250,3127.8501,43.9546,1.753798078
701300,3130.6201,44.1299,1.76165345
701350,3133.6201,44.6519,1.782725659
701400,3137.97,46.9342,1.870995545
701450,3143.47,50.716,2.019516005
701500,3148.1599,56.9409,2.299431907
701550,3152.1599,65.0855,2.658579335
701600,3156.1599,70.8926,2.910558393
701650,3160.1599,74.7086,3.086774775
701700,3164.4299,77.1736,3.20893385
701750,3168.9299,78.4876,3.275473574
701800,3172.8899,79.0823,3.306815789
701850,3176.3899,79.0643,3.308169657
701900,3180.4299,79.0074,3.307981465
701950,3184.9299,78.9174,3.306481145
702000,3188.8899,77.4763,3.239127352
702050,3192.3899,74.8843,3.115665209
702100,3196.7,78.5714,3.29719242
702150,3201.7,87.6074,3.753852806
702200,3205.3501,91.9505,3.980396969
702250,3207.8501,92.296,3.999899464
702300,3210.3501,92.2983,4.001809132
702350,3212.8501,92.031,3.989582293
702400,3215.6201,92.0927,3.99462306
702450,3218.6201,92.4347,4.015269151
702500,3222.1599,92.1935,4.004504283
702550,3226.1599,91.4555,3.968828941
702600,3229.3501,90.9216,3.943437324
702650,3231.8501,90.5616,3.926552478
702700,3233.8101,90.3085,3.91481854
702750,3235.3101,90.1465,3.907473589
702800,3237.8899,90.6163,3.933430218
702850,3241.3899,91.6243,3.987748789
702900,3243.54,91.8256,3.999567984
702950,3244.54,91.3396,3.975183804
703000,3246.6201,91.1452,3.96655753
703050,3249.6201,91.1992,3.971353451
703100,3252.3501,91.2633,3.97648832
703150,3254.8501,91.336,3.98191167
703200,3256.27,91.0757,3.969447764
703250,3256.77,90.5537,3.942879623
703300,3258.8899,90.5659,3.944931161
703350,3262.3899,90.9979,3.96954225
703400,3265.8899,90.9085,3.967282302
703450,3269.3899,90.4095,3.943917715
703500,3273.1599,90.3567,3.943726805
703550,3277.1599,90.684,3.963272047
703600,3281.97,90.8885,3.97703112
703650,3287.47,90.9965,3.986279157
703700,3292.97,90.3853,3.95848575
703750,3298.47,89.2091,3.901604005
703800,3303.1599,88.5502,3.870826054
703850,3307.1599,88.332,3.86227977
703900,3311.97,88.0445,3.850711884
703950,3317.47,87.7025,3.836804861
704000,3323.24,87.5822,3.834493231
704050,3329.24,87.6362,3.841306698
704100,3335.51,87.5802,3.842639812
704150,3342.01,87.4376,3.839671687
704200,3347.7,87.2051,3.831535237
704250,3352.7,86.896,3.818996681
704300,3356.8899,86.8709,3.820522805
704350,3360.3899,87.0689,3.833058771
704400,3364.4546,86.8738,3.82575706
704450,3369,86.3698,3.802895987
704500,3372.6799,86.148,3.793966452
704550,3375.6799,86.148,3.795984277
704600,3378.6633,86.2286,3.802134336
704650,3381.6335,86.3726,3.811533963
704700,3384.3635,85.9723,3.792791855
704750,3386.8889,85.1443,3.751929841
704800,3389.9407,84.1046,3.70054595
704850,3393.406,82.8986,3.640900865
704900,3397.97,81.7834,3.586673915
704950,3403.47,80.7394,3.536749897
705000,3408.1599,80.1802,3.511195999
705050,3412.1599,80.002,3.504752701
705100,3416.4299,79.5895,3.487161164
705150,3420.9299,78.9775,3.460245465
705200,3425.4299,78.6377,3.446583804
705250,3429.9299,78.5297,3.444211625
705300,3435.24,78.1301,3.428152641
705350,3441.24,77.4821,3.400429673
705400,3446.1599,76.8049,3.370585257
705450,3450.1599,76.1029,3.33893764
705500,3454.7,70.9783,3.09208446
705550,3459.7,62.0863,2.680587672
705600,3456.6487,44.6682,1.928910868
705650,3446.7388,19.9871,0.948620337
705700,3431.2,2.6914,0.156293554
705750,3403.7,1.0894,0.06294141
705800,3382.28,0,0
705850,3373.78,0,0
705900,3363.7227,0,0
705950,3350.3564,0,0
706000,3333.8789,0,0
706050,3310.1414,0,0
706100,3286.6399,0,0
706150,3263.6399,0,0
706200,3240.8,0,0
706250,3218.3,0,0
706300,3195.3201,0,0
706350,3171.3201,0,0
706400,3146.8401,0,0
706450,3121.3401,0,0
706500,3094.72,0,0
706550,3065.72,0,0
706600,3037.8401,0,0
706650,3012.3401,0,0
706700,2987.6399,0,0
706750,2964.6399,0,0
706800,2942.9199,0,0
706850,2923.9199,0,0
706900,2905.2971,0,0
706950,2887.4753,0,0
707000,2872.4243,0,0
707050,2863.8384,0,0
707100,2855.1484,0,0
707150,2846.2375,0,0
707200,2838.4849,0.1843,0.009205181
707250,2833.4343,0.7603,0.037890382
707300,2833.4851,3.8995,0.194340177
707350,2844.3762,12.4855,0.586438232
707400,2853.8181,19.0613,0.815186323
707450,2859.8789,21.3653,0.895767339
707500,2865.76,23.2085,0.960397344
707550,2871.26,24.0725,0.991121059
707600,2875.96,24.2107,0.996629883
707650,2878.96,22.8067,0.948555895
707700,2881.9504,22.5662,0.940705078
707750,2884.9209,24.7982,1.017323867
707800,2889.1001,28.0668,1.124813749
707850,2896.1001,33.5381,1.305149807
707900,2904.75,38.6262,1.473837796
707950,2917.25,42.8202,1.629320818
708000,2927.5,45.9742,1.749487903
708050,2932.5,46.7015,1.77813475
708100,2938.25,48.1349,1.833338291
708150,2945.75,51.0689,1.945138568
708200,2952.8181,52.3094,1.99394557
708250,2958.8789,49.9514,1.908207038
708300,2964.1089,47.6465,1.82398169
708350,2967.5742,45.4545,1.743240789
708400,2971.6499,43.7564,1.681063909
708450,2977.1499,43.2109,1.662384542
708500,2980.25,39.1363,1.510721189
708550,2977.75,27.5623,1.123582834
708600,2973.7273,18.1598,0.802512476
708650,2966.1516,13.3718,0.635707555
708700,2960.5247,10.116,0.522219144
708750,2959.0396,10.116,0.521992874
708800,2957.697,10.5019,0.535137354
708850,2956.6868,11.7079,0.576700951
708900,2956.1584,14.3872,0.66930147
708950,2956.6536,20.1971,0.870351736
709000,2957.606,25.1749,1.040915474
709050,2959.6262,28.2113,1.141942714
709100,2961.1584,32.5282,1.285440588
709150,2961.6536,39.5662,1.521459305
709200,2961.394,44.1101,1.691026149
709250,2959.3738,43.3541,1.662169806
709300,2952.9307,35.9856,1.398246422
709350,2937.0891,14.5656,0.67254744
709400,2917.9697,0,0
709450,2891.2019,0,0
709500,2869.3201,0,0
709550,2857.8201,0,0
709600,2843.4399,0,0
709650,2822.9399,0,0
709700,2803.1819,0,0
709750,2785,0,0
709800,2767.6138,0,0
709850,2751.7722,0,0
709900,2734.3464,0,0
709950,2713.5544,0,0
710000,2692.9395,0,0
710050,2672.7373,0,0
710100,2652.9199,0,0
710150,2633.9199,0,0
710200,2614.1201,0,0
710250,2592.6201,0,0
710300,2572.2971,0,0
710350,2554.4753,0,0
710400,2536.8484,0,0
710450,2519.6768,0,0
710500,2501.8586,0,0
710550,2482.6667,0,0
710600,2464.6138,0,0
710650,2448.7722,0,0
710700,2432.7722,0,0
710750,2416.4355,0,0
710800,2400.4546,0,0
710850,2385.303,0,0
710900,2372.1201,0,0
710950,2363.1201,0,0
711000,2354.28,0,0
711050,2345.78,0,0
711100,2336.48,0,0
711150,2325.48,0,0
711200,2314.8,0,0
711250,2304.8,0,0
711300,2293.6799,0,0
711350,2280.1799,0,0
711400,2266.3601,0,0
711450,2251.8601,0,0
711500,2238.1211,0,0
711550,2226,0,0
711600,2213.2871,0,0
711650,2199.4258,0,0
711700,2185.7227,0,0
711750,2172.3564,0,0
711800,2159.8181,0,0
711850,2149.2122,0,0
711900,2138.6733,0,0
711950,2128.2773,0,0
712000,2117.6667,0,0
712050,2106.5557,0,0
712100,2095.0396,0,0
712150,2082.6633,0,0
712200,2070.3635,0,0
712250,2058.2424,0,0
712300,2044.9307,0,0
712350,2029.0891,0,0
712400,2014.5151,0,0
712450,2002.899,0,0
712500,1990.4059,0,0
712550,1976.0496,0,0
712600,1962.3636,0,0
712650,1950.2424,0,0
712700,1938.198,0,0
712750,1926.3168,0,0
712800,1914.3636,0,0
712850,1902.2424,0,0
712900,1890.8317,0,0
712950,1880.9307,0,0
713000,1870.9697,0,0
713050,1860.8687,0,0
713100,1852.24,0,0
713150,1846.74,0,0
713200,1841.72,0,0
713250,1837.72,0,0
713300,1835,0.8525,0.033655744
713350,1835,3.5165,0.138827477
713400,1839.3199,7.7472,0.305955128
713450,1852.8199,15.3072,0.586629685
713500,1864.6931,21.3523,0.783669613
713550,1873.1089,24.1783,0.875701785
713600,1881.1212,26.3822,0.947409556
713650,1888.1919,27.2642,0.976092058
713700,1896.2,29.1946,1.035973693
713750,1906.2,33.3526,1.16128313
713800,1916.04,36.4277,1.254091906
713850,1925.54,37.2017,1.277586721
713900,1934.3762,37.5725,1.288926639
713950,1941.802,37.0865,1.274380703
714000,1949.4242,36.8078,1.266087419
714050,1957.505,36.9698,1.27111388
714100,1966.3268,37.0282,1.27302463
714150,1976.7228,36.8662,1.268294234
714200,1985.9697,36.756,1.265107906
714250,1992.5354,36.756,1.265213351
714300,1999.6931,36.756,1.265328398
714350,2008.1089,36.756,1.26631623
714400,2016.1,36.7099,1.265887879
714450,2023.1,36.5659,1.262372727
714500,2029.95,36.5141,1.261633333
714550,2036.45,36.6581,1.266784848
714600,2042.8182,36.756,1.270523418
714650,2048.8789,36.756,1.271258048
714700,2055.2178,36.756,1.2720264
714750,2062.1484,36.756,1.272866473
714800,2068.6667,37.1304,1.285002024
714850,2074.2222,38.3004,1.321129964
714900,2080.5347,39.2899,1.351879964
714950,2088.4556,39.8958,1.371200679
715000,2096.1211,40.5055,1.390605588
715050,2103.1919,41.1236,1.410192958
715100,2110.2178,41.4979,1.422387006
715150,2117.1484,41.3539,1.418863442
715200,2124.2727,40.8701,1.405066388
715250,2131.8484,39.6641,1.3694392
715300,2138.2673,38.1482,1.324280885
715350,2142.2278,35.974,1.258876097
715400,2145.9092,34.0756,1.201795055
715450,2148.9395,32.8211,1.164147212
715500,2152.7427,32.0083,1.139977903
715550,2158.1882,32.1343,1.144456145
715600,2163.5151,32.1509,1.145604861
715650,2168.5657,31.9349,1.1396716
715700,2174.24,32.053,1.143938182
715750,2181.24,32.881,1.169877576
715800,2187.6001,34.1294,1.2084788
715850,2192.6001,36.2714,1.273993952
715900,2198.3762,38.0131,1.327472873
715950,2205.802,38.9042,1.355376
716000,2213.4243,39.5116,1.374705976
716050,2221.5051,39.4571,1.374033952
716100,2227.96,39.5755,1.378404242
716150,2230.96,40.0615,1.393495152
716200,2234.9199,40.127,1.395959988
716250,2240.9199,39.299,1.371596352
716300,2247.0801,39.0874,1.365930921
716350,2253.5801,40.1854,1.399991527
716400,2259.4399,40.9032,1.422453321
716450,2263.9399,40.8132,1.420271503
716500,2269.0593,40.8902,1.42322537
716550,2275.4951,41.3222,1.437096376
716600,2281.9697,41.5238,1.443990267
716650,2288.5354,41.2358,1.436058836
716700,2295.2178,41.1322,1.43372943
716750,2302.1484,41.4202,1.443296776
716800,2308.8,41.3568,1.442181818
716850,2314.8,40.5468,1.418363636
716900,2319.75,39.1234,1.375830303
716950,2322.25,36.3967,1.293506061
717000,2324.7576,33.6044,1.209194861
717050,2327.2827,30.6589,1.120243358
717100,2329.792,28.3219,1.049729333
717150,2332.2673,27.2779,1.018393006
717200,2334.45,26.7984,1.004127273
717250,2335.95,27.5184,1.026127273
717300,2337.75,28.4342,1.05409697
717350,2340.25,29.7662,1.094763636
717400,2344.2727,31.6627,1.152720933
717450,2351.8484,34.7587,1.247457382
717500,2358.4399,38.0794,1.348883624
717550,2362.9399,41.8774,1.464519988
717600,2368.24,47.1269,1.637622791
717650,2375.24,55.4609,1.918906327
717700,2382.0593,63.6106,2.20488169
717750,2388.4951,71.3686,2.481453459
717800,2393.9092,77.0396,2.698032872
717850,2396.9395,78.276,2.746183554
717900,2399.9504,79.0556,2.776915104
717950,2402.9209,78.9487,2.773804073
718000,2408.1819,78.5016,2.758445968
718050,2418.7878,77.3316,2.717177977
718100,2426.792,76.0867,2.672147341
718150,2429.2673,74.6827,2.619229674
718200,2432.9697,75.289,2.643596422
718250,2439.5354,80.167,2.832426275
718300,2445.5842,83.7432,2.971406526
718350,2450.5347,84.5532,3.004887671
718400,2456.1001,84.8621,3.021142934
718450,2463.1001,84.1061,2.99133233
718500,2470.55,84.1738,2.996498317
718550,2479.05,85.9918,3.081810098
718600,2487.2727,88.668,3.206735996
718650,2494.8484,93.168,3.414425713
718700,2502.3762,97.4203,3.612163631
718750,2509.802,101.1463,3.788670826
718800,2518,103.7318,3.914522344
718850,2528,103.8938,3.931794881
718900,2538.3,103.5763,3.92744978
718950,2549.3,102.2396,3.876882898
719000,2560.0303,101.2004,3.839501769
719050,2570.1313,100.8549,3.833395175
719100,2580.01,100.62,3.832168534
719150,2589.4158,100.62,3.841389233
719200,2599.0303,100.62,3.850859625
719250,2609.1313,100.62,3.860858699
719300,2619.1682,100.3348,3.857490657
719350,2629.0693,99.4438,3.825532981
719400,2638.8789,98.6291,3.796915141
719450,2648.4749,97.9927,3.776356283
719500,2658.1682,97.6637,3.770328929
719550,2668.0693,97.9877,3.795434843
719600,2677.4243,98.1619,3.8130034
719650,2685.5051,98.0179,3.814223393
719700,2692.5842,97.92,3.816644118
719750,2697.5347,97.92,3.821612725
719800,2702.0605,97.92,3.826166195
719850,2705.5959,97.92,3.829730623
719900,2709.7427,97.4295,3.810414206
719950,2715.1882,95.8969,3.742347452
720000,2721.1211,94.824,3.69665711
720050,2728.1919,94.824,3.703589742
720100,2736.1682,94.4305,3.692453828
720150,2746.0693,93.2008,3.642707429
720200,2756.1819,92.4054,3.613971685
720250,2766.7878,92.6236,3.634858597
720300,2777.9604,90.8672,3.560092438
720350,2790.3367,84.9147,3.289043285
720400,2804.1516,78.7298,3.009643397
720450,2821.3232,72.0025,2.748583613
720500,2837.4355,67.6008,2.581125642
720550,2851.2971,68.1408,2.612281958
720600,2865.697,65.7374,2.523986099
720650,2881.3535,57.0794,2.166196005
720700,2894.2178,47.7763,1.80516564
720750,2901.1484,37.1023,1.423017029
720800,2908.4243,29.7864,1.184598659
720850,2916.5051,29.6064,1.180180574
720900,2924.8516,29.5924,1.181263475
720950,2933.7625,29.931,1.194087784
721000,2942.7273,30.1898,1.204331658
721050,2951.8181,30.2625,1.208475056
721100,2961.1682,32.7129,1.291570542
721150,2971.0693,40.2159,1.548469767
721200,2980.2727,45.7789,1.75956369
721250,2987.8484,46.8153,1.800954656
721300,2995.0593,47.5485,1.830943693
721350,3001.4951,47.6376,1.836663464
721400,3008.55,48.4909,1.871886675
721450,3017.05,51.1273,1.974864125
721500,3024.3982,55.1837,2.15750471
721550,3029.0593,62.2577,2.480232009
721600,3033.7205,68.0409,2.726396051
721650,3037.76,71.0812,2.856046626
721700,3041.76,74.1216,2.985898297
721750,3044.3501,75.776,3.065396688
721800,3046.8501,77.342,3.142692046
721850,3048.8799,78.282,3.189427168
721900,3050.8799,79.182,3.234212821
721950,3054.76,78.2885,3.193459785
722000,3058.76,77.2805,3.147238681
722050,3064.6399,77.2538,3.149661272
722100,3070.6399,77.2898,3.155193422
722150,3075.7,76.869,3.138032833
722200,3080.7,76.419,3.119418107
722250,3087.1101,76.5612,3.130346527
722300,3093.6101,76.7412,3.143163862
722350,3101.05,77.0058,3.160673644
722400,3108.55,77.2758,3.17848792
722450,3115.5801,77.9011,3.21321249
722500,3122.5801,78.5491,3.249026647
722550,3129.1101,77.3021,3.192777154
722600,3135.6101,75.9341,3.130633691
722650,3141.1699,75.3444,3.105583129
722700,3146.6699,74.8044,3.082897203
722750,3151.23,74.9412,3.092404819
722800,3155.73,75.1212,3.103969394
722850,3161.1699,74.7767,3.090712888
722900,3166.6699,74.3987,3.075867955
722950,3174.05,74.376,3.079428978
723000,3181.55,74.376,3.084167257
723050,3189.99,73.75,3.059148068
723100,3198.49,73.084,3.032218746
723150,3207.46,72.8579,3.026913691
723200,3216.46,72.6599,3.022988912
723250,3226.3999,72.9187,3.041820578
723300,3236.3999,73.2067,3.062114602
723350,3246.3999,73.224,3.069276648
723400,3256.3999,73.224,3.075601565
723450,3266.3999,72.8687,3.064675872
723500,3276.3999,72.4907,3.052643428
723550,3284.99,72.4849,3.057795092
723600,3293.49,72.5029,3.064047775
723650,3303.3069,72.3365,3.062175507
723700,3313.208,72.1583,3.059782305
723750,3319.52,71.8429,3.048446952
723800,3325.52,71.5156,3.03633289
723850,3333.7312,72.8158,3.104748247
723900,3342.1345,74.2198,3.178355416
723950,3348.7,72.5443,3.101038301
724000,3353.7,70.6723,3.013152698
724050,3359.24,70.6615,3.016132277
724100,3365.24,70.7695,3.025183537
724150,3370.97,70.6576,3.02336605
724200,3376.47,70.5316,3.020716408
724250,3381.97,71.0147,3.047710122
724300,3387.47,71.5367,3.076603022
724350,3391.6201,72.1094,3.10711306
724400,3394.6201,72.6854,3.137057758
724450,3397.0801,74.6489,3.234209725
724500,3399.0801,76.7009,3.335385486
724550,3401.3501,74.709,3.239857879
724600,3403.8501,72.459,3.131901384
724650,3406.3501,67.0619,2.879208157
724700,3408.8501,61.4639,2.625841527
724750,3408.3799,48.9118,2.078089279
724800,3405.3799,35.9158,1.570351648
724850,3391.04,18.6221,0.884828128
724900,3367.04,1.0541,0.060491905
724950,3347.6299,0,0
725000,3332.1299,0,0
725050,3322.3,0,0
725100,3317.3,0,0
725150,3308.25,0,0
725200,3295.75,0,0
725250,3285.6799,0,0
725300,3277.6799,0,0
725350,3268.3301,0,0
725400,3257.8301,0,0
725450,3245.98,0,0
725500,3232.98,0,0
725550,3217.55,0,0
725600,3200.05,0,0
725650,3179.8501,0,0
725700,3157.3501,0,0
725750,3133.77,0,0
725800,3109.27,0,0
725850,3083.6899,0,0
725900,3057.1899,0,0
725950,3029.8799,0,0
726000,3001.8799,0,0
726050,2973.6101,0,0
726100,2945.1101,0,0
726150,2916.3401,0,0
726200,2887.3401,0,0
726250,2857.8,0,0
726300,2827.8,0,0
726350,2799.6899,0,0
726400,2773.1899,0,0
726450,2749.1201,0,0
726500,2727.1201,0,0
726550,2705.1201,0,0
726600,2683.1201,0,0
726650,2660.5801,0,0
726700,2637.5801,0,0
726750,2615.9299,0,0
726800,2595.4299,0,0
726850,2575.2,0,0
726900,2555.2,0,0
726950,2533.3101,0,0
727000,2509.8101,0,0
727050,2486.04,0,0
727100,2462.04,0,0
727150,2438.04,0,0
727200,2414.04,0,0
727250,2391.1201,0,0
727300,2369.1201,0,0
727350,2347.1201,0,0
727400,2325.1201,0,0
727450,2302.1682,0,0
727500,2278.406,0,0
727550,2255.4443,0,0
727600,2233.2222,0,0
727650,2214.0901,0,0
727700,2197.5901,0,0
727750,2180.55,0,0
727800,2163.05,0,0
727850,2145.28,0,0
727900,2127.28,0,0
727950,2112.79,0,0
728000,2101.29,0,0
728050,2091.4099,0,0
728100,2082.9099,0,0
728150,2076.8401,0,0
728200,2072.8401,0,0
728250,2068.03,0,0
728300,2062.53,0,0
728350,2064.3201,4.6022,0.186002189
728400,2072.3201,9.4982,0.384375694
728450,2077.6201,14.6311,0.574499055
728500,2080.6201,19.7791,0.742533956
728550,2084.97,21.1032,0.786141737
728600,2090.47,22.1832,0.821956439
728650,2095.1599,22.3834,0.828998375
728700,2099.1599,22.5274,0.834137156
728750,2102.6201,21.3854,0.797181529
728800,2105.6201,20.1614,0.757464971
728850,2109.7,20.088,0.755467717
728900,2114.7,20.088,0.755962438
728950,2117.54,18.0238,0.688631188
729000,2118.54,15.8278,0.616782372
729050,2121.406,18.2002,0.694761053
729100,2125.8613,20.8642,0.782521178
729150,2129.3,20.7364,0.778681748
729200,2131.8,20.4304,0.76889554
729250,2134.8384,21.4103,0.8013717
729300,2138.3738,22.4723,0.836624768
729350,2141.8899,22.9421,0.852448889
729400,2145.3899,23.3741,0.867043137
729450,2149.97,26.3441,0.965262637
729500,2155.47,29.4761,1.063575152
729550,2159.604,30.1716,1.085152
729600,2162.5742,30.7116,1.101875661
729650,2166.1011,31.0993,1.114051648
729700,2170.1414,31.4773,1.125995927
729750,2173.6201,31.0939,1.114799406
729800,2176.6201,30.6619,1.102072133
729850,2179.8899,30.636,1.101683624
729900,2183.3899,30.636,1.102107867
729950,2186.0801,30.2807,1.091667285
730000,2188.0801,29.9027,1.080455164
730050,2191.7,30.1507,1.088409091
730100,2196.7,30.4387,1.097742424
730150,2201.1599,30.4052,1.097267867
730200,2205.1599,30.3512,1.096116352
730250,2207.8101,30.1619,1.090701224
730300,2209.3101,29.9639,1.084883042
730350,2212.1599,30.0535,1.087943624
730400,2216.1599,30.1615,1.0917012
730450,2220.1599,29.5758,1.074437564
730500,2224.1599,28.9458,1.055831503
730550,2228.4299,29.2972,1.066997564
730600,2232.9299,29.7112,1.080088473
730650,2235,28.3486,1.039048485
730700,2235,26.8726,0.993765802
730750,2236.3501,26.2087,0.971854571
730800,2238.8501,25.5967,0.951808324
730850,2240.8101,25.4077,0.945764469
730900,2242.3101,25.2457,0.940558959
730950,2243,25.2529,0.940885174
731000,2243,25.2709,0.941484614
731050,2244.0801,25.8134,0.959689165
731100,2246.0801,26.3894,0.979134919
731150,2248.8899,26.7793,0.992496431
731200,2252.3899,27.1573,1.005056352
731250,2254.54,28.7536,1.053689697
731300,2255.54,30.4276,1.104538182
731350,2258.1599,31.594,1.1402012
731400,2262.1599,32.728,1.175049685
731450,2266.97,32.4576,1.167438788
731500,2272.47,32.0976,1.157196364
731550,2275,32.3636,1.165563636
731600,2275,32.6696,1.174836364
731650,2277.4299,32.6203,1.173636958
731700,2281.9299,32.5483,1.172000594
731750,2286.97,32.6455,1.17555697
731800,2292.47,32.7535,1.179496364
731850,2298.78,36.6347,1.297873333
731900,2305.78,40.7567,1.423630909
731950,2314.1299,43.1021,1.495715745
732000,2323.6299,45.3341,1.570816554
732050,2332.3201,48.3106,1.671294634
732100,2340.3201,51.3346,1.773578299
732150,2347.24,56.3382,1.942135058
732200,2353.24,61.4682,2.121613712
732250,2358.1599,64.4832,2.229472235
732300,2362.1599,67.3632,2.332381723
732350,2365.8899,73.5257,2.555307105
732400,2369.3899,79.8977,2.799027202
732450,2372.0801,83.6809,2.943998017
732500,2374.0801,87.2989,3.097323229
732550,2379.8601,87.8375,3.123930136
732600,2388.8601,88.1795,3.14306547
732650,2391.9199,87.6416,3.120132331
732700,2389.9199,87.0476,3.092568149
732750,2389.27,90.2776,3.237654502
732800,2389.77,93.7516,3.394210111
732850,2391.8899,97.6147,3.569709045
732900,2395.3899,101.5027,3.748027227
732950,2398.8899,105.12,3.914040864
733000,2402.3899,108.72,4.099031381
733050,2407.78,109.2575,4.132453298
733100,2414.78,109.5995,4.155574004
733150,2423.1299,109.0109,4.126731469
733200,2432.6299,108.3629,4.095270699
733250,2441.5901,108.3748,4.100791662
733300,2450.0901,108.4287,4.108402356
733350,2459.3999,108.0598,4.092714213
733400,2469.3999,107.6637,4.075944144
733450,2479.1299,107.64,4.079887112
733500,2488.6299,107.64,4.085009181
733550,2498.9399,107.7754,4.098067491
733600,2509.9399,107.9194,4.118651058
733650,2520.6699,112.801,4.402172892
733700,2531.1699,117.9849,4.765514967
733750,2541.3999,117.8053,4.767631195
733800,2551.3999,117.2833,4.744503272
733850,2561.9399,116.609,4.71120049
733900,2572.9399,115.925,4.677996933
733950,2584.1484,115.7148,4.679489905
734000,2595.5347,115.5348,4.683421584
734050,2606.46,115.0841,4.667149936
734100,2616.96,114.6161,4.649060056
734150,2627.98,113.1498,4.560125392
734200,2639.48,111.6198,4.475320259
734250,2649.9399,110.541,4.428400508
734300,2659.4399,109.491,4.382047258
734350,2669.46,108.9011,4.361483664
734400,2679.96,108.7031,4.362867594
734450,2689.9399,108.5245,4.364701939
734500,2699.4399,108.3625,4.366879825
734550,2709.72,108.288,4.374704117
734600,2720.72,108.288,4.387379727
734650,2730.99,108.288,4.399186869
734700,2740.5859,108.288,4.410195299
734750,2750.6699,108.2686,4.420690495
734800,2761.1699,108.2326,4.430741358
734850,2771.9399,107.9924,4.430065223
734900,2782.9399,107.5784,4.420291302
734950,2793.1299,106.4646,4.371966058
735000,2802.6299,104.7546,4.29091009
735050,2812.3999,103.4723,4.233296349
735100,2822.3999,102.5543,4.195609384
735150,2832.3999,102.1223,4.184041503
735200,2842.3999,102.1043,4.194655433
735250,2852.3999,101.9016,4.195372195
735300,2862.3999,101.5416,4.187686802
735350,2872.3999,101.376,4.190388686
735400,2882.3999,101.376,4.201909844
735450,2892.0791,100.9483,4.190268851
735500,2901.4851,100.1563,4.158962769
735550,2911.5151,99.6462,4.143416452
735600,2922.1211,99.3762,4.141309169
735650,2932.3999,98.6688,4.115643835
735700,2942.3999,97.5888,4.069982092
735750,2952.3999,97.0823,4.054753174
735800,2962.3999,97.0643,4.065369135
735850,2971.5901,96.813,4.062712923
735900,2980.0901,96.363,4.048785517
735950,2989.1299,95.913,4.035506828
736000,2998.6299,95.463,4.022785276
736050,3007.5444,95.256,4.018665288
736100,3015.9604,95.256,4.0244762
736150,3025.46,94.8575,4.009973458
736200,3035.96,94.1195,3.978615937
736250,3045.1599,93.857,3.971222722
736300,3053.1599,93.9996,3.983990628
736350,3061.9399,93.7844,3.978763981
736400,3071.4399,93.2389,3.956935198
736450,3080.99,92.8714,3.944356095
736500,3090.5859,92.6554,3.939647851
736550,3099.8601,91.9436,3.909088739
736600,3108.8601,90.8096,3.856529977
736650,3117.8601,90.0547,3.823585399
736700,3126.8601,89.6227,3.807339775
736750,3136.1526,89.3268,3.798329894
736800,3145.6946,89.1468,3.795479214
736850,3155.2366,88.8362,3.785884519
736900,3164.3635,87.7235,3.734594543
736950,3173.4546,86.6108,3.68329964
737000,3182.3762,86.0364,3.65969513
737050,3191.2871,85.4964,3.6378674
737100,3199.8201,85.464,3.641983258
737150,3208.3201,85.464,3.647746832
737200,3218.2,83.129,3.534003739
737250,3228.2,80.645,3.417861954
737300,3236.4343,80.0222,3.392898734
737350,3244.5151,79.5182,3.373595954
737400,3253.9299,79.488,3.378139957
737450,3263.4299,79.488,3.384206439
737500,3273.7722,77.2376,3.281520172
737550,3284.1682,74.8436,3.17185123
737600,3291.4399,73.7186,3.121812517
737650,3298.4399,72.6746,3.0755234
737700,3308.2,71.0723,3.00383443
737750,3318.2,69.4343,2.936262718
737800,3324.52,53.8567,2.250470162
737850,3330.52,37.3894,1.593779061
737900,3310.3,19.3113,0.896824582
737950,3287.8,1.0931,0.06183028
738000,3276.3401,0,0
738050,3265.8401,0,0
738100,3260.3999,0,0
738150,3255.3999,0,0
738200,3238.7373,0,0
738250,3221.0605,0,0
738300,3203.55,0,0
738350,3186.05,0,0
738400,3163.8501,0,0
738450,3141.3501,0,0
738500,3116.5,0,0
738550,3091.5,0,0
738600,3068.3799,0,0
738650,3045.3799,0,0
738700,3028.49,0,0
738750,3011.99,0,0
738800,2992.2,0,0
738850,2972.2,0,0
738900,2948.9099,0,0
738950,2925.4099,0,0
739000,2901.4399,0,0
739050,2877.4399,0,0
739100,2853.4399,0,0
739150,2829.4399,0,0
739200,2807.0593,0,0
739250,2784.7822,0,0
739300,2758.6201,0,0
739350,2732.1201,0,0
739400,2707.9199,0,0
739450,2683.9199,0,0
739500,2660.8401,0,0
739550,2637.8401,0,0
739600,2615.3,0,0
739650,2592.8,0,0
739700,2568.9199,0,0
739750,2544.9199,0,0
739800,2518.6201,0,0
739850,2492.1201,0,0
739900,2466.54,0,0
739950,2441.04,0,0
740000,2415.0801,0,0
740050,2389.0801,0,0
740100,2362.1599,0,0
740150,2335.1599,0,0
740200,2307.24,0,0
740250,2279.24,0,0
740300,2250.78,0,0
740350,2222.28,0,0
740400,2194.9092,0,0
740450,2167.6365,0,0
740500,2142.03,0,0
740550,2116.53,0,0
740600,2091.7327,0,0
740650,2066.9802,0,0
740700,2041.7677,0,0
740750,2016.5151,0,0
740800,1990.802,0,0
740850,1965.0594,0,0
740900,1943.6801,0,0
740950,1922.6801,0,0
741000,1903.0601,0,0
741050,1883.5601,0,0
741100,1862.6801,0,0
741150,1841.6801,0,0
741200,1826.66,0,0
741250,1812.16,0,0
741300,1800.88,0,0
741350,1789.88,0,0
741400,1775.66,0,0
741450,1761.16,0,0
741500,1754.9399,0,0
741550,1749.4399,0,0
741600,1744.4,0,0
741650,1739.4,0,0
741700,1738.54,0,0
741750,1738.04,0,0
741800,1740.76,0,0
741850,1743.76,0,0
741900,1747.22,2.4509,0.096092773
741950,1750.72,5.1149,0.200595641
742000,1767.1,13.3596,0.520524527
742050,1784.6,22.0896,0.806655065
742100,1797.04,25.2971,0.911652843
742150,1809.04,28.0244,1.000730935
742200,1819.66,28.8749,1.026225485
742250,1830.16,29.6055,1.048155831
742300,1839.28,29.664,1.049937818
742350,1848.28,29.664,1.049964808
742400,1857.74,29.664,1.04999321
742450,1867.24,29.664,1.050021764
742500,1878.12,32.2902,1.129052791
742550,1889.12,35.1447,1.215060852
742600,1902.42,38.5308,1.317239019
742650,1915.92,41.9508,1.420608198
742700,1932.3334,44.1187,1.486450518
742750,1949,46.2067,1.551740625
742800,1960.8101,45.486,1.529587816
742850,1972.3101,44.586,1.501822191
742900,1981.8416,36.4104,1.254580438
742950,1991.2476,27.7704,0.992589364
743000,1992.92,20.9916,0.773819267
743050,1993.92,14.3316,0.55891085
743100,1994.46,12.9101,0.513054989
743150,1994.96,11.823,0.472729396
743200,1999.6,11.8865,0.475444786
743250,2004.6,12.0502,0.482363019
743300,2009.6,13.0651,0.518871764
743350,2014.6,14.1345,0.553769036
743400,2015.92,14.22,0.556627291
743450,2016.92,14.22,0.556699271
743500,2022.52,14.22,0.557102704
743550,2028.52,14.22,0.557535602
743600,2029.92,14.22,0.557636708
743650,2030.92,14.22,0.55770895
743700,2035.6,14.22,0.558047288
743750,2040.6,14.22,0.558409215
743800,2043.76,15.0229,0.584685268
743850,2046.76,15.8956,0.61323547
743900,2051.6001,18.0253,0.682781496
743950,2056.6001,20.2352,0.755036795
744000,2064.8201,23.7575,0.870425297
744050,2073.3201,27.3938,0.98980941
744100,2084.1201,29.6593,1.060478194
744150,2095.1201,31.8373,1.127811527
744200,2107.5,33.7954,1.188648485
744250,2120,35.7394,1.249072727
744300,2130.2,38.5294,1.334854545
744350,2140.2,41.3734,1.422248485
744400,2149.74,39.429,1.364483636
744450,2159.24,37.179,1.297453333
744500,2161.8586,27.8226,1.014243467
744550,2163.8789,18.0126,0.692468513
744600,2148.49,9.2347,0.378377648
744650,2131.99,0.5227,0.021359069
744700,2132.8613,0,0
744750,2134.8416,0,0
744800,2135.9199,0,0
744850,2136.9199,0,0
744900,2135.6201,0,0
744950,2134.1201,0,0
745000,2125.26,0,0
745050,2115.76,0,0
745100,2107.6399,0,0
745150,2099.6399,0,0
745200,2084.28,0,0
745250,2068.28,0,0
745300,2051.6667,0,0
745350,2035,0,0
745400,2010.2673,0,0
745450,1985.0198,0,0
745500,1957.24,0,0
745550,1929.24,0,0
745600,1906.3,0,0
745650,1883.8,0,0
745700,1858.08,0,0
745750,1832.08,0,0
745800,1804.7,0,0
745850,1777.2,0,0
745900,1758.4399,0,0
745950,1740.4399,0,0
746000,1717.38,0,0
746050,1693.88,0,0
746100,1669.92,0,0
746150,1645.92,0,0
746200,1629.28,0,0
746250,1613.28,0,0
746300,1597.28,0,0
746350,1581.28,0,0
746400,1565.74,0,0
746450,1550.24,0,0
746500,1539.8,0,0
746550,1529.8,0,0
746600,1517.04,0,0
746650,1504.04,0,0
746700,1497.02,0,0
746750,1490.52,0,0
746800,1485.4,0,0
746850,1480.4,0,0
746900,1477.7,0,0
746950,1475.2,0,0
747000,1471.78,0,0
747050,1468.28,0,0
747100,1468.92,0,0
747150,1469.92,0,0
747200,1473.6801,0,0
747250,1477.6801,0,0
747300,1480.3,0,0
747350,1482.8,0,0
747400,1485.3,0,0
747450,1487.8,0,0
747500,1501.0101,8.6292,0.331918098
747550,1515.1515,17.8092,0.660649445
747600,1522.9802,20.4581,0.748987887
747650,1530.4059,22.6901,0.82336139
747700,1536.98,22.9748,0.832905278
747750,1543.48,23.1352,0.838308689
747800,1550.9,22.2041,0.807456697
747850,1558.4,21.1781,0.773485231
747900,1567.28,23.8118,0.86101672
747950,1576.28,26.7638,0.959001823
748000,1586.2,28.2254,1.006663198
748050,1596.2,29.5574,1.046066565
748100,1606.66,30.6079,1.077187223
748150,1617.16,31.6339,1.107621111
748200,1627.2,30.9211,1.086562396
748250,1637.2,30.0571,1.060995208
748300,1646.74,30.402,1.071262177
748350,1656.24,30.852,1.084660432
748400,1665.28,30.888,1.085775112
748450,1674.28,30.888,1.085820993
748500,1683.28,29.8897,1.056185154
748550,1692.28,28.8277,1.024622614
748600,1700.36,27.5243,0.984352344
748650,1708.36,26.2055,0.941002843
748700,1714.52,25.5313,0.918870263
748750,1720.52,24.9131,0.898594135
748800,1728.8199,24.876,0.897431317
748850,1737.3199,24.876,0.897488534
748900,1742.6,24.876,0.897524044
748950,1747.6,24.876,0.897557648
749000,1753.52,24.876,0.897597407
749050,1759.52,24.876,0.897637671
749100,1766.4399,24.876,0.89768407
749150,1773.4399,24.876,0.897730962
749200,1780.4399,25.4456,0.916416019
749250,1787.4399,26.0515,0.936271213
749300,1795.36,28.8265,1.024738635
749350,1803.36,31.7902,1.113501878
749400,1813.66,40.9976,1.389468272
749450,1824.16,50.6035,1.685239375
749500,1838.34,60.4138,1.992254375
749550,1852.84,70.2418,2.327525609
749600,1861.36,79.0762,2.639981959
749650,1869.36,87.8242,2.963052844
749700,1877.36,94.1544,3.23375949
749750,1885.36,100.2744,3.502072508
749800,1895.66,100.3291,3.505526053
749850,1906.16,99.8564,3.485537515
749900,1915.28,99.828,3.485099898
749950,1924.28,99.828,3.485890942
750000,1936.04,99.828,3.486923636
750050,1948.04,99.828,3.487976315
750100,1960.96,99.828,3.489108469
750150,1973.96,99.828,3.490246348
750200,1986.04,99.6926,3.485412015
750250,1998.04,99.5486,3.480201791
750300,2011.88,99.54,3.485149877
750350,2025.88,99.54,3.491232443
750400,2039.42,99.54,3.49712929
750450,2052.9199,99.54,3.503145409
750500,2067.3401,99.674,3.515790955
750550,2081.8401,99.8166,3.528863682
750600,2098.1799,102.8254,3.6730545
750650,2114.6799,106.0834,3.828645409
750700,2127.96,110.9273,4.073093005
750750,2140.96,115.9091,4.381475552
750800,2154.4199,116.1911,4.405309235
750850,2167.9199,116.1731,4.411014317
750900,2180.5,116.172,4.417234781
750950,2193,116.172,4.423443835
751000,2203.6599,115.252,4.373995468
751050,2214.1599,114.252,4.319968815
751100,2223.74,113.2276,4.264279998
751150,2233.24,112.2016,4.208705389
751200,2244.5801,111.7508,4.188275455
751250,2256.0801,111.3368,4.170203622
751300,2266.2,110.9567,4.153456237
751350,2276.2,110.5787,4.136844628
751400,2287.1201,110.5898,4.143511317
751450,2298.1201,110.6258,4.151636119
751500,2309.5801,112.6415,4.274812214
751550,2321.0801,114.7835,4.404661615
751600,2333.04,114.1079,4.37146553
751650,2345.04,113.2524,4.32812126
751700,2357.04,113.184,4.330178286
751750,2369.04,113.184,4.336137916
751800,2382.8799,111.2299,4.231508682
751850,2396.8799,109.1059,4.117964275
751900,2410.8799,108.3233,4.081168556
751950,2424.8799,107.6573,4.051193423
752000,2439.3401,106.5607,3.997913682
752050,2453.8401,105.4267,3.952959136
752100,2469.26,105.6204,3.968772727
752150,2484.76,105.9295,3.989868182
752200,2499.3401,104.3914,3.926581864
752250,2513.8401,102.7354,3.864990548
752300,2528.8,102.3145,3.860289648
752350,2543.8,101.9725,3.859218287
752400,2556.96,101.2244,3.837616981
752450,2569.96,100.4504,3.814520399
752500,2582.5,98.3434,3.728984667
752550,2595,96.1514,3.638916554
752600,2608.8799,94.9162,3.594226485
752650,2622.8799,93.7642,3.553232011
752700,2634.5801,92.9599,3.526197007
752750,2646.0801,92.1859,3.500247319
752800,2658.96,91.6769,3.488179205
752850,2671.96,91.1909,3.477252625
752900,2683.5801,90.3324,3.447752629
752950,2695.0801,89.4415,3.416555555
753000,2706.1201,86.9756,3.311485952
753050,2717.1201,84.4093,3.201416541
753100,2727.6599,82.3493,3.114310938
753150,2738.1599,80.3333,3.029006335
753200,2749.5801,78.665,2.966299936
753250,2761.0801,77.027,2.908896162
753300,2774.8799,73.3025,2.769094342
753350,2788.8799,69.3965,2.621498955
753400,2803.3401,66.4244,2.511209329
753450,2817.8401,63.5335,2.401551873
753500,2833.26,62.0741,2.350266324
753550,2848.76,60.7061,2.302067447
753600,2862.8799,60.2348,2.290271556
753650,2876.8799,59.8208,2.280677905
753700,2889.96,59.3392,2.267524511
753750,2902.96,58.8532,2.253957784
753800,2914.5801,58.5702,2.248251525
753850,2926.0801,58.3002,2.242975994
753900,2935.28,57.9118,2.231140326
753950,2944.28,57.5158,2.218742721
754000,2952.8201,53.907,2.063599703
754050,2961.3201,50.0931,1.914368408
754100,2968.4399,44.1509,1.694794516
754150,2975.4399,38.0236,1.471281481
754200,2976,34.695,1.360646681
754250,2976,31.545,1.255817204
754300,2980.1399,32.6758,1.294320705
754350,2984.6399,34.0798,1.342077012
754400,2988.22,32.4382,1.28809861
754450,2991.72,30.6022,1.227533757
754500,2992.46,28.5631,1.159588948
754550,2992.96,26.5111,1.091151886
754600,2994.8401,26.388,1.087357384
754650,2996.8401,26.388,1.087694395
754700,3002.0601,26.388,1.08867847
754750,3007.5601,26.388,1.089886262
754800,3013.0601,25.9022,1.074767657
754850,3018.5601,25.3853,1.058535126
754900,3024.52,25.7083,1.070689398
754950,3030.52,26.1043,1.085381571
755000,3036.0601,26.8481,1.111840119
755050,3041.5601,27.6221,1.139433445
755100,3048.4399,27.6674,1.142654156
755150,3055.4399,27.6494,1.143758014
755200,3062.4399,27.5818,1.143167353
755250,3069.4399,27.5098,1.142422032
755300,3075.52,27.1231,1.130596634
755350,3081.52,26.7091,1.117750102
755400,3086.1399,26.676,1.117706083
755450,3090.6399,26.676,1.118781342
755500,3096.0601,26.6098,1.117780461
755550,3101.5601,26.5378,1.116592163
755600,3107.98,26.532,1.117931578
755650,3114.48,26.532,1.119500639
755700,3118.6799,26.7638,1.128652416
755750,3122.6799,27.0158,1.138495966
755800,3128.52,28.1455,1.179765232
755850,3134.52,29.3515,1.223976098
755900,3138.6799,30.5575,1.26784435
755950,3142.6799,31.7635,1.311813221
756000,3147.1399,32.953,1.35550201
756050,3151.6399,34.141,1.399315554
756100,3158.4399,36.2398,1.476668727
756150,3165.4399,38.4178,1.560747175
756200,3171.98,39.4862,1.604069528
756250,3178.48,40.4582,1.643746581
756300,3180.3799,40.5029,1.646274164
756350,3181.8799,40.4669,1.64556774
756400,3186.1399,40.4143,1.645442938
756450,3190.6399,40.3603,1.645370335
756500,3194.22,40.4222,1.64928955
756550,3197.72,40.4942,1.653557962
756600,3200.76,40.4834,1.654484252
756650,3203.76,40.4654,1.655120027
756700,3208.6001,40.464,1.657195122
756750,3213.6001,40.464,1.659394631
756800,3218.6001,40.464,1.661595143
756850,3223.6001,40.464,1.663796657
756900,3228.6001,40.2984,1.659708739
756950,3233.6001,40.1184,1.655071838
757000,3239.0601,40.5724,1.674729708
757050,3244.5601,41.0815,1.696509595
757100,3250.52,41.9664,1.73279366
757150,3256.52,42.8753,1.770028164
757200,3262.0601,43.2792,1.787865063
757250,3267.5601,43.6392,1.804022492
757300,3274.4399,43.7177,1.810091604
757350,3281.4399,43.7717,1.815285548
757400,3287.0601,43.776,1.817970569
757450,3292.5601,43.776,1.820439188
757500,3298.0601,43.9747,1.830480786
757550,3303.5601,44.1907,1.841186842
757600,3308.6001,45.2678,1.884520177
757650,3313.6001,46.4198,1.930711525
757700,3318.6001,48.3502,2.007557895
757750,3323.6001,50.3482,2.097195538
757800,3329.52,52.0646,2.17491942
757850,3335.52,53.7566,2.251502848
757900,3338.76,56.3429,2.365522707
757950,3341.76,59.0069,2.482713734
758000,3345.22,56.587,2.379189316
758050,3348.72,53.725,2.25658153
758100,3350.3799,54.9864,2.312146544
758150,3351.8799,56.6064,2.383175318
758200,3352.9199,56.5373,2.380667161
758250,3353.9199,56.3213,2.371767027
758300,3359.0601,56.1715,2.367701
758350,3364.5601,56.0275,2.364061942
758400,3371.4399,54.4759,2.300144599
758450,3378.4399,52.8019,2.231104529
758500,3383.1399,46.8389,1.978446205
758550,3387.6399,40.5029,1.738072884
758600,3389.3799,35.6242,1.552161796
758650,3390.8799,30.8722,1.366663232
758700,3392.8401,29.1341,1.29862948
758750,3394.8401,27.6581,1.240867945
758800,3396.3665,27.9871,1.254416504
758850,3397.8516,28.4731,1.274199069
758900,3399.3635,27.419,1.23287332
758950,3400.8789,26.231,1.186170164
759000,3403.3,26.1194,1.182472418
759050,3405.8,26.1014,1.182517534
759100,3407.3799,25.8185,1.171725329
759150,3408.8799,25.5125,1.159972271
759200,3407.1599,27.1109,1.223158595
759250,3405.1599,28.8749,1.292736427
759300,3405.46,28.7345,1.287253263
759350,3405.96,28.4285,1.275243739
759400,3406,27.725,1.247240055
759450,3406,26.987,1.217848438
759500,3402.78,27.6473,1.243072428
759550,3399.28,28.4291,1.272947619
759600,3399.9199,26.2312,1.185884978
759650,3400.9199,23.843,1.091304628
759700,3389.04,12.7721,0.658302213
759750,3376.04,0.9461,0.054383965
759800,3355.22,0,0
759850,3333.72,0,0
759900,3328.78,0,0
759950,3325.28,0,0
760000,3313.5,0,0
760050,3301,0,0
760100,3291.26,1.3579,0.076856603
760150,3281.76,2.8339,0.160122108
760200,3279.6201,4.0284,0.227526175
760250,3278.1201,5.1984,0.29352882
760300,3264.2,5.4907,0.309255763
760350,3249.2,5.7067,0.320555021
760400,3238.3401,6.2042,0.347821472
760450,3227.8401,6.7262,0.376376993
760500,3219.6399,6.7846,0.379088241
760550,3211.6399,6.8026,0.37955108
760600,3200.8799,4.8665,0.271005739
760650,3189.8799,2.7605,0.153426025
760700,3179.8,4.3639,0.242107471
760750,3169.8,6.2899,0.34834277
760800,3155.6599,6.7752,0.374281394
760850,3141.1599,7.1352,0.393161045
760900,3120.22,7.2799,0.399658617
760950,3098.72,7.4059,0.405046003
761000,3077.6799,7.9128,0.431181791
761050,3056.6799,8.4528,0.458926783
761100,3039.8201,8.5291,0.46171688
761150,3023.3201,8.5651,0.4623442
761200,3015.5601,8.1209,0.437779465
761250,3008.5601,7.6349,0.4110839
761300,2996.96,7.1158,0.38202044
761350,2984.96,6.5938,0.352000646
761400,2984.46,6.2539,0.333777167
761450,2984.96,5.9299,0.316559287
761500,3004.3201,5.9868,0.322110374
761550,3025.3201,6.0768,0.328139099
761600,2985.1399,5.8522,0.312437788
761650,2939.6399,5.6002,0.292726494
761700,2938.76,6.8882,0.359905516
761750,2941.76,8.3102,0.434804174
761800,2937.3999,8.5068,0.444198888
761850,2932.3999,8.5968,0.447869411
761900,2926.02,8.604,0.446937264
761950,2919.52,8.604,0.445613227
762000,2913.48,8.2894,0.428141058
762050,2907.48,7.9474,0.409360665
762100,2904.24,7.506,0.38605773
762150,2901.24,7.056,0.362420674
762200,2899.1599,11.5243,0.561569613
762250,2897.1599,16.4203,0.730555761
762300,2902.52,20.5546,0.874338751
762350,2908.52,24.6226,1.015129069
762400,2909.9199,25.7429,1.052121402
762450,2910.9199,26.6069,1.08065203
762500,2914.22,27.6696,1.116114913
762550,2917.72,28.7496,1.152230164
762600,2918.46,31.3531,1.237988475
762650,2918.96,34.0891,1.328079502
762700,2923.1399,39.8722,1.521805213
762750,2927.6399,45.9202,1.747529667
762800,2935.8201,47.3976,1.805106785
762850,2944.3201,48.4776,1.848172145
762900,2949.1399,47.9016,1.828379565
762950,2953.6399,47.1816,1.803075948
763000,2955.8401,47.1406,1.802289817
763050,2957.8401,47.1586,1.803636787
763100,2962.6001,49.6771,1.89929248
763150,2967.6001,52.4131,2.003979713
763200,2973.98,53.725,2.065650065
763250,2980.48,54.913,2.122234895
763300,2986.98,53.2526,2.050658415
763350,2993.48,51.3446,1.97294161
763400,3001.3601,50.6952,1.951557975
763450,3009.3601,50.1552,1.934841704
763500,3014.1399,50.7082,1.957788066
763550,3018.6399,51.3562,1.984192678
763600,3026.3601,52.2526,2.025768663
763650,3034.3601,53.1706,2.071619865
763700,3038.6799,52.3498,2.036806578
763750,3042.6799,51.3778,1.995855132
763800,3049.3762,51.7802,2.016829758
763850,3056.3069,52.3022,2.04411501
763900,3101.1001,53.8178,2.135923869
763950,3150.1001,55.4198,2.232620401
764000,3160.8501,54.5047,2.197316171
764050,3167.3501,53.3707,2.150204387
764100,3154.5,55.7143,2.247950334
764150,3139.5,58.3603,2.358467348
764200,3133.05,59.1185,2.389174196
764250,3127.55,59.7125,2.413052404
764300,3131.05,62.6746,2.545106911
764350,3135.55,65.8426,2.682983797
764400,3143.2727,68.6462,2.807154277
764450,3151.3535,71.4182,2.930569719
764500,3161.2,71.7559,2.950496646
764550,3171.2,71.8819,2.961448496
764600,3179.3601,71.7595,2.96067486
764650,3187.3601,71.6155,2.958873422
764700,3196.28,71.1734,2.944630634
764750,3205.28,70.7054,2.929250137
764800,3212.8999,70.3699,2.918828454
764850,3220.3999,70.0459,2.908808747
764900,3224.6799,68.6952,2.852135705
764950,3228.6799,67.2552,2.791305259
765000,3234.0601,67.4381,2.802132035
765050,3239.5601,67.7621,2.819232942
765100,3244.1399,67.5396,2.811901844
765150,3248.6399,67.2696,2.802427572
765200,3254.0601,67.1983,2.802157167
765250,3259.5601,67.1443,2.802690037
765300,3265.0601,67.1566,2.806146785
765350,3270.5601,67.1746,2.809863424
765400,3277.8999,66.9773,2.805053662
765450,3285.3999,66.7613,2.799485574
765500,3292.4399,64.823,2.717276133
765550,3299.4399,62.735,2.628142846
765600,3308.28,62.4521,2.619941874
765650,3317.28,62.3261,2.618784046
765700,3325.8201,62.2166,2.618130604
765750,3334.3201,62.1086,2.617521896
765800,3343.28,62.4478,2.637196043
765850,3352.28,62.8258,2.65871274
765900,3360.8201,62.4254,2.645032835
765950,3369.3201,61.9574,2.628231025
766000,3376.8999,64.0231,2.725393448
766050,3384.3999,66.3091,2.832814088
766100,3390.0601,70.6154,3.033400609
766150,3395.5601,75.0974,3.255074406
766200,3401.0601,76.6483,3.3340907
766250,3406.5601,77.9443,3.400712404
766300,3409.76,77.8824,3.399748813
766350,3412.76,77.7024,3.392905813
766400,3416.6799,77.8039,3.400360754
766450,3420.6799,77.9299,3.409061463
766500,3426.0601,77.6419,3.398482722
766550,3431.5601,77.3179,3.386224782
766600,3436.6001,76.8118,3.364797563
766650,3441.6001,76.2898,3.342565804
766700,3449.3601,75.7843,3.322899544
766750,3457.3601,75.2803,3.303453932
766800,3462.1399,75.24,3.304546665
766850,3466.6399,75.24,3.307425191
766900,3471.6001,75.0247,3.300102056
766950,3476.6001,74.7907,3.291891181
767000,3482.52,74.772,3.294765805
767050,3488.52,74.772,3.298604332
767100,3495.4399,74.7887,3.303847047
767150,3502.4399,74.8066,3.308939529
767200,3508.98,73.7316,3.259922063
767250,3515.48,72.5616,3.206145043
767300,3522.8999,71.6731,3.166514072
767350,3530.3999,70.8091,3.128037854
767400,3535.6001,70.6572,3.123237208
767450,3540.6001,70.5672,3.121365039
767500,3546.98,69.9473,3.094164465
767550,3553.48,69.2813,3.064706414
767600,3560.4399,68.9962,3.054166855
767650,3567.4399,68.7442,3.045256354
767700,3573.52,68.7074,3.046480573
767750,3579.52,68.6894,3.048594769
767800,3585.98,68.423,3.038671953
767850,3592.48,68.135,3.027681955
767900,3598.98,67.9464,3.021590789
767950,3605.48,67.7664,3.015913942
768000,3610.6001,67.603,3.010362898
768050,3615.6001,67.441,3.004813181
768100,3621.4363,67.428,3.007070182
768150,3627.3455,67.428,3.010013688
768200,3633.6799,67.0262,2.993428028
768250,3640.1799,66.4682,2.969731126
768300,3647.3999,66.2083,2.960644131
768350,3654.8999,66.0643,2.957245384
768400,3660.24,65.8426,2.949064305
768450,3664.74,65.5906,2.939003496
768500,3670.6799,65.5718,2.940880232
768550,3677.1799,65.6438,2.947428114
768600,3683.3201,65.2234,2.929918706
768650,3689.3201,64.6114,2.902975016
768700,3695.6799,62.5349,2.804794718
768750,3702.1799,59.8889,2.67858657
768800,3708.3201,58.9406,2.634774077
768850,3714.3201,58.6526,2.623079045
768900,3721.76,57.587,2.573803572
768950,3729.76,56.219,2.509704582
769000,3735.24,55.1232,2.4638686
769050,3739.74,54.1332,2.423573703
769100,3745.6799,52.6507,2.363006325
769150,3752.1799,50.9767,2.294585988
769200,3754.3601,49.7822,2.244986096
769250,3754.8601,48.7742,2.202698242
769300,3757.52,48.5438,2.193868736
769350,3761.02,48.6158,2.198049292
769400,3763.4399,48.7526,2.204602332
769450,3765.4399,48.9146,2.212077244
769500,3769.96,49.6469,2.24437688
769550,3775.46,50.6009,2.286309982
769600,3782.3999,52.9286,2.386469114
769650,3789.8999,55.7906,2.5109204
769700,3795.96,57.3955,2.593331688
769750,3801.46,58.5115,2.651316186
769800,3806.6001,58.824,2.669082026
769850,3811.6001,58.824,2.671170339
769900,3818.3999,58.6555,2.665557995
769950,3825.8999,58.4215,2.656922994
770000,3831.6001,58.356,2.655998288
770050,3836.6001,58.356,2.658083241
770100,3842.3201,57.7728,2.631012517
770150,3848.3201,56.9628,2.592501072
770200,3854.6799,55.8806,2.540218378
770250,3861.1799,54.6926,2.485505544
770300,3869.8401,53.9842,2.458541327
770350,3879.3401,53.4622,2.43967056
770400,3887.04,53.2253,2.432183007
770450,3894.04,53.0993,2.429121186
770500,3901.04,52.74,2.416298532
770550,3908.04,52.29,2.399689402
770600,3913.24,51.1402,2.353249744
770650,3917.74,49.7182,2.295224022
770700,3922.96,48.0758,2.228240291
770750,3928.46,46.3478,2.15780086
770800,3926.792,34.0445,1.606978991
770850,3922.3367,17.6285,0.909719823
770900,3898.3738,8.3405,0.510205445
770950,3866.0505,1.8245,0.112153389
771000,3850.8799,0,0
771050,3842.3799,0,0
771100,3836.3999,0,0
771150,3831.3999,0,0
771200,3822.0801,0,0
771250,3811.0801,0,0
771300,3800.4399,0,0
771350,3789.9399,0,0
771400,3777.6399,0,0
771450,3764.6399,0,0
771500,3745.8799,0,0
771550,3724.8799,0,0
771600,3700.6399,0,0
771650,3675.1399,0,0
771700,3647.48,0,0
771750,3618.98,0,0
771800,3588.3201,0,0
771850,3556.8201,0,0
771900,3525.6799,0,0
771950,3494.6799,0,0
772000,3462.6001,0,0
772050,3430.1001,0,0
772100,3397.24,0,0
772150,3364.24,0,0
772200,3329.0801,0,0
772250,3293.0801,0,0
772300,3258.52,0,0
772350,3224.52,0,0
772400,3190.52,0,0
772450,3156.52,0,0
772500,3128.28,0,0
772550,3102.28,0,0
772600,3077.72,0,0
772650,3053.72,0,0
772700,3033.6799,0,0
772750,3015.1799,0,0
772800,3001.72,0,0
772850,2990.22,0,0
772900,2975.1201,0,0
772950,2958.6201,0,0
773000,2941.04,0,0
773050,2923.04,0,0
773100,2907.2,0,0
773150,2892.2,0,0
773200,2875.04,0,0
773250,2857.04,0,0
773300,2839.04,0,0
773350,2821.04,0,0
773400,2800.8799,0,0
773450,2779.8799,0,0
773500,2757.0801,0,0
773550,2733.5801,0,0
773600,2710.4399,0,0
773650,2687.4399,0,0
773700,2664.4399,0,0
773750,2641.4399,0,0
773800,2617.3601,0,0
773850,2592.8601,0,0
773900,2567.6399,0,0
773950,2542.1399,0,0
774000,2516.6399,0,0
774050,2491.1399,0,0
774100,2465.28,0,0
774150,2439.28,0,0
774200,2412.9199,0,0
774250,2386.4199,0,0
774300,2359.2,0,0
774350,2331.7,0,0
774400,2304.9199,0,0
774450,2278.4199,0,0
774500,2252.6399,0,0
774550,2227.1399,0,0
774600,2200.5601,0,0
774650,2173.5601,0,0
774700,2146.5601,0,0
774750,2119.5601,0,0
774800,2095.4399,0,0
774850,2072.4399,0,0
774900,2053.3999,0,0
774950,2035.9,0,0
775000,2016.6,0,0
775050,1996.6,0,0
775100,1974.4399,0,0
775150,1951.4399,0,0
775200,1935.28,0,0
775250,1921.78,0,0
775300,1915.12,0,0
775350,1911.12,0,0
775400,1910,0,0
775450,1910,0,0
775500,1906.04,0,0
775550,1900.54,0,0
775600,1897.92,0,0
775650,1896.42,0,0
775700,1895.64,0,0
775750,1895.14,0,0
775800,1895,0,0
775850,1895,0,0
775900,1896.08,0,0
775950,1897.58,0,0
776000,1899.4399,0,0
776050,1901.4399,0,0
776100,1903.4399,0,0
776150,1905.4399,0,0
776200,1907.4399,0,0
776250,1909.4399,0,0
776300,1920.8,3.2918,0.130842979
776350,1935.8,7.8638,0.312944716
776400,1941.4399,11.7101,0.46621985
776450,1943.4399,15.2741,0.587983633
776500,1949.76,17.4384,0.658195338
776550,1957.76,19.0584,0.7107731
776600,1965.3466,19.836,0.736055059
776650,1972.7722,20.286,0.750723403
776700,1978.85,19.9843,0.741075726
776750,1984.35,19.3903,0.721987039
776800,1989.5354,20.196,0.74808799
776850,1994.5858,21.546,0.791733704
776900,2001.04,21.6,0.79365489
776950,2008.04,21.15,0.779841281
777000,2013.96,20.687,0.765475618
777050,2019.46,20.219,0.750885449
777100,2024.24,20.088,0.747110964
777150,2028.74,20.088,0.747546385
777200,2033.9208,20.088,0.748048309
777250,2039.3663,20.088,0.748576605
777300,2043.8282,20.088,0.749010034
777350,2047.8687,20.088,0.749402961
777400,2052.24,20.736,0.770873605
777450,2056.74,21.636,0.800570889
777500,2060.8799,23.184,0.851332781
777550,2064.8799,24.984,0.910330601
777600,2071.76,27.0043,0.976926353
777650,2079.76,29.1103,1.043313333
777700,2088.1201,34.0805,1.1949388
777750,2096.6201,40.1645,1.380332739
777800,2109.4399,49.2552,1.665679733
777850,2123.9399,59.5152,1.996249701
777900,2134.48,66.1334,2.228838218
777950,2143.48,71.3354,2.412347839
778000,2152.8401,75.695,2.571840032
778050,2162.3401,79.727,2.72589123
778100,2168.96,81.2318,2.784429422
778150,2174.46,81.7538,2.805784231
778200,2183.5601,86.7859,2.997669831
778250,2194.0601,93.5719,3.301542418
778300,2204.9199,95.4461,3.389124248
778350,2215.9199,95.4101,3.392295119
778400,2224.76,94.7909,3.368672419
778450,2232.76,93.9449,3.33458682
778500,2244.72,92.1398,3.25953508
778550,2258.22,89.9618,3.168379918
778600,2269.9199,88.7947,3.121280484
778650,2280.9199,88.0207,3.091316716
778700,2291.5601,87.7133,3.081962384
778750,2302.0601,87.5873,3.080632729
778800,2312.5601,87.6557,3.087988893
778850,2323.0601,87.7997,3.098740841
778900,2335,89.784,3.192521272
778950,2347.5,92.484,3.318829859
779000,2358.4851,94.4323,3.411015288
779050,2368.8811,96.0883,3.489988024
779100,2378.01,96.9926,3.535122727
779150,2386.5959,97.6046,3.566843591
779200,2394.04,97.3742,3.559754545
779250,2401.04,96.8162,3.537572727
779300,2407.99,96.3619,3.520081818
779350,2414.9209,95.9479,3.504414045
779400,2424.4243,95.6117,3.493496636
779450,2435.0303,95.3057,3.484455583
779500,2444.1201,95.3237,3.489367694
779550,2452.6201,95.4677,3.499723962
779600,2461.8401,95.1451,3.489287209
779650,2471.3401,94.6411,3.470735384
779700,2481.2,94.0334,3.447607725
779750,2491.2,93.3854,3.422670954
779800,2499.76,93.2558,3.420610823
779850,2507.76,93.3278,3.430735023
779900,2513.96,93.2573,3.432922425
779950,2519.46,93.1313,3.431974372
780000,2523.1599,93.096,3.433590326
780050,2526.1599,93.096,3.436206687
780100,2528.8,92.8238,3.426095729
780150,2531.3,92.4458,3.411029526
780200,2535.6001,91.9512,3.392195615
780250,2540.6001,91.4112,3.371875321
780300,2545.6001,90.7157,3.344424402
780350,2550.6001,89.9597,3.314174302
780400,2557.04,89.7221,3.308846508
780450,2564.04,89.6861,3.313226063
780500,2572.1201,89.3261,3.303691256
780550,2580.6201,88.8401,3.288717295
780600,2589.1201,88.6262,3.286212764
780650,2597.6201,88.5182,3.288572962
780700,2608.28,88.0214,3.274901476
780750,2619.78,87.3734,3.254947168
780800,2629.8401,86.868,3.240283534
780850,2639.3401,86.418,3.227663671
780900,2648.48,84.024,3.124763856
780950,2657.48,80.874,2.988515606
781000,2667.5601,75.5597,2.785855915
781050,2678.0601,69.4037,2.549536282
781100,2688.5601,64.8936,2.379962508
781150,2699.0601,61.0236,2.234826267
781200,2709.5601,57.9053,2.11775037
781250,2720.0601,55.0793,2.01103742
781300,2729.1201,51.8645,1.898054616
781350,2737.6201,48.4985,1.780135472
781400,2745.04,44.2771,1.630801794
781450,2752.04,39.7231,1.472599601
781500,2755.8,33.8213,1.285617514
781550,2758.3,27.3953,1.081457609
781600,2760.8,25.1813,1.011308656
781650,2763.3,24.6053,0.992750629
781700,2768.6799,26.2325,1.04600597
781750,2775.1799,28.7165,1.126376434
781800,2784.2,31.2264,1.208249834
781850,2794.2,33.7464,1.290938916
781900,2800.96,34.3354,1.311225832
781950,2806.46,34.1734,1.30715389
782000,2811.96,34.4002,1.315588359
782050,2817.46,34.7782,1.328913795
782100,2822.24,33.7824,1.297801647
782150,2826.74,32.2524,1.249327731
782200,2829.4399,30.8779,1.205455388
782250,2831.4399,29.5639,1.16336622
782300,2835.24,30.2458,1.186096333
782350,2839.74,31.7038,1.234114095
782400,2843.8799,32.3194,1.254855309
782450,2847.8799,32.6074,1.264981397
782500,2850.0801,29.4869,1.164201816
782550,2851.5801,25.0409,1.020214352
782600,2853.0801,25.4938,1.035138874
782650,2854.5801,27.8518,1.111923084
782700,2858.96,31.0651,1.217076842
782750,2864.46,34.6111,1.333476056
782800,2871.7029,37.7035,1.435770335
782850,2879.6238,40.6195,1.536965489
782900,2885.5,43.2374,1.635073813
782950,2890.5,45.7394,1.728831805
783000,2896.2424,47.3342,1.789528071
783050,2902.303,48.5762,1.837423664
783100,2909.3999,48.0686,1.821068157
783150,2916.8999,46.8806,1.779605639
783200,2922.24,46.1592,1.754630959
783250,2926.74,45.6192,1.736068088
783300,2931.96,45.1958,1.722036862
783350,2937.46,44.8178,1.709756718
783400,2944.76,43.3642,1.657988163
783450,2952.76,41.4922,1.590699612
783500,2957.52,38.9722,1.498320878
783550,2961.02,36.2002,1.407236479
783600,2962.3601,33.48,1.317276869
783650,2962.8601,30.78,1.227773301
783700,2964.4399,30.0758,1.204703944
783750,2966.4399,30.1478,1.20747856
783800,2968.0693,30.0773,1.205449463
783850,2969.5544,29.9513,1.201546832
783900,2970.707,29.0606,1.172157686
783950,2971.7173,27.8726,1.132843923
784000,2970.5601,27.3067,1.113827552
784050,2968.5601,26.9827,1.102715664
784100,2967.6399,27.0605,1.10514329
784150,2967.1399,27.2945,1.112830844
784200,2967.72,27.9562,1.134914341
784250,2968.72,28.7842,1.162605516
784300,2970.4399,30.9341,1.234385389
784350,2972.4399,33.5981,1.323372044
784400,2974.4399,34.9531,1.368883665
784450,2976.4399,35.7991,1.397492201
784500,2977.72,36.036,1.405675638
784550,2978.72,36.036,1.405909229
784600,2981.52,36.1008,1.408722749
784650,2985.02,36.1908,1.412544299
784700,2987.4399,39.0154,1.508249845
784750,2989.4399,42.9034,1.654710571
784800,2993.96,47.219,1.81819064
784850,2999.46,51.701,1.988557506
784900,3005.3201,54.7315,2.126970079
784950,3011.3201,57.1975,2.242055932
785000,3017.2773,60.3374,2.387495943
785050,3023.2178,63.7394,2.54118308
785100,3027.4749,67.0118,2.680224841
785150,3031.01,70.2338,2.817032829
785200,3034.52,71.9266,2.889854205
785250,3038.02,73.0246,2.937797076
785300,3043.6799,73.9411,2.979352726
785350,3050.1799,74.7871,3.021249528
785400,3057.04,74.8685,3.029502083
785450,3064.04,74.6525,3.023459949
785500,3070.3201,73.309,2.967154381
785550,3076.3201,71.527,2.894975183
785600,3081.6001,71.8963,2.913419119
785650,3086.6001,73.1023,2.967251442
785700,3091.6001,73.3104,2.978815687
785750,3096.6001,73.1304,2.973904075
785800,3100.1599,73.0541,2.972607087
785850,3103.1599,73.0181,2.972717457
785900,3105.4399,72.684,2.959735887
785950,3107.4399,72.234,2.941651017
786000,3110.52,72.3672,2.949000122
786050,3114.02,72.7272,2.966265919
786100,3117.1599,71.3894,2.910861634
786150,3120.1599,69.3914,2.827101346
786200,3124.5645,70.2446,2.865878025
786250,3129.5149,72.2066,2.952490581
786300,3135.2,72.1728,2.954152287
786350,3141.2,71.3628,2.922676943
786400,3147.2424,71.0712,2.913421714
786450,3153.303,70.9812,2.912827264
786500,3158.9209,71.4614,2.93655678
786550,3164.3665,72.1634,2.969814825
786600,3171.25,71.8286,2.959173844
786650,3178.75,71.0906,2.931396939
786700,3185.55,69.925,2.884623577
786750,3192.05,68.593,2.830334677
786800,3199.25,68.22,2.817929733
786850,3206.75,68.22,2.82187876
786900,3214.25,62.8692,2.59256138
786950,3221.75,55.4375,2.269173628
787000,3225.3999,46.6153,1.898216861
787050,3227.3999,37.1971,1.541381619
787100,3224.1499,28.5466,1.221222438
787150,3218.6499,20.1946,0.913481664
787200,3200.3838,11.4278,0.589564089
787250,3176.6465,2.4998,0.138610328
787300,3166.3999,0,0
787350,3161.3999,0,0
787400,3153.1599,0,0
787450,3143.6599,0,0
787500,3134.52,0,0
787550,3125.52,0,0
787600,3115.0801,0,0
787650,3104.0801,0,0
787700,3088.3999,0,0
787750,3070.8999,0,0
787800,3053.1682,0,0
787850,3035.3464,0,0
787900,3016.5657,0,0
787950,2997.3738,0,0
788000,2976.8799,0,0
788050,2955.8799,0,0
788100,2935.24,0,0
788150,2914.74,0,0
788200,2894.6001,0,0
788250,2874.6001,0,0
788300,2852.8,0,0
788350,2830.3,0,0
788400,2808.3169,0,0
788450,2786.5347,0,0
788500,2764.4443,0,0
788550,2742.2222,0,0
788600,2719.8,0,0
788650,2697.3,0,0
788700,2671.2,0,0
788750,2643.7,0,0
788800,2614.76,0,0
788850,2585.26,0,0
788900,2556.1201,0,0
788950,2527.1201,0,0
789000,2499.9199,0,0
789050,2473.4199,0,0
789100,2446.5601,0,0
789150,2419.5601,0,0
789200,2391.8401,0,0
789250,2363.8401,0,0
789300,2339.0801,0,0
789350,2315.5801,0,0
789400,2294.6001,0,0
789450,2274.6001,0,0
789500,2253.3169,0,0
789550,2231.5347,0,0
789600,2206.8,0,0
789650,2180.8,0,0
789700,2156.8999,0,0
789750,2133.8999,0,0
789800,2113,0,0
789850,2093,0,0
789900,2069.8501,0,0
789950,2045.35,0,0
790000,2022.25,0,0
790050,1999.75,0,0
790100,1977.95,0,0
790150,1956.45,0,0
790200,1934.95,0,0
790250,1913.45,0,0
790300,1890.9,0,0
790350,1867.9,0,0
790400,1847.35,0,0
790450,1827.85,0,0
790500,1808,0,0
790550,1788,0,0
790600,1769.2727,0,0
790650,1751.0909,0,0
790700,1736.0198,0,0
790750,1722.1584,0,0
790800,1713.45,0,0
790850,1706.95,0,0
790900,1703.9395,0,0
790950,1702.4242,0,0
791000,1709.5601,6.2986,0.246222962
791050,1720.0601,15.0466,0.574462916
791100,1728.76,22.4986,0.819374657
791150,1736.76,29.4466,1.043147983
791200,1748.36,32.8824,1.145729015
791250,1761.36,34.9524,1.207675176
791300,1773.64,34.0805,1.181763994
791350,1785.64,32.0645,1.121587066
791400,1795.48,29.232,1.036876247
791450,1804.48,26.082,0.937338609
791500,1815.64,24.7594,0.894206184
791550,1827.64,24.1474,0.874325075
791600,1838.5601,22.693,0.827004622
791650,1849.0601,20.911,0.769073808
791700,1856.6337,13.0637,0.513685737
791750,1863.0693,2.8577,0.113069386
791800,1861.5,0,0
791850,1856.5,0,0
791900,1858.85,0,0
791950,1864.35,0,0
792000,1874.75,2.2291,0.08827944
792050,1887.25,5.3251,0.211099879
792100,1891.7,7.6954,0.30517199
792150,1892.7,9.7834,0.388005362
792200,1895.45,10.1477,0.402541146
792250,1898.95,9.8417,0.390511108
792300,1900.35,11.4626,0.454877715
792350,1900.85,13.8329,0.540054607
792400,1898.2,14.859,0.573294281
792450,1894.2,15.309,0.587799301
792500,1891.95,15.444,0.592124455
792550,1890.45,15.444,0.592084702
792600,1890.35,15.8328,0.604713343
792650,1890.85,16.3728,0.622269075
792700,1893.8,17.9237,0.672715639
792750,1897.8,19.8677,0.735926561
792800,1904.6,22.4597,0.820173844
792850,1912.6,25.3037,0.912529359
792900,1922.7,27.383,0.979997017
792950,1933.7,29.165,1.035161744
793000,1944.7,30.6101,1.07882974
793050,1955.7,31.9241,1.118593715
793100,1967.05,33.3936,1.163116685
793150,1978.55,34.9236,1.209533667
793200,1988.65,36.311,1.251675363
793250,1998.15,37.643,1.292179362
793300,2008.35,39.636,1.353618182
793350,2018.85,41.886,1.423072727
793400,2032.5,45.0691,1.521980821
793450,2047.5,48.6151,1.635743339
793500,2062.2524,52.4981,1.76076592
793550,2076.8989,56.5121,1.890622698
793600,2090.3601,60.1891,2.011159915
793650,2103.3601,63.7351,2.137484188
793700,2114.5601,66.672,2.242395114
793750,2125.0601,69.372,2.339042137
793800,2136.6399,70.2317,2.37206403
793850,2148.6399,70.3757,2.380318633
793900,2161.3601,65.3098,2.207108929
793950,2174.3601,58.2178,1.965701208
794000,2178.72,41.5483,1.432217576
794050,2179.72,21.1543,0.797668646
794100,2163.4399,9.8842,0.405984655
794150,2140.4399,2.1622,0.088476092
794200,2132.2,0,0
794250,2129.7,0,0
794300,2122.5842,0,0
794350,2113.6733,0,0
794400,2102.5151,0,0
794450,2090.394,0,0
794500,2074.1682,0,0
794550,2056.3464,0,0
794600,2037,0,0
794650,2017,0,0
794700,2000.15,0,0
794750,1984.65,0,0
794800,1967.4,0,0
794850,1949.4,0,0
794900,1932.8,0,0
794950,1916.8,0,0
795000,1900.45,0,0
795050,1883.95,0,0
795100,1865.35,0,0
795150,1845.85,0,0
795200,1827.6262,0,0
795250,1809.9495,0,0
795300,1793.5941,0,0
795350,1777.7524,0,0
795400,1760.4,0,0
795450,1742.4,0,0
795500,1721.95,0,0
795550,1700.45,0,0
795600,1682.1,0,0
795650,1665.1,0,0
795700,1652.65,0,0
795750,1642.15,0,0
795800,1630.95,0,0
795850,1619.45,0,0
795900,1609,0,0
795950,1599,0,0
796000,1590.75,0,0
796050,1583.25,0,0
796100,1577.15,0,0
796150,1571.65,0,0
796200,1568.25,0,0
796250,1565.75,0,0
796300,1566.75,0,0
796350,1569.25,0,0
796400,1571.05,0,0
796450,1572.55,0,0
796500,1576.15,0,0
796550,1580.65,0,0
796600,1585.85,0,0
796650,1591.35,0,0
796700,1596.85,0.5314,0.020591871
796750,1602.35,1.2694,0.049210515
796800,1612.75,6.9192,0.268451376
796850,1625.25,14.4792,0.553038793
796900,1636.35,19.4861,0.718759807
796950,1646.85,23.5001,0.851457564
797000,1654.9,25.1554,0.906149166
797050,1661.9,25.8934,0.930529815
797100,1666.45,25.6594,0.92283626
797150,1669.95,25.0474,0.902682606
797200,1673.1,24.9926,0.900896982
797250,1676.1,25.1546,0.906253912
797300,1680.85,27.6365,0.98802768
797350,1686.35,31.0205,1.089822852
797400,1694.65,33.588,1.166256579
797450,1704.15,35.838,1.233331448
797500,1711.55,36.5717,1.255285628
797550,1718.05,36.7157,1.259674829
797600,1727.7,37.2096,1.274547915
797650,1738.7,37.8396,1.293521386
797700,1747.6,37.679,1.288883981
797750,1755.6,37.211,1.27504718
797800,1766.05,37.7986,1.292776063
797850,1777.55,38.7966,1.32281753
797900,1791.15,41.336,1.399069954
797950,1805.65,44.536,1.495257377
798000,1820.85,48.7297,1.626579688
798050,1836.35,53.3099,1.770195313
798100,1849.75,53.6276,1.780542188
798150,1862.25,52.1185,1.733773438
798200,1874.75,54.3528,1.803985938
798250,1887.25,58.0428,1.919689063
798300,1899.4,62.0698,2.050313001
798350,1911.4,66.2278,2.1932742
798400,1922.35,71.3318,2.368857463
798450,1932.85,76.8038,2.561679933
798500,1942.65,81.252,2.726825613
798550,1952.15,85.302,2.877342377
798600,1962.7,86.5267,2.923566702
798650,1973.7,86.6527,2.929215246
798700,1985.4,86.2992,2.91718182
798750,1997.4,85.7592,2.898257946
798800,2009.75,85.1544,2.879251682
798850,2022.25,84.5244,2.859941385
798900,2034.4,87.5431,2.97596468
798950,2046.4,91.9807,3.170177935
799000,2058.3999,94.2538,3.27441088
799050,2070.3999,95.5993,3.338283887
799100,2081,95.4242,3.335108153
799150,2091,94.6579,3.305762994
799200,2099.95,97.5654,3.437057294
799250,2108.45,102.0474,3.642359091
799300,2117.6499,110.8008,4.05933597
799350,2127.1499,121.3848,4.681724095
799400,2137.7,124.8372,4.873519293
799450,2148.7,125.2332,4.902825921
799500,2158.6499,125.0496,4.900128155
799550,2168.1499,124.6176,4.883380438
799600,2178.7,125.0862,4.917133631
799650,2189.7,125.9407,4.94
799700,2198.6001,128.1946,4.94
799750,2206.6001,130.9926,4.94
799800,2215.3,131.8956,4.94
799850,2224.3,131.9865,4.94
799900,2231.8999,131.6399,4.94
799950,2238.8999,131.123,4.94
800000,2246.25,130.4716,4.94
800050,2253.75,129.7625,4.94
800100,2260.55,127.3219,4.94
800150,2267.05,124.2079,4.936823878
800200,2274.25,122.2966,4.828487865
800250,2281.75,120.8531,4.747229496
800300,2291.3501,120.2927,4.719851416
800350,2301.8501,120.1109,4.715792191
800400,2313.05,120.5395,4.749844279
800450,2324.55,121.2055,4.799578318
800500,2336.3999,121.9882,4.857931625
800550,2348.3999,122.8162,4.920501244
800600,2359.7,120.5986,4.787866936
800650,2370.7,117.1966,4.57546976
800700,2379.95,115.7515,4.488076348
800750,2388.45,115.0675,4.453007326
800800,2399.75,114.876,4.447383374
800850,2412.25,114.876,4.453198482
800900,2424.3999,114.2344,4.422565725
800950,2436.3999,113.3433,4.377969702
801000,2449.1001,112.7069,4.348267114
801050,2462.1001,112.1796,4.324992765
801100,2474.05,110.8915,4.258825896
801150,2485.55,109.3075,4.176288304
801200,2497.3999,108.3197,4.127501393
801250,2509.3999,107.5637,4.098258365
801300,2521.3999,107.8781,4.130184773
801350,2533.3999,108.6088,4.185068625
801400,2545.3999,108.4248,4.189245243
801450,2557.3999,107.8488,4.171771029
801500,2569.05,107.2305,4.151592504
801550,2580.55,106.5942,4.130294971
801600,2591,106.416,4.13298867
801650,2601,106.416,4.144929129
801700,2610.6499,106.416,4.1564267
801750,2620.1499,106.416,4.167721903
801800,2629.6499,106.416,4.1789936
801850,2639.1499,106.416,4.190241863
801900,2650.05,105.8616,4.172824192
801950,2661.55,105.0696,4.143190836
802000,2671.6499,106.932,4.256676708
802050,2681.1499,109.932,4.431171361
802100,2692.05,107.6227,4.318090089
802150,2703.55,103.2487,4.093811627
802200,2714,101.6611,4.020029303
802250,2724,101.1571,4.004612966
802300,2735.75,99.8483,3.953432608
802350,2748.25,98.2265,3.888089954
802400,2759.9546,97.1214,3.846593455
802450,2771.3181,96.2378,3.81528008
802500,2782.25,95.409,3.786016209
802550,2792.75,94.635,3.758829334
802600,2803.25,94.275,3.751822595
802650,2813.75,94.329,3.765165039
802700,2824.25,93.924,3.755914475
802750,2834.75,93.06,3.723880579
802800,2845,92.628,3.712866862
802850,2855,92.628,3.723049345
802900,2865.5,92.628,3.733800053
802950,2876.5,92.628,3.745128187
803000,2887.5,92.628,3.756523923
803050,2898.5,92.628,3.767987868
803100,2908.5,92.628,3.778469342
803150,2917.5,92.628,3.787951685
803200,2927.25,92.628,3.79827704
803250,2937.75,92.628,3.809458575
803300,2948.5,91.494,3.763051573
803350,2959.5,89.226,3.658532587
803400,2970,87.885,3.600503545
803450,2980,87.471,3.589396125
803500,2990,86.76,3.562881058
803550,3000,85.752,3.520829016
803600,3010,85.086,3.493621956
803650,3020,84.762,3.484341775
803700,3030.25,84.978,3.501413622
803750,3040.75,85.734,3.547726531
803800,3051.25,85.176,3.526008644
803850,3061.75,83.304,3.440465193
803900,3071.25,82.593,3.41212539
803950,3079.75,83.043,3.439312274
804000,3088.75,82.566,3.421967626
804050,3098.25,81.162,3.360067665
804100,3108.25,80.793,3.348567293
804150,3118.75,81.459,3.387495461
804200,3129.25,81.792,3.410312229
804250,3139.75,81.792,3.417007765
804300,3150,81.648,3.416569767
804350,3160,81.36,3.408993991
804400,3168.9604,81.234,3.408603882
804450,3176.8811,81.27,3.415403144
804500,3185.8484,81.09,3.412400327
804550,3195.9495,80.694,3.39964578
804600,3206.25,80.226,3.38352128
804650,3216.75,79.686,3.364024683
804700,3226.25,79.3887,3.355658798
804750,3234.75,79.3342,3.358435124
804800,3244.25,79.2153,3.358724511
804850,3254.75,79.0371,3.356773198
804900,3264.5,78.867,3.354735799
804950,3273.5,78.705,3.352612357
805000,3283,78.363,3.342063847
805050,3293,77.841,3.323085295
805100,3302.75,77.508,3.313124122
805150,3312.25,77.364,3.312185603
805200,3321.75,77.013,3.301184174
805250,3331.25,76.455,3.280114258
805300,3340.5,76.176,3.272444782
805350,3349.5,76.176,3.278183092
805400,3358.5,75.798,3.265535157
805450,3367.5,75.042,3.234491315
805500,3377,74.691,3.223463687
805550,3387,74.745,3.232463057
805600,3396.75,74.358,3.219837595
805650,3406.25,73.53,3.185575167
805700,3415.75,73.08,3.16970882
805750,3425.25,73.008,3.172248769
805800,3434.75,72.873,3.171720395
805850,3444.25,72.675,3.168121994
805900,3453.25,72.477,3.164203873
805950,3461.75,72.279,3.159965977
806000,3470.75,71.874,3.145953285
806050,3480.25,71.262,3.122160241
806100,3489.25,70.884,3.109452651
806150,3497.75,70.74,3.107836729
806200,3506.25,70.542,3.102752518
806250,3514.75,70.29,3.094716644
806300,3523.75,70.389,3.104093496
806350,3533.25,70.839,3.130954278
806400,3542.5,71.748,3.18029206
806450,3551.5,73.116,3.25219336
806500,3560.5,74.709,3.335359402
806550,3569.5,76.527,3.429835153
806600,3579,78.372,3.527315792
806650,3589,80.244,3.629694503
806700,3598,81.117,3.680084527
806750,3606,80.991,3.678405692
806800,3613.75,80.901,3.678431878
806850,3621.25,80.847,3.680165129
806900,3629.75,80.703,3.677856507
806950,3639.25,80.469,3.671500329
807000,3647.75,80.1338,3.659305765
807050,3655.25,79.6974,3.64126701
807100,3663,79.5529,3.638459947
807150,3671,79.6776,3.649728387
807200,3679,79.452,3.642875628
807250,3687,78.876,3.617873971
807300,3695,78.5244,3.604475524
807350,3703,78.3971,3.602689537
807400,3712,78.233,3.599595603
807450,3722,78.035,3.59534184
807500,3731,77.94,3.595827495
807550,3739,77.94,3.600643788
807600,3746.75,77.5843,3.586838586
807650,3754.25,76.9003,3.555813621
807700,3761.75,76.4515,3.536990111
807750,3769.25,76.2198,3.529441129
807800,3777,76.023,3.523851636
807850,3785,75.861,3.520218579
807900,3793,75.798,3.521736867
807950,3801,75.834,3.528412938
808000,3808.75,75.735,3.527909855
808050,3816.25,75.501,3.520218935
808100,3824.25,75.213,3.510006128
808150,3832.75,74.871,3.497314344
808200,3840.75,74.547,3.485400008
808250,3848.25,74.241,3.474087971
808300,3856.25,73.656,3.448684464
808350,3864.75,72.792,3.409131314
808400,3873.25,72.387,3.393157983
808450,3881.75,72.441,3.400857671
808500,3889.5,72.387,3.402555415
808550,3896.5,72.225,3.398228943
808600,3904,71.946,3.388116964
808650,3912,71.55,3.372196844
808700,3919.25,71.361,3.366563162
808750,3925.75,71.379,3.371252812
808800,3933.75,71.208,3.366977017
808850,3943.25,70.848,3.353699091
808900,3950.4753,70.38,3.333432295
808950,3955.4258,69.804,3.306174503
809000,3961.6365,69.453,3.291359594
809050,3969.2122,69.327,3.289074845
809100,3977.5,69.138,3.283886194
809150,3986.5,68.886,3.275780573
809200,3994,68.562,3.263013987
809250,4000,68.166,3.245578947
809300,4006.75,68.004,3.239795045
809350,4014.25,68.076,3.246647061
809400,4022,67.932,3.242209781
809450,4030,67.572,3.226441036
809500,4036.5,67.374,3.218601943
809550,4041.5,67.338,3.218722683
809600,4048.5,67.104,3.209154313
809650,4057.5,66.672,3.189855265
809700,4065.75,66.411,3.179295582
809750,4073.25,66.321,3.177513611
809800,4079.75,66.231,3.175326146
809850,4085.25,66.141,3.172732971
809900,4092.25,66.078,3.172178975
809950,4100.75,66.042,3.173670629
810000,4108,65.952,3.171771257
810050,4114,65.808,3.166470147
810100,4120.25,65.655,3.160776319
810150,4126.75,65.493,3.154687899
810200,4133,65.286,3.146067416
810250,4139,65.034,3.134908249
810300,4145.25,64.845,3.127220329
810350,4151.75,64.719,3.123013252
810400,4158.75,64.638,3.121425197
810450,4166.25,64.602,3.122464698
810500,4173,64.521,3.120772685
810550,4179,64.395,3.11634079
810600,4185,64.287,3.112876118
810650,4191,64.197,3.110381505
810700,4197,63.99,3.101526427
810750,4203,63.666,3.086292208
810800,4208.75,63.567,3.083175726
810850,4214.25,63.693,3.092211524
810900,4219.5,63.747,3.097238503
810950,4224.5,63.729,3.09824571
811000,4229.75,63.513,3.088540884
811050,4235.25,63.099,3.068095167
811100,4240.25,62.739,3.050371323
811150,4244.75,62.433,3.035380425
811200,4250,62.361,3.033479452
811250,4256,62.523,3.044701624
811300,4261.75,62.406,3.040530339
811350,4267.25,62.01,3.020922341
811400,4273.25,61.677,3.004936676
811450,4279.75,61.407,2.992464068
811500,4285,61.362,2.991993281
811550,4289,61.542,3.003584625
811600,4293,61.641,3.010595442
811650,4297,61.659,3.013142636
811700,4302,61.596,3.011606057
811750,4308,61.452,3.005974773
811800,4313.75,61.335,3.001730463
811850,4319.25,61.245,2.998857417
811900,4325.25,61.02,2.9885163
811950,4331.75,60.66,2.970703899
812000,4336.75,60.597,2.969084575
812050,4340.25,60.831,2.983715063
812100,4345,60.237,2.951872872
812150,4351,58.815,2.873380314
812200,4356.25,58.167,2.838449502
812250,4360.75,58.293,2.847254656
812300,4366,58.203,2.844035128
812350,4372,57.897,2.828746003
812400,4379.25,57.447,2.805625465
812450,4387.75,56.853,2.774614591
812500,4392,56.601,2.76164525
812550,4392,56.691,2.766808169
812600,4395.25,56.736,2.770523566
812650,4401.75,56.736,2.772796527
812700,4407,56.736,2.774637347
812750,4411,56.736,2.776042867
812800,4415.5,56.655,2.772955358
812850,4420.5,56.493,2.765359741
812900,4425.5,56.412,2.762429183
812950,4430.5,56.412,2.764179882
813000,4435.5,56.412,2.765934639
813050,4440.5,56.412,2.767693468
813100,4445.75,56.853,2.795158855
813150,4451.25,57.735,2.848429776
813200,4455.75,59.22,2.936557606
813250,4459.25,61.308,3.058037424
813300,4464.25,62.496,3.127546891
813350,4470.75,62.784,3.146650367
813400,4476,63.027,3.162702026
813450,4480,63.225,3.175683371
813500,4484.25,63.261,3.17955805
813550,4488.75,63.135,3.174306694
813600,4493,63.045,3.170994806
813650,4497,62.991,3.169627049
813700,4502,62.991,3.172116154
813750,4508,63.045,3.178816663
813800,4513.25,62.964,3.177345685
813850,4517.75,62.748,3.16768166
813900,4522,62.514,3.156820007
813950,4526,62.262,3.144759499
814000,4530.5,61.965,3.130396071
814050,4535.5,61.623,3.113720643
814100,4539.75,61.389,3.102786128
814150,4543.25,61.263,3.097609418
814200,4547.25,61.065,3.088574597
814250,4551.75,60.795,3.075671313
814300,4555.75,60.714,3.073358238
814350,4559.25,60.822,3.081657983
814400,4563.25,60.732,3.078826129
814450,4567.75,60.444,3.06483877
814500,4572.75,60.102,3.047998611
814550,4578.25,59.706,3.028293827
814600,4583,59.373,3.011767434
814650,4587,59.103,2.998378573
814700,4590.75,58.842,2.984943199
814750,4594.25,58.59,2.971876316
814800,4598.25,58.167,2.948786656
814850,4602.75,57.573,2.915636868
814900,4607.25,56.952,2.88078571
814950,4611.75,56.304,2.844227632
815000,4615.75,55.611,2.804589708
815050,4619.25,54.873,2.761877383
815100,4623.2275,54.225,2.724801585
815150,4627.6831,53.667,2.693366066
815200,4632.1816,52.983,2.654235359
815250,4636.7271,52.173,2.607385095
815300,4640.25,51.615,2.575247886
815350,4642.75,51.309,2.557885446
815400,4647,50.814,2.529856203
815450,4653,50.13,2.492838925
815500,4657.5,49.509,2.464113893
815550,4660.5,48.951,2.437862265
815600,4664,48.303,2.407343689
815650,4668,47.565,2.372540338
815700,4672.25,46.962,2.34441928
815750,4676.75,46.494,2.32299315
815800,4682,45.981,2.29957577
815850,4688,45.423,2.274150533
815900,4692,44.937,2.251532226
815950,4694,44.523,2.231754351
816000,4696,44.154,2.214186783
816050,4698,43.83,2.198832146
816100,4701,43.353,2.176223014
816150,4705,42.723,2.146333003
816200,4707.5,42.228,2.122607833
816250,4708.5,41.868,2.105077854
816300,4709.75,41.634,2.093869352
816350,4711.25,41.526,2.088985363
816400,4713.5,41.256,2.076293061
816450,4716.5,40.824,2.055776299
816500,4719.25,40.545,2.042762014
816550,4721.75,40.419,2.037264456
816600,4723.5,40.185,2.026161345
816650,4724.5,39.843,2.009451796
816700,4725.5,39.591,1.997333333
816750,4726.5,39.429,1.989904762
816800,4727.25,39.33,1.985404762
816850,4727.75,39.294,1.983833333
816900,4729.5,39.051,1.972761905
816950,4732.5,38.601,1.952190476
817000,4734.25,38.259,1.936404762
817050,4734.75,38.025,1.925404762
817100,4735,35.829,1.820904762
817150,4735,31.671,1.622904762
817200,4723.25,22.194,1.179958654
817250,4699.75,7.398,0.64610553
817300,4677.75,0,0
817350,4657.25,0,0
817400,4643.25,0,0
817450,4635.75,0,0
817500,4626,0,0
817550,4614,0,0
817600,4602.75,0,0
817650,4592.25,0,0
817700,4580.25,0,0
817750,4566.75,0,0
817800,4553.25,0,0
817850,4539.75,0,0
817900,4524.25,0,0
817950,4506.75,0,0
818000,4488.5,0,0
818050,4469.5,0,0
818100,4449.25,0,0
818150,4427.75,0,0
818200,4406.25,0,0
818250,4384.75,0,0
818300,4362.75,0,0
818350,4340.25,0,0
818400,4316.6235,0,0
818450,4291.8711,0,0
818500,4266.8789,0,0
818550,4241.6265,0,0
818600,4216.25,0,0
818650,4190.75,0,0
818700,4165.5,0,0
818750,4140.5,0,0
818800,4115.75,0,0
818850,4091.25,0,0
818900,4066,0,0
818950,4040,0,0
819000,4014.75,0,0
819050,3990.25,0,0
819100,3967.75,0,0
819150,3947.25,0,0
819200,3930.25,0,0
819250,3916.75,0,0
819300,3903.25,0,0
819350,3889.75,0,0
819400,3876.25,0,0
819450,3862.75,0,0
819500,3847.5,0,0
819550,3830.5,0,0
819600,3813.75,0,0
819650,3797.25,0,0
819700,3782.75,0,0
819750,3770.25,0,0
819800,3758.5,0,0
819850,3747.5,0,0
819900,3736.25,0,0
819950,3724.75,0,0
820000,3713.75,0,0
820050,3703.25,0,0
820100,3693.792,0,0
820150,3685.3762,0,0
820200,3676.6365,0,0
820250,3667.5454,0,0
820300,3657.75,0,0
820350,3647.25,0,0
820400,3637.25,0,0
820450,3627.75,0,0
820500,3617.5,0,0
820550,3606.5,0,0
820600,3595,0,0
820650,3583,0,0
820700,3569.5,0,0
820750,3554.5,0,0
820800,3537.5,0,0
820850,3518.5,0,0
820900,3498,0,0
820950,3476,0,0
821000,3453.25,0,0
821050,3429.75,0,0
821100,3406.3665,0,0
821150,3383.0991,0,0
821200,3359,0,0
821250,3334,0,0
821300,3309.24,0,0
821350,3284.74,0,0
821400,3259.76,0,0
821450,3234.26,0,0
821500,3209,0,0
821550,3184,0,0
821600,3159,0,0
821650,3134,0,0
821700,3112.0303,0,0
821750,3093.3435,0,0
821800,3075.5,0,0
821850,3058.5,0,0
821900,3040.5,0,0
821950,3021.5,0,0
822000,3003,0,0
822050,2985,0,0
822100,2968.75,0,0
822150,2954.25,0,0
822200,2940,0,0
822250,2926,0,0
822300,2910.75,0,0
822350,2894.25,0,0
822400,2878.5,0,0
822450,2863.5,0,0
822500,2848.75,0,0
822550,2834.25,0,0
822600,2821.75,0,0
822650,2811.25,0,0
822700,2800.0593,0,0
822750,2788.1782,0,0
822800,2776,0,0
822850,2763.5,0,0
822900,2750.76,0,0
822950,2737.76,0,0
823000,2725,0,0
823050,2712.5,0,0
823100,2700,0,0
823150,2687.5,0,0
823200,2674.9395,0,0
823250,2662.3132,0,0
823300,2651.25,0,0
823350,2641.75,0,0
823400,2634,0,0
823450,2628,0,0
823500,2624.5049,0,0
823550,2623.5149,0,0
823600,2622.2727,0,0
823650,2620.7576,0,0
823700,2621.7327,1.71,0.077979813
823750,2625.198,5.13,0.234265214
823800,2630.8789,9.378,0.429233155
823850,2638.9597,14.454,0.623063547
823900,2647.5,18.99,0.780940957
823950,2656.5,22.986,0.920267392
824000,2666,26.577,1.041412789
824050,2676,29.763,1.142750589
824100,2684.5,32.418,1.227530991
824150,2691.5,34.542,1.295597356
824200,2696.75,35.388,1.323263893
824250,2700.25,34.956,1.310378025
824300,2702.99,34.947,1.310649049
824350,2704.9702,35.361,1.324098018
824400,2706.24,35.622,1.332586496
824450,2706.74,35.73,1.336094922
824500,2708.2,35.946,1.343209975
824550,2710.7,36.27,1.353955649
824600,2713.697,36.234,1.353452525
824650,2717.2324,35.838,1.341689301
824700,2721.4753,35.793,1.34115436
824750,2726.4258,36.099,1.351875547
824800,2731.8799,36.207,1.356451958
824850,2737.8799,36.117,1.354874171
824900,2743.6667,36.036,1.353533169
824950,2749.2222,35.964,1.352426085
825000,2755.25,36.279,1.363734963
825050,2761.75,36.981,1.38750731
825100,2768.7129,37.17,1.395072954
825150,2776.1387,36.846,1.386366892
825200,2782.6399,36.594,1.379736913
825250,2788.1399,36.414,1.375177962
825300,2794.6365,35.847,1.358411873
825350,2802.2122,34.893,1.329398613
825400,2807.75,33.885,1.298143893
825450,2811.25,32.823,1.26467843
825500,2815.5,32.292,1.248414342
825550,2820.5,32.292,1.249388158
825600,2825.75,32.22,1.248088708
825650,2831.25,32.076,1.244508624
825700,2836,31.923,1.240484138
825750,2840,31.761,1.236015797
825800,2843.7327,31.716,1.235279106
825850,2847.198,31.788,1.238282564
825900,2849.7273,30.537,1.198197786
825950,2851.2424,27.963,1.11496842
826000,2852,25.731,1.042670422
826050,2852,23.841,0.980124163
826100,2851.75,23.067,0.953330752
826150,2851.25,23.409,0.96507488
826200,2851.75,23.409,0.965152534
826250,2853.25,23.067,0.953563595
826300,2853.25,23.058,0.953252493
826350,2851.75,23.382,0.964219235
826400,2850,24.237,0.993501555
826450,2848,25.623,1.038550826
826500,2845.25,25.866,1.046002926
826550,2841.75,24.966,1.016316588
826600,2836.25,24.516,1.000942092
826650,2828.75,24.516,0.999840155
826700,2821.2871,24.759,1.006604483
826750,2813.8613,25.245,1.021168757
826800,2806.6399,25.191,1.018356945
826850,2799.6399,24.597,0.998112636
826900,2792.8484,25.011,1.010544325
826950,2786.2827,26.433,1.055124725
827000,2782.2573,26.478,1.055941043
827050,2780.7722,25.146,1.013099335
827100,2778.5601,23.247,0.948194284
827150,2775.5601,20.781,0.862532564
827200,2772.5454,18.864,0.795838816
827250,2769.5151,17.496,0.748111738
827300,2769.25,16.569,0.716046003
827350,2771.75,16.083,0.69963967
827400,2773.99,15.255,0.671377488
827450,2775.9702,14.085,0.63125909
827500,2777.72,13.032,0.595146649
827550,2779.22,12.096,0.563037526
827600,2781.9199,11.385,0.538884138
827650,2785.9199,10.899,0.522701577
827700,2789.4399,11.223,0.534432026
827750,2792.4399,12.357,0.574071305
827800,2794,12.924,0.593900737
827850,2794,12.924,0.593900737
827900,2793.76,13.509,0.614077458
827950,2793.26,14.679,0.654427638
828000,2792.5151,15.147,0.670484147
828050,2791.5051,14.913,0.662244188
828100,2790.01,16.497,0.716745368
828150,2788.0298,19.899,0.833985195
828200,2787.48,22.698,0.930609321
828250,2788.48,24.894,1.00615672
828300,2788.0303,26.055,1.043285935
828350,2786.01,26.181,1.047012435
828400,2784,26.838,1.067735409
828450,2782,28.026,1.105434602
828500,2782.25,29.619,1.15645175
828550,2784.75,31.617,1.220857192
828600,2786,32.958,1.26403602
828650,2786,33.642,1.285940282
828700,2786.5,34.497,1.313423777
828750,2787.5,35.523,1.346496356
828800,2788.25,36.387,1.374337012
828850,2788.75,37.089,1.396939258
828900,2790.5,40.491,1.507201437
828950,2793.5,46.593,1.729189017
829000,2796.5,47.592,1.766361579
829050,2799.5,43.488,1.618429455
829100,2799.5,41.391,1.542347546
829150,2796.5,41.301,1.538235038
829200,2792.75,40.707,1.5156515
829250,2788.25,39.609,1.477563728
829300,2785.5,38.79,1.450681879
829350,2784.5,38.25,1.43316067
829400,2784.5,38.556,1.442957027
829450,2785.5,39.708,1.480076785
829500,2787.2375,39.744,1.481646028
829550,2789.7129,38.664,1.447628718
829600,2793.1819,37.845,1.422173165
829650,2797.7273,37.287,1.405300638
829700,2802,36.936,1.394987085
829750,2806,36.792,1.391250948
829800,2810.9702,35.577,1.353256027
829850,2816.9109,33.291,1.280878242
829900,2822.1599,32.454,1.254937242
829950,2826.6599,33.066,1.275578688
830000,2832.8789,34.596,1.326283483
830050,2840.9597,37.044,1.407249186
830100,2849.208,38.412,1.453493648
830150,2857.6238,38.7,1.464848503
830200,2864.1599,39.204,1.482812401
830250,2868.6599,39.924,1.508292753
830300,2873.3999,41.652,1.573135203
830350,2878.3999,44.388,1.675246293
830400,2883.1599,46.0857,1.739231078
830450,2887.6599,46.7451,1.764978578
830500,2891.4399,47.1578,1.781432039
830550,2894.4399,47.3033,1.787790345
830600,2897.4399,47.2423,1.786533315
830650,2900.4399,46.975,1.777656186
830700,2903.4399,48.7282,1.843427391
830750,2906.4399,52.6702,1.990188172
830800,2910.3999,54.6676,2.076775019
830850,2915.3999,54.5585,2.074407301
830900,2920.6667,54.315,2.066297797
830950,2926.2222,53.937,2.052401334
831000,2933.4556,53.802,2.049852155
831050,2942.3665,53.91,2.058773506
831100,2950.3601,53.694,2.053001329
831150,2957.3601,53.154,2.032321046
831200,2963.6667,54.081,2.076558523
831250,2969.2222,56.475,2.186291736
831300,2974,57.915,2.253451058
831350,2978,58.401,2.277623069
831400,2980.75,58.545,2.285749629
831450,2982.25,58.347,2.277742763
831500,2983.25,59.094,2.311990451
831550,2983.75,60.786,2.388533453
831600,2983.5,61.056,2.400531579
831650,2982.5,59.904,2.347996398
831700,2982.5,58.419,2.281134624
831750,2983.5,56.601,2.199837823
831800,2984.75,54.486,2.105193166
831850,2986.25,52.074,1.99761869
831900,2986.01,48.402,1.859831301
831950,2984.0298,43.47,1.67425821
832000,2979.8484,36.873,1.434049754
832050,2973.2827,28.611,1.157680695
832100,2967.7722,23.445,0.984431669
832150,2963.3169,21.375,0.912130475
832200,2962.2122,21.195,0.905732434
832250,2964.7373,22.905,0.965278987
832300,2967,24.822,1.030676375
832350,2969,26.946,1.101571171
832400,2972,26.541,1.088615929
832450,2976,23.607,0.991316321
832500,2980.2278,21.717,0.926585308
832550,2984.6831,20.871,0.89800645
832600,2988.697,19.8,0.861572645
832650,2992.2324,18.504,0.817277843
832700,2996,17.73,0.791078448
832750,3000,17.478,0.782975779
832800,3003,17.343,0.778696245
832850,3005,17.325,0.778334084
832900,3006.75,17.316,0.778250862
832950,3008.25,17.316,0.778446992
833000,3008.01,17.649,0.789963056
833050,3006.0298,18.315,0.812780571
833100,3005,19.062,0.838519109
833150,3005,19.89,0.867208343
833200,3004.25,20.844,0.900140646
833250,3002.75,21.924,0.937293424
833300,3001.75,22.374,0.952698247
833350,3001.25,22.194,0.946378969
833400,3000.01,22.995,0.973877265
833450,2998.0298,24.777,1.034037402
833500,2996.52,26.001,1.074706626
833550,2995.52,26.667,1.096794363
833600,2995,29.4327,1.189108282
833650,2995,34.298,1.351658815
833700,2997.1621,38.377,1.488482763
833750,3001.6667,41.604,1.609895495
833800,3006.04,44.7295,1.72932399
833850,3010.04,47.5658,1.83775659
833900,3014.9307,50.636,1.955427436
833950,3022.3564,54.3072,2.116716051
834000,3028.8484,57.4589,2.262847089
834050,3032.3838,59.1316,2.340344614
834100,3036.1699,60.5755,2.407541193
834150,3040.6699,61.431,2.448411713
834200,3045.3,62.2105,2.485861446
834250,3050.3,62.7742,2.512772609
834300,3054.6499,63.4944,2.545063838
834350,3057.1499,64.6171,2.593534608
834400,3059.9099,65.1953,2.61920729
834450,3063.4099,64.2233,2.579811412
834500,3067.3,63.3683,2.545478208
834550,3072.3,62.8463,2.525670908
834600,3077.1699,62.7673,2.524521384
834650,3081.6699,63.9491,2.576638003
834700,3086.04,65.3888,2.639732195
834750,3090.04,67.4918,2.730922942
834800,3093.9099,69.204,2.805594838
834850,3097.4099,69.804,2.832899737
834900,3100.6436,70.9346,2.882683471
834950,3103.1189,73.4297,2.990218447
835000,3106.3333,75.2004,3.076617957
835050,3111.8889,74.9094,3.066034353
835100,3116.1299,74.8946,3.067992613
835150,3116.6299,75.5897,3.101963551
835200,3117.52,76.104,3.127427542
835250,3119.52,76.104,3.128691424
835300,3121.52,76.2487,3.136962196
835350,3123.52,76.7655,3.163252463
835400,3125.3899,79.1838,3.281545405
835450,3126.8899,87.0138,3.672538307
835500,3128.1299,92.9718,3.981266778
835550,3128.6299,93.6018,4.014821833
835600,3129.78,94.0491,4.03983793
835650,3132.78,93.9764,4.038039123
835700,3136.3,93.899,4.036353686
835750,3141.3,93.8099,4.035085816
835800,3146.6899,93.7156,4.033810926
835850,3153.1899,93.6065,4.032520851
835900,3159.4299,93.5679,4.034880673
835950,3164.9299,93.7105,4.046596272
836000,3170.04,93.7073,4.050099783
836050,3174.04,93.2891,4.030136846
836100,3178.5601,93.0329,4.019369242
836150,3184.5601,93.1933,4.032449299
836200,3190.8201,93.2033,4.037504623
836250,3197.8201,92.7851,4.019592882
836300,3204.1699,92.484,4.007600851
836350,3208.6699,92.484,4.010828804
836400,3213.8201,92.484,4.014531021
836450,3220.8201,92.484,4.019576464
836500,3227.95,92.2781,4.013348481
836550,3235.45,91.4861,3.976639899
836600,3242.5601,90.9189,3.952166956
836650,3248.5601,90.9916,3.959941146
836700,3254.95,90.9492,3.962042534
836750,3262.45,90.6106,3.949623756
836800,3269.5601,90.3179,3.939312171
836850,3275.5601,90.1559,3.934992059
836900,3281.9307,90.0828,3.93550118
836950,3289.3564,90.2628,3.949753825
837000,3296.5757,90.396,3.961453723
837050,3303.1414,90.396,3.965853816
837100,3309.95,90.396,3.970415435
837150,3317.45,90.396,3.975438797
837200,3325.21,90.279,3.974613079
837250,3333.71,89.829,3.957147674
837300,3341.6899,89.4211,3.941505878
837350,3348.1899,89.1331,3.931045204
837400,3355.21,88.906,3.924068325
837450,3363.71,88.852,3.926987161
837500,3371.6899,88.7652,3.927870087
837550,3378.1899,88.5852,3.922970025
837600,3385.3401,88.3858,3.917509639
837650,3394.3401,88.1313,3.910458303
837700,3402.6899,87.948,3.906632536
837750,3409.1899,87.948,3.910986429
837800,3415.8201,87.9575,3.915914358
837850,3422.8201,87.9938,3.922465007
837900,3429.95,87.8952,3.922172784
837950,3437.45,87.4497,3.904315691
838000,3445.0801,87.0585,3.88933899
838050,3453.0801,86.8222,3.882566016
838100,3461.0593,86.6171,3.877382614
838150,3468.9802,86.4923,3.876282437
838200,3476.8181,86.4,3.876794505
838250,3484.394,86.4,3.881865875
838300,3491.8201,86.385,3.886066078
838350,3498.8201,86.3316,3.88801069
838400,3505.6899,86.1703,3.883995833
838450,3512.1899,85.7023,3.863944631
838500,3519.0801,85.3092,3.847962067
838550,3527.0801,85.1292,3.843585923
838600,3534.8201,84.9345,3.838292848
838650,3541.8201,84.6982,3.830407632
838700,3549.0801,84.3983,3.819405004
838750,3557.0801,83.9349,3.800434358
838800,3564.8201,83.6156,3.788704873
838850,3571.8201,83.7065,3.797631131
838900,3578.6899,83.6323,3.7979837
838950,3585.1899,83.1333,3.776231589
839000,3591.8201,82.7971,3.762931979
839050,3598.8201,82.9244,3.773737534
839100,3606.0801,82.9761,3.780810748
839150,3614.0801,82.8335,3.778316488
839200,3621.95,82.6578,3.774032991
839250,3629.45,82.3878,3.764653043
839300,3636.8201,82.1693,3.757846654
839350,3643.8201,82.0973,3.758379038
839400,3650.8201,81.9785,3.756493101
839450,3657.8201,81.7265,3.747719294
839500,3664.95,81.5634,3.743615869
839550,3672.45,81.6534,3.75282951
839600,3679.6899,81.6065,3.754806151
839650,3686.1899,81.1702,3.736172139
839700,3692.95,80.6364,3.712633468
839750,3700.45,79.8523,3.676557225
839800,3707.4299,79.4358,3.65919309
839850,3712.9299,80.0658,3.695182256
839900,3718.802,80.4665,3.719525934
839950,3725.7327,80.2145,3.71066565
840000,3732.697,79.9625,3.701819398
840050,3739.7676,79.7105,3.693031285
840100,3746.8201,79.4912,3.685924152
840150,3753.8201,79.3652,3.683627669
840200,3760.8201,79.1456,3.676464442
840250,3767.8201,78.6596,3.655444217
840300,3774.6899,78.3281,3.642366174
840350,3781.1899,78.4361,3.651923237
840400,3788.0801,78.4692,3.657824994
840450,3796.0801,78.2892,3.653308344
840500,3803.6899,78.0905,3.647577
840550,3810.1899,77.8385,3.638390314
840600,3816.95,77.6142,3.630799065
840650,3824.45,77.4687,3.627760351
840700,3832.21,77.3091,3.624141333
840750,3840.71,77.1131,3.619068348
840800,3848.5601,76.9302,3.614280762
840850,3854.5601,76.7847,3.610320847
840900,3860.4299,76.6351,3.606065279
840950,3865.9299,76.4747,3.601018437
841000,3871.6899,76.3087,3.595833549
841050,3878.1899,76.1269,3.590267806
841100,3884.8201,75.7615,3.575172254
841150,3891.8201,74.9238,3.535572784
841200,3897.78,74.2756,3.505238658
841250,3900.78,74.1665,3.501333562
841300,3904.5601,74.103,3.500284945
841350,3910.5601,74.1564,3.506696957
841400,3916.4299,73.9901,3.50152193
841450,3921.9299,73.1981,3.46362179
841500,3927.5601,72.832,3.447908508
841550,3933.5601,73.678,3.495517609
841600,3938.78,74.1636,3.524110209
841650,3941.78,73.6236,3.497604651
841700,3945.8201,73.1632,3.476001675
841750,3952.8201,72.9292,3.467956138
841800,3959.3,72.7279,3.461293477
841850,3964.3,72.6199,3.458620094
841900,3969.4299,72.5213,3.456512217
841950,3974.9299,72.4493,3.45601589
842000,3980.3,72.2696,3.449790389
842050,3985.3,71.7836,3.427250435
842100,3990.8201,71.4193,3.411377463
842150,3997.8201,71.4013,3.414567887
842200,4004.4299,71.3833,3.416834153
842250,4009.9299,71.3653,3.41827735
842300,4015.3,71.1976,3.41176843
842350,4020.3,70.6036,3.382578898
842400,4025.5601,70.164,3.361613121
842450,4031.5601,70.164,3.364179015
842500,4037.4299,70.0517,3.360748296
842550,4042.9299,69.6197,3.340211846
842600,4048.1699,69.3608,3.328710057
842650,4052.6699,69.5948,3.343036441
842700,4057.8201,69.7399,3.352940094
842750,4064.8201,69.6319,3.350196847
842800,4071.3,69.5473,3.348470412
842850,4076.3,69.5293,3.349654522
842900,4081.0298,69.413,3.345483792
842950,4084.99,69.017,3.326056027
843000,4089.697,68.7614,3.314415013
843050,4096.7676,68.9054,3.325113396
843100,4103.4302,68.9324,3.32940113
843150,4108.9302,68.6264,3.315366859
843200,4113.9102,67.9835,3.283031148
843250,4117.4102,66.3815,3.198595946
843300,4121.1699,65.444,3.149823773
843350,4125.6699,66.398,3.202850844
843400,4130.04,67.221,3.248861358
843450,4134.04,67.671,3.274723786
843500,4138.4302,67.99,3.29373671
843550,4143.9302,67.936,3.293162969
843600,4149.2998,67.8024,3.288242217
843650,4154.2998,67.4424,3.270943051
843700,4159.04,67.2088,3.260331007
843750,4163.04,67.3348,3.268819203
843800,4167.1699,67.3672,3.272313536
843850,4171.6699,67.1332,3.261557578
843900,4176.2871,66.6184,3.235632993
843950,4181.2378,65.3044,3.166505032
844000,4186.0908,64.7626,3.139099528
844050,4190.6362,66.4186,3.230791855
844100,4195.04,67.5925,3.296378798
844150,4199.04,67.3945,3.287334374
844200,4203.4302,67.2012,3.278699967
844250,4208.9302,67.0212,3.271248822
844300,4213.9102,66.8178,3.262288961
844350,4217.4102,66.5478,3.249058689
844400,4221.5601,66.1936,3.231494229
844450,4227.5601,65.5996,3.2015863
844500,4232.7725,65.1226,3.177688991
844550,4235.7427,64.9786,3.171040175
844600,4238.606,64.8486,3.165106757
844650,4241.1313,64.7586,3.161218067
844700,4243.9009,64.692,3.15870698
844750,4247.3662,64.692,3.160125928
844800,4251.2119,64.5984,3.156572743
844850,4256.2627,64.2384,3.138895808
844900,4261.2871,63.9486,3.125032519
844950,4266.2378,63.8586,3.122093819
845000,4270.9697,63.7452,3.11777518
845050,4275.0103,63.5652,3.109506216
845100,4279.04,63.4741,3.106116431
845150,4283.04,63.6361,3.116654399
845200,4286.9102,63.6109,3.116833338
845250,4290.4102,63.0529,3.087472644
845300,4293.7725,58.077,2.811129902
845350,4296.7427,40.527,1.958118352
845400,4290.1514,23.9598,1.210004283
845450,4253.2827,10.1898,0.702432638
845500,4223.27,0,0
845550,4212.77,0,0
845600,4201.75,0,0
845650,4189.25,0,0
845700,4174.6699,0,0
845750,4154.1699,0,0
845800,4133.6699,0,0
845850,4113.1699,0,0
845900,4092.7227,0,0
845950,4072.4258,0,0
846000,4051.1819,0,0
846050,4026.9395,0,0
846100,4002.76,0,0
846150,3978.76,0,0
846200,3954.5,0,0
846250,3929.5,0,0
846300,3904.6931,0,0
846350,3880.4355,0,0
846400,3856.4243,0,0
846450,3833.1919,0,0
846500,3810.3367,0,0
846550,3788.5544,0,0
846600,3767.2727,0,0
846650,3747.5757,0,0
846700,3729.396,0,0
846750,3715.5347,0,0
846800,3701.2424,0,0
846850,3685.5859,0,0
846900,3667.5645,0,0
846950,3642.8118,0,0
847000,3617.5757,0,0
847050,3590.8081,0,0
847100,3564.6931,0,0
847150,3590,0,0
847200,3620,0,0
847250,3650,0,0
847300,3670,0,0
847350,3685,0,0
847400,3700,0,0
847450,3715,0,0
847500,3725.04,0,0
847550,3686.54,0,0
847600,3647.0801,0,0
847650,3607.5801,0,0
847700,3567.9802,0,0
847750,3528.3762,0,0
847800,3488.0203,0,0
847850,3447.6162,0,0
847900,3409.52,0,0
847950,3371.52,0,0
848000,3334,0,0
848050,3296.5,0,0
848100,3260.9199,0,0
848150,3225.4199,0,0
848200,3188.48,0,0
848250,3151.48,0,0
848300,3113.52,0,0
848350,3075.52,0,0
848400,3039.9199,0,0
848450,3004.4199,0,0
848500,2972.76,0,0
848550,2941.26,0,0
848600,2913.3862,0,0
848650,2885.6633,0,0
848700,2865.6699,0,0
848750,2846.1699,0,0
848800,2832.3101,0,0
848850,2818.8101,0,0
848900,2800.6101,0,0
848950,2782.1101,0,0
849000,2764.0801,0,0
849050,2746.0801,0,0
849100,2728.8586,0,0
849150,2711.6868,0,0
849200,2690.3601,0,0
849250,2668.8601,0,0
849300,2648.8,0,0
849350,2628.8,0,0
849400,2608.5149,0,0
849450,2588.2178,0,0
849500,2561.6201,0,0
849550,2534.6201,0,0
849600,2503.0908,0,0
849650,2471.2727,0,0
849700,2443.1201,0,0
849750,2415.1201,0,0
849800,2390.48,0,0
849850,2365.98,0,0
849900,2338.6001,0,0
849950,2311.1001,0,0
850000,2280.72,0,0
850050,2250.22,0,0
850100,2224.04,0,0
850150,2198.04,0,0
850200,2176.5645,0,0
850250,2155.2773,0,0
850300,2132.8501,0,0
850350,2110.3501,0,0
850400,2099.6001,0,0
850450,2089.6001,0,0
850500,2081.8789,0,0
850550,2074.303,0,0
850600,2066.8,0,0
850650,2059.3,0,0
850700,2045.08,0,0
850750,2030.58,0,0
850800,2018.96,0,0
850850,2007.46,0,0
850900,1996.0693,0,0
850950,1984.6832,0,0
851000,1974.0303,0,0
851050,1963.4242,0,0
851100,1957.24,0,0
851150,1951.24,0,0
851200,1948.12,0,0
851250,1945.12,0,0
851300,1946.901,0,0
851350,1948.8812,0,0
851400,1959.8101,4.0723,0.162369949
851450,1971.3101,11.3443,0.452732891
851500,1978.6465,18.8784,0.705348914
851550,1985.7172,26.6184,0.955391152
851600,1995.0297,30.2659,1.068642959
851650,2004.4357,30.6979,1.082292206
851700,2012.05,31.4569,1.106215152
851750,2019.55,32.4727,1.137906061
851800,2026.11,32.2036,1.130546667
851850,2032.61,30.84,1.090013333
851900,2040.99,35.2296,1.224047273
851950,2049.49,44.1396,1.495077576
852000,2063.1599,49.068,1.652450378
852050,2077.1599,50.868,1.711707867
852100,2084.5801,48.5755,1.640154566
852150,2091.5801,43.0675,1.467691527
852200,2093.8799,35.5637,1.240582412
852250,2095.8799,26.4917,0.963262257
852300,2090.7778,18.2664,0.694143591
852350,2085.2222,10.7064,0.434176233
852400,2082.6238,7.7832,0.315498834
852450,2080.1484,8.5032,0.344546375
852500,2080.9495,8.8301,0.357838698
852550,2081.9597,8.8481,0.358626872
852600,2082.96,8.6645,0.351242249
852650,2083.96,8.3225,0.337432939
852700,2085.4399,8.5248,0.345718099
852750,2086.9399,9.1548,0.371357729
852800,2088.4399,10.0771,0.408869663
852850,2089.9399,11.2291,0.455722015
852900,2092.8516,12.6936,0.512383957
852950,2095.8218,14.4036,0.568434636
853000,2098.3501,15.4685,0.603415611
853050,2100.8501,16.0265,0.621850148
853100,2102.4099,16.4317,0.635222984
853150,2103.9099,16.7168,0.644669359
853200,2103.5251,18.617,0.706763583
853250,2103.0203,21.893,0.813818036
853300,2105.3762,23.4687,0.865598514
853350,2107.8516,23.596,0.870043298
853400,2106.5901,23.652,0.871731346
853450,2105.0901,23.652,0.871560304
853500,2104.0601,24.7507,0.90736719
853550,2103.0601,26.7127,0.971391837
853600,2109.5801,33.7248,1.186761224
853650,2116.5801,44.7048,1.521441191
853700,2129.6899,55.7957,1.878403445
853750,2143.1899,66.9737,2.260365264
853800,2151.5959,73.3435,2.484537207
853850,2159.6768,75.9355,2.582940809
853900,2165.28,77.3179,2.636491055
853950,2170.78,77.7499,2.654402883
854000,2179.1599,79.9157,2.738310015
854050,2187.6599,83.4437,2.873524832
854100,2196.6399,85.9435,2.970430745
854150,2205.6399,87.6355,3.043661575
854200,2214.6399,87.9466,3.061068459
854250,2223.6399,87.1726,3.030389199
854300,2231.6799,86.2272,2.992927481
854350,2239.6799,85.1472,2.954915082
854400,2248.6399,83.6942,2.903102743
854450,2257.6399,81.9482,2.84017045
854500,2269.52,84.073,2.924367068
854550,2281.52,89.239,3.145861115
854600,2291.1201,92.9534,3.31553023
854650,2300.6201,95.5274,3.434532134
854700,2307.72,96.9725,3.502259091
854750,2314.72,97.5305,3.530804545
854800,2323.0791,99.5702,3.627317773
854850,2331.4951,102.7742,3.776779591
854900,2341.3999,107.4974,3.995972682
854950,2351.3999,113.4143,4.340597229
855000,2359.52,116.5442,4.527029321
855050,2367.52,117.3002,4.580319064
855100,2375.05,117.648,4.607456035
855150,2382.55,117.648,4.612114785
855200,2390.99,117.2448,4.590771168
855250,2399.49,116.5248,4.548025734
855300,2406.5801,116.0366,4.519398762
855350,2413.5801,115.7306,4.502648754
855400,2420.1716,115.596,4.497589053
855450,2426.7373,115.596,4.500676333
855500,2430.802,115.2533,4.483057018
855550,2434.7625,114.6413,4.450358108
855600,2440.2222,113.5736,4.392763114
855650,2445.7778,112.1478,4.315219195
855700,2450.8,110.0291,4.198677766
855750,2455.8,107.32,4.049261637
855800,2460.8,105.0696,3.939890909
855850,2465.8,103.1796,3.856254545
855900,2471.76,94.0421,3.443767092
855950,2477.76,79.2101,2.808402395
856000,2484.24,68.4,2.402749476
856050,2490.74,60.75,2.131526576
856100,2497.24,53.2411,1.869790906
856150,2503.74,45.8431,1.616331461
856200,2503.04,34.3627,1.253974755
856250,2502.04,19.6747,0.782199694
856300,2482.3201,9.5126,0.412323506
856350,2461.8201,2.9066,0.125540327
856400,2453.8,2.2176,0.095648873
856450,2446.3,6.1776,0.266106105
856500,2458.48,15.2582,0.62600802
856550,2471.48,28.3622,1.068124848
856600,2480.6399,34.8034,1.264423018
856650,2489.6399,36.0094,1.302059382
856700,2497.6799,39.0197,1.394255139
856750,2505.6799,43.4477,1.534199988
856800,2516.0801,45.6682,1.613765161
856850,2526.5801,46.1542,1.63356031
856900,2536.6001,46.3176,1.642093927
856950,2546.6001,46.2276,1.641844434
857000,2557.4556,45.9562,1.635525473
857050,2568.3464,45.5422,1.62422016
857100,2578.8701,44.2714,1.582833503
857150,2589.3701,42.3274,1.517731698
857200,2599.3999,41.3914,1.489094497
857250,2609.3999,41.2474,1.48696973
857300,2619.8701,40.8917,1.478383252
857350,2630.3701,40.3697,1.464603079
857400,2634.29,32.953,1.234936754
857450,2637.79,20.119,0.818415548
857500,2636.5901,18.504,0.762488521
857550,2635.0901,25.704,1.009697816
857600,2644.3999,31.009,1.176260669
857650,2654.3999,34.825,1.297097106
857700,2663.9299,36.1109,1.339191736
857750,2673.4299,35.4089,1.3191674
857800,2677.29,33.8299,1.270454172
857850,2680.79,31.5619,1.199988538
857900,2681.9399,29.0016,1.11986486
857950,2682.9399,26.2116,1.032474642
858000,2684.4099,25.861,1.021686033
858050,2685.9099,27.427,1.071076367
858100,2687.4099,28.8518,1.116060611
858150,2688.9099,30.1658,1.157590015
858200,2693.7,30.4315,1.166770653
858250,2698.7,29.8735,1.150076838
858300,2701.3501,29.6683,1.144067424
858350,2703.8501,29.7403,1.14676098
858400,2705.4099,29.772,1.148026119
858450,2706.9099,29.772,1.148282342
858500,2709.8484,29.4696,1.139244966
858550,2712.8789,28.9296,1.122712643
858600,2714.4399,28.8432,1.12024385
858650,2715.9399,29.1132,1.12902016
858700,2717.9199,29.2723,1.134378762
858750,2719.9199,29.3443,1.136991766
858800,2720,30.515,1.174010621
858850,2720,32.549,1.238304463
858900,2725.7029,35.4096,1.329906685
858950,2731.6436,38.9196,1.442341921
859000,2740.0708,42.5707,1.568057355
859050,2748.6565,46.3327,1.705797203
859100,2758.1201,50.4374,1.856583134
859150,2767.6201,54.8114,2.019670405
859200,2775.604,57.7037,2.14011156
859250,2783.5247,59.4317,2.214123525
859300,2789.697,61.9862,2.321451925
859350,2795.7576,65.1902,2.455924812
859400,2801.76,66.8218,2.526215506
859450,2807.76,67.2178,2.546104479
859500,2815.2,67.3416,2.555975941
859550,2822.7,67.2516,2.557258025
859600,2828.28,67.3027,2.562996215
859650,2833.78,67.4647,2.573188274
859700,2841.6799,68.9371,2.638186159
859750,2849.6799,71.4391,2.745270909
859800,2856.24,74.9894,2.894271586
859850,2862.74,79.3634,3.089886078
859900,2869.24,81.1267,3.17932625
859950,2875.74,80.8387,3.171336488
860000,2882.24,80.2282,3.147981241
860050,2888.74,79.3642,3.112510789
860100,2895.72,78.9739,3.099987945
860150,2902.72,78.9559,3.105229207
860200,2910.2,79.0891,3.118121784
860250,2917.7,79.3411,3.136736288
860300,2925.1404,79.1526,3.134251075
860350,2932.5786,78.6179,3.115175126
860400,2940.05,78.1167,3.097699113
860450,2947.55,77.644,3.081583308
860500,2955.5901,78.8432,3.146228859
860550,2964.0901,81.3561,3.274593439
860600,2973.1299,84.5338,3.435734146
860650,2982.6299,88.2778,3.633679695
860700,2991.3201,90.5302,3.759095014
860750,2999.3201,91.512,3.818534116
860800,3005.97,91.8835,3.842564039
860850,3011.47,91.7755,3.840691239
860900,3018.05,93.2098,3.919431694
860950,3025.55,95.8558,4.062861815
861000,3033.05,96.8004,4.11819343
861050,3040.55,96.4084,4.102748198
861100,3046.1599,96.3065,4.101330969
861150,3050.1599,96.452,4.111922888
861200,3054.4299,96.3064,4.107228124
861250,3058.9299,95.9322,4.090506466
861300,3063.4299,95.76,4.084528166
861350,3067.9299,95.76,4.087733025
861400,3073.24,95.3574,4.070001454
861450,3079.24,94.612,4.034369139
861500,3085.24,94.2739,4.020473722
861550,3091.24,94.2559,4.023719831
861600,3097.8181,93.8549,4.006799782
861650,3104.8889,93.1529,3.975000237
861700,3112.7129,92.5517,3.94918439
861750,3121.1287,92.0297,3.927868806
861800,3128.5454,91.5581,3.908491988
861850,3135.1111,91.1261,3.890593632
861900,3143.2673,91.1275,3.896161945
861950,3152.6733,91.4695,3.920162101
862000,3160.51,91.5091,3.92748114
862050,3167.01,91.3111,3.921630332
862100,3173.5454,91.0426,3.912165157
862150,3180.1111,90.7186,3.899857978
862200,3187.1584,90.455,3.890995835
862250,3194.5842,90.239,3.884847531
862300,3200.97,90.0634,3.880085476
862350,3206.47,89.9194,3.876358616
862400,3212.24,89.725,3.870214418
862450,3218.24,89.491,3.862183979
862500,3225.05,89.136,3.848460703
862550,3232.55,88.686,3.830307502
862600,3237.8899,88.4779,3.823175884
862650,3241.3899,88.4599,3.824606425
862700,3245.1599,88.3814,3.823099805
862750,3249.1599,88.2554,3.819299896
862800,3254,87.9379,3.806196396
862850,3259.5557,87.4699,3.785821791
862900,3263.3862,87.2741,3.778314825
862950,3265.8613,87.2921,3.780911696
863000,3270,87.1186,3.774762984
863050,3275.5557,86.7946,3.761817467
863100,3280.52,86.2186,3.735494283
863150,3285.02,85.4446,3.698663975
863200,3288.96,85.2048,3.688975619
863250,3292.46,85.3848,3.700611588
863300,3294.8401,85.595,3.71304475
863350,3296.3401,85.829,3.726108153
863400,3298.6799,85.7506,3.723650503
863450,3301.6799,85.4266,3.708992495
863500,3303.8318,85.5461,3.716598753
863550,3305.3169,86.0141,3.741697685
863600,3306.54,86.1595,3.750008959
863650,3307.54,86.0515,3.745123003
863700,3309.0801,85.9536,3.741121604
863750,3311.0801,85.8636,3.737837447
863800,3313.3501,85.9752,3.745113924
863850,3315.8501,86.2452,3.760698686
863900,3318.8899,86.2027,3.760560139
863950,3322.3899,85.9147,3.748096022
864000,3326.1599,86.3469,3.772881321
864050,3330.1599,87.3449,3.826934426
864100,3335.24,84.577,3.687925798
864150,3341.24,78.601,3.390843895
864200,3345.3501,65.5294,2.776504935
864250,3347.8501,46.4134,1.946055782
864300,3345.22,34.2569,1.480346006
864350,3338.22,28.0289,1.2369489
864400,3327.98,18.3697,0.864230388
864450,3314.98,5.7877,0.328994938
864500,3297.6599,0,0
864550,3276.6599,0,0
864600,3262.4099,0,0
864650,3253.9099,0,0
864700,3247.8401,2.0412,0.114629647
864750,3243.8401,5.8212,0.326671952
864800,3239.3,8.1043,0.454423626
864850,3234.3,9.1123,0.506914037
864900,3225.79,9.8116,0.53216291
864950,3214.29,10.248,0.547408495
865000,3201.98,10.4198,0.55280847
865050,3188.98,10.3838,0.550542194
865100,3174.3601,10.0858,0.538662908
865150,3158.3601,9.5818,0.519345028
865200,3142.3601,9.5011,0.515432978
865250,3126.3601,9.7531,0.523474492
865300,3110.0901,9.8741,0.526754973
865350,3093.5901,9.8921,0.526334549
865400,3079.52,9.9907,0.528922893
865450,3067.52,10.1527,0.533860373
865500,3054.71,10.1736,0.533755739
865550,3041.21,10.0836,0.529726338
865600,3031.4546,10.427,0.541086776
865650,3024.8889,11.111,0.5644754
865700,3020.8911,13.7909,0.657438772
865750,3018.9109,18.0389,0.804987704
865800,3018.54,20.2373,0.881388142
865850,3019.54,20.8255,0.902008127
865900,3018.9199,20.8604,0.903119804
865950,3016.9199,20.424,0.88762035
866000,3015.73,19.3537,0.850236676
866050,3015.23,17.7854,0.795671001
866100,3014.73,16.5586,0.752983887
866150,3014.23,15.6226,0.720409416
866200,3015.3635,15.1822,0.705237936
866250,3017.8889,15.164,0.704886184
866300,3019.8401,15.156,0.704824962
866350,3021.3401,15.156,0.70499189
866400,3023.96,14.7931,0.692644949
866450,3027.46,14.1451,0.670433941
866500,3030.1201,13.6886,0.654780477
866550,3032.1201,13.3826,0.644295624
866600,3032.1682,13.3079,0.641692787
866650,3030.6831,13.4148,0.645282462
866700,3028.6499,13.4149,0.645092162
866750,3026.1499,13.324,0.641686489
866800,3023.3799,13.3445,0.642139406
866850,3020.3799,13.4525,0.645614366
866900,3017.3799,13.4496,0.645228216
866950,3014.3799,13.3596,0.641817111
867000,3011.6499,13.3805,0.642286134
867050,3009.1499,13.4885,0.645797415
867100,3005.5454,13.7678,0.655134354
867150,3001,14.1818,0.669021397
867200,2997.3367,14.4339,0.677234847
867250,2994.3665,14.5586,0.681093722
867300,2991.3799,16.2101,0.737777219
867350,2988.3799,19.1621,0.839452687
867400,2988.6201,24.7676,1.032244663
867450,2991.6201,32.6336,1.295335992
867500,2996.24,38.7792,1.501901867
867550,3002.24,43.4592,1.679895472
867600,3009.05,48.3336,1.866193491
867650,3016.55,53.3736,2.07130486
867700,3021.6201,57.8887,2.278650401
867750,3024.6201,61.9567,2.464467858
867800,3027.3501,64.5181,2.575670343
867850,3029.8501,65.7961,2.630392857
867900,3033.97,66.1993,2.649242099
867950,3039.47,65.8573,2.637476598
868000,3043.3501,65.6806,2.631874931
868050,3045.8501,65.6446,2.631535685
868100,3049.7,65.1323,2.611779121
868150,3054.7,64.2143,2.575425325
868200,3059.97,59.9526,2.391037566
868250,3065.47,52.8426,2.073364662
868300,3069.0801,48.8062,1.91081836
868350,3071.0801,47.388,1.858228143
868400,3074.97,46.9137,1.84207264
868450,3080.47,47.181,1.85460904
868500,3084.3501,47.1175,1.853944264
868550,3086.8501,46.772,1.84202017
868600,3089.6201,46.62,1.837517563
868650,3092.6201,46.62,1.838854542
868700,3095.8899,46.62,1.840312175
868750,3099.3899,46.62,1.841872907
868800,3102.3501,46.5002,1.838668664
868850,3104.8501,46.2864,1.831707769
868900,3108.97,45.77,1.814034678
868950,3114.47,44.996,1.787233592
869000,3118.3501,44.5615,1.7725337
869050,3120.8501,44.416,1.768141997
869100,3122.54,44.3419,1.766089622
869150,3123.54,44.3239,1.765852182
869200,3125.3501,44.1863,1.761451833
869250,3127.8501,43.9546,1.753798078
869300,3130.6201,44.1299,1.76165345
869350,3133.6201,44.6519,1.782725659
869400,3137.97,46.9342,1.870995545
869450,3143.47,50.716,2.019516005
869500,3148.1599,56.9409,2.299431907
869550,3152.1599,65.0855,2.658579335
869600,3156.1599,70.8926,2.910558393
869650,3160.1599,74.7086,3.086774775
869700,3164.4299,77.1736,3.20893385
869750,3168.9299,78.4876,3.275473574
869800,3172.8899,79.0823,3.306815789
869850,3176.3899,79.0643,3.308169657
869900,3180.4299,79.0074,3.307981465
869950,3184.9299,78.9174,3.306481145
870000,3188.8899,77.4763,3.239127352
870050,3192.3899,74.8843,3.115665209
870100,3196.7,78.5714,3.29719242
870150,3201.7,87.6074,3.753852806
870200,3205.3501,91.9505,3.980396969
870250,3207.8501,92.296,3.999899464
870300,3210.3501,92.2983,4.001809132
870350,3212.8501,92.031,3.989582293
870400,3215.6201,92.0927,3.99462306
870450,3218.6201,92.4347,4.015269151
870500,3222.1599,92.1935,4.004504283
870550,3226.1599,91.4555,3.968828941
870600,3229.3501,90.9216,3.943437324
870650,3231.8501,90.5616,3.926552478
870700,3233.8101,90.3085,3.91481854
870750,3235.3101,90.1465,3.907473589
870800,3237.8899,90.6163,3.933430218
870850,3241.3899,91.6243,3.987748789
870900,3243.54,91.8256,3.999567984
870950,3244.54,91.3396,3.975183804
871000,3246.6201,91.1452,3.96655753
871050,3249.6201,91.1992,3.971353451
871100,3252.3501,91.2633,3.97648832
871150,3254.8501,91.336,3.98191167
871200,3256.27,91.0757,3.969447764
871250,3256.77,90.5537,3.942879623
871300,3258.8899,90.5659,3.944931161
871350,3262.3899,90.9979,3.96954225
871400,3265.8899,90.9085,3.967282302
871450,3269.3899,90.4095,3.943917715
871500,3273.1599,90.3567,3.943726805
871550,3277.1599,90.684,3.963272047
871600,3281.97,90.8885,3.97703112
871650,3287.47,90.9965,3.986279157
871700,3292.97,90.3853,3.95848575
871750,3298.47,89.2091,3.901604005
871800,3303.1599,88.5502,3.870826054
871850,3307.1599,88.332,3.86227977
871900,3311.97,88.0445,3.850711884
871950,3317.47,87.7025,3.836804861
872000,3323.24,87.5822,3.834493231
872050,3329.24,87.6362,3.841306698
872100,3335.51,87.5802,3.842639812
872150,3342.01,87.4376,3.839671687
872200,3347.7,87.2051,3.831535237
872250,3352.7,86.896,3.818996681
872300,3356.8899,86.8709,3.820522805
872350,3360.3899,87.0689,3.833058771
872400,3364.4546,86.8738,3.82575706
872450,3369,86.3698,3.802895987
872500,3372.6799,86.148,3.793966452
872550,3375.6799,86.148,3.795984277
872600,3378.6633,86.2286,3.802134336
872650,3381.6335,86.3726,3.811533963
872700,3384.3635,85.9723,3.792791855
872750,3386.8889,85.1443,3.751929841
872800,3389.9407,84.1046,3.70054595
872850,3393.406,82.8986,3.640900865
872900,3397.97,81.7834,3.586673915
872950,3403.47,80.7394,3.536749897
873000,3408.1599,80.1802,3.511195999
873050,3412.1599,80.002,3.504752701
873100,3416.4299,79.5895,3.487161164
873150,3420.9299,78.9775,3.460245465
873200,3425.4299,78.6377,3.446583804
873250,3429.9299,78.5297,3.444211625
873300,3435.24,78.1301,3.428152641
873350,3441.24,77.4821,3.400429673
873400,3446.1599,76.8049,3.370585257
873450,3450.1599,76.1029,3.33893764
873500,3454.7,70.9783,3.09208446
873550,3459.7,62.0863,2.680587672
873600,3456.6487,44.6682,1.928910868
873650,3446.7388,19.9871,0.948620337
873700,3431.2,2.6914,0.156293554
873750,3403.7,1.0894,0.06294141
873800,3382.28,0,0
873850,3373.78,0,0
873900,3363.7227,0,0
873950,3350.3564,0,0
874000,3333.8789,0,0
874050,3310.1414,0,0
874100,3286.6399,0,0
874150,3263.6399,0,0
874200,3240.8,0,0
874250,3218.3,0,0
874300,3195.3201,0,0
874350,3171.3201,0,0
874400,3146.8401,0,0
874450,3121.3401,0,0
874500,3094.72,0,0
874550,3065.72,0,0
874600,3037.8401,0,0
874650,3012.3401,0,0
874700,2987.6399,0,0
874750,2964.6399,0,0
874800,2942.9199,0,0
874850,2923.9199,0,0
874900,2905.2971,0,0
874950,2887.4753,0,0
875000,2872.4243,0,0
875050,2863.8384,0,0
875100,2855.1484,0,0
875150,2846.2375,0,0
875200,2838.4849,0.1843,0.009205181
875250,2833.4343,0.7603,0.037890382
875300,2833.4851,3.8995,0.194340177
875350,2844.3762,12.4855,0.586438232
875400,2853.8181,19.0613,0.815186323
875450,2859.8789,21.3653,0.895767339
875500,2865.76,23.2085,0.960397344
875550,2871.26,24.0725,0.991121059
875600,2875.96,24.2107,0.996629883
875650,2878.96,22.8067,0.948555895
875700,2881.9504,22.5662,0.940705078
875750,2884.9209,24.7982,1.017323867
875800,2889.1001,28.0668,1.124813749
875850,2896.1001,33.5381,1.305149807
875900,2904.75,38.6262,1.473837796
875950,2917.25,42.8202,1.629320818
876000,2927.5,45.9742,1.749487903
876050,2932.5,46.7015,1.77813475
876100,2938.25,48.1349,1.833338291
876150,2945.75,51.0689,1.945138568
876200,2952.8181,52.3094,1.99394557
876250,2958.8789,49.9514,1.908207038
876300,2964.1089,47.6465,1.82398169
876350,2967.5742,45.4545,1.743240789
876400,2971.6499,43.7564,1.681063909
876450,2977.1499,43.2109,1.662384542
876500,2980.25,39.1363,1.510721189
876550,2977.75,27.5623,1.123582834
876600,2973.7273,18.1598,0.802512476
876650,2966.1516,13.3718,0.635707555
876700,2960.5247,10.116,0.522219144
876750,2959.0396,10.116,0.521992874
876800,2957.697,10.5019,0.535137354
876850,2956.6868,11.7079,0.576700951
876900,2956.1584,14.3872,0.66930147
876950,2956.6536,20.1971,0.870351736
877000,2957.606,25.1749,1.040915474
877050,2959.6262,28.2113,1.141942714
877100,2961.1584,32.5282,1.285440588
877150,2961.6536,39.5662,1.521459305
877200,2961.394,44.1101,1.691026149
877250,2959.3738,43.3541,1.662169806
877300,2952.9307,35.9856,1.398246422
877350,2937.0891,14.5656,0.67254744
877400,2917.9697,0,0
877450,2891.2019,0,0
877500,2869.3201,0,0
877550,2857.8201,0,0
877600,2843.4399,0,0
877650,2822.9399,0,0
877700,2803.1819,0,0
877750,2785,0,0
877800,2767.6138,0,0
877850,2751.7722,0,0
877900,2734.3464,0,0
877950,2713.5544,0,0
878000,2692.9395,0,0
878050,2672.7373,0,0
878100,2652.9199,0,0
878150,2633.9199,0,0
878200,2614.1201,0,0
878250,2592.6201,0,0
878300,2572.2971,0,0
878350,2554.4753,0,0
878400,2536.8484,0,0
878450,2519.6768,0,0
878500,2501.8586,0,0
878550,2482.6667,0,0
878600,2464.6138,0,0
878650,2448.7722,0,0
878700,2432.7722,0,0
878750,2416.4355,0,0
878800,2400.4546,0,0
878850,2385.303,0,0
878900,2372.1201,0,0
878950,2363.1201,0,0
879000,2354.28,0,0
879050,2345.78,0,0
879100,2336.48,0,0
879150,2325.48,0,0
879200,2314.8,0,0
879250,2304.8,0,0
879300,2293.6799,0,0
879350,2280.1799,0,0
879400,2266.3601,0,0
879450,2251.8601,0,0
879500,2238.1211,0,0
879550,2226,0,0
879600,2213.2871,0,0
879650,2199.4258,0,0
879700,2185.7227,0,0
879750,2172.3564,0,0
879800,2159.8181,0,0
879850,2149.2122,0,0
879900,2138.6733,0,0
879950,2128.2773,0,0
880000,2117.6667,0,0
880050,2106.5557,0,0
880100,2095.0396,0,0
880150,2082.6633,0,0
880200,2070.3635,0,0
880250,2058.2424,0,0
880300,2044.9307,0,0
880350,2029.0891,0,0
880400,2014.5151,0,0
880450,2002.899,0,0
880500,1990.4059,0,0
880550,1976.0496,0,0
880600,1962.3636,0,0
880650,1950.2424,0,0
880700,1938.198,0,0
880750,1926.3168,0,0
880800,1914.3636,0,0
880850,1902.2424,0,0
880900,1890.8317,0,0
880950,1880.9307,0,0
881000,1870.9697,0,0
881050,1860.8687,0,0
881100,1852.24,0,0
881150,1846.74,0,0
881200,1841.72,0,0
881250,1837.72,0,0
881300,1835,0.8525,0.033655744
881350,1835,3.5165,0.138827477
881400,1839.3199,7.7472,0.305955128
881450,1852.8199,15.3072,0.586629685
881500,1864.6931,21.3523,0.783669613
881550,1873.1089,24.1783,0.875701785
881600,1881.1212,26.3822,0.947409556
881650,1888.1919,27.2642,0.976092058
881700,1896.2,29.1946,1.035973693
881750,1906.2,33.3526,1.16128313
881800,1916.04,36.4277,1.254091906
881850,1925.54,37.2017,1.277586721
881900,1934.3762,37.5725,1.288926639
881950,1941.802,37.0865,1.274380703
882000,1949.4242,36.8078,1.266087419
882050,1957.505,36.9698,1.27111388
882100,1966.3268,37.0282,1.27302463
882150,1976.7228,36.8662,1.268294234
882200,1985.9697,36.756,1.265107906
882250,1992.5354,36.756,1.265213351
882300,1999.6931,36.756,1.265328398
882350,2008.1089,36.756,1.26631623
882400,2016.1,36.7099,1.265887879
882450,2023.1,36.5659,1.262372727
882500,2029.95,36.5141,1.261633333
882550,2036.45,36.6581,1.266784848
882600,2042.8182,36.756,1.270523418
882650,2048.8789,36.756,1.271258048
882700,2055.2178,36.756,1.2720264
882750,2062.1484,36.756,1.272866473
882800,2068.6667,37.1304,1.285002024
882850,2074.2222,38.3004,1.321129964
882900,2080.5347,39.2899,1.351879964
882950,2088.4556,39.8958,1.371200679
883000,2096.1211,40.5055,1.390605588
883050,2103.1919,41.1236,1.410192958
883100,2110.2178,41.4979,1.422387006
883150,2117.1484,41.3539,1.418863442
883200,2124.2727,40.8701,1.405066388
883250,2131.8484,39.6641,1.3694392
883300,2138.2673,38.1482,1.324280885
883350,2142.2278,35.974,1.258876097
883400,2145.9092,34.0756,1.201795055
883450,2148.9395,32.8211,1.164147212
883500,2152.7427,32.0083,1.139977903
883550,2158.1882,32.1343,1.144456145
883600,2163.5151,32.1509,1.145604861
883650,2168.5657,31.9349,1.1396716
883700,2174.24,32.053,1.143938182
883750,2181.24,32.881,1.169877576
883800,2187.6001,34.1294,1.2084788
883850,2192.6001,36.2714,1.273993952
883900,2198.3762,38.0131,1.327472873
883950,2205.802,38.9042,1.355376
884000,2213.4243,39.5116,1.374705976
884050,2221.5051,39.4571,1.374033952
884100,2227.96,39.5755,1.378404242
884150,2230.96,40.0615,1.393495152
884200,2234.9199,40.127,1.395959988
884250,2240.9199,39.299,1.371596352
884300,2247.0801,39.0874,1.365930921
884350,2253.5801,40.1854,1.399991527
884400,2259.4399,40.9032,1.422453321
884450,2263.9399,40.8132,1.420271503
884500,2269.0593,40.8902,1.42322537
884550,2275.4951,41.3222,1.437096376
884600,2281.9697,41.5238,1.443990267
884650,2288.5354,41.2358,1.436058836
884700,2295.2178,41.1322,1.43372943
884750,2302.1484,41.4202,1.443296776
884800,2308.8,41.3568,1.442181818
884850,2314.8,40.5468,1.418363636
884900,2319.75,39.1234,1.375830303
884950,2322.25,36.3967,1.293506061
885000,2324.7576,33.6044,1.209194861
885050,2327.2827,30.6589,1.120243358
885100,2329.792,28.3219,1.049729333
885150,2332.2673,27.2779,1.018393006
885200,2334.45,26.7984,1.004127273
885250,2335.95,27.5184,1.026127273
885300,2337.75,28.4342,1.05409697
885350,2340.25,29.7662,1.094763636
885400,2344.2727,31.6627,1.152720933
885450,2351.8484,34.7587,1.247457382
885500,2358.4399,38.0794,1.348883624
885550,2362.9399,41.8774,1.464519988
885600,2368.24,47.1269,1.637622791
885650,2375.24,55.4609,1.918906327
885700,2382.0593,63.6106,2.20488169
885750,2388.4951,71.3686,2.481453459
885800,2393.9092,77.0396,2.698032872
885850,2396.9395,78.276,2.746183554
885900,2399.9504,79.0556,2.776915104
885950,2402.9209,78.9487,2.773804073
886000,2408.1819,78.5016,2.758445968
886050,2418.7878,77.3316,2.717177977
886100,2426.792,76.0867,2.672147341
886150,2429.2673,74.6827,2.619229674
886200,2432.9697,75.289,2.643596422
886250,2439.5354,80.167,2.832426275
886300,2445.5842,83.7432,2.971406526
886350,2450.5347,84.5532,3.004887671
886400,2456.1001,84.8621,3.021142934
886450,2463.1001,84.1061,2.99133233
886500,2470.55,84.1738,2.996498317
886550,2479.05,85.9918,3.081810098
886600,2487.2727,88.668,3.206735996
886650,2494.8484,93.168,3.414425713
886700,2502.3762,97.4203,3.612163631
886750,2509.802,101.1463,3.788670826
886800,2518,103.7318,3.914522344
886850,2528,103.8938,3.931794881
886900,2538.3,103.5763,3.92744978
886950,2549.3,102.2396,3.876882898
887000,2560.0303,101.2004,3.839501769
887050,2570.1313,100.8549,3.833395175
887100,2580.01,100.62,3.832168534
887150,2589.4158,100.62,3.841389233
887200,2599.0303,100.62,3.850859625
887250,2609.1313,100.62,3.860858699
887300,2619.1682,100.3348,3.857490657
887350,2629.0693,99.4438,3.825532981
887400,2638.8789,98.6291,3.796915141
887450,2648.4749,97.9927,3.776356283
887500,2658.1682,97.6637,3.770328929
887550,2668.0693,97.9877,3.795434843
887600,2677.4243,98.1619,3.8130034
887650,2685.5051,98.0179,3.814223393
887700,2692.5842,97.92,3.816644118
887750,2697.5347,97.92,3.821612725
887800,2702.0605,97.92,3.826166195
887850,2705.5959,97.92,3.829730623
887900,2709.7427,97.4295,3.810414206
887950,2715.1882,95.8969,3.742347452
888000,2721.1211,94.824,3.69665711
888050,2728.1919,94.824,3.703589742
888100,2736.1682,94.4305,3.692453828
888150,2746.0693,93.2008,3.642707429
888200,2756.1819,92.4054,3.613971685
888250,2766.7878,92.6236,3.634858597
888300,2777.9604,90.8672,3.560092438
888350,2790.3367,84.9147,3.289043285
888400,2804.1516,78.7298,3.009643397
888450,2821.3232,72.0025,2.748583613
888500,2837.4355,67.6008,2.581125642
888550,2851.2971,68.1408,2.612281958
888600,2865.697,65.7374,2.523986099
888650,2881.3535,57.0794,2.166196005
888700,2894.2178,47.7763,1.80516564
888750,2901.1484,37.1023,1.423017029
888800,2908.4243,29.7864,1.184598659
888850,2916.5051,29.6064,1.180180574
888900,2924.8516,29.5924,1.181263475
888950,2933.7625,29.931,1.194087784
889000,2942.7273,30.1898,1.204331658
889050,2951.8181,30.2625,1.208475056
889100,2961.1682,32.7129,1.291570542
889150,2971.0693,40.2159,1.548469767
889200,2980.2727,45.7789,1.75956369
889250,2987.8484,46.8153,1.800954656
889300,2995.0593,47.5485,1.830943693
889350,3001.4951,47.6376,1.836663464
889400,3008.55,48.4909,1.871886675
889450,3017.05,51.1273,1.974864125
889500,3024.3982,55.1837,2.15750471
889550,3029.0593,62.2577,2.480232009
889600,3033.7205,68.0409,2.726396051
889650,3037.76,71.0812,2.856046626
889700,3041.76,74.1216,2.985898297
889750,3044.3501,75.776,3.065396688
889800,3046.8501,77.342,3.142692046
889850,3048.8799,78.282,3.189427168
889900,3050.8799,79.182,3.234212821
889950,3054.76,78.2885,3.193459785
890000,3058.76,77.2805,3.147238681
890050,3064.6399,77.2538,3.149661272
890100,3070.6399,77.2898,3.155193422
890150,3075.7,76.869,3.138032833
890200,3080.7,76.419,3.119418107
890250,3087.1101,76.5612,3.130346527
890300,3093.6101,76.7412,3.143163862
890350,3101.05,77.0058,3.160673644
890400,3108.55,77.2758,3.17848792
890450,3115.5801,77.9011,3.21321249
890500,3122.5801,78.5491,3.249026647
890550,3129.1101,77.3021,3.192777154
890600,3135.6101,75.9341,3.130633691
890650,3141.1699,75.3444,3.105583129
890700,3146.6699,74.8044,3.082897203
890750,3151.23,74.9412,3.092404819
890800,3155.73,75.1212,3.103969394
890850,3161.1699,74.7767,3.090712888
890900,3166.6699,74.3987,3.075867955
890950,3174.05,74.376,3.079428978
891000,3181.55,74.376,3.084167257
891050,3189.99,73.75,3.059148068
891100,3198.49,73.084,3.032218746
891150,3207.46,72.8579,3.026913691
891200,3216.46,72.6599,3.022988912
891250,3226.3999,72.9187,3.041820578
891300,3236.3999,73.2067,3.062114602
891350,3246.3999,73.224,3.069276648
891400,3256.3999,73.224,3.075601565
891450,3266.3999,72.8687,3.064675872
891500,3276.3999,72.4907,3.052643428
891550,3284.99,72.4849,3.057795092
891600,3293.49,72.5029,3.064047775
891650,3303.3069,72.3365,3.062175507
891700,3313.208,72.1583,3.059782305
891750,3319.52,71.8429,3.048446952
891800,3325.52,71.5156,3.03633289
891850,3333.7312,72.8158,3.104748247
891900,3342.1345,74.2198,3.178355416
891950,3348.7,72.5443,3.101038301
892000,3353.7,70.6723,3.013152698
892050,3359.24,70.6615,3.016132277
892100,3365.24,70.7695,3.025183537
892150,3370.97,70.6576,3.02336605
892200,3376.47,70.5316,3.020716408
892250,3381.97,71.0147,3.047710122
892300,3387.47,71.5367,3.076603022
892350,3391.6201,72.1094,3.10711306
892400,3394.6201,72.6854,3.137057758
892450,3397.0801,74.6489,3.234209725
892500,3399.0801,76.7009,3.335385486
892550,3401.3501,74.709,3.239857879
892600,3403.8501,72.459,3.131901384
892650,3406.3501,67.0619,2.879208157
892700,3408.8501,61.4639,2.625841527
892750,3408.3799,48.9118,2.078089279
892800,3405.3799,35.9158,1.570351648
892850,3391.04,18.6221,0.884828128
892900,3367.04,1.0541,0.060491905
892950,3347.6299,0,0
893000,3332.1299,0,0
893050,3322.3,0,0
893100,3317.3,0,0
893150,3308.25,0,0
893200,3295.75,0,0
893250,3285.6799,0,0
893300,3277.6799,0,0
893350,3268.3301,0,0
893400,3257.8301,0,0
893450,3245.98,0,0
893500,3232.98,0,0
893550,3217.55,0,0
893600,3200.05,0,0
893650,3179.8501,0,0
893700,3157.3501,0,0
893750,3133.77,0,0
893800,3109.27,0,0
893850,3083.6899,0,0
893900,3057.1899,0,0
893950,3029.8799,0,0
894000,3001.8799,0,0
894050,2973.6101,0,0
894100,2945.1101,0,0
894150,2916.3401,0,0
894200,2887.3401,0,0
894250,2857.8,0,0
894300,2827.8,0,0
894350,2799.6899,0,0
894400,2773.1899,0,0
894450,2749.1201,0,0
894500,2727.1201,0,0
894550,2705.1201,0,0
894600,2683.1201,0,0
894650,2660.5801,0,0
894700,2637.5801,0,0
894750,2615.9299,0,0
894800,2595.4299,0,0
894850,2575.2,0,0
894900,2555.2,0,0
894950,2533.3101,0,0
895000,2509.8101,0,0
895050,2486.04,0,0
895100,2462.04,0,0
895150,2438.04,0,0
895200,2414.04,0,0
895250,2391.1201,0,0
895300,2369.1201,0,0
895350,2347.1201,0,0
895400,2325.1201,0,0
895450,2302.1682,0,0
895500,2278.406,0,0
895550,2255.4443,0,0
895600,2233.2222,0,0
895650,2214.0901,0,0
895700,2197.5901,0,0
895750,2180.55,0,0
895800,2163.05,0,0
895850,2145.28,0,0
895900,2127.28,0,0
895950,2112.79,0,0
896000,2101.29,0,0
896050,2091.4099,0,0
896100,2082.9099,0,0
896150,2076.8401,0,0
896200,2072.8401,0,0
896250,2068.03,0,0
896300,2062.53,0,0
896350,2064.3201,4.6022,0.186002189
896400,2072.3201,9.4982,0.384375694
896450,2077.6201,14.6311,0.574499055
896500,2080.6201,19.7791,0.742533956
896550,2084.97,21.1032,0.786141737
896600,2090.47,22.1832,0.821956439
896650,2095.1599,22.3834,0.828998375
896700,2099.1599,22.5274,0.834137156
896750,2102.6201,21.3854,0.797181529
896800,2105.6201,20.1614,0.757464971
896850,2109.7,20.088,0.755467717
896900,2114.7,20.088,0.755962438
896950,2117.54,18.0238,0.688631188
897000,2118.54,15.8278,0.616782372
897050,2121.406,18.2002,0.694761053
897100,2125.8613,20.8642,0.782521178
897150,2129.3,20.7364,0.778681748
897200,2131.8,20.4304,0.76889554
897250,2134.8384,21.4103,0.8013717
897300,2138.3738,22.4723,0.836624768
897350,2141.8899,22.9421,0.852448889
897400,2145.3899,23.3741,0.867043137
897450,2149.97,26.3441,0.965262637
897500,2155.47,29.4761,1.063575152
897550,2159.604,30.1716,1.085152
897600,2162.5742,30.7116,1.101875661
897650,2166.1011,31.0993,1.114051648
897700,2170.1414,31.4773,1.125995927
897750,2173.6201,31.0939,1.114799406
897800,2176.6201,30.6619,1.102072133
897850,2179.8899,30.636,1.101683624
897900,2183.3899,30.636,1.102107867
897950,2186.0801,30.2807,1.091667285
898000,2188.0801,29.9027,1.080455164
898050,2191.7,30.1507,1.088409091
898100,2196.7,30.4387,1.097742424
898150,2201.1599,30.4052,1.097267867
898200,2205.1599,30.3512,1.096116352
898250,2207.8101,30.1619,1.090701224
898300,2209.3101,29.9639,1.084883042
898350,2212.1599,30.0535,1.087943624
898400,2216.1599,30.1615,1.0917012
898450,2220.1599,29.5758,1.074437564
898500,2224.1599,28.9458,1.055831503
898550,2228.4299,29.2972,1.066997564
898600,2232.9299,29.7112,1.080088473
898650,2235,28.3486,1.039048485
898700,2235,26.8726,0.993765802
898750,2236.3501,26.2087,0.971854571
898800,2238.8501,25.5967,0.951808324
898850,2240.8101,25.4077,0.945764469
898900,2242.3101,25.2457,0.940558959
898950,2243,25.2529,0.940885174
899000,2243,25.2709,0.941484614
899050,2244.0801,25.8134,0.959689165
899100,2246.0801,26.3894,0.979134919
899150,2248.8899,26.7793,0.992496431
899200,2252.3899,27.1573,1.005056352
899250,2254.54,28.7536,1.053689697
899300,2255.54,30.4276,1.104538182
899350,2258.1599,31.594,1.1402012
899400,2262.1599,32.728,1.175049685
899450,2266.97,32.4576,1.167438788
899500,2272.47,32.0976,1.157196364
899550,2275,32.3636,1.165563636
899600,2275,32.6696,1.174836364
899650,2277.4299,32.6203,1.173636958
899700,2281.9299,32.5483,1.172000594
899750,2286.97,32.6455,1.17555697
899800,2292.47,32.7535,1.179496364
899850,2298.78,36.6347,1.297873333
899900,2305.78,40.7567,1.423630909
899950,2314.1299,43.1021,1.495715745
900000,2323.6299,45.3341,1.570816554
900050,2332.3201,48.3106,1.671294634
900100,2340.3201,51.3346,1.773578299
900150,2347.24,56.3382,1.942135058
900200,2353.24,61.4682,2.121613712
900250,2358.1599,64.4832,2.229472235
900300,2362.1599,67.3632,2.332381723
900350,2365.8899,73.5257,2.555307105
900400,2369.3899,79.8977,2.799027202
900450,2372.0801,83.6809,2.943998017
900500,2374.0801,87.2989,3.097323229
900550,2379.8601,87.8375,3.123930136
900600,2388.8601,88.1795,3.14306547
900650,2391.9199,87.6416,3.120132331
900700,2389.9199,87.0476,3.092568149
900750,2389.27,90.2776,3.237654502
900800,2389.77,93.7516,3.394210111
900850,2391.8899,97.6147,3.569709045
900900,2395.3899,101.5027,3.748027227
900950,2398.8899,105.12,3.914040864
901000,2402.3899,108.72,4.099031381
901050,2407.78,109.2575,4.132453298
901100,2414.78,109.5995,4.155574004
901150,2423.1299,109.0109,4.126731469
901200,2432.6299,108.3629,4.095270699
901250,2441.5901,108.3748,4.100791662
901300,2450.0901,108.4287,4.108402356
901350,2459.3999,108.0598,4.092714213
901400,2469.3999,107.6637,4.075944144
901450,2479.1299,107.64,4.079887112
901500,2488.6299,107.64,4.085009181
901550,2498.9399,107.7754,4.098067491
901600,2509.9399,107.9194,4.118651058
901650,2520.6699,112.801,4.402172892
901700,2531.1699,117.9849,4.765514967
901750,2541.3999,117.8053,4.767631195
901800,2551.3999,117.2833,4.744503272
901850,2561.9399,116.609,4.71120049
901900,2572.9399,115.925,4.677996933
901950,2584.1484,115.7148,4.679489905
902000,2595.5347,115.5348,4.683421584
902050,2606.46,115.0841,4.667149936
902100,2616.96,114.6161,4.649060056
902150,2627.98,113.1498,4.560125392
902200,2639.48,111.6198,4.475320259
902250,2649.9399,110.541,4.428400508
902300,2659.4399,109.491,4.382047258
902350,2669.46,108.9011,4.361483664
902400,2679.96,108.7031,4.362867594
902450,2689.9399,108.5245,4.364701939
902500,2699.4399,108.3625,4.366879825
902550,2709.72,108.288,4.374704117
902600,2720.72,108.288,4.387379727
902650,2730.99,108.288,4.399186869
902700,2740.5859,108.288,4.410195299
902750,2750.6699,108.2686,4.420690495
902800,2761.1699,108.2326,4.430741358
902850,2771.9399,107.9924,4.430065223
902900,2782.9399,107.5784,4.420291302
902950,2793.1299,106.4646,4.371966058
903000,2802.6299,104.7546,4.29091009
903050,2812.3999,103.4723,4.233296349
903100,2822.3999,102.5543,4.195609384
903150,2832.3999,102.1223,4.184041503
903200,2842.3999,102.1043,4.194655433
903250,2852.3999,101.9016,4.195372195
903300,2862.3999,101.5416,4.187686802
903350,2872.3999,101.376,4.190388686
903400,2882.3999,101.376,4.201909844
903450,2892.0791,100.9483,4.190268851
903500,2901.4851,100.1563,4.158962769
903550,2911.5151,99.6462,4.143416452
903600,2922.1211,99.3762,4.141309169
903650,2932.3999,98.6688,4.115643835
903700,2942.3999,97.5888,4.069982092
903750,2952.3999,97.0823,4.054753174
903800,2962.3999,97.0643,4.065369135
903850,2971.5901,96.813,4.062712923
903900,2980.0901,96.363,4.048785517
903950,2989.1299,95.913,4.035506828
904000,2998.6299,95.463,4.022785276
904050,3007.5444,95.256,4.018665288
904100,3015.9604,95.256,4.0244762
904150,3025.46,94.8575,4.009973458
904200,3035.96,94.1195,3.978615937
904250,3045.1599,93.857,3.971222722
904300,3053.1599,93.9996,3.983990628
904350,3061.9399,93.7844,3.978763981
904400,3071.4399,93.2389,3.956935198
904450,3080.99,92.8714,3.944356095
904500,3090.5859,92.6554,3.939647851
904550,3099.8601,91.9436,3.909088739
904600,3108.8601,90.8096,3.856529977
904650,3117.8601,90.0547,3.823585399
904700,3126.8601,89.6227,3.807339775
904750,3136.1526,89.3268,3.798329894
904800,3145.6946,89.1468,3.795479214
904850,3155.2366,88.8362,3.785884519
904900,3164.3635,87.7235,3.734594543
904950,3173.4546,86.6108,3.68329964
905000,3182.3762,86.0364,3.65969513
905050,3191.2871,85.4964,3.6378674
905100,3199.8201,85.464,3.641983258
905150,3208.3201,85.464,3.647746832
905200,3218.2,83.129,3.534003739
905250,3228.2,80.645,3.417861954
905300,3236.4343,80.0222,3.392898734
905350,3244.5151,79.5182,3.373595954
905400,3253.9299,79.488,3.378139957
905450,3263.4299,79.488,3.384206439
905500,3273.7722,77.2376,3.281520172
905550,3284.1682,74.8436,3.17185123
905600,3291.4399,73.7186,3.121812517
905650,3298.4399,72.6746,3.0755234
905700,3308.2,71.0723,3.00383443
905750,3318.2,69.4343,2.936262718
905800,3324.52,53.8567,2.250470162
905850,3330.52,37.3894,1.593779061
905900,3310.3,19.3113,0.896824582
905950,3287.8,1.0931,0.06183028
906000,3276.3401,0,0
906050,3265.8401,0,0
906100,3260.3999,0,0
906150,3255.3999,0,0
906200,3238.7373,0,0
906250,3221.0605,0,0
906300,3203.55,0,0
906350,3186.05,0,0
906400,3163.8501,0,0
906450,3141.3501,0,0
906500,3116.5,0,0
906550,3091.5,0,0
906600,3068.3799,0,0
906650,3045.3799,0,0
906700,3028.49,0,0
906750,3011.99,0,0
906800,2992.2,0,0
906850,2972.2,0,0
906900,2948.9099,0,0
906950,2925.4099,0,0
907000,2901.4399,0,0
907050,2877.4399,0,0
907100,2853.4399,0,0
907150,2829.4399,0,0
907200,2807.0593,0,0
907250,2784.7822,0,0
907300,2758.6201,0,0
907350,2732.1201,0,0
907400,2707.9199,0,0
907450,2683.9199,0,0
907500,2660.8401,0,0
907550,2637.8401,0,0
907600,2615.3,0,0
907650,2592.8,0,0
907700,2568.9199,0,0
907750,2544.9199,0,0
907800,2518.6201,0,0
907850,2492.1201,0,0
907900,2466.54,0,0
907950,2441.04,0,0
908000,2415.0801,0,0
908050,2389.0801,0,0
908100,2362.1599,0,0
908150,2335.1599,0,0
908200,2307.24,0,0
908250,2279.24,0,0
908300,2250.78,0,0
908350,2222.28,0,0
908400,2194.9092,0,0
908450,2167.6365,0,0
908500,2142.03,0,0
908550,2116.53,0,0
908600,2091.7327,0,0
908650,2066.9802,0,0
908700,2041.7677,0,0
908750,2016.5151,0,0
908800,1990.802,0,0
908850,1965.0594,0,0
908900,1943.6801,0,0
908950,1922.6801,0,0
909000,1903.0601,0,0
909050,1883.5601,0,0
909100,1862.6801,0,0
909150,1841.6801,0,0
909200,1826.66,0,0
909250,1812.16,0,0
909300,1800.88,0,0
909350,1789.88,0,0
909400,1775.66,0,0
909450,1761.16,0,0
909500,1754.9399,0,0
909550,1749.4399,0,0
909600,1744.4,0,0
909650,1739.4,0,0
909700,1738.54,0,0
909750,1738.04,0,0
909800,1740.76,0,0
909850,1743.76,0,0
909900,1747.22,2.4509,0.096092773
909950,1750.72,5.1149,0.200595641
910000,1767.1,13.3596,0.520524527
910050,1784.6,22.0896,0.806655065
910100,1797.04,25.2971,0.911652843
910150,1809.04,28.0244,1.000730935
910200,1819.66,28.8749,1.026225485
910250,1830.16,29.6055,1.048155831
910300,1839.28,29.664,1.049937818
910350,1848.28,29.664,1.049964808
910400,1857.74,29.664,1.04999321
910450,1867.24,29.664,1.050021764
910500,1878.12,32.2902,1.129052791
910550,1889.12,35.1447,1.215060852
910600,1902.42,38.5308,1.317239019
910650,1915.92,41.9508,1.420608198
910700,1932.3334,44.1187,1.486450518
910750,1949,46.2067,1.551740625
910800,1960.8101,45.486,1.529587816
910850,1972.3101,44.586,1.501822191
910900,1981.8416,36.4104,1.254580438
910950,1991.2476,27.7704,0.992589364
911000,1992.92,20.9916,0.773819267
911050,1993.92,14.3316,0.55891085
911100,1994.46,12.9101,0.513054989
911150,1994.96,11.823,0.472729396
911200,1999.6,11.8865,0.475444786
911250,2004.6,12.0502,0.482363019
911300,2009.6,13.0651,0.518871764
911350,2014.6,14.1345,0.553769036
911400,2015.92,14.22,0.556627291
911450,2016.92,14.22,0.556699271
911500,2022.52,14.22,0.557102704
911550,2028.52,14.22,0.557535602
911600,2029.92,14.22,0.557636708
911650,2030.92,14.22,0.55770895
911700,2035.6,14.22,0.558047288
911750,2040.6,14.22,0.558409215
911800,2043.76,15.0229,0.584685268
911850,2046.76,15.8956,0.61323547
911900,2051.6001,18.0253,0.682781496
911950,2056.6001,20.2352,0.755036795
912000,2064.8201,23.7575,0.870425297
912050,2073.3201,27.3938,0.98980941
912100,2084.1201,29.6593,1.060478194
912150,2095.1201,31.8373,1.127811527
912200,2107.5,33.7954,1.188648485
912250,2120,35.7394,1.249072727
912300,2130.2,38.5294,1.334854545
912350,2140.2,41.3734,1.422248485
912400,2149.74,39.429,1.364483636
912450,2159.24,37.179,1.297453333
912500,2161.8586,27.8226,1.014243467
912550,2163.8789,18.0126,0.692468513
912600,2148.49,9.2347,0.378377648
912650,2131.99,0.5227,0.021359069
912700,2132.8613,0,0
912750,2134.8416,0,0
912800,2135.9199,0,0
912850,2136.9199,0,0
912900,2135.6201,0,0
912950,2134.1201,0,0
913000,2125.26,0,0
913050,2115.76,0,0
913100,2107.6399,0,0
913150,2099.6399,0,0
913200,2084.28,0,0
913250,2068.28,0,0
913300,2051.6667,0,0
913350,2035,0,0
913400,2010.2673,0,0
913450,1985.0198,0,0
913500,1957.24,0,0
913550,1929.24,0,0
913600,1906.3,0,0
913650,1883.8,0,0
913700,1858.08,0,0
913750,1832.08,0,0
913800,1804.7,0,0
913850,1777.2,0,0
913900,1758.4399,0,0
913950,1740.4399,0,0
914000,1717.38,0,0
914050,1693.88,0,0
914100,1669.92,0,0
914150,1645.92,0,0
914200,1629.28,0,0
914250,1613.28,0,0
914300,1597.28,0,0
914350,1581.28,0,0
914400,1565.74,0,0
914450,1550.24,0,0
914500,1539.8,0,0
914550,1529.8,0,0
914600,1517.04,0,0
914650,1504.04,0,0
914700,1497.02,0,0
914750,1490.52,0,0
914800,1485.4,0,0
914850,1480.4,0,0
914900,1477.7,0,0
914950,1475.2,0,0
915000,1471.78,0,0
915050,1468.28,0,0
915100,1468.92,0,0
915150,1469.92,0,0
915200,1473.6801,0,0
915250,1477.6801,0,0
915300,1480.3,0,0
915350,1482.8,0,0
915400,1485.3,0,0
915450,1487.8,0,0
915500,1501.0101,8.6292,0.331918098
915550,1515.1515,17.8092,0.660649445
915600,1522.9802,20.4581,0.748987887
915650,1530.4059,22.6901,0.82336139
915700,1536.98,22.9748,0.832905278
915750,1543.48,23.1352,0.838308689
915800,1550.9,22.2041,0.807456697
915850,1558.4,21.1781,0.773485231
915900,1567.28,23.8118,0.86101672
915950,1576.28,26.7638,0.959001823
916000,1586.2,28.2254,1.006663198
916050,1596.2,29.5574,1.046066565
916100,1606.66,30.6079,1.077187223
916150,1617.16,31.6339,1.107621111
916200,1627.2,30.9211,1.086562396
916250,1637.2,30.0571,1.060995208
916300,1646.74,30.402,1.071262177
916350,1656.24,30.852,1.084660432
916400,1665.28,30.888,1.085775112
916450,1674.28,30.888,1.085820993
916500,1683.28,29.8897,1.056185154
916550,1692.28,28.8277,1.024622614
916600,1700.36,27.5243,0.984352344
916650,1708.36,26.2055,0.941002843
916700,1714.52,25.5313,0.918870263
916750,1720.52,24.9131,0.898594135
916800,1728.8199,24.876,0.897431317
916850,1737.3199,24.876,0.897488534
916900,1742.6,24.876,0.897524044
916950,1747.6,24.876,0.897557648
917000,1753.52,24.876,0.897597407
917050,1759.52,24.876,0.897637671
917100,1766.4399,24.876,0.89768407
917150,1773.4399,24.876,0.897730962
917200,1780.4399,25.4456,0.916416019
917250,1787.4399,26.0515,0.936271213
917300,1795.36,28.8265,1.024738635
917350,1803.36,31.7902,1.113501878
917400,1813.66,40.9976,1.389468272
917450,1824.16,50.6035,1.685239375
917500,1838.34,60.4138,1.992254375
917550,1852.84,70.2418,2.327525609
917600,1861.36,79.0762,2.639981959
917650,1869.36,87.8242,2.963052844
917700,1877.36,94.1544,3.23375949
917750,1885.36,100.2744,3.502072508
917800,1895.66,100.3291,3.505526053
917850,1906.16,99.8564,3.485537515
917900,1915.28,99.828,3.485099898
917950,1924.28,99.828,3.485890942
918000,1936.04,99.828,3.486923636
918050,1948.04,99.828,3.487976315
918100,1960.96,99.828,3.489108469
918150,1973.96,99.828,3.490246348
918200,1986.04,99.6926,3.485412015
918250,1998.04,99.5486,3.480201791
918300,2011.88,99.54,3.485149877
918350,2025.88,99.54,3.491232443
918400,2039.42,99.54,3.49712929
918450,2052.9199,99.54,3.503145409
918500,2067.3401,99.674,3.515790955
918550,2081.8401,99.8166,3.528863682
918600,2098.1799,102.8254,3.6730545
918650,2114.6799,106.0834,3.828645409
918700,2127.96,110.9273,4.073093005
918750,2140.96,115.9091,4.381475552
918800,2154.4199,116.1911,4.405309235
918850,2167.9199,116.1731,4.411014317
918900,2180.5,116.172,4.417234781
918950,2193,116.172,4.423443835
919000,2203.6599,115.252,4.373995468
919050,2214.1599,114.252,4.319968815
919100,2223.74,113.2276,4.264279998
919150,2233.24,112.2016,4.208705389
919200,2244.5801,111.7508,4.188275455
919250,2256.0801,111.3368,4.170203622
919300,2266.2,110.9567,4.153456237
919350,2276.2,110.5787,4.136844628
919400,2287.1201,110.5898,4.143511317
919450,2298.1201,110.6258,4.151636119
919500,2309.5801,112.6415,4.274812214
919550,2321.0801,114.7835,4.404661615
919600,2333.04,114.1079,4.37146553
919650,2345.04,113.2524,4.32812126
919700,2357.04,113.184,4.330178286
919750,2369.04,113.184,4.336137916
919800,2382.8799,111.2299,4.231508682
919850,2396.8799,109.1059,4.117964275
919900,2410.8799,108.3233,4.081168556
919950,2424.8799,107.6573,4.051193423
920000,2439.3401,106.5607,3.997913682
920050,2453.8401,105.4267,3.952959136
920100,2469.26,105.6204,3.968772727
920150,2484.76,105.9295,3.989868182
920200,2499.3401,104.3914,3.926581864
920250,2513.8401,102.7354,3.864990548
920300,2528.8,102.3145,3.860289648
920350,2543.8,101.9725,3.859218287
920400,2556.96,101.2244,3.837616981
920450,2569.96,100.4504,3.814520399
920500,2582.5,98.3434,3.728984667
920550,2595,96.1514,3.638916554
920600,2608.8799,94.9162,3.594226485
920650,2622.8799,93.7642,3.553232011
920700,2634.5801,92.9599,3.526197007
920750,2646.0801,92.1859,3.500247319
920800,2658.96,91.6769,3.488179205
920850,2671.96,91.1909,3.477252625
920900,2683.5801,90.3324,3.447752629
920950,2695.0801,89.4415,3.416555555
921000,2706.1201,86.9756,3.311485952
921050,2717.1201,84.4093,3.201416541
921100,2727.6599,82.3493,3.114310938
921150,2738.1599,80.3333,3.029006335
921200,2749.5801,78.665,2.966299936
921250,2761.0801,77.027,2.908896162
921300,2774.8799,73.3025,2.769094342
921350,2788.8799,69.3965,2.621498955
921400,2803.3401,66.4244,2.511209329
921450,2817.8401,63.5335,2.401551873
921500,2833.26,62.0741,2.350266324
921550,2848.76,60.7061,2.302067447
921600,2862.8799,60.2348,2.290271556
921650,2876.8799,59.8208,2.280677905
921700,2889.96,59.3392,2.267524511
921750,2902.96,58.8532,2.253957784
921800,2914.5801,58.5702,2.248251525
921850,2926.0801,58.3002,2.242975994
921900,2935.28,57.9118,2.231140326
921950,2944.28,57.5158,2.218742721
922000,2952.8201,53.907,2.063599703
922050,2961.3201,50.0931,1.914368408
922100,2968.4399,44.1509,1.694794516
922150,2975.4399,38.0236,1.471281481
922200,2976,34.695,1.360646681
922250,2976,31.545,1.255817204
922300,2980.1399,32.6758,1.294320705
922350,2984.6399,34.0798,1.342077012
922400,2988.22,32.4382,1.28809861
922450,2991.72,30.6022,1.227533757
922500,2992.46,28.5631,1.159588948
922550,2992.96,26.5111,1.091151886
922600,2994.8401,26.388,1.087357384
922650,2996.8401,26.388,1.087694395
922700,3002.0601,26.388,1.08867847
922750,3007.5601,26.388,1.089886262
922800,3013.0601,25.9022,1.074767657
922850,3018.5601,25.3853,1.058535126
922900,3024.52,25.7083,1.070689398
922950,3030.52,26.1043,1.085381571
923000,3036.0601,26.8481,1.111840119
923050,3041.5601,27.6221,1.139433445
923100,3048.4399,27.6674,1.142654156
923150,3055.4399,27.6494,1.143758014
923200,3062.4399,27.5818,1.143167353
923250,3069.4399,27.5098,1.142422032
923300,3075.52,27.1231,1.130596634
923350,3081.52,26.7091,1.117750102
923400,3086.1399,26.676,1.117706083
923450,3090.6399,26.676,1.118781342
923500,3096.0601,26.6098,1.117780461
923550,3101.5601,26.5378,1.116592163
923600,3107.98,26.532,1.117931578
923650,3114.48,26.532,1.119500639
923700,3118.6799,26.7638,1.128652416
923750,3122.6799,27.0158,1.138495966
923800,3128.52,28.1455,1.179765232
923850,3134.52,29.3515,1.223976098
923900,3138.6799,30.5575,1.26784435
923950,3142.6799,31.7635,1.311813221
924000,3147.1399,32.953,1.35550201
924050,3151.6399,34.141,1.399315554
924100,3158.4399,36.2398,1.476668727
924150,3165.4399,38.4178,1.560747175
924200,3171.98,39.4862,1.604069528
924250,3178.48,40.4582,1.643746581
924300,3180.3799,40.5029,1.646274164
924350,3181.8799,40.4669,1.64556774
924400,3186.1399,40.4143,1.645442938
924450,3190.6399,40.3603,1.645370335
924500,3194.22,40.4222,1.64928955
924550,3197.72,40.4942,1.653557962
924600,3200.76,40.4834,1.654484252
924650,3203.76,40.4654,1.655120027
924700,3208.6001,40.464,1.657195122
924750,3213.6001,40.464,1.659394631
924800,3218.6001,40.464,1.661595143
924850,3223.6001,40.464,1.663796657
924900,3228.6001,40.2984,1.659708739
924950,3233.6001,40.1184,1.655071838
925000,3239.0601,40.5724,1.674729708
925050,3244.5601,41.0815,1.696509595
925100,3250.52,41.9664,1.73279366
925150,3256.52,42.8753,1.770028164
925200,3262.0601,43.2792,1.787865063
925250,3267.5601,43.6392,1.804022492
925300,3274.4399,43.7177,1.810091604
925350,3281.4399,43.7717,1.815285548
925400,3287.0601,43.776,1.817970569
925450,3292.5601,43.776,1.820439188
925500,3298.0601,43.9747,1.830480786
925550,3303.5601,44.1907,1.841186842
925600,3308.6001,45.2678,1.884520177
925650,3313.6001,46.4198,1.930711525
925700,3318.6001,48.3502,2.007557895
925750,3323.6001,50.3482,2.097195538
925800,3329.52,52.0646,2.17491942
925850,3335.52,53.7566,2.251502848
925900,3338.76,56.3429,2.365522707
925950,3341.76,59.0069,2.482713734
926000,3345.22,56.587,2.379189316
926050,3348.72,53.725,2.25658153
926100,3350.3799,54.9864,2.312146544
926150,3351.8799,56.6064,2.383175318
926200,3352.9199,56.5373,2.380667161
926250,3353.9199,56.3213,2.371767027
926300,3359.0601,56.1715,2.367701
926350,3364.5601,56.0275,2.364061942
926400,3371.4399,54.4759,2.300144599
926450,3378.4399,52.8019,2.231104529
926500,3383.1399,46.8389,1.978446205
926550,3387.6399,40.5029,1.738072884
926600,3389.3799,35.6242,1.552161796
926650,3390.8799,30.8722,1.366663232
926700,3392.8401,29.1341,1.29862948
926750,3394.8401,27.6581,1.240867945
926800,3396.3665,27.9871,1.254416504
926850,3397.8516,28.4731,1.274199069
926900,3399.3635,27.419,1.23287332
926950,3400.8789,26.231,1.186170164
927000,3403.3,26.1194,1.182472418
927050,3405.8,26.1014,1.182517534
927100,3407.3799,25.8185,1.171725329
927150,3408.8799,25.5125,1.159972271
927200,3407.1599,27.1109,1.223158595
927250,3405.1599,28.8749,1.292736427
927300,3405.46,28.7345,1.287253263
927350,3405.96,28.4285,1.275243739
927400,3406,27.725,1.247240055
927450,3406,26.987,1.217848438
927500,3402.78,27.6473,1.243072428
927550,3399.28,28.4291,1.272947619
927600,3399.9199,26.2312,1.185884978
927650,3400.9199,23.843,1.091304628
927700,3389.04,12.7721,0.658302213
927750,3376.04,0.9461,0.054383965
927800,3355.22,0,0
927850,3333.72,0,0
927900,3328.78,0,0
927950,3325.28,0,0
928000,3313.5,0,0
928050,3301,0,0
928100,3291.26,1.3579,0.076856603
928150,3281.76,2.8339,0.160122108
928200,3279.6201,4.0284,0.227526175
928250,3278.1201,5.1984,0.29352882
928300,3264.2,5.4907,0.309255763
928350,3249.2,5.7067,0.320555021
928400,3238.3401,6.2042,0.347821472
928450,3227.8401,6.7262,0.376376993
928500,3219.6399,6.7846,0.379088241
928550,3211.6399,6.8026,0.37955108
928600,3200.8799,4.8665,0.271005739
928650,3189.8799,2.7605,0.153426025
928700,3179.8,4.3639,0.242107471
928750,3169.8,6.2899,0.34834277
928800,3155.6599,6.7752,0.374281394
928850,3141.1599,7.1352,0.393161045
928900,3120.22,7.2799,0.399658617
928950,3098.72,7.4059,0.405046003
929000,3077.6799,7.9128,0.431181791
929050,3056.6799,8.4528,0.458926783
929100,3039.8201,8.5291,0.46171688
929150,3023.3201,8.5651,0.4623442
929200,3015.5601,8.1209,0.437779465
929250,3008.5601,7.6349,0.4110839
929300,2996.96,7.1158,0.38202044
929350,2984.96,6.5938,0.352000646
929400,2984.46,6.2539,0.333777167
929450,2984.96,5.9299,0.316559287
929500,3004.3201,5.9868,0.322110374
929550,3025.3201,6.0768,0.328139099
929600,2985.1399,5.8522,0.312437788
929650,2939.6399,5.6002,0.292726494
929700,2938.76,6.8882,0.359905516
929750,2941.76,8.3102,0.434804174
929800,2937.3999,8.5068,0.444198888
929850,2932.3999,8.5968,0.447869411
929900,2926.02,8.604,0.446937264
929950,2919.52,8.604,0.445613227
930000,2913.48,8.2894,0.428141058
930050,2907.48,7.9474,0.409360665
930100,2904.24,7.506,0.38605773
930150,2901.24,7.056,0.362420674
930200,2899.1599,11.5243,0.561569613
930250,2897.1599,16.4203,0.730555761
930300,2902.52,20.5546,0.874338751
930350,2908.52,24.6226,1.015129069
930400,2909.9199,25.7429,1.052121402
930450,2910.9199,26.6069,1.08065203
930500,2914.22,27.6696,1.116114913
930550,2917.72,28.7496,1.152230164
930600,2918.46,31.3531,1.237988475
930650,2918.96,34.0891,1.328079502
930700,2923.1399,39.8722,1.521805213
930750,2927.6399,45.9202,1.747529667
930800,2935.8201,47.3976,1.805106785
930850,2944.3201,48.4776,1.848172145
930900,2949.1399,47.9016,1.828379565
930950,2953.6399,47.1816,1.803075948
931000,2955.8401,47.1406,1.802289817
931050,2957.8401,47.1586,1.803636787
931100,2962.6001,49.6771,1.89929248
931150,2967.6001,52.4131,2.003979713
931200,2973.98,53.725,2.065650065
931250,2980.48,54.913,2.122234895
931300,2986.98,53.2526,2.050658415
931350,2993.48,51.3446,1.97294161
931400,3001.3601,50.6952,1.951557975
931450,3009.3601,50.1552,1.934841704
931500,3014.1399,50.7082,1.957788066
931550,3018.6399,51.3562,1.984192678
931600,3026.3601,52.2526,2.025768663
931650,3034.3601,53.1706,2.071619865
931700,3038.6799,52.3498,2.036806578
931750,3042.6799,51.3778,1.995855132
931800,3049.3762,51.7802,2.016829758
931850,3056.3069,52.3022,2.04411501
931900,3101.1001,53.8178,2.135923869
931950,3150.1001,55.4198,2.232620401
932000,3160.8501,54.5047,2.197316171
932050,3167.3501,53.3707,2.150204387
932100,3154.5,55.7143,2.247950334
932150,3139.5,58.3603,2.358467348
932200,3133.05,59.1185,2.389174196
932250,3127.55,59.7125,2.413052404
932300,3131.05,62.6746,2.545106911
932350,3135.55,65.8426,2.682983797
932400,3143.2727,68.6462,2.807154277
932450,3151.3535,71.4182,2.930569719
932500,3161.2,71.7559,2.950496646
932550,3171.2,71.8819,2.961448496
932600,3179.3601,71.7595,2.96067486
932650,3187.3601,71.6155,2.958873422
932700,3196.28,71.1734,2.944630634
932750,3205.28,70.7054,2.929250137
932800,3212.8999,70.3699,2.918828454
932850,3220.3999,70.0459,2.908808747
932900,3224.6799,68.6952,2.852135705
932950,3228.6799,67.2552,2.791305259
933000,3234.0601,67.4381,2.802132035
933050,3239.5601,67.7621,2.819232942
933100,3244.1399,67.5396,2.811901844
933150,3248.6399,67.2696,2.802427572
933200,3254.0601,67.1983,2.802157167
933250,3259.5601,67.1443,2.802690037
933300,3265.0601,67.1566,2.806146785
933350,3270.5601,67.1746,2.809863424
933400,3277.8999,66.9773,2.805053662
933450,3285.3999,66.7613,2.799485574
933500,3292.4399,64.823,2.717276133
933550,3299.4399,62.735,2.628142846
933600,3308.28,62.4521,2.619941874
933650,3317.28,62.3261,2.618784046
933700,3325.8201,62.2166,2.618130604
933750,3334.3201,62.1086,2.617521896
933800,3343.28,62.4478,2.637196043
933850,3352.28,62.8258,2.65871274
933900,3360.8201,62.4254,2.645032835
933950,3369.3201,61.9574,2.628231025
934000,3376.8999,64.0231,2.725393448
934050,3384.3999,66.3091,2.832814088
934100,3390.0601,70.6154,3.033400609
934150,3395.5601,75.0974,3.255074406
934200,3401.0601,76.6483,3.3340907
934250,3406.5601,77.9443,3.400712404
934300,3409.76,77.8824,3.399748813
934350,3412.76,77.7024,3.392905813
934400,3416.6799,77.8039,3.400360754
934450,3420.6799,77.9299,3.409061463
934500,3426.0601,77.6419,3.398482722
934550,3431.5601,77.3179,3.386224782
934600,3436.6001,76.8118,3.364797563
934650,3441.6001,76.2898,3.342565804
934700,3449.3601,75.7843,3.322899544
934750,3457.3601,75.2803,3.303453932
934800,3462.1399,75.24,3.304546665
934850,3466.6399,75.24,3.307425191
934900,3471.6001,75.0247,3.300102056
934950,3476.6001,74.7907,3.291891181
935000,3482.52,74.772,3.294765805
935050,3488.52,74.772,3.298604332
935100,3495.4399,74.7887,3.303847047
935150,3502.4399,74.8066,3.308939529
935200,3508.98,73.7316,3.259922063
935250,3515.48,72.5616,3.206145043
935300,3522.8999,71.6731,3.166514072
935350,3530.3999,70.8091,3.128037854
935400,3535.6001,70.6572,3.123237208
935450,3540.6001,70.5672,3.121365039
935500,3546.98,69.9473,3.094164465
935550,3553.48,69.2813,3.064706414
935600,3560.4399,68.9962,3.054166855
935650,3567.4399,68.7442,3.045256354
935700,3573.52,68.7074,3.046480573
935750,3579.52,68.6894,3.048594769
935800,3585.98,68.423,3.038671953
935850,3592.48,68.135,3.027681955
935900,3598.98,67.9464,3.021590789
935950,3605.48,67.7664,3.015913942
936000,3610.6001,67.603,3.010362898
936050,3615.6001,67.441,3.004813181
936100,3621.4363,67.428,3.007070182
936150,3627.3455,67.428,3.010013688
936200,3633.6799,67.0262,2.993428028
936250,3640.1799,66.4682,2.969731126
936300,3647.3999,66.2083,2.960644131
936350,3654.8999,66.0643,2.957245384
936400,3660.24,65.8426,2.949064305
936450,3664.74,65.5906,2.939003496
936500,3670.6799,65.5718,2.940880232
936550,3677.1799,65.6438,2.947428114
936600,3683.3201,65.2234,2.929918706
936650,3689.3201,64.6114,2.902975016
936700,3695.6799,62.5349,2.804794718
936750,3702.1799,59.8889,2.67858657
936800,3708.3201,58.9406,2.634774077
936850,3714.3201,58.6526,2.623079045
936900,3721.76,57.587,2.573803572
936950,3729.76,56.219,2.509704582
937000,3735.24,55.1232,2.4638686
937050,3739.74,54.1332,2.423573703
937100,3745.6799,52.6507,2.363006325
937150,3752.1799,50.9767,2.294585988
937200,3754.3601,49.7822,2.244986096
937250,3754.8601,48.7742,2.202698242
937300,3757.52,48.5438,2.193868736
937350,3761.02,48.6158,2.198049292
937400,3763.4399,48.7526,2.204602332
937450,3765.4399,48.9146,2.212077244
937500,3769.96,49.6469,2.24437688
937550,3775.46,50.6009,2.286309982
937600,3782.3999,52.9286,2.386469114
937650,3789.8999,55.7906,2.5109204
937700,3795.96,57.3955,2.593331688
937750,3801.46,58.5115,2.651316186
937800,3806.6001,58.824,2.669082026
937850,3811.6001,58.824,2.671170339
937900,3818.3999,58.6555,2.665557995
937950,3825.8999,58.4215,2.656922994
938000,3831.6001,58.356,2.655998288
938050,3836.6001,58.356,2.658083241
938100,3842.3201,57.7728,2.631012517
938150,3848.3201,56.9628,2.592501072
938200,3854.6799,55.8806,2.540218378
938250,3861.1799,54.6926,2.485505544
938300,3869.8401,53.9842,2.458541327
938350,3879.3401,53.4622,2.43967056
938400,3887.04,53.2253,2.432183007
938450,3894.04,53.0993,2.429121186
938500,3901.04,52.74,2.416298532
938550,3908.04,52.29,2.399689402
938600,3913.24,51.1402,2.353249744
938650,3917.74,49.7182,2.295224022
938700,3922.96,48.0758,2.228240291
938750,3928.46,46.3478,2.15780086
938800,3926.792,34.0445,1.606978991
938850,3922.3367,17.6285,0.909719823
938900,3898.3738,8.3405,0.510205445
938950,3866.0505,1.8245,0.112153389
939000,3850.8799,0,0
939050,3842.3799,0,0
939100,3836.3999,0,0
939150,3831.3999,0,0
939200,3822.0801,0,0
939250,3811.0801,0,0
939300,3800.4399,0,0
939350,3789.9399,0,0
939400,3777.6399,0,0
939450,3764.6399,0,0
939500,3745.8799,0,0
939550,3724.8799,0,0
939600,3700.6399,0,0
939650,3675.1399,0,0
939700,3647.48,0,0
939750,3618.98,0,0
939800,3588.3201,0,0
939850,3556.8201,0,0
939900,3525.6799,0,0
939950,3494.6799,0,0
940000,3462.6001,0,0
940050,3430.1001,0,0
940100,3397.24,0,0
940150,3364.24,0,0
940200,3329.0801,0,0
940250,3293.0801,0,0
940300,3258.52,0,0
940350,3224.52,0,0
940400,3190.52,0,0
940450,3156.52,0,0
940500,3128.28,0,0
940550,3102.28,0,0
940600,3077.72,0,0
940650,3053.72,0,0
940700,3033.6799,0,0
940750,3015.1799,0,0
940800,3001.72,0,0
940850,2990.22,0,0
940900,2975.1201,0,0
940950,2958.6201,0,0
941000,2941.04,0,0
941050,2923.04,0,0
941100,2907.2,0,0
941150,2892.2,0,0
941200,2875.04,0,0
941250,2857.04,0,0
941300,2839.04,0,0
941350,2821.04,0,0
941400,2800.8799,0,0
941450,2779.8799,0,0
941500,2757.0801,0,0
941550,2733.5801,0,0
941600,2710.4399,0,0
941650,2687.4399,0,0
941700,2664.4399,0,0
941750,2641.4399,0,0
941800,2617.3601,0,0
941850,2592.8601,0,0
941900,2567.6399,0,0
941950,2542.1399,0,0
942000,2516.6399,0,0
942050,2491.1399,0,0
942100,2465.28,0,0
942150,2439.28,0,0
942200,2412.9199,0,0
942250,2386.4199,0,0
942300,2359.2,0,0
942350,2331.7,0,0
942400,2304.9199,0,0
942450,2278.4199,0,0
942500,2252.6399,0,0
942550,2227.1399,0,0
942600,2200.5601,0,0
942650,2173.5601,0,0
942700,2146.5601,0,0
942750,2119.5601,0,0
942800,2095.4399,0,0
942850,2072.4399,0,0
942900,2053.3999,0,0
942950,2035.9,0,0
943000,2016.6,0,0
943050,1996.6,0,0
943100,1974.4399,0,0
943150,1951.4399,0,0
943200,1935.28,0,0
943250,1921.78,0,0
943300,1915.12,0,0
943350,1911.12,0,0
943400,1910,0,0
943450,1910,0,0
943500,1906.04,0,0
943550,1900.54,0,0
943600,1897.92,0,0
943650,1896.42,0,0
943700,1895.64,0,0
943750,1895.14,0,0
943800,1895,0,0
943850,1895,0,0
943900,1896.08,0,0
943950,1897.58,0,0
944000,1899.4399,0,0
944050,1901.4399,0,0
944100,1903.4399,0,0
944150,1905.4399,0,0
944200,1907.4399,0,0
944250,1909.4399,0,0
944300,1920.8,3.2918,0.130842979
944350,1935.8,7.8638,0.312944716
944400,1941.4399,11.7101,0.46621985
944450,1943.4399,15.2741,0.587983633
944500,1949.76,17.4384,0.658195338
944550,1957.76,19.0584,0.7107731
944600,1965.3466,19.836,0.736055059
944650,1972.7722,20.286,0.750723403
944700,1978.85,19.9843,0.741075726
944750,1984.35,19.3903,0.721987039
944800,1989.5354,20.196,0.74808799
944850,1994.5858,21.546,0.791733704
944900,2001.04,21.6,0.79365489
944950,2008.04,21.15,0.779841281
945000,2013.96,20.687,0.765475618
945050,2019.46,20.219,0.750885449
945100,2024.24,20.088,0.747110964
945150,2028.74,20.088,0.747546385
945200,2033.9208,20.088,0.748048309
945250,2039.3663,20.088,0.748576605
945300,2043.8282,20.088,0.749010034
945350,2047.8687,20.088,0.749402961
945400,2052.24,20.736,0.770873605
945450,2056.74,21.636,0.800570889
945500,2060.8799,23.184,0.851332781
945550,2064.8799,24.984,0.910330601
945600,2071.76,27.0043,0.976926353
945650,2079.76,29.1103,1.043313333
945700,2088.1201,34.0805,1.1949388
945750,2096.6201,40.1645,1.380332739
945800,2109.4399,49.2552,1.665679733
945850,2123.9399,59.5152,1.996249701
945900,2134.48,66.1334,2.228838218
945950,2143.48,71.3354,2.412347839
946000,2152.8401,75.695,2.571840032
946050,2162.3401,79.727,2.72589123
946100,2168.96,81.2318,2.784429422
946150,2174.46,81.7538,2.805784231
946200,2183.5601,86.7859,2.997669831
946250,2194.0601,93.5719,3.301542418
946300,2204.9199,95.4461,3.389124248
946350,2215.9199,95.4101,3.392295119
946400,2224.76,94.7909,3.368672419
946450,2232.76,93.9449,3.33458682
946500,2244.72,92.1398,3.25953508
946550,2258.22,89.9618,3.168379918
946600,2269.9199,88.7947,3.121280484
946650,2280.9199,88.0207,3.091316716
946700,2291.5601,87.7133,3.081962384
946750,2302.0601,87.5873,3.080632729
946800,2312.5601,87.6557,3.087988893
946850,2323.0601,87.7997,3.098740841
946900,2335,89.784,3.192521272
946950,2347.5,92.484,3.318829859
947000,2358.4851,94.4323,3.411015288
947050,2368.8811,96.0883,3.489988024
947100,2378.01,96.9926,3.535122727
947150,2386.5959,97.6046,3.566843591
947200,2394.04,97.3742,3.559754545
947250,2401.04,96.8162,3.537572727
947300,2407.99,96.3619,3.520081818
947350,2414.9209,95.9479,3.504414045
947400,2424.4243,95.6117,3.493496636
947450,2435.0303,95.3057,3.484455583
947500,2444.1201,95.3237,3.489367694
947550,2452.6201,95.4677,3.499723962
947600,2461.8401,95.1451,3.489287209
947650,2471.3401,94.6411,3.470735384
947700,2481.2,94.0334,3.447607725
947750,2491.2,93.3854,3.422670954
947800,2499.76,93.2558,3.420610823
947850,2507.76,93.3278,3.430735023
947900,2513.96,93.2573,3.432922425
947950,2519.46,93.1313,3.431974372
948000,2523.1599,93.096,3.433590326
948050,2526.1599,93.096,3.436206687
948100,2528.8,92.8238,3.426095729
948150,2531.3,92.4458,3.411029526
948200,2535.6001,91.9512,3.392195615
948250,2540.6001,91.4112,3.371875321
948300,2545.6001,90.7157,3.344424402
948350,2550.6001,89.9597,3.314174302
948400,2557.04,89.7221,3.308846508
948450,2564.04,89.6861,3.313226063
948500,2572.1201,89.3261,3.303691256
948550,2580.6201,88.8401,3.288717295
948600,2589.1201,88.6262,3.286212764
948650,2597.6201,88.5182,3.288572962
948700,2608.28,88.0214,3.274901476
948750,2619.78,87.3734,3.254947168
948800,2629.8401,86.868,3.240283534
948850,2639.3401,86.418,3.227663671
948900,2648.48,84.024,3.124763856
948950,2657.48,80.874,2.988515606
949000,2667.5601,75.5597,2.785855915
949050,2678.0601,69.4037,2.549536282
949100,2688.5601,64.8936,2.379962508
949150,2699.0601,61.0236,2.234826267
949200,2709.5601,57.9053,2.11775037
949250,2720.0601,55.0793,2.01103742
949300,2729.1201,51.8645,1.898054616
949350,2737.6201,48.4985,1.780135472
949400,2745.04,44.2771,1.630801794
949450,2752.04,39.7231,1.472599601
949500,2755.8,33.8213,1.285617514
949550,2758.3,27.3953,1.081457609
949600,2760.8,25.1813,1.011308656
949650,2763.3,24.6053,0.992750629
949700,2768.6799,26.2325,1.04600597
949750,2775.1799,28.7165,1.126376434
949800,2784.2,31.2264,1.208249834
949850,2794.2,33.7464,1.290938916
949900,2800.96,34.3354,1.311225832
949950,2806.46,34.1734,1.30715389
950000,2811.96,34.4002,1.315588359
950050,2817.46,34.7782,1.328913795
950100,2822.24,33.7824,1.297801647
950150,2826.74,32.2524,1.249327731
950200,2829.4399,30.8779,1.205455388
950250,2831.4399,29.5639,1.16336622
950300,2835.24,30.2458,1.186096333
950350,2839.74,31.7038,1.234114095
950400,2843.8799,32.3194,1.254855309
950450,2847.8799,32.6074,1.264981397
950500,2850.0801,29.4869,1.164201816
950550,2851.5801,25.0409,1.020214352
950600,2853.0801,25.4938,1.035138874
950650,2854.5801,27.8518,1.111923084
950700,2858.96,31.0651,1.217076842
950750,2864.46,34.6111,1.333476056
950800,2871.7029,37.7035,1.435770335
950850,2879.6238,40.6195,1.536965489
950900,2885.5,43.2374,1.635073813
950950,2890.5,45.7394,1.728831805
951000,2896.2424,47.3342,1.789528071
951050,2902.303,48.5762,1.837423664
951100,2909.3999,48.0686,1.821068157
951150,2916.8999,46.8806,1.779605639
951200,2922.24,46.1592,1.754630959
951250,2926.74,45.6192,1.736068088
951300,2931.96,45.1958,1.722036862
951350,2937.46,44.8178,1.709756718
951400,2944.76,43.3642,1.657988163
951450,2952.76,41.4922,1.590699612
951500,2957.52,38.9722,1.498320878
951550,2961.02,36.2002,1.407236479
951600,2962.3601,33.48,1.317276869
951650,2962.8601,30.78,1.227773301
951700,2964.4399,30.0758,1.204703944
951750,2966.4399,30.1478,1.20747856
951800,2968.0693,30.0773,1.205449463
951850,2969.5544,29.9513,1.201546832
951900,2970.707,29.0606,1.172157686
951950,2971.7173,27.8726,1.132843923
952000,2970.5601,27.3067,1.113827552
952050,2968.5601,26.9827,1.102715664
952100,2967.6399,27.0605,1.10514329
952150,2967.1399,27.2945,1.112830844
952200,2967.72,27.9562,1.134914341
952250,2968.72,28.7842,1.162605516
952300,2970.4399,30.9341,1.234385389
952350,2972.4399,33.5981,1.323372044
952400,2974.4399,34.9531,1.368883665
952450,2976.4399,35.7991,1.397492201
952500,2977.72,36.036,1.405675638
952550,2978.72,36.036,1.405909229
952600,2981.52,36.1008,1.408722749
952650,2985.02,36.1908,1.412544299
952700,2987.4399,39.0154,1.508249845
952750,2989.4399,42.9034,1.654710571
952800,2993.96,47.219,1.81819064
952850,2999.46,51.701,1.988557506
952900,3005.3201,54.7315,2.126970079
952950,3011.3201,57.1975,2.242055932
953000,3017.2773,60.3374,2.387495943
953050,3023.2178,63.7394,2.54118308
953100,3027.4749,67.0118,2.680224841
953150,3031.01,70.2338,2.817032829
953200,3034.52,71.9266,2.889854205
953250,3038.02,73.0246,2.937797076
953300,3043.6799,73.9411,2.979352726
953350,3050.1799,74.7871,3.021249528
953400,3057.04,74.8685,3.029502083
953450,3064.04,74.6525,3.023459949
953500,3070.3201,73.309,2.967154381
953550,3076.3201,71.527,2.894975183
953600,3081.6001,71.8963,2.913419119
953650,3086.6001,73.1023,2.967251442
953700,3091.6001,73.3104,2.978815687
953750,3096.6001,73.1304,2.973904075
953800,3100.1599,73.0541,2.972607087
953850,3103.1599,73.0181,2.972717457
953900,3105.4399,72.684,2.959735887
953950,3107.4399,72.234,2.941651017
954000,3110.52,72.3672,2.949000122
954050,3114.02,72.7272,2.966265919
954100,3117.1599,71.3894,2.910861634
954150,3120.1599,69.3914,2.827101346
954200,3124.5645,70.2446,2.865878025
954250,3129.5149,72.2066,2.952490581
954300,3135.2,72.1728,2.954152287
954350,3141.2,71.3628,2.922676943
954400,3147.2424,71.0712,2.913421714
954450,3153.303,70.9812,2.912827264
954500,3158.9209,71.4614,2.93655678
954550,3164.3665,72.1634,2.969814825
954600,3171.25,71.8286,2.959173844
954650,3178.75,71.0906,2.931396939
954700,3185.55,69.925,2.884623577
954750,3192.05,68.593,2.830334677
954800,3199.25,68.22,2.817929733
954850,3206.75,68.22,2.82187876
954900,3214.25,62.8692,2.59256138
954950,3221.75,55.4375,2.269173628
955000,3225.3999,46.6153,1.898216861
955050,3227.3999,37.1971,1.541381619
955100,3224.1499,28.5466,1.221222438
955150,3218.6499,20.1946,0.913481664
955200,3200.3838,11.4278,0.589564089
955250,3176.6465,2.4998,0.138610328
955300,3166.3999,0,0
955350,3161.3999,0,0
955400,3153.1599,0,0
955450,3143.6599,0,0
955500,3134.52,0,0
955550,3125.52,0,0
955600,3115.0801,0,0
955650,3104.0801,0,0
955700,3088.3999,0,0
955750,3070.8999,0,0
955800,3053.1682,0,0
955850,3035.3464,0,0
955900,3016.5657,0,0
955950,2997.3738,0,0
956000,2976.8799,0,0
956050,2955.8799,0,0
956100,2935.24,0,0
956150,2914.74,0,0
956200,2894.6001,0,0
956250,2874.6001,0,0
956300,2852.8,0,0
956350,2830.3,0,0
956400,2808.3169,0,0
956450,2786.5347,0,0
956500,2764.4443,0,0
956550,2742.2222,0,0
956600,2719.8,0,0
956650,2697.3,0,0
956700,2671.2,0,0
956750,2643.7,0,0
956800,2614.76,0,0
956850,2585.26,0,0
956900,2556.1201,0,0
956950,2527.1201,0,0
957000,2499.9199,0,0
957050,2473.4199,0,0
957100,2446.5601,0,0
957150,2419.5601,0,0
957200,2391.8401,0,0
957250,2363.8401,0,0
957300,2339.0801,0,0
957350,2315.5801,0,0
957400,2294.6001,0,0
957450,2274.6001,0,0
957500,2253.3169,0,0
957550,2231.5347,0,0
957600,2206.8,0,0
957650,2180.8,0,0
957700,2156.8999,0,0
957750,2133.8999,0,0
957800,2113,0,0
957850,2093,0,0
957900,2069.8501,0,0
957950,2045.35,0,0
958000,2022.25,0,0
958050,1999.75,0,0
958100,1977.95,0,0
958150,1956.45,0,0
958200,1934.95,0,0
958250,1913.45,0,0
958300,1890.9,0,0
958350,1867.9,0,0
958400,1847.35,0,0
958450,1827.85,0,0
958500,1808,0,0
958550,1788,0,0
958600,1769.2727,0,0
958650,1751.0909,0,0
958700,1736.0198,0,0
958750,1722.1584,0,0
958800,1713.45,0,0
958850,1706.95,0,0
958900,1703.9395,0,0
958950,1702.4242,0,0
959000,1709.5601,6.2986,0.246222962
959050,1720.0601,15.0466,0.574462916
959100,1728.76,22.4986,0.819374657
959150,1736.76,29.4466,1.043147983
959200,1748.36,32.8824,1.145729015
959250,1761.36,34.9524,1.207675176
959300,1773.64,34.0805,1.181763994
959350,1785.64,32.0645,1.121587066
959400,1795.48,29.232,1.036876247
959450,1804.48,26.082,0.937338609
959500,1815.64,24.7594,0.894206184
959550,1827.64,24.1474,0.874325075
959600,1838.5601,22.693,0.827004622
959650,1849.0601,20.911,0.769073808
959700,1856.6337,13.0637,0.513685737
959750,1863.0693,2.8577,0.113069386
959800,1861.5,0,0
959850,1856.5,0,0
959900,1858.85,0,0
959950,1864.35,0,0
960000,1874.75,2.2291,0.08827944
960050,1887.25,5.3251,0.211099879
960100,1891.7,7.6954,0.30517199
960150,1892.7,9.7834,0.388005362
960200,1895.45,10.1477,0.402541146
960250,1898.95,9.8417,0.390511108
960300,1900.35,11.4626,0.454877715
960350,1900.85,13.8329,0.540054607
960400,1898.2,14.859,0.573294281
960450,1894.2,15.309,0.587799301
960500,1891.95,15.444,0.592124455
960550,1890.45,15.444,0.592084702
960600,1890.35,15.8328,0.604713343
960650,1890.85,16.3728,0.622269075
960700,1893.8,17.9237,0.672715639
960750,1897.8,19.8677,0.735926561
960800,1904.6,22.4597,0.820173844
960850,1912.6,25.3037,0.912529359
960900,1922.7,27.383,0.979997017
960950,1933.7,29.165,1.035161744
961000,1944.7,30.6101,1.07882974
961050,1955.7,31.9241,1.118593715
961100,1967.05,33.3936,1.163116685
961150,1978.55,34.9236,1.209533667
961200,1988.65,36.311,1.251675363
961250,1998.15,37.643,1.292179362
961300,2008.35,39.636,1.353618182
961350,2018.85,41.886,1.423072727
961400,2032.5,45.0691,1.521980821
961450,2047.5,48.6151,1.635743339
961500,2062.2524,52.4981,1.76076592
961550,2076.8989,56.5121,1.890622698
961600,2090.3601,60.1891,2.011159915
961650,2103.3601,63.7351,2.137484188
961700,2114.5601,66.672,2.242395114
961750,2125.0601,69.372,2.339042137
961800,2136.6399,70.2317,2.37206403
961850,2148.6399,70.3757,2.380318633
961900,2161.3601,65.3098,2.207108929
961950,2174.3601,58.2178,1.965701208
962000,2178.72,41.5483,1.432217576
962050,2179.72,21.1543,0.797668646
962100,2163.4399,9.8842,0.405984655
962150,2140.4399,2.1622,0.088476092
962200,2132.2,0,0
962250,2129.7,0,0
962300,2122.5842,0,0
962350,2113.6733,0,0
962400,2102.5151,0,0
962450,2090.394,0,0
962500,2074.1682,0,0
962550,2056.3464,0,0
962600,2037,0,0
962650,2017,0,0
962700,2000.15,0,0
962750,1984.65,0,0
962800,1967.4,0,0
962850,1949.4,0,0
962900,1932.8,0,0
962950,1916.8,0,0
963000,1900.45,0,0
963050,1883.95,0,0
963100,1865.35,0,0
963150,1845.85,0,0
963200,1827.6262,0,0
963250,1809.9495,0,0
963300,1793.5941,0,0
963350,1777.7524,0,0
963400,1760.4,0,0
963450,1742.4,0,0
963500,1721.95,0,0
963550,1700.45,0,0
963600,1682.1,0,0
963650,1665.1,0,0
963700,1652.65,0,0
963750,1642.15,0,0
963800,1630.95,0,0
963850,1619.45,0,0
963900,1609,0,0
963950,1599,0,0
964000,1590.75,0,0
964050,1583.25,0,0
964100,1577.15,0,0
964150,1571.65,0,0
964200,1568.25,0,0
964250,1565.75,0,0
964300,1566.75,0,0
964350,1569.25,0,0
964400,1571.05,0,0
964450,1572.55,0,0
964500,1576.15,0,0
964550,1580.65,0,0
964600,1585.85,0,0
964650,1591.35,0,0
964700,1596.85,0.5314,0.020591871
964750,1602.35,1.2694,0.049210515
964800,1612.75,6.9192,0.268451376
964850,1625.25,14.4792,0.553038793
964900,1636.35,19.4861,0.718759807
964950,1646.85,23.5001,0.851457564
965000,1654.9,25.1554,0.906149166
965050,1661.9,25.8934,0.930529815
965100,1666.45,25.6594,0.92283626
965150,1669.95,25.0474,0.902682606
965200,1673.1,24.9926,0.900896982
965250,1676.1,25.1546,0.906253912
965300,1680.85,27.6365,0.98802768
965350,1686.35,31.0205,1.089822852
965400,1694.65,33.588,1.166256579
965450,1704.15,35.838,1.233331448
965500,1711.55,36.5717,1.255285628
965550,1718.05,36.7157,1.259674829
965600,1727.7,37.2096,1.274547915
965650,1738.7,37.8396,1.293521386
965700,1747.6,37.679,1.288883981
965750,1755.6,37.211,1.27504718
965800,1766.05,37.7986,1.292776063
965850,1777.55,38.7966,1.32281753
965900,1791.15,41.336,1.399069954
965950,1805.65,44.536,1.495257377
966000,1820.85,48.7297,1.626579688
966050,1836.35,53.3099,1.770195313
966100,1849.75,53.6276,1.780542188
966150,1862.25,52.1185,1.733773438
966200,1874.75,54.3528,1.803985938
966250,1887.25,58.0428,1.919689063
966300,1899.4,62.0698,2.050313001
966350,1911.4,66.2278,2.1932742
966400,1922.35,71.3318,2.368857463
966450,1932.85,76.8038,2.561679933
966500,1942.65,81.252,2.726825613
966550,1952.15,85.302,2.877342377
966600,1962.7,86.5267,2.923566702
966650,1973.7,86.6527,2.929215246
966700,1985.4,86.2992,2.91718182
966750,1997.4,85.7592,2.898257946
966800,2009.75,85.1544,2.879251682
966850,2022.25,84.5244,2.859941385
966900,2034.4,87.5431,2.97596468
966950,2046.4,91.9807,3.170177935
967000,2058.3999,94.2538,3.27441088
967050,2070.3999,95.5993,3.338283887
967100,2081,95.4242,3.335108153
967150,2091,94.6579,3.305762994
967200,2099.95,97.5654,3.437057294
967250,2108.45,102.0474,3.642359091
967300,2117.6499,110.8008,4.05933597
967350,2127.1499,121.3848,4.681724095
967400,2137.7,124.8372,4.873519293
967450,2148.7,125.2332,4.902825921
967500,2158.6499,125.0496,4.900128155
967550,2168.1499,124.6176,4.883380438
967600,2178.7,125.0862,4.917133631
967650,2189.7,125.9407,4.94
967700,2198.6001,128.1946,4.94
967750,2206.6001,130.9926,4.94
967800,2215.3,131.8956,4.94
967850,2224.3,131.9865,4.94
967900,2231.8999,131.6399,4.94
967950,2238.8999,131.123,4.94
968000,2246.25,130.4716,4.94
968050,2253.75,129.7625,4.94
968100,2260.55,127.3219,4.94
968150,2267.05,124.2079,4.936823878
968200,2274.25,122.2966,4.828487865
968250,2281.75,120.8531,4.747229496
968300,2291.3501,120.2927,4.719851416
968350,2301.8501,120.1109,4.715792191
968400,2313.05,120.5395,4.749844279
968450,2324.55,121.2055,4.799578318
968500,2336.3999,121.9882,4.857931625
968550,2348.3999,122.8162,4.920501244
968600,2359.7,120.5986,4.787866936
968650,2370.7,117.1966,4.57546976
968700,2379.95,115.7515,4.488076348
968750,2388.45,115.0675,4.453007326
968800,2399.75,114.876,4.447383374
968850,2412.25,114.876,4.453198482
968900,2424.3999,114.2344,4.422565725
968950,2436.3999,113.3433,4.377969702
969000,2449.1001,112.7069,4.348267114
969050,2462.1001,112.1796,4.324992765
969100,2474.05,110.8915,4.258825896
969150,2485.55,109.3075,4.176288304
969200,2497.3999,108.3197,4.127501393
969250,2509.3999,107.5637,4.098258365
969300,2521.3999,107.8781,4.130184773
969350,2533.3999,108.6088,4.185068625
969400,2545.3999,108.4248,4.189245243
969450,2557.3999,107.8488,4.171771029
969500,2569.05,107.2305,4.151592504
969550,2580.55,106.5942,4.130294971
969600,2591,106.416,4.13298867
969650,2601,106.416,4.144929129
969700,2610.6499,106.416,4.1564267
969750,2620.1499,106.416,4.167721903
969800,2629.6499,106.416,4.1789936
969850,2639.1499,106.416,4.190241863
969900,2650.05,105.8616,4.172824192
969950,2661.55,105.0696,4.143190836
970000,2671.6499,106.932,4.256676708
970050,2681.1499,109.932,4.431171361
970100,2692.05,107.6227,4.318090089
970150,2703.55,103.2487,4.093811627
970200,2714,101.6611,4.020029303
970250,2724,101.1571,4.004612966
970300,2735.75,99.8483,3.953432608
970350,2748.25,98.2265,3.888089954
970400,2759.9546,97.1214,3.846593455
970450,2771.3181,96.2378,3.81528008
970500,2782.25,95.409,3.786016209
970550,2792.75,94.635,3.758829334
970600,2803.25,94.275,3.751822595
970650,2813.75,94.329,3.765165039
970700,2824.25,93.924,3.755914475
970750,2834.75,93.06,3.723880579
970800,2845,92.628,3.712866862
970850,2855,92.628,3.723049345
970900,2865.5,92.628,3.733800053
970950,2876.5,92.628,3.745128187
971000,2887.5,92.628,3.756523923
971050,2898.5,92.628,3.767987868
971100,2908.5,92.628,3.778469342
971150,2917.5,92.628,3.787951685
971200,2927.25,92.628,3.79827704
971250,2937.75,92.628,3.809458575
971300,2948.5,91.494,3.763051573
971350,2959.5,89.226,3.658532587
971400,2970,87.885,3.600503545
971450,2980,87.471,3.589396125
971500,2990,86.76,3.562881058
971550,3000,85.752,3.520829016
971600,3010,85.086,3.493621956
971650,3020,84.762,3.484341775
971700,3030.25,84.978,3.501413622
971750,3040.75,85.734,3.547726531
971800,3051.25,85.176,3.526008644
971850,3061.75,83.304,3.440465193
971900,3071.25,82.593,3.41212539
971950,3079.75,83.043,3.439312274
972000,3088.75,82.566,3.421967626
972050,3098.25,81.162,3.360067665
972100,3108.25,80.793,3.348567293
972150,3118.75,81.459,3.387495461
972200,3129.25,81.792,3.410312229
972250,3139.75,81.792,3.417007765
972300,3150,81.648,3.416569767
972350,3160,81.36,3.408993991
972400,3168.9604,81.234,3.408603882
972450,3176.8811,81.27,3.415403144
972500,3185.8484,81.09,3.412400327
972550,3195.9495,80.694,3.39964578
972600,3206.25,80.226,3.38352128
972650,3216.75,79.686,3.364024683
972700,3226.25,79.3887,3.355658798
972750,3234.75,79.3342,3.358435124
972800,3244.25,79.2153,3.358724511
972850,3254.75,79.0371,3.356773198
972900,3264.5,78.867,3.354735799
972950,3273.5,78.705,3.352612357
973000,3283,78.363,3.342063847
973050,3293,77.841,3.323085295
973100,3302.75,77.508,3.313124122
973150,3312.25,77.364,3.312185603
973200,3321.75,77.013,3.301184174
973250,3331.25,76.455,3.280114258
973300,3340.5,76.176,3.272444782
973350,3349.5,76.176,3.278183092
973400,3358.5,75.798,3.265535157
973450,3367.5,75.042,3.234491315
973500,3377,74.691,3.223463687
973550,3387,74.745,3.232463057
973600,3396.75,74.358,3.219837595
973650,3406.25,73.53,3.185575167
973700,3415.75,73.08,3.16970882
973750,3425.25,73.008,3.172248769
973800,3434.75,72.873,3.171720395
973850,3444.25,72.675,3.168121994
973900,3453.25,72.477,3.164203873
973950,3461.75,72.279,3.159965977
974000,3470.75,71.874,3.145953285
974050,3480.25,71.262,3.122160241
974100,3489.25,70.884,3.109452651
974150,3497.75,70.74,3.107836729
974200,3506.25,70.542,3.102752518
974250,3514.75,70.29,3.094716644
974300,3523.75,70.389,3.104093496
974350,3533.25,70.839,3.130954278
974400,3542.5,71.748,3.18029206
974450,3551.5,73.116,3.25219336
974500,3560.5,74.709,3.335359402
974550,3569.5,76.527,3.429835153
974600,3579,78.372,3.527315792
974650,3589,80.244,3.629694503
974700,3598,81.117,3.680084527
974750,3606,80.991,3.678405692
974800,3613.75,80.901,3.678431878
974850,3621.25,80.847,3.680165129
974900,3629.75,80.703,3.677856507
974950,3639.25,80.469,3.671500329
975000,3647.75,80.1338,3.659305765
975050,3655.25,79.6974,3.64126701
975100,3663,79.5529,3.638459947
975150,3671,79.6776,3.649728387
975200,3679,79.452,3.642875628
975250,3687,78.876,3.617873971
975300,3695,78.5244,3.604475524
975350,3703,78.3971,3.602689537
975400,3712,78.233,3.599595603
975450,3722,78.035,3.59534184
975500,3731,77.94,3.595827495
975550,3739,77.94,3.600643788
975600,3746.75,77.5843,3.586838586
975650,3754.25,76.9003,3.555813621
975700,3761.75,76.4515,3.536990111
975750,3769.25,76.2198,3.529441129
975800,3777,76.023,3.523851636
975850,3785,75.861,3.520218579
975900,3793,75.798,3.521736867
975950,3801,75.834,3.528412938
976000,3808.75,75.735,3.527909855
976050,3816.25,75.501,3.520218935
976100,3824.25,75.213,3.510006128
976150,3832.75,74.871,3.497314344
976200,3840.75,74.547,3.485400008
976250,3848.25,74.241,3.474087971
976300,3856.25,73.656,3.448684464
976350,3864.75,72.792,3.409131314
976400,3873.25,72.387,3.393157983
976450,3881.75,72.441,3.400857671
976500,3889.5,72.387,3.402555415
976550,3896.5,72.225,3.398228943
976600,3904,71.946,3.388116964
976650,3912,71.55,3.372196844
976700,3919.25,71.361,3.366563162
976750,3925.75,71.379,3.371252812
976800,3933.75,71.208,3.366977017
976850,3943.25,70.848,3.353699091
976900,3950.4753,70.38,3.333432295
976950,3955.4258,69.804,3.306174503
977000,3961.6365,69.453,3.291359594
977050,3969.2122,69.327,3.289074845
977100,3977.5,69.138,3.283886194
977150,3986.5,68.886,3.275780573
977200,3994,68.562,3.263013987
977250,4000,68.166,3.245578947
977300,4006.75,68.004,3.239795045
977350,4014.25,68.076,3.246647061
977400,4022,67.932,3.242209781
977450,4030,67.572,3.226441036
977500,4036.5,67.374,3.218601943
977550,4041.5,67.338,3.218722683
977600,4048.5,67.104,3.209154313
977650,4057.5,66.672,3.189855265
977700,4065.75,66.411,3.179295582
977750,4073.25,66.321,3.177513611
977800,4079.75,66.231,3.175326146
977850,4085.25,66.141,3.172732971
977900,4092.25,66.078,3.172178975
977950,4100.75,66.042,3.173670629
978000,4108,65.952,3.171771257
978050,4114,65.808,3.166470147
978100,4120.25,65.655,3.160776319
978150,4126.75,65.493,3.154687899
978200,4133,65.286,3.146067416
978250,4139,65.034,3.134908249
978300,4145.25,64.845,3.127220329
978350,4151.75,64.719,3.123013252
978400,4158.75,64.638,3.121425197
978450,4166.25,64.602,3.122464698
978500,4173,64.521,3.120772685
978550,4179,64.395,3.11634079
978600,4185,64.287,3.112876118
978650,4191,64.197,3.110381505
978700,4197,63.99,3.101526427
978750,4203,63.666,3.086292208
978800,4208.75,63.567,3.083175726
978850,4214.25,63.693,3.092211524
978900,4219.5,63.747,3.097238503
978950,4224.5,63.729,3.09824571
979000,4229.75,63.513,3.088540884
979050,4235.25,63.099,3.068095167
979100,4240.25,62.739,3.050371323
979150,4244.75,62.433,3.035380425
979200,4250,62.361,3.033479452
979250,4256,62.523,3.044701624
979300,4261.75,62.406,3.040530339
979350,4267.25,62.01,3.020922341
979400,4273.25,61.677,3.004936676
979450,4279.75,61.407,2.992464068
979500,4285,61.362,2.991993281
979550,4289,61.542,3.003584625
979600,4293,61.641,3.010595442
979650,4297,61.659,3.013142636
979700,4302,61.596,3.011606057
979750,4308,61.452,3.005974773
979800,4313.75,61.335,3.001730463
979850,4319.25,61.245,2.998857417
979900,4325.25,61.02,2.9885163
979950,4331.75,60.66,2.970703899
980000,4336.75,60.597,2.969084575
980050,4340.25,60.831,2.983715063
980100,4345,60.237,2.951872872
980150,4351,58.815,2.873380314
980200,4356.25,58.167,2.838449502
980250,4360.75,58.293,2.847254656
980300,4366,58.203,2.844035128
980350,4372,57.897,2.828746003
980400,4379.25,57.447,2.805625465
980450,4387.75,56.853,2.774614591
980500,4392,56.601,2.76164525
980550,4392,56.691,2.766808169
980600,4395.25,56.736,2.770523566
980650,4401.75,56.736,2.772796527
980700,4407,56.736,2.774637347
980750,4411,56.736,2.776042867
980800,4415.5,56.655,2.772955358
980850,4420.5,56.493,2.765359741
980900,4425.5,56.412,2.762429183
980950,4430.5,56.412,2.764179882
981000,4435.5,56.412,2.765934639
981050,4440.5,56.412,2.767693468
981100,4445.75,56.853,2.795158855
981150,4451.25,57.735,2.848429776
981200,4455.75,59.22,2.936557606
981250,4459.25,61.308,3.058037424
981300,4464.25,62.496,3.127546891
981350,4470.75,62.784,3.146650367
981400,4476,63.027,3.162702026
981450,4480,63.225,3.175683371
981500,4484.25,63.261,3.17955805
981550,4488.75,63.135,3.174306694
981600,4493,63.045,3.170994806
981650,4497,62.991,3.169627049
981700,4502,62.991,3.172116154
981750,4508,63.045,3.178816663
981800,4513.25,62.964,3.177345685
981850,4517.75,62.748,3.16768166
981900,4522,62.514,3.156820007
981950,4526,62.262,3.144759499
982000,4530.5,61.965,3.130396071
982050,4535.5,61.623,3.113720643
982100,4539.75,61.389,3.102786128
982150,4543.25,61.263,3.097609418
982200,4547.25,61.065,3.088574597
982250,4551.75,60.795,3.075671313
982300,4555.75,60.714,3.073358238
982350,4559.25,60.822,3.081657983
982400,4563.25,60.732,3.078826129
982450,4567.75,60.444,3.06483877
982500,4572.75,60.102,3.047998611
982550,4578.25,59.706,3.028293827
982600,4583,59.373,3.011767434
982650,4587,59.103,2.998378573
982700,4590.75,58.842,2.984943199
982750,4594.25,58.59,2.971876316
982800,4598.25,58.167,2.948786656
982850,4602.75,57.573,2.915636868
982900,4607.25,56.952,2.88078571
982950,4611.75,56.304,2.844227632
983000,4615.75,55.611,2.804589708
983050,4619.25,54.873,2.761877383
983100,4623.2275,54.225,2.724801585
983150,4627.6831,53.667,2.693366066
983200,4632.1816,52.983,2.654235359
983250,4636.7271,52.173,2.607385095
983300,4640.25,51.615,2.575247886
983350,4642.75,51.309,2.557885446
983400,4647,50.814,2.529856203
983450,4653,50.13,2.492838925
983500,4657.5,49.509,2.464113893
983550,4660.5,48.951,2.437862265
983600,4664,48.303,2.407343689
983650,4668,47.565,2.372540338
983700,4672.25,46.962,2.34441928
983750,4676.75,46.494,2.32299315
983800,4682,45.981,2.29957577
983850,4688,45.423,2.274150533
983900,4692,44.937,2.251532226
983950,4694,44.523,2.231754351
984000,4696,44.154,2.214186783
984050,4698,43.83,2.198832146
984100,4701,43.353,2.176223014
984150,4705,42.723,2.146333003
984200,4707.5,42.228,2.122607833
984250,4708.5,41.868,2.105077854
984300,4709.75,41.634,2.093869352
984350,4711.25,41.526,2.088985363
984400,4713.5,41.256,2.076293061
984450,4716.5,40.824,2.055776299
984500,4719.25,40.545,2.042762014
984550,4721.75,40.419,2.037264456
984600,4723.5,40.185,2.026161345
984650,4724.5,39.843,2.009451796
984700,4725.5,39.591,1.997333333
984750,4726.5,39.429,1.989904762
984800,4727.25,39.33,1.985404762
984850,4727.75,39.294,1.983833333
984900,4729.5,39.051,1.972761905
984950,4732.5,38.601,1.952190476
985000,4734.25,38.259,1.936404762
985050,4734.75,38.025,1.925404762
985100,4735,35.829,1.820904762
985150,4735,31.671,1.622904762
985200,4723.25,22.194,1.179958654
985250,4699.75,7.398,0.64610553
985300,4677.75,0,0
985350,4657.25,0,0
985400,4643.25,0,0
985450,4635.75,0,0
985500,4626,0,0
985550,4614,0,0
985600,4602.75,0,0
985650,4592.25,0,0
985700,4580.25,0,0
985750,4566.75,0,0
985800,4553.25,0,0
985850,4539.75,0,0
985900,4524.25,0,0
985950,4506.75,0,0
986000,4488.5,0,0
986050,4469.5,0,0
986100,4449.25,0,0
986150,4427.75,0,0
986200,4406.25,0,0
986250,4384.75,0,0
986300,4362.75,0,0
986350,4340.25,0,0
986400,4316.6235,0,0
986450,4291.8711,0,0
986500,4266.8789,0,0
986550,4241.6265,0,0
986600,4216.25,0,0
986650,4190.75,0,0
986700,4165.5,0,0
986750,4140.5,0,0
986800,4115.75,0,0
986850,4091.25,0,0
986900,4066,0,0
986950,4040,0,0
987000,4014.75,0,0
987050,3990.25,0,0
987100,3967.75,0,0
987150,3947.25,0,0
987200,3930.25,0,0
987250,3916.75,0,0
987300,3903.25,0,0
987350,3889.75,0,0
987400,3876.25,0,0
987450,3862.75,0,0
987500,3847.5,0,0
987550,3830.5,0,0
987600,3813.75,0,0
987650,3797.25,0,0
987700,3782.75,0,0
987750,3770.25,0,0
987800,3758.5,0,0
987850,3747.5,0,0
987900,3736.25,0,0
987950,3724.75,0,0
988000,3713.75,0,0
988050,3703.25,0,0
988100,3693.792,0,0
988150,3685.3762,0,0
988200,3676.6365,0,0
988250,3667.5454,0,0
988300,3657.75,0,0
988350,3647.25,0,0
988400,3637.25,0,0
988450,3627.75,0,0
988500,3617.5,0,0
988550,3606.5,0,0
988600,3595,0,0
988650,3583,0,0
988700,3569.5,0,0
988750,3554.5,0,0
988800,3537.5,0,0
988850,3518.5,0,0
988900,3498,0,0
988950,3476,0,0
989000,3453.25,0,0
989050,3429.75,0,0
989100,3406.3665,0,0
989150,3383.0991,0,0
989200,3359,0,0
989250,3334,0,0
989300,3309.24,0,0
989350,3284.74,0,0
989400,3259.76,0,0
989450,3234.26,0,0
989500,3209,0,0
989550,3184,0,0
989600,3159,0,0
989650,3134,0,0
989700,3112.0303,0,0
989750,3093.3435,0,0
989800,3075.5,0,0
989850,3058.5,0,0
989900,3040.5,0,0
989950,3021.5,0,0
990000,3003,0,0
990050,2985,0,0
990100,2968.75,0,0
990150,2954.25,0,0
990200,2940,0,0
990250,2926,0,0
990300,2910.75,0,0
990350,2894.25,0,0
990400,2878.5,0,0
990450,2863.5,0,0
990500,2848.75,0,0
990550,2834.25,0,0
990600,2821.75,0,0
990650,2811.25,0,0
990700,2800.0593,0,0
990750,2788.1782,0,0
990800,2776,0,0
990850,2763.5,0,0
990900,2750.76,0,0
990950,2737.76,0,0
991000,2725,0,0
991050,2712.5,0,0
991100,2700,0,0
991150,2687.5,0,0
991200,2674.9395,0,0
991250,2662.3132,0,0
991300,2651.25,0,0
991350,2641.75,0,0
991400,2634,0,0
991450,2628,0,0
991500,2624.5049,0,0
991550,2623.5149,0,0
991600,2622.2727,0,0
991650,2620.7576,0,0
991700,2621.7327,1.71,0.077979813
991750,2625.198,5.13,0.234265214
991800,2630.8789,9.378,0.429233155
991850,2638.9597,14.454,0.623063547
991900,2647.5,18.99,0.780940957
991950,2656.5,22.986,0.920267392
992000,2666,26.577,1.041412789
992050,2676,29.763,1.142750589
992100,2684.5,32.418,1.227530991
992150,2691.5,34.542,1.295597356
992200,2696.75,35.388,1.323263893
992250,2700.25,34.956,1.310378025
992300,2702.99,34.947,1.310649049
992350,2704.9702,35.361,1.324098018
992400,2706.24,35.622,1.332586496
992450,2706.74,35.73,1.336094922
992500,2708.2,35.946,1.343209975
992550,2710.7,36.27,1.353955649
992600,2713.697,36.234,1.353452525
992650,2717.2324,35.838,1.341689301
992700,2721.4753,35.793,1.34115436
992750,2726.4258,36.099,1.351875547
992800,2731.8799,36.207,1.356451958
992850,2737.8799,36.117,1.354874171
992900,2743.6667,36.036,1.353533169
992950,2749.2222,35.964,1.352426085
993000,2755.25,36.279,1.363734963
993050,2761.75,36.981,1.38750731
993100,2768.7129,37.17,1.395072954
993150,2776.1387,36.846,1.386366892
993200,2782.6399,36.594,1.379736913
993250,2788.1399,36.414,1.375177962
993300,2794.6365,35.847,1.358411873
993350,2802.2122,34.893,1.329398613
993400,2807.75,33.885,1.298143893
993450,2811.25,32.823,1.26467843
993500,2815.5,32.292,1.248414342
993550,2820.5,32.292,1.249388158
993600,2825.75,32.22,1.248088708
993650,2831.25,32.076,1.244508624
993700,2836,31.923,1.240484138
993750,2840,31.761,1.236015797
993800,2843.7327,31.716,1.235279106
993850,2847.198,31.788,1.238282564
993900,2849.7273,30.537,1.198197786
993950,2851.2424,27.963,1.11496842
994000,2852,25.731,1.042670422
994050,2852,23.841,0.980124163
994100,2851.75,23.067,0.953330752
994150,2851.25,23.409,0.96507488
994200,2851.75,23.409,0.965152534
994250,2853.25,23.067,0.953563595
994300,2853.25,23.058,0.953252493
994350,2851.75,23.382,0.964219235
994400,2850,24.237,0.993501555
994450,2848,25.623,1.038550826
994500,2845.25,25.866,1.046002926
994550,2841.75,24.966,1.016316588
994600,2836.25,24.516,1.000942092
994650,2828.75,24.516,0.999840155
994700,2821.2871,24.759,1.006604483
994750,2813.8613,25.245,1.021168757
994800,2806.6399,25.191,1.018356945
994850,2799.6399,24.597,0.998112636
994900,2792.8484,25.011,1.010544325
994950,2786.2827,26.433,1.055124725
995000,2782.2573,26.478,1.055941043
995050,2780.7722,25.146,1.013099335
995100,2778.5601,23.247,0.948194284
995150,2775.5601,20.781,0.862532564
995200,2772.5454,18.864,0.795838816
995250,2769.5151,17.496,0.748111738
995300,2769.25,16.569,0.716046003
995350,2771.75,16.083,0.69963967
995400,2773.99,15.255,0.671377488
995450,2775.9702,14.085,0.63125909
995500,2777.72,13.032,0.595146649
995550,2779.22,12.096,0.563037526
995600,2781.9199,11.385,0.538884138
995650,2785.9199,10.899,0.522701577
995700,2789.4399,11.223,0.534432026
995750,2792.4399,12.357,0.574071305
995800,2794,12.924,0.593900737
995850,2794,12.924,0.593900737
995900,2793.76,13.509,0.614077458
995950,2793.26,14.679,0.654427638
996000,2792.5151,15.147,0.670484147
996050,2791.5051,14.913,0.662244188
996100,2790.01,16.497,0.716745368
996150,2788.0298,19.899,0.833985195
996200,2787.48,22.698,0.930609321
996250,2788.48,24.894,1.00615672
996300,2788.0303,26.055,1.043285935
996350,2786.01,26.181,1.047012435
996400,2784,26.838,1.067735409
996450,2782,28.026,1.105434602
996500,2782.25,29.619,1.15645175
996550,2784.75,31.617,1.220857192
996600,2786,32.958,1.26403602
996650,2786,33.642,1.285940282
996700,2786.5,34.497,1.313423777
996750,2787.5,35.523,1.346496356
996800,2788.25,36.387,1.374337012
996850,2788.75,37.089,1.396939258
996900,2790.5,40.491,1.507201437
996950,2793.5,46.593,1.729189017
997000,2796.5,47.592,1.766361579
997050,2799.5,43.488,1.618429455
997100,2799.5,41.391,1.542347546
997150,2796.5,41.301,1.538235038
997200,2792.75,40.707,1.5156515
997250,2788.25,39.609,1.477563728
997300,2785.5,38.79,1.450681879
997350,2784.5,38.25,1.43316067
997400,2784.5,38.556,1.442957027
997450,2785.5,39.708,1.480076785
997500,2787.2375,39.744,1.481646028
997550,2789.7129,38.664,1.447628718
997600,2793.1819,37.845,1.422173165
997650,2797.7273,37.287,1.405300638
997700,2802,36.936,1.394987085
997750,2806,36.792,1.391250948
997800,2810.9702,35.577,1.353256027
997850,2816.9109,33.291,1.280878242
997900,2822.1599,32.454,1.254937242
997950,2826.6599,33.066,1.275578688
998000,2832.8789,34.596,1.326283483
998050,2840.9597,37.044,1.407249186
998100,2849.208,38.412,1.453493648
998150,2857.6238,38.7,1.464848503
998200,2864.1599,39.204,1.482812401
998250,2868.6599,39.924,1.508292753
998300,2873.3999,41.652,1.573135203
998350,2878.3999,44.388,1.675246293
998400,2883.1599,46.0857,1.739231078
998450,2887.6599,46.7451,1.764978578
998500,2891.4399,47.1578,1.781432039
998550,2894.4399,47.3033,1.787790345
998600,2897.4399,47.2423,1.786533315
998650,2900.4399,46.975,1.777656186
998700,2903.4399,48.7282,1.843427391
998750,2906.4399,52.6702,1.990188172
998800,2910.3999,54.6676,2.076775019
998850,2915.3999,54.5585,2.074407301
998900,2920.6667,54.315,2.066297797
998950,2926.2222,53.937,2.052401334
999000,2933.4556,53.802,2.049852155
999050,2942.3665,53.91,2.058773506
999100,2950.3601,53.694,2.053001329
999150,2957.3601,53.154,2.032321046
999200,2963.6667,54.081,2.076558523
999250,2969.2222,56.475,2.186291736
999300,2974,57.915,2.253451058
999350,2978,58.401,2.277623069
999400,2980.75,58.545,2.285749629
999450,2982.25,58.347,2.277742763
999500,2983.25,59.094,2.311990451
999550,2983.75,60.786,2.388533453
999600,2983.5,61.056,2.400531579
999650,2982.5,59.904,2.347996398
999700,2982.5,58.419,2.281134624
999750,2983.5,56.601,2.199837823
999800,2984.75,54.486,2.105193166
999850,2986.25,52.074,1.99761869
999900,2986.01,48.402,1.859831301
999950,2984.0298,43.47,1.67425821
1000000,2979.8484,36.873,1.434049754
1000050,2973.2827,28.611,1.157680695
1000100,2967.7722,23.445,0.984431669
1000150,2963.3169,21.375,0.912130475
1000200,2962.2122,21.195,0.905732434
1000250,2964.7373,22.905,0.965278987
1000300,2967,24.822,1.030676375
1000350,2969,26.946,1.101571171
1000400,2972,26.541,1.088615929
1000450,2976,23.607,0.991316321
1000500,2980.2278,21.717,0.926585308
1000550,2984.6831,20.871,0.89800645
1000600,2988.697,19.8,0.861572645
1000650,2992.2324,18.504,0.817277843
1000700,2996,17.73,0.791078448
1000750,3000,17.478,0.782975779
1000800,3003,17.343,0.778696245
1000850,3005,17.325,0.778334084
1000900,3006.75,17.316,0.778250862
1000950,3008.25,17.316,0.778446992
1001000,3008.01,17.649,0.789963056
1001050,3006.0298,18.315,0.812780571
1001100,3005,19.062,0.838519109
1001150,3005,19.89,0.867208343
1001200,3004.25,20.844,0.900140646
1001250,3002.75,21.924,0.937293424
1001300,3001.75,22.374,0.952698247
1001350,3001.25,22.194,0.946378969
1001400,3000.01,22.995,0.973877265
1001450,2998.0298,24.777,1.034037402
1001500,2996.52,26.001,1.074706626
1001550,2995.52,26.667,1.096794363
1001600,2995,29.4327,1.189108282
1001650,2995,34.298,1.351658815
1001700,2997.1621,38.377,1.488482763
1001750,3001.6667,41.604,1.609895495
1001800,3006.04,44.7295,1.72932399
1001850,3010.04,47.5658,1.83775659
1001900,3014.9307,50.636,1.955427436
1001950,3022.3564,54.3072,2.116716051
1002000,3028.8484,57.4589,2.262847089
1002050,3032.3838,59.1316,2.340344614
1002100,3036.1699,60.5755,2.407541193
1002150,3040.6699,61.431,2.448411713
1002200,3045.3,62.2105,2.485861446
1002250,3050.3,62.7742,2.512772609
1002300,3054.6499,63.4944,2.545063838
1002350,3057.1499,64.6171,2.593534608
1002400,3059.9099,65.1953,2.61920729
1002450,3063.4099,64.2233,2.579811412
1002500,3067.3,63.3683,2.545478208
1002550,3072.3,62.8463,2.525670908
1002600,3077.1699,62.7673,2.524521384
1002650,3081.6699,63.9491,2.576638003
1002700,3086.04,65.3888,2.639732195
1002750,3090.04,67.4918,2.730922942
1002800,3093.9099,69.204,2.805594838
1002850,3097.4099,69.804,2.832899737
1002900,3100.6436,70.9346,2.882683471
1002950,3103.1189,73.4297,2.990218447
1003000,3106.3333,75.2004,3.076617957
1003050,3111.8889,74.9094,3.066034353
1003100,3116.1299,74.8946,3.067992613
1003150,3116.6299,75.5897,3.101963551
1003200,3117.52,76.104,3.127427542
1003250,3119.52,76.104,3.128691424
1003300,3121.52,76.2487,3.136962196
1003350,3123.52,76.7655,3.163252463
1003400,3125.3899,79.1838,3.281545405
1003450,3126.8899,87.0138,3.672538307
1003500,3128.1299,92.9718,3.981266778
1003550,3128.6299,93.6018,4.014821833
1003600,3129.78,94.0491,4.03983793
1003650,3132.78,93.9764,4.038039123
1003700,3136.3,93.899,4.036353686
1003750,3141.3,93.8099,4.035085816
1003800,3146.6899,93.7156,4.033810926
1003850,3153.1899,93.6065,4.032520851
1003900,3159.4299,93.5679,4.034880673
1003950,3164.9299,93.7105,4.046596272
1004000,3170.04,93.7073,4.050099783
1004050,3174.04,93.2891,4.030136846
1004100,3178.5601,93.0329,4.019369242
1004150,3184.5601,93.1933,4.032449299
1004200,3190.8201,93.2033,4.037504623
1004250,3197.8201,92.7851,4.019592882
1004300,3204.1699,92.484,4.007600851
1004350,3208.6699,92.484,4.010828804
1004400,3213.8201,92.484,4.014531021
1004450,3220.8201,92.484,4.019576464
1004500,3227.95,92.2781,4.013348481
1004550,3235.45,91.4861,3.976639899
1004600,3242.5601,90.9189,3.952166956
1004650,3248.5601,90.9916,3.959941146
1004700,3254.95,90.9492,3.962042534
1004750,3262.45,90.6106,3.949623756
1004800,3269.5601,90.3179,3.939312171
1004850,3275.5601,90.1559,3.934992059
1004900,3281.9307,90.0828,3.93550118
1004950,3289.3564,90.2628,3.949753825
1005000,3296.5757,90.396,3.961453723
1005050,3303.1414,90.396,3.965853816
1005100,3309.95,90.396,3.970415435
1005150,3317.45,90.396,3.975438797
1005200,3325.21,90.279,3.974613079
1005250,3333.71,89.829,3.957147674
1005300,3341.6899,89.4211,3.941505878
1005350,3348.1899,89.1331,3.931045204
1005400,3355.21,88.906,3.924068325
1005450,3363.71,88.852,3.926987161
1005500,3371.6899,88.7652,3.927870087
1005550,3378.1899,88.5852,3.922970025
1005600,3385.3401,88.3858,3.917509639
1005650,3394.3401,88.1313,3.910458303
1005700,3402.6899,87.948,3.906632536
1005750,3409.1899,87.948,3.910986429
1005800,3415.8201,87.9575,3.915914358
1005850,3422.8201,87.9938,3.922465007
1005900,3429.95,87.8952,3.922172784
1005950,3437.45,87.4497,3.904315691
1006000,3445.0801,87.0585,3.88933899
1006050,3453.0801,86.8222,3.882566016
1006100,3461.0593,86.6171,3.877382614
1006150,3468.9802,86.4923,3.876282437
1006200,3476.8181,86.4,3.876794505
1006250,3484.394,86.4,3.881865875
1006300,3491.8201,86.385,3.886066078
1006350,3498.8201,86.3316,3.88801069
1006400,3505.6899,86.1703,3.883995833
1006450,3512.1899,85.7023,3.863944631
1006500,3519.0801,85.3092,3.847962067
1006550,3527.0801,85.1292,3.843585923
1006600,3534.8201,84.9345,3.838292848
1006650,3541.8201,84.6982,3.830407632
1006700,3549.0801,84.3983,3.819405004
1006750,3557.0801,83.9349,3.800434358
1006800,3564.8201,83.6156,3.788704873
1006850,3571.8201,83.7065,3.797631131
1006900,3578.6899,83.6323,3.7979837
1006950,3585.1899,83.1333,3.776231589
1007000,3591.8201,82.7971,3.762931979
1007050,3598.8201,82.9244,3.773737534
1007100,3606.0801,82.9761,3.780810748
1007150,3614.0801,82.8335,3.778316488
1007200,3621.95,82.6578,3.774032991
1007250,3629.45,82.3878,3.764653043
1007300,3636.8201,82.1693,3.757846654
1007350,3643.8201,82.0973,3.758379038
1007400,3650.8201,81.9785,3.756493101
1007450,3657.8201,81.7265,3.747719294
1007500,3664.95,81.5634,3.743615869
1007550,3672.45,81.6534,3.75282951
1007600,3679.6899,81.6065,3.754806151
1007650,3686.1899,81.1702,3.736172139
1007700,3692.95,80.6364,3.712633468
1007750,3700.45,79.8523,3.676557225
1007800,3707.4299,79.4358,3.65919309
1007850,3712.9299,80.0658,3.695182256
1007900,3718.802,80.4665,3.719525934
1007950,3725.7327,80.2145,3.71066565
1008000,3732.697,79.9625,3.701819398
1008050,3739.7676,79.7105,3.693031285
1008100,3746.8201,79.4912,3.685924152
1008150,3753.8201,79.3652,3.683627669
1008200,3760.8201,79.1456,3.676464442
1008250,3767.8201,78.6596,3.655444217
1008300,3774.6899,78.3281,3.642366174
1008350,3781.1899,78.4361,3.651923237
1008400,3788.0801,78.4692,3.657824994
1008450,3796.0801,78.2892,3.653308344
1008500,3803.6899,78.0905,3.647577
1008550,3810.1899,77.8385,3.638390314
1008600,3816.95,77.6142,3.630799065
1008650,3824.45,77.4687,3.627760351
1008700,3832.21,77.3091,3.624141333
1008750,3840.71,77.1131,3.619068348
1008800,3848.5601,76.9302,3.614280762
1008850,3854.5601,76.7847,3.610320847
1008900,3860.4299,76.6351,3.606065279
1008950,3865.9299,76.4747,3.601018437
1009000,3871.6899,76.3087,3.595833549
1009050,3878.1899,76.1269,3.590267806
1009100,3884.8201,75.7615,3.575172254
1009150,3891.8201,74.9238,3.535572784
1009200,3897.78,74.2756,3.505238658
1009250,3900.78,74.1665,3.501333562
1009300,3904.5601,74.103,3.500284945
1009350,3910.5601,74.1564,3.506696957
1009400,3916.4299,73.9901,3.50152193
1009450,3921.9299,73.1981,3.46362179
1009500,3927.5601,72.832,3.447908508
1009550,3933.5601,73.678,3.495517609
1009600,3938.78,74.1636,3.524110209
1009650,3941.78,73.6236,3.497604651
1009700,3945.8201,73.1632,3.476001675
1009750,3952.8201,72.9292,3.467956138
1009800,3959.3,72.7279,3.461293477
1009850,3964.3,72.6199,3.458620094
1009900,3969.4299,72.5213,3.456512217
1009950,3974.9299,72.4493,3.45601589
1010000,3980.3,72.2696,3.449790389
1010050,3985.3,71.7836,3.427250435
1010100,3990.8201,71.4193,3.411377463
1010150,3997.8201,71.4013,3.414567887
1010200,4004.4299,71.3833,3.416834153
1010250,4009.9299,71.3653,3.41827735
1010300,4015.3,71.1976,3.41176843
1010350,4020.3,70.6036,3.382578898
1010400,4025.5601,70.164,3.361613121
1010450,4031.5601,70.164,3.364179015
1010500,4037.4299,70.0517,3.360748296
1010550,4042.9299,69.6197,3.340211846
1010600,4048.1699,69.3608,3.328710057
1010650,4052.6699,69.5948,3.343036441
1010700,4057.8201,69.7399,3.352940094
1010750,4064.8201,69.6319,3.350196847
1010800,4071.3,69.5473,3.348470412
1010850,4076.3,69.5293,3.349654522
1010900,4081.0298,69.413,3.345483792
1010950,4084.99,69.017,3.326056027
1011000,4089.697,68.7614,3.314415013
1011050,4096.7676,68.9054,3.325113396
1011100,4103.4302,68.9324,3.32940113
1011150,4108.9302,68.6264,3.315366859
1011200,4113.9102,67.9835,3.283031148
1011250,4117.4102,66.3815,3.198595946
1011300,4121.1699,65.444,3.149823773
1011350,4125.6699,66.398,3.202850844
1011400,4130.04,67.221,3.248861358
1011450,4134.04,67.671,3.274723786
1011500,4138.4302,67.99,3.29373671
1011550,4143.9302,67.936,3.293162969
1011600,4149.2998,67.8024,3.288242217
1011650,4154.2998,67.4424,3.270943051
1011700,4159.04,67.2088,3.260331007
1011750,4163.04,67.3348,3.268819203
1011800,4167.1699,67.3672,3.272313536
1011850,4171.6699,67.1332,3.261557578
1011900,4176.2871,66.6184,3.235632993
1011950,4181.2378,65.3044,3.166505032
1012000,4186.0908,64.7626,3.139099528
1012050,4190.6362,66.4186,3.230791855
1012100,4195.04,67.5925,3.296378798
1012150,4199.04,67.3945,3.287334374
1012200,4203.4302,67.2012,3.278699967
1012250,4208.9302,67.0212,3.271248822
1012300,4213.9102,66.8178,3.262288961
1012350,4217.4102,66.5478,3.249058689
1012400,4221.5601,66.1936,3.231494229
1012450,4227.5601,65.5996,3.2015863
1012500,4232.7725,65.1226,3.177688991
1012550,4235.7427,64.9786,3.171040175
1012600,4238.606,64.8486,3.165106757
1012650,4241.1313,64.7586,3.161218067
1012700,4243.9009,64.692,3.15870698
1012750,4247.3662,64.692,3.160125928
1012800,4251.2119,64.5984,3.156572743
1012850,4256.2627,64.2384,3.138895808
1012900,4261.2871,63.9486,3.125032519
1012950,4266.2378,63.8586,3.122093819
1013000,4270.9697,63.7452,3.11777518
1013050,4275.0103,63.5652,3.109506216
1013100,4279.04,63.4741,3.106116431
1013150,4283.04,63.6361,3.116654399
1013200,4286.9102,63.6109,3.116833338
1013250,4290.4102,63.0529,3.087472644
1013300,4293.7725,58.077,2.811129902
1013350,4296.7427,40.527,1.958118352
1013400,4290.1514,23.9598,1.210004283
1013450,4253.2827,10.1898,0.702432638
1013500,4223.27,0,0
1013550,4212.77,0,0
1013600,4201.75,0,0
1013650,4189.25,0,0
1013700,4174.6699,0,0
1013750,4154.1699,0,0
1013800,4133.6699,0,0
1013850,4113.1699,0,0
1013900,4092.7227,0,0
1013950,4072.4258,0,0
1014000,4051.1819,0,0
1014050,4026.9395,0,0
1014100,4002.76,0,0
1014150,3978.76,0,0
1014200,3954.5,0,0
1014250,3929.5,0,0
1014300,3904.6931,0,0
1014350,3880.4355,0,0
1014400,3856.4243,0,0
1014450,3833.1919,0,0
1014500,3810.3367,0,0
1014550,3788.5544,0,0
1014600,3767.2727,0,0
1014650,3747.5757,0,0
1014700,3729.396,0,0
1014750,3715.5347,0,0
1014800,3701.2424,0,0
1014850,3685.5859,0,0
1014900,3667.5645,0,0
1014950,3642.8118,0,0
1015000,3617.5757,0,0
1015050,3590.8081,0,0
1015100,3564.6931,0,0
1015150,3590,0,0
1015200,3620,0,0
1015250,3650,0,0
1015300,3670,0,0
1015350,3685,0,0
1015400,3700,0,0
1015450,3715,0,0
1015500,3725.04,0,0
1015550,3686.54,0,0
1015600,3647.0801,0,0
1015650,3607.5801,0,0
1015700,3567.9802,0,0
1015750,3528.3762,0,0
1015800,3488.0203,0,0
1015850,3447.6162,0,0
1015900,3409.52,0,0
1015950,3371.52,0,0
1016000,3334,0,0
1016050,3296.5,0,0
1016100,3260.9199,0,0
1016150,3225.4199,0,0
1016200,3188.48,0,0
1016250,3151.48,0,0
1016300,3113.52,0,0
1016350,3075.52,0,0
1016400,3039.9199,0,0
1016450,3004.4199,0,0
1016500,2972.76,0,0
1016550,2941.26,0,0
1016600,2913.3862,0,0
1016650,2885.6633,0,0
1016700,2865.6699,0,0
1016750,2846.1699,0,0
1016800,2832.3101,0,0
1016850,2818.8101,0,0
1016900,2800.6101,0,0
1016950,2782.1101,0,0
1017000,2764.0801,0,0
1017050,2746.0801,0,0
1017100,2728.8586,0,0
1017150,2711.6868,0,0
1017200,2690.3601,0,0
1017250,2668.8601,0,0
1017300,2648.8,0,0
1017350,2628.8,0,0
1017400,2608.5149,0,0
1017450,2588.2178,0,0
1017500,2561.6201,0,0
1017550,2534.6201,0,0
1017600,2503.0908,0,0
1017650,2471.2727,0,0
1017700,2443.1201,0,0
1017750,2415.1201,0,0
1017800,2390.48,0,0
1017850,2365.98,0,0
1017900,2338.6001,0,0
1017950,2311.1001,0,0
1018000,2280.72,0,0
1018050,2250.22,0,0
1018100,2224.04,0,0
1018150,2198.04,0,0
1018200,2176.5645,0,0
1018250,2155.2773,0,0
1018300,2132.8501,0,0
1018350,2110.3501,0,0
1018400,2099.6001,0,0
1018450,2089.6001,0,0
1018500,2081.8789,0,0
1018550,2074.303,0,0
1018600,2066.8,0,0
1018650,2059.3,0,0
1018700,2045.08,0,0
1018750,2030.58,0,0
1018800,2018.96,0,0
1018850,2007.46,0,0
1018900,1996.0693,0,0
1018950,1984.6832,0,0
1019000,1974.0303,0,0
1019050,1963.4242,0,0
1019100,1957.24,0,0
1019150,1951.24,0,0
1019200,1948.12,0,0
1019250,1945.12,0,0
1019300,1946.901,0,0
1019350,1948.8812,0,0
1019400,1959.8101,4.0723,0.162369949
1019450,1971.3101,11.3443,0.452732891
1019500,1978.6465,18.8784,0.705348914
1019550,1985.7172,26.6184,0.955391152
1019600,1995.0297,30.2659,1.068642959
1019650,2004.4357,30.6979,1.082292206
1019700,2012.05,31.4569,1.106215152
1019750,2019.55,32.4727,1.137906061
1019800,2026.11,32.2036,1.130546667
1019850,2032.61,30.84,1.090013333
1019900,2040.99,35.2296,1.224047273
1019950,2049.49,44.1396,1.495077576
1020000,2063.1599,49.068,1.652450378
1020050,2077.1599,50.868,1.711707867
1020100,2084.5801,48.5755,1.640154566
1020150,2091.5801,43.0675,1.467691527
1020200,2093.8799,35.5637,1.240582412
1020250,2095.8799,26.4917,0.963262257
1020300,2090.7778,18.2664,0.694143591
1020350,2085.2222,10.7064,0.434176233
1020400,2082.6238,7.7832,0.315498834
1020450,2080.1484,8.5032,0.344546375
1020500,2080.9495,8.8301,0.357838698
1020550,2081.9597,8.8481,0.358626872
1020600,2082.96,8.6645,0.351242249
1020650,2083.96,8.3225,0.337432939
1020700,2085.4399,8.5248,0.345718099
1020750,2086.9399,9.1548,0.371357729
1020800,2088.4399,10.0771,0.408869663
1020850,2089.9399,11.2291,0.455722015
1020900,2092.8516,12.6936,0.512383957
1020950,2095.8218,14.4036,0.568434636
1021000,2098.3501,15.4685,0.603415611
1021050,2100.8501,16.0265,0.621850148
1021100,2102.4099,16.4317,0.635222984
1021150,2103.9099,16.7168,0.644669359
1021200,2103.5251,18.617,0.706763583
1021250,2103.0203,21.893,0.813818036
1021300,2105.3762,23.4687,0.865598514
1021350,2107.8516,23.596,0.870043298
1021400,2106.5901,23.652,0.871731346
1021450,2105.0901,23.652,0.871560304
1021500,2104.0601,24.7507,0.90736719
1021550,2103.0601,26.7127,0.971391837
1021600,2109.5801,33.7248,1.186761224
1021650,2116.5801,44.7048,1.521441191
1021700,2129.6899,55.7957,1.878403445
1021750,2143.1899,66.9737,2.260365264
1021800,2151.5959,73.3435,2.484537207
1021850,2159.6768,75.9355,2.582940809
1021900,2165.28,77.3179,2.636491055
1021950,2170.78,77.7499,2.654402883
1022000,2179.1599,79.9157,2.738310015
1022050,2187.6599,83.4437,2.873524832
1022100,2196.6399,85.9435,2.970430745
1022150,2205.6399,87.6355,3.043661575
1022200,2214.6399,87.9466,3.061068459
1022250,2223.6399,87.1726,3.030389199
1022300,2231.6799,86.2272,2.992927481
1022350,2239.6799,85.1472,2.954915082
1022400,2248.6399,83.6942,2.903102743
1022450,2257.6399,81.9482,2.84017045
1022500,2269.52,84.073,2.924367068
1022550,2281.52,89.239,3.145861115
1022600,2291.1201,92.9534,3.31553023
1022650,2300.6201,95.5274,3.434532134
1022700,2307.72,96.9725,3.502259091
1022750,2314.72,97.5305,3.530804545
1022800,2323.0791,99.5702,3.627317773
1022850,2331.4951,102.7742,3.776779591
1022900,2341.3999,107.4974,3.995972682
1022950,2351.3999,113.4143,4.340597229
1023000,2359.52,116.5442,4.527029321
1023050,2367.52,117.3002,4.580319064
1023100,2375.05,117.648,4.607456035
1023150,2382.55,117.648,4.612114785
1023200,2390.99,117.2448,4.590771168
1023250,2399.49,116.5248,4.548025734
1023300,2406.5801,116.0366,4.519398762
1023350,2413.5801,115.7306,4.502648754
1023400,2420.1716,115.596,4.497589053
1023450,2426.7373,115.596,4.500676333
1023500,2430.802,115.2533,4.483057018
1023550,2434.7625,114.6413,4.450358108
1023600,2440.2222,113.5736,4.392763114
1023650,2445.7778,112.1478,4.315219195
1023700,2450.8,110.0291,4.198677766
1023750,2455.8,107.32,4.049261637
1023800,2460.8,105.0696,3.939890909
1023850,2465.8,103.1796,3.856254545
1023900,2471.76,94.0421,3.443767092
1023950,2477.76,79.2101,2.808402395
1024000,2484.24,68.4,2.402749476
1024050,2490.74,60.75,2.131526576
1024100,2497.24,53.2411,1.869790906
1024150,2503.74,45.8431,1.616331461
1024200,2503.04,34.3627,1.253974755
1024250,2502.04,19.6747,0.782199694
1024300,2482.3201,9.5126,0.412323506
1024350,2461.8201,2.9066,0.125540327
1024400,2453.8,2.2176,0.095648873
1024450,2446.3,6.1776,0.266106105
1024500,2458.48,15.2582,0.62600802
1024550,2471.48,28.3622,1.068124848
1024600,2480.6399,34.8034,1.264423018
1024650,2489.6399,36.0094,1.302059382
1024700,2497.6799,39.0197,1.394255139
1024750,2505.6799,43.4477,1.534199988
1024800,2516.0801,45.6682,1.613765161
1024850,2526.5801,46.1542,1.63356031
1024900,2536.6001,46.3176,1.642093927
1024950,2546.6001,46.2276,1.641844434
1025000,2557.4556,45.9562,1.635525473
1025050,2568.3464,45.5422,1.62422016
1025100,2578.8701,44.2714,1.582833503
1025150,2589.3701,42.3274,1.517731698
1025200,2599.3999,41.3914,1.489094497
1025250,2609.3999,41.2474,1.48696973
1025300,2619.8701,40.8917,1.478383252
1025350,2630.3701,40.3697,1.464603079
1025400,2634.29,32.953,1.234936754
1025450,2637.79,20.119,0.818415548
1025500,2636.5901,18.504,0.762488521
1025550,2635.0901,25.704,1.009697816
1025600,2644.3999,31.009,1.176260669
1025650,2654.3999,34.825,1.297097106
1025700,2663.9299,36.1109,1.339191736
1025750,2673.4299,35.4089,1.3191674
1025800,2677.29,33.8299,1.270454172
1025850,2680.79,31.5619,1.199988538
1025900,2681.9399,29.0016,1.11986486
1025950,2682.9399,26.2116,1.032474642
1026000,2684.4099,25.861,1.021686033
1026050,2685.9099,27.427,1.071076367
1026100,2687.4099,28.8518,1.116060611
1026150,2688.9099,30.1658,1.157590015
1026200,2693.7,30.4315,1.166770653
1026250,2698.7,29.8735,1.150076838
1026300,2701.3501,29.6683,1.144067424
1026350,2703.8501,29.7403,1.14676098
1026400,2705.4099,29.772,1.148026119
1026450,2706.9099,29.772,1.148282342
1026500,2709.8484,29.4696,1.139244966
1026550,2712.8789,28.9296,1.122712643
1026600,2714.4399,28.8432,1.12024385
1026650,2715.9399,29.1132,1.12902016
1026700,2717.9199,29.2723,1.134378762
1026750,2719.9199,29.3443,1.136991766
1026800,2720,30.515,1.174010621
1026850,2720,32.549,1.238304463
1026900,2725.7029,35.4096,1.329906685
1026950,2731.6436,38.9196,1.442341921
1027000,2740.0708,42.5707,1.568057355
1027050,2748.6565,46.3327,1.705797203
1027100,2758.1201,50.4374,1.856583134
1027150,2767.6201,54.8114,2.019670405
1027200,2775.604,57.7037,2.14011156
1027250,2783.5247,59.4317,2.214123525
1027300,2789.697,61.9862,2.321451925
1027350,2795.7576,65.1902,2.455924812
1027400,2801.76,66.8218,2.526215506
1027450,2807.76,67.2178,2.546104479
1027500,2815.2,67.3416,2.555975941
1027550,2822.7,67.2516,2.557258025
1027600,2828.28,67.3027,2.562996215
1027650,2833.78,67.4647,2.573188274
1027700,2841.6799,68.9371,2.638186159
1027750,2849.6799,71.4391,2.745270909
1027800,2856.24,74.9894,2.894271586
1027850,2862.74,79.3634,3.089886078
1027900,2869.24,81.1267,3.17932625
1027950,2875.74,80.8387,3.171336488
1028000,2882.24,80.2282,3.147981241
1028050,2888.74,79.3642,3.112510789
1028100,2895.72,78.9739,3.099987945
1028150,2902.72,78.9559,3.105229207
1028200,2910.2,79.0891,3.118121784
1028250,2917.7,79.3411,3.136736288
1028300,2925.1404,79.1526,3.134251075
1028350,2932.5786,78.6179,3.115175126
1028400,2940.05,78.1167,3.097699113
1028450,2947.55,77.644,3.081583308
1028500,2955.5901,78.8432,3.146228859
1028550,2964.0901,81.3561,3.274593439
1028600,2973.1299,84.5338,3.435734146
1028650,2982.6299,88.2778,3.633679695
1028700,2991.3201,90.5302,3.759095014
1028750,2999.3201,91.512,3.818534116
1028800,3005.97,91.8835,3.842564039
1028850,3011.47,91.7755,3.840691239
1028900,3018.05,93.2098,3.919431694
1028950,3025.55,95.8558,4.062861815
1029000,3033.05,96.8004,4.11819343
1029050,3040.55,96.4084,4.102748198
1029100,3046.1599,96.3065,4.101330969
1029150,3050.1599,96.452,4.111922888
1029200,3054.4299,96.3064,4.107228124
1029250,3058.9299,95.9322,4.090506466
1029300,3063.4299,95.76,4.084528166
1029350,3067.9299,95.76,4.087733025
1029400,3073.24,95.3574,4.070001454
1029450,3079.24,94.612,4.034369139
1029500,3085.24,94.2739,4.020473722
1029550,3091.24,94.2559,4.023719831
1029600,3097.8181,93.8549,4.006799782
1029650,3104.8889,93.1529,3.975000237
1029700,3112.7129,92.5517,3.94918439
1029750,3121.1287,92.0297,3.927868806
1029800,3128.5454,91.5581,3.908491988
1029850,3135.1111,91.1261,3.890593632
1029900,3143.2673,91.1275,3.896161945
1029950,3152.6733,91.4695,3.920162101
1030000,3160.51,91.5091,3.92748114
1030050,3167.01,91.3111,3.921630332
1030100,3173.5454,91.0426,3.912165157
1030150,3180.1111,90.7186,3.899857978
1030200,3187.1584,90.455,3.890995835
1030250,3194.5842,90.239,3.884847531
1030300,3200.97,90.0634,3.880085476
1030350,3206.47,89.9194,3.876358616
1030400,3212.24,89.725,3.870214418
1030450,3218.24,89.491,3.862183979
1030500,3225.05,89.136,3.848460703
1030550,3232.55,88.686,3.830307502
1030600,3237.8899,88.4779,3.823175884
1030650,3241.3899,88.4599,3.824606425
1030700,3245.1599,88.3814,3.823099805
1030750,3249.1599,88.2554,3.819299896
1030800,3254,87.9379,3.806196396
1030850,3259.5557,87.4699,3.785821791
1030900,3263.3862,87.2741,3.778314825
1030950,3265.8613,87.2921,3.780911696
1031000,3270,87.1186,3.774762984
1031050,3275.5557,86.7946,3.761817467
1031100,3280.52,86.2186,3.735494283
1031150,3285.02,85.4446,3.698663975
1031200,3288.96,85.2048,3.688975619
1031250,3292.46,85.3848,3.700611588
1031300,3294.8401,85.595,3.71304475
1031350,3296.3401,85.829,3.726108153
1031400,3298.6799,85.7506,3.723650503
1031450,3301.6799,85.4266,3.708992495
1031500,3303.8318,85.5461,3.716598753
1031550,3305.3169,86.0141,3.741697685
1031600,3306.54,86.1595,3.750008959
1031650,3307.54,86.0515,3.745123003
1031700,3309.0801,85.9536,3.741121604
1031750,3311.0801,85.8636,3.737837447
1031800,3313.3501,85.9752,3.745113924
1031850,3315.8501,86.2452,3.760698686
1031900,3318.8899,86.2027,3.760560139
1031950,3322.3899,85.9147,3.748096022
1032000,3326.1599,86.3469,3.772881321
1032050,3330.1599,87.3449,3.826934426
1032100,3335.24,84.577,3.687925798
1032150,3341.24,78.601,3.390843895
1032200,3345.3501,65.5294,2.776504935
1032250,3347.8501,46.4134,1.946055782
1032300,3345.22,34.2569,1.480346006
1032350,3338.22,28.0289,1.2369489
1032400,3327.98,18.3697,0.864230388
1032450,3314.98,5.7877,0.328994938
1032500,3297.6599,0,0
1032550,3276.6599,0,0
1032600,3262.4099,0,0
1032650,3253.9099,0,0
1032700,3247.8401,2.0412,0.114629647
1032750,3243.8401,5.8212,0.326671952
1032800,3239.3,8.1043,0.454423626
1032850,3234.3,9.1123,0.506914037
1032900,3225.79,9.8116,0.53216291
1032950,3214.29,10.248,0.547408495
1033000,3201.98,10.4198,0.55280847
1033050,3188.98,10.3838,0.550542194
1033100,3174.3601,10.0858,0.538662908
1033150,3158.3601,9.5818,0.519345028
1033200,3142.3601,9.5011,0.515432978
1033250,3126.3601,9.7531,0.523474492
1033300,3110.0901,9.8741,0.526754973
1033350,3093.5901,9.8921,0.526334549
1033400,3079.52,9.9907,0.528922893
1033450,3067.52,10.1527,0.533860373
1033500,3054.71,10.1736,0.533755739
1033550,3041.21,10.0836,0.529726338
1033600,3031.4546,10.427,0.541086776
1033650,3024.8889,11.111,0.5644754
1033700,3020.8911,13.7909,0.657438772
1033750,3018.9109,18.0389,0.804987704
1033800,3018.54,20.2373,0.881388142
1033850,3019.54,20.8255,0.902008127
1033900,3018.9199,20.8604,0.903119804
1033950,3016.9199,20.424,0.88762035
1034000,3015.73,19.3537,0.850236676
1034050,3015.23,17.7854,0.795671001
1034100,3014.73,16.5586,0.752983887
1034150,3014.23,15.6226,0.720409416
1034200,3015.3635,15.1822,0.705237936
1034250,3017.8889,15.164,0.704886184
1034300,3019.8401,15.156,0.704824962
1034350,3021.3401,15.156,0.70499189
1034400,3023.96,14.7931,0.692644949
1034450,3027.46,14.1451,0.670433941
1034500,3030.1201,13.6886,0.654780477
1034550,3032.1201,13.3826,0.644295624
1034600,3032.1682,13.3079,0.641692787
1034650,3030.6831,13.4148,0.645282462
1034700,3028.6499,13.4149,0.645092162
1034750,3026.1499,13.324,0.641686489
1034800,3023.3799,13.3445,0.642139406
1034850,3020.3799,13.4525,0.645614366
1034900,3017.3799,13.4496,0.645228216
1034950,3014.3799,13.3596,0.641817111
1035000,3011.6499,13.3805,0.642286134
1035050,3009.1499,13.4885,0.645797415
1035100,3005.5454,13.7678,0.655134354
1035150,3001,14.1818,0.669021397
1035200,2997.3367,14.4339,0.677234847
1035250,2994.3665,14.5586,0.681093722
1035300,2991.3799,16.2101,0.737777219
1035350,2988.3799,19.1621,0.839452687
1035400,2988.6201,24.7676,1.032244663
1035450,2991.6201,32.6336,1.295335992
1035500,2996.24,38.7792,1.501901867
1035550,3002.24,43.4592,1.679895472
1035600,3009.05,48.3336,1.866193491
1035650,3016.55,53.3736,2.07130486
1035700,3021.6201,57.8887,2.278650401
1035750,3024.6201,61.9567,2.464467858
1035800,3027.3501,64.5181,2.575670343
1035850,3029.8501,65.7961,2.630392857
1035900,3033.97,66.1993,2.649242099
1035950,3039.47,65.8573,2.637476598
1036000,3043.3501,65.6806,2.631874931
1036050,3045.8501,65.6446,2.631535685
1036100,3049.7,65.1323,2.611779121
1036150,3054.7,64.2143,2.575425325
1036200,3059.97,59.9526,2.391037566
1036250,3065.47,52.8426,2.073364662
1036300,3069.0801,48.8062,1.91081836
1036350,3071.0801,47.388,1.858228143
1036400,3074.97,46.9137,1.84207264
1036450,3080.47,47.181,1.85460904
1036500,3084.3501,47.1175,1.853944264
1036550,3086.8501,46.772,1.84202017
1036600,3089.6201,46.62,1.837517563
1036650,3092.6201,46.62,1.838854542
1036700,3095.8899,46.62,1.840312175
1036750,3099.3899,46.62,1.841872907
1036800,3102.3501,46.5002,1.838668664
1036850,3104.8501,46.2864,1.831707769
1036900,3108.97,45.77,1.814034678
1036950,3114.47,44.996,1.787233592
1037000,3118.3501,44.5615,1.7725337
1037050,3120.8501,44.416,1.768141997
1037100,3122.54,44.3419,1.766089622
1037150,3123.54,44.3239,1.765852182
1037200,3125.3501,44.1863,1.761451833
1037250,3127.8501,43.9546,1.753798078
1037300,3130.6201,44.1299,1.76165345
1037350,3133.6201,44.6519,1.782725659
1037400,3137.97,46.9342,1.870995545
1037450,3143.47,50.716,2.019516005
1037500,3148.1599,56.9409,2.299431907
1037550,3152.1599,65.0855,2.658579335
1037600,3156.1599,70.8926,2.910558393
1037650,3160.1599,74.7086,3.086774775
1037700,3164.4299,77.1736,3.20893385
1037750,3168.9299,78.4876,3.275473574
1037800,3172.8899,79.0823,3.306815789
1037850,3176.3899,79.0643,3.308169657
1037900,3180.4299,79.0074,3.307981465
1037950,3184.9299,78.9174,3.306481145
1038000,3188.8899,77.4763,3.239127352
1038050,3192.3899,74.8843,3.115665209
1038100,3196.7,78.5714,3.29719242
1038150,3201.7,87.6074,3.753852806
1038200,3205.3501,91.9505,3.980396969
1038250,3207.8501,92.296,3.999899464
1038300,3210.3501,92.2983,4.001809132
1038350,3212.8501,92.031,3.989582293
1038400,3215.6201,92.0927,3.99462306
1038450,3218.6201,92.4347,4.015269151
1038500,3222.1599,92.1935,4.004504283
1038550,3226.1599,91.4555,3.968828941
1038600,3229.3501,90.9216,3.943437324
1038650,3231.8501,90.5616,3.926552478
1038700,3233.8101,90.3085,3.91481854
1038750,3235.3101,90.1465,3.907473589
1038800,3237.8899,90.6163,3.933430218
1038850,3241.3899,91.6243,3.987748789
1038900,3243.54,91.8256,3.999567984
1038950,3244.54,91.3396,3.975183804
1039000,3246.6201,91.1452,3.96655753
1039050,3249.6201,91.1992,3.971353451
1039100,3252.3501,91.2633,3.97648832
1039150,3254.8501,91.336,3.98191167
1039200,3256.27,91.0757,3.969447764
1039250,3256.77,90.5537,3.942879623
1039300,3258.8899,90.5659,3.944931161
1039350,3262.3899,90.9979,3.96954225
1039400,3265.8899,90.9085,3.967282302
1039450,3269.3899,90.4095,3.943917715
1039500,3273.1599,90.3567,3.943726805
1039550,3277.1599,90.684,3.963272047
1039600,3281.97,90.8885,3.97703112
1039650,3287.47,90.9965,3.986279157
1039700,3292.97,90.3853,3.95848575
1039750,3298.47,89.2091,3.901604005
1039800,3303.1599,88.5502,3.870826054
1039850,3307.1599,88.332,3.86227977
1039900,3311.97,88.0445,3.850711884
1039950,3317.47,87.7025,3.836804861
1040000,3323.24,87.5822,3.834493231
1040050,3329.24,87.6362,3.841306698
1040100,3335.51,87.5802,3.842639812
1040150,3342.01,87.4376,3.839671687
1040200,3347.7,87.2051,3.831535237
1040250,3352.7,86.896,3.818996681
1040300,3356.8899,86.8709,3.820522805
1040350,3360.3899,87.0689,3.833058771
1040400,3364.4546,86.8738,3.82575706
1040450,3369,86.3698,3.802895987
1040500,3372.6799,86.148,3.793966452
1040550,3375.6799,86.148,3.795984277
1040600,3378.6633,86.2286,3.802134336
1040650,3381.6335,86.3726,3.811533963
1040700,3384.3635,85.9723,3.792791855
1040750,3386.8889,85.1443,3.751929841
1040800,3389.9407,84.1046,3.70054595
1040850,3393.406,82.8986,3.640900865
1040900,3397.97,81.7834,3.586673915
1040950,3403.47,80.7394,3.536749897
1041000,3408.1599,80.1802,3.511195999
1041050,3412.1599,80.002,3.504752701
1041100,3416.4299,79.5895,3.487161164
1041150,3420.9299,78.9775,3.460245465
1041200,3425.4299,78.6377,3.446583804
1041250,3429.9299,78.5297,3.444211625
1041300,3435.24,78.1301,3.428152641
1041350,3441.24,77.4821,3.400429673
1041400,3446.1599,76.8049,3.370585257
1041450,3450.1599,76.1029,3.33893764
1041500,3454.7,70.9783,3.09208446
1041550,3459.7,62.0863,2.680587672
1041600,3456.6487,44.6682,1.928910868
1041650,3446.7388,19.9871,0.948620337
1041700,3431.2,2.6914,0.156293554
1041750,3403.7,1.0894,0.06294141
1041800,3382.28,0,0
1041850,3373.78,0,0
1041900,3363.7227,0,0
1041950,3350.3564,0,0
1042000,3333.8789,0,0
1042050,3310.1414,0,0
1042100,3286.6399,0,0
1042150,3263.6399,0,0
1042200,3240.8,0,0
1042250,3218.3,0,0
1042300,3195.3201,0,0
1042350,3171.3201,0,0
1042400,3146.8401,0,0
1042450,3121.3401,0,0
1042500,3094.72,0,0
1042550,3065.72,0,0
1042600,3037.8401,0,0
1042650,3012.3401,0,0
1042700,2987.6399,0,0
1042750,2964.6399,0,0
1042800,2942.9199,0,0
1042850,2923.9199,0,0
1042900,2905.2971,0,0
1042950,2887.4753,0,0
1043000,2872.4243,0,0
1043050,2863.8384,0,0
1043100,2855.1484,0,0
1043150,2846.2375,0,0
1043200,2838.4849,0.1843,0.009205181
1043250,2833.4343,0.7603,0.037890382
1043300,2833.4851,3.8995,0.194340177
1043350,2844.3762,12.4855,0.586438232
1043400,2853.8181,19.0613,0.815186323
1043450,2859.8789,21.3653,0.895767339
1043500,2865.76,23.2085,0.960397344
1043550,2871.26,24.0725,0.991121059
1043600,2875.96,24.2107,0.996629883
1043650,2878.96,22.8067,0.948555895
1043700,2881.9504,22.5662,0.940705078
1043750,2884.9209,24.7982,1.017323867
1043800,2889.1001,28.0668,1.124813749
1043850,2896.1001,33.5381,1.305149807
1043900,2904.75,38.6262,1.473837796
1043950,2917.25,42.8202,1.629320818
1044000,2927.5,45.9742,1.749487903
1044050,2932.5,46.7015,1.77813475
1044100,2938.25,48.1349,1.833338291
1044150,2945.75,51.0689,1.945138568
1044200,2952.8181,52.3094,1.99394557
1044250,2958.8789,49.9514,1.908207038
1044300,2964.1089,47.6465,1.82398169
1044350,2967.5742,45.4545,1.743240789
1044400,2971.6499,43.7564,1.681063909
1044450,2977.1499,43.2109,1.662384542
1044500,2980.25,39.1363,1.510721189
1044550,2977.75,27.5623,1.123582834
1044600,2973.7273,18.1598,0.802512476
1044650,2966.1516,13.3718,0.635707555
1044700,2960.5247,10.116,0.522219144
1044750,2959.0396,10.116,0.521992874
1044800,2957.697,10.5019,0.535137354
1044850,2956.6868,11.7079,0.576700951
1044900,2956.1584,14.3872,0.66930147
1044950,2956.6536,20.1971,0.870351736
1045000,2957.606,25.1749,1.040915474
1045050,2959.6262,28.2113,1.141942714
1045100,2961.1584,32.5282,1.285440588
1045150,2961.6536,39.5662,1.521459305
1045200,2961.394,44.1101,1.691026149
1045250,2959.3738,43.3541,1.662169806
1045300,2952.9307,35.9856,1.398246422
1045350,2937.0891,14.5656,0.67254744
1045400,2917.9697,0,0
1045450,2891.2019,0,0
1045500,2869.3201,0,0
1045550,2857.8201,0,0
1045600,2843.4399,0,0
1045650,2822.9399,0,0
1045700,2803.1819,0,0
1045750,2785,0,0
1045800,2767.6138,0,0
1045850,2751.7722,0,0
1045900,2734.3464,0,0
1045950,2713.5544,0,0
1046000,2692.9395,0,0
1046050,2672.7373,0,0
1046100,2652.9199,0,0
1046150,2633.9199,0,0
1046200,2614.1201,0,0
1046250,2592.6201,0,0
1046300,2572.2971,0,0
1046350,2554.4753,0,0
1046400,2536.8484,0,0
1046450,2519.6768,0,0
1046500,2501.8586,0,0
1046550,2482.6667,0,0
1046600,2464.6138,0,0
1046650,2448.7722,0,0
1046700,2432.7722,0,0
1046750,2416.4355,0,0
1046800,2400.4546,0,0
1046850,2385.303,0,0
1046900,2372.1201,0,0
1046950,2363.1201,0,0
1047000,2354.28,0,0
1047050,2345.78,0,0
1047100,2336.48,0,0
1047150,2325.48,0,0
1047200,2314.8,0,0
1047250,2304.8,0,0
1047300,2293.6799,0,0
1047350,2280.1799,0,0
1047400,2266.3601,0,0
1047450,2251.8601,0,0
1047500,2238.1211,0,0
1047550,2226,0,0
1047600,2213.2871,0,0
1047650,2199.4258,0,0
1047700,2185.7227,0,0
1047750,2172.3564,0,0
1047800,2159.8181,0,0
1047850,2149.2122,0,0
1047900,2138.6733,0,0
1047950,2128.2773,0,0
1048000,2117.6667,0,0
1048050,2106.5557,0,0
1048100,2095.0396,0,0
1048150,2082.6633,0,0
1048200,2070.3635,0,0
1048250,2058.2424,0,0
1048300,2044.9307,0,0
1048350,2029.0891,0,0
1048400,2014.5151,0,0
1048450,2002.899,0,0
1048500,1990.4059,0,0
1048550,1976.0496,0,0
1048600,1962.3636,0,0
1048650,1950.2424,0,0
1048700,1938.198,0,0
1048750,1926.3168,0,0
1048800,1914.3636,0,0
1048850,1902.2424,0,0
1048900,1890.8317,0,0
1048950,1880.9307,0,0
1049000,1870.9697,0,0
1049050,1860.8687,0,0
1049100,1852.24,0,0
1049150,1846.74,0,0
1049200,1841.72,0,0
1049250,1837.72,0,0
1049300,1835,0.8525,0.033655744
1049350,1835,3.5165,0.138827477
1049400,1839.3199,7.7472,0.305955128
1049450,1852.8199,15.3072,0.586629685
1049500,1864.6931,21.3523,0.783669613
1049550,1873.1089,24.1783,0.875701785
1049600,1881.1212,26.3822,0.947409556
1049650,1888.1919,27.2642,0.976092058
1049700,1896.2,29.1946,1.035973693
1049750,1906.2,33.3526,1.16128313
1049800,1916.04,36.4277,1.254091906
1049850,1925.54,37.2017,1.277586721
1049900,1934.3762,37.5725,1.288926639
1049950,1941.802,37.0865,1.274380703
1050000,1949.4242,36.8078,1.266087419
1050050,1957.505,36.9698,1.27111388
1050100,1966.3268,37.0282,1.27302463
1050150,1976.7228,36.8662,1.268294234
1050200,1985.9697,36.756,1.265107906
1050250,1992.5354,36.756,1.265213351
1050300,1999.6931,36.756,1.265328398
1050350,2008.1089,36.756,1.26631623
1050400,2016.1,36.7099,1.265887879
1050450,2023.1,36.5659,1.262372727
1050500,2029.95,36.5141,1.261633333
1050550,2036.45,36.6581,1.266784848
1050600,2042.8182,36.756,1.270523418
1050650,2048.8789,36.756,1.271258048
1050700,2055.2178,36.756,1.2720264
1050750,2062.1484,36.756,1.272866473
1050800,2068.6667,37.1304,1.285002024
1050850,2074.2222,38.3004,1.321129964
1050900,2080.5347,39.2899,1.351879964
1050950,2088.4556,39.8958,1.371200679
1051000,2096.1211,40.5055,1.390605588
1051050,2103.1919,41.1236,1.410192958
1051100,2110.2178,41.4979,1.422387006
1051150,2117.1484,41.3539,1.418863442
1051200,2124.2727,40.8701,1.405066388
1051250,2131.8484,39.6641,1.3694392
1051300,2138.2673,38.1482,1.324280885
1051350,2142.2278,35.974,1.258876097
1051400,2145.9092,34.0756,1.201795055
1051450,2148.9395,32.8211,1.164147212
1051500,2152.7427,32.0083,1.139977903
1051550,2158.1882,32.1343,1.144456145
1051600,2163.5151,32.1509,1.145604861
1051650,2168.5657,31.9349,1.1396716
1051700,2174.24,32.053,1.143938182
1051750,2181.24,32.881,1.169877576
1051800,2187.6001,34.1294,1.2084788
1051850,2192.6001,36.2714,1.273993952
1051900,2198.3762,38.0131,1.327472873
1051950,2205.802,38.9042,1.355376
1052000,2213.4243,39.5116,1.374705976
1052050,2221.5051,39.4571,1.374033952
1052100,2227.96,39.5755,1.378404242
1052150,2230.96,40.0615,1.393495152
1052200,2234.9199,40.127,1.395959988
1052250,2240.9199,39.299,1.371596352
1052300,2247.0801,39.0874,1.365930921
1052350,2253.5801,40.1854,1.399991527
1052400,2259.4399,40.9032,1.422453321
1052450,2263.9399,40.8132,1.420271503
1052500,2269.0593,40.8902,1.42322537
1052550,2275.4951,41.3222,1.437096376
1052600,2281.9697,41.5238,1.443990267
1052650,2288.5354,41.2358,1.436058836
1052700,2295.2178,41.1322,1.43372943
1052750,2302.1484,41.4202,1.443296776
1052800,2308.8,41.3568,1.442181818
1052850,2314.8,40.5468,1.418363636
1052900,2319.75,39.1234,1.375830303
1052950,2322.25,36.3967,1.293506061
1053000,2324.7576,33.6044,1.209194861
1053050,2327.2827,30.6589,1.120243358
1053100,2329.792,28.3219,1.049729333
1053150,2332.2673,27.2779,1.018393006
1053200,2334.45,26.7984,1.004127273
1053250,2335.95,27.5184,1.026127273
1053300,2337.75,28.4342,1.05409697
1053350,2340.25,29.7662,1.094763636
1053400,2344.2727,31.6627,1.152720933
1053450,2351.8484,34.7587,1.247457382
1053500,2358.4399,38.0794,1.348883624
1053550,2362.9399,41.8774,1.464519988
1053600,2368.24,47.1269,1.637622791
1053650,2375.24,55.4609,1.918906327
1053700,2382.0593,63.6106,2.20488169
1053750,2388.4951,71.3686,2.481453459
1053800,2393.9092,77.0396,2.698032872
1053850,2396.9395,78.276,2.746183554
1053900,2399.9504,79.0556,2.776915104
1053950,2402.9209,78.9487,2.773804073
1054000,2408.1819,78.5016,2.758445968
1054050,2418.7878,77.3316,2.717177977
1054100,2426.792,76.0867,2.672147341
1054150,2429.2673,74.6827,2.619229674
1054200,2432.9697,75.289,2.643596422
1054250,2439.5354,80.167,2.832426275
1054300,2445.5842,83.7432,2.971406526
1054350,2450.5347,84.5532,3.004887671
1054400,2456.1001,84.8621,3.021142934
1054450,2463.1001,84.1061,2.99133233
1054500,2470.55,84.1738,2.996498317
1054550,2479.05,85.9918,3.081810098
1054600,2487.2727,88.668,3.206735996
1054650,2494.8484,93.168,3.414425713
1054700,2502.3762,97.4203,3.612163631
1054750,2509.802,101.1463,3.788670826
1054800,2518,103.7318,3.914522344
1054850,2528,103.8938,3.931794881
1054900,2538.3,103.5763,3.92744978
1054950,2549.3,102.2396,3.876882898
1055000,2560.0303,101.2004,3.839501769
1055050,2570.1313,100.8549,3.833395175
1055100,2580.01,100.62,3.832168534
1055150,2589.4158,100.62,3.841389233
1055200,2599.0303,100.62,3.850859625
1055250,2609.1313,100.62,3.860858699
1055300,2619.1682,100.3348,3.857490657
1055350,2629.0693,99.4438,3.825532981
1055400,2638.8789,98.6291,3.796915141
1055450,2648.4749,97.9927,3.776356283
1055500,2658.1682,97.6637,3.770328929
1055550,2668.0693,97.9877,3.795434843
1055600,2677.4243,98.1619,3.8130034
1055650,2685.5051,98.0179,3.814223393
1055700,2692.5842,97.92,3.816644118
1055750,2697.5347,97.92,3.821612725
1055800,2702.0605,97.92,3.826166195
1055850,2705.5959,97.92,3.829730623
1055900,2709.7427,97.4295,3.810414206
1055950,2715.1882,95.8969,3.742347452
1056000,2721.1211,94.824,3.69665711
1056050,2728.1919,94.824,3.703589742
1056100,2736.1682,94.4305,3.692453828
1056150,2746.0693,93.2008,3.642707429
1056200,2756.1819,92.4054,3.613971685
1056250,2766.7878,92.6236,3.634858597
1056300,2777.9604,90.8672,3.560092438
1056350,2790.3367,84.9147,3.289043285
1056400,2804.1516,78.7298,3.009643397
1056450,2821.3232,72.0025,2.748583613
1056500,2837.4355,67.6008,2.581125642
1056550,2851.2971,68.1408,2.612281958
1056600,2865.697,65.7374,2.523986099
1056650,2881.3535,57.0794,2.166196005
1056700,2894.2178,47.7763,1.80516564
1056750,2901.1484,37.1023,1.423017029
1056800,2908.4243,29.7864,1.184598659
1056850,2916.5051,29.6064,1.180180574
1056900,2924.8516,29.5924,1.181263475
1056950,2933.7625,29.931,1.194087784
1057000,2942.7273,30.1898,1.204331658
1057050,2951.8181,30.2625,1.208475056
1057100,2961.1682,32.7129,1.291570542
1057150,2971.0693,40.2159,1.548469767
1057200,2980.2727,45.7789,1.75956369
1057250,2987.8484,46.8153,1.800954656
1057300,2995.0593,47.5485,1.830943693
1057350,3001.4951,47.6376,1.836663464
1057400,3008.55,48.4909,1.871886675
1057450,3017.05,51.1273,1.974864125
1057500,3024.3982,55.1837,2.15750471
1057550,3029.0593,62.2577,2.480232009
1057600,3033.7205,68.0409,2.726396051
1057650,3037.76,71.0812,2.856046626
1057700,3041.76,74.1216,2.985898297
1057750,3044.3501,75.776,3.065396688
1057800,3046.8501,77.342,3.142692046
1057850,3048.8799,78.282,3.189427168
1057900,3050.8799,79.182,3.234212821
1057950,3054.76,78.2885,3.193459785
1058000,3058.76,77.2805,3.147238681
1058050,3064.6399,77.2538,3.149661272
1058100,3070.6399,77.2898,3.155193422
1058150,3075.7,76.869,3.138032833
1058200,3080.7,76.419,3.119418107
1058250,3087.1101,76.5612,3.130346527
1058300,3093.6101,76.7412,3.143163862
1058350,3101.05,77.0058,3.160673644
1058400,3108.55,77.2758,3.17848792
1058450,3115.5801,77.9011,3.21321249
1058500,3122.5801,78.5491,3.249026647
1058550,3129.1101,77.3021,3.192777154
1058600,3135.6101,75.9341,3.130633691
1058650,3141.1699,75.3444,3.105583129
1058700,3146.6699,74.8044,3.082897203
1058750,3151.23,74.9412,3.092404819
1058800,3155.73,75.1212,3.103969394
1058850,3161.1699,74.7767,3.090712888
1058900,3166.6699,74.3987,3.075867955
1058950,3174.05,74.376,3.079428978
1059000,3181.55,74.376,3.084167257
1059050,3189.99,73.75,3.059148068
1059100,3198.49,73.084,3.032218746
1059150,3207.46,72.8579,3.026913691
1059200,3216.46,72.6599,3.022988912
1059250,3226.3999,72.9187,3.041820578
1059300,3236.3999,73.2067,3.062114602
1059350,3246.3999,73.224,3.069276648
1059400,3256.3999,73.224,3.075601565
1059450,3266.3999,72.8687,3.064675872
1059500,3276.3999,72.4907,3.052643428
1059550,3284.99,72.4849,3.057795092
1059600,3293.49,72.5029,3.064047775
1059650,3303.3069,72.3365,3.062175507
1059700,3313.208,72.1583,3.059782305
1059750,3319.52,71.8429,3.048446952
1059800,3325.52,71.5156,3.03633289
1059850,3333.7312,72.8158,3.104748247
1059900,3342.1345,74.2198,3.178355416
1059950,3348.7,72.5443,3.101038301
1060000,3353.7,70.6723,3.013152698
1060050,3359.24,70.6615,3.016132277
1060100,3365.24,70.7695,3.025183537
1060150,3370.97,70.6576,3.02336605
1060200,3376.47,70.5316,3.020716408
1060250,3381.97,71.0147,3.047710122
1060300,3387.47,71.5367,3.076603022
1060350,3391.6201,72.1094,3.10711306
1060400,3394.6201,72.6854,3.137057758
1060450,3397.0801,74.6489,3.234209725
1060500,3399.0801,76.7009,3.335385486
1060550,3401.3501,74.709,3.239857879
1060600,3403.8501,72.459,3.131901384
1060650,3406.3501,67.0619,2.879208157
1060700,3408.8501,61.4639,2.625841527
1060750,3408.3799,48.9118,2.078089279
1060800,3405.3799,35.9158,1.570351648
1060850,3391.04,18.6221,0.884828128
1060900,3367.04,1.0541,0.060491905
1060950,3347.6299,0,0
1061000,3332.1299,0,0
1061050,3322.3,0,0
1061100,3317.3,0,0
1061150,3308.25,0,0
1061200,3295.75,0,0
1061250,3285.6799,0,0
1061300,3277.6799,0,0
1061350,3268.3301,0,0
1061400,3257.8301,0,0
1061450,3245.98,0,0
1061500,3232.98,0,0
1061550,3217.55,0,0
1061600,3200.05,0,0
1061650,3179.8501,0,0
1061700,3157.3501,0,0
1061750,3133.77,0,0
1061800,3109.27,0,0
1061850,3083.6899,0,0
1061900,3057.1899,0,0
1061950,3029.8799,0,0
1062000,3001.8799,0,0
1062050,2973.6101,0,0
1062100,2945.1101,0,0
1062150,2916.3401,0,0
1062200,2887.3401,0,0
1062250,2857.8,0,0
1062300,2827.8,0,0
1062350,2799.6899,0,0
1062400,2773.1899,0,0
1062450,2749.1201,0,0
1062500,2727.1201,0,0
1062550,2705.1201,0,0
1062600,2683.1201,0,0
1062650,2660.5801,0,0
1062700,2637.5801,0,0
1062750,2615.9299,0,0
1062800,2595.4299,0,0
1062850,2575.2,0,0
1062900,2555.2,0,0
1062950,2533.3101,0,0
1063000,2509.8101,0,0
1063050,2486.04,0,0
1063100,2462.04,0,0
1063150,2438.04,0,0
1063200,2414.04,0,0
1063250,2391.1201,0,0
1063300,2369.1201,0,0
1063350,2347.1201,0,0
1063400,2325.1201,0,0
1063450,2302.1682,0,0
1063500,2278.406,0,0
1063550,2255.4443,0,0
1063600,2233.2222,0,0
1063650,2214.0901,0,0
1063700,2197.5901,0,0
1063750,2180.55,0,0
1063800,2163.05,0,0
1063850,2145.28,0,0
1063900,2127.28,0,0
1063950,2112.79,0,0
1064000,2101.29,0,0
1064050,2091.4099,0,0
1064100,2082.9099,0,0
1064150,2076.8401,0,0
1064200,2072.8401,0,0
1064250,2068.03,0,0
1064300,2062.53,0,0
1064350,2064.3201,4.6022,0.186002189
1064400,2072.3201,9.4982,0.384375694
1064450,2077.6201,14.6311,0.574499055
1064500,2080.6201,19.7791,0.742533956
1064550,2084.97,21.1032,0.786141737
1064600,2090.47,22.1832,0.821956439
1064650,2095.1599,22.3834,0.828998375
1064700,2099.1599,22.5274,0.834137156
1064750,2102.6201,21.3854,0.797181529
1064800,2105.6201,20.1614,0.757464971
1064850,2109.7,20.088,0.755467717
1064900,2114.7,20.088,0.755962438
1064950,2117.54,18.0238,0.688631188
1065000,2118.54,15.8278,0.616782372
1065050,2121.406,18.2002,0.694761053
1065100,2125.8613,20.8642,0.782521178
1065150,2129.3,20.7364,0.778681748
1065200,2131.8,20.4304,0.76889554
1065250,2134.8384,21.4103,0.8013717
1065300,2138.3738,22.4723,0.836624768
1065350,2141.8899,22.9421,0.852448889
1065400,2145.3899,23.3741,0.867043137
1065450,2149.97,26.3441,0.965262637
1065500,2155.47,29.4761,1.063575152
1065550,2159.604,30.1716,1.085152
1065600,2162.5742,30.7116,1.101875661
1065650,2166.1011,31.0993,1.114051648
1065700,2170.1414,31.4773,1.125995927
1065750,2173.6201,31.0939,1.114799406
1065800,2176.6201,30.6619,1.102072133
1065850,2179.8899,30.636,1.101683624
1065900,2183.3899,30.636,1.102107867
1065950,2186.0801,30.2807,1.091667285
1066000,2188.0801,29.9027,1.080455164
1066050,2191.7,30.1507,1.088409091
1066100,2196.7,30.4387,1.097742424
1066150,2201.1599,30.4052,1.097267867
1066200,2205.1599,30.3512,1.096116352
1066250,2207.8101,30.1619,1.090701224
1066300,2209.3101,29.9639,1.084883042
1066350,2212.1599,30.0535,1.087943624
1066400,2216.1599,30.1615,1.0917012
1066450,2220.1599,29.5758,1.074437564
1066500,2224.1599,28.9458,1.055831503
1066550,2228.4299,29.2972,1.066997564
1066600,2232.9299,29.7112,1.080088473
1066650,2235,28.3486,1.039048485
1066700,2235,26.8726,0.993765802
1066750,2236.3501,26.2087,0.971854571
1066800,2238.8501,25.5967,0.951808324
1066850,2240.8101,25.4077,0.945764469
1066900,2242.3101,25.2457,0.940558959
1066950,2243,25.2529,0.940885174
1067000,2243,25.2709,0.941484614
1067050,2244.0801,25.8134,0.959689165
1067100,2246.0801,26.3894,0.979134919
1067150,2248.8899,26.7793,0.992496431
1067200,2252.3899,27.1573,1.005056352
1067250,2254.54,28.7536,1.053689697
1067300,2255.54,30.4276,1.104538182
1067350,2258.1599,31.594,1.1402012
1067400,2262.1599,32.728,1.175049685
1067450,2266.97,32.4576,1.167438788
1067500,2272.47,32.0976,1.157196364
1067550,2275,32.3636,1.165563636
1067600,2275,32.6696,1.174836364
1067650,2277.4299,32.6203,1.173636958
1067700,2281.9299,32.5483,1.172000594
1067750,2286.97,32.6455,1.17555697
1067800,2292.47,32.7535,1.179496364
1067850,2298.78,36.6347,1.297873333
1067900,2305.78,40.7567,1.423630909
1067950,2314.1299,43.1021,1.495715745
1068000,2323.6299,45.3341,1.570816554
1068050,2332.3201,48.3106,1.671294634
1068100,2340.3201,51.3346,1.773578299
1068150,2347.24,56.3382,1.942135058
1068200,2353.24,61.4682,2.121613712
1068250,2358.1599,64.4832,2.229472235
1068300,2362.1599,67.3632,2.332381723
1068350,2365.8899,73.5257,2.555307105
1068400,2369.3899,79.8977,2.799027202
1068450,2372.0801,83.6809,2.943998017
1068500,2374.0801,87.2989,3.097323229
1068550,2379.8601,87.8375,3.123930136
1068600,2388.8601,88.1795,3.14306547
1068650,2391.9199,87.6416,3.120132331
1068700,2389.9199,87.0476,3.092568149
1068750,2389.27,90.2776,3.237654502
1068800,2389.77,93.7516,3.394210111
1068850,2391.8899,97.6147,3.569709045
1068900,2395.3899,101.5027,3.748027227
1068950,2398.8899,105.12,3.914040864
1069000,2402.3899,108.72,4.099031381
1069050,2407.78,109.2575,4.132453298
1069100,2414.78,109.5995,4.155574004
1069150,2423.1299,109.0109,4.126731469
1069200,2432.6299,108.3629,4.095270699
1069250,2441.5901,108.3748,4.100791662
1069300,2450.0901,108.4287,4.108402356
1069350,2459.3999,108.0598,4.092714213
1069400,2469.3999,107.6637,4.075944144
1069450,2479.1299,107.64,4.079887112
1069500,2488.6299,107.64,4.085009181
1069550,2498.9399,107.7754,4.098067491
1069600,2509.9399,107.9194,4.118651058
1069650,2520.6699,112.801,4.402172892
1069700,2531.1699,117.9849,4.765514967
1069750,2541.3999,117.8053,4.767631195
1069800,2551.3999,117.2833,4.744503272
1069850,2561.9399,116.609,4.71120049
1069900,2572.9399,115.925,4.677996933
1069950,2584.1484,115.7148,4.679489905
1070000,2595.5347,115.5348,4.683421584
1070050,2606.46,115.0841,4.667149936
1070100,2616.96,114.6161,4.649060056
1070150,2627.98,113.1498,4.560125392
1070200,2639.48,111.6198,4.475320259
1070250,2649.9399,110.541,4.428400508
1070300,2659.4399,109.491,4.382047258
1070350,2669.46,108.9011,4.361483664
1070400,2679.96,108.7031,4.362867594
1070450,2689.9399,108.5245,4.364701939
1070500,2699.4399,108.3625,4.366879825
1070550,2709.72,108.288,4.374704117
1070600,2720.72,108.288,4.387379727
1070650,2730.99,108.288,4.399186869
1070700,2740.5859,108.288,4.410195299
1070750,2750.6699,108.2686,4.420690495
1070800,2761.1699,108.2326,4.430741358
1070850,2771.9399,107.9924,4.430065223
1070900,2782.9399,107.5784,4.420291302
1070950,2793.1299,106.4646,4.371966058
1071000,2802.6299,104.7546,4.29091009
1071050,2812.3999,103.4723,4.233296349
1071100,2822.3999,102.5543,4.195609384
1071150,2832.3999,102.1223,4.184041503
1071200,2842.3999,102.1043,4.194655433
1071250,2852.3999,101.9016,4.195372195
1071300,2862.3999,101.5416,4.187686802
1071350,2872.3999,101.376,4.190388686
1071400,2882.3999,101.376,4.201909844
1071450,2892.0791,100.9483,4.190268851
1071500,2901.4851,100.1563,4.158962769
1071550,2911.5151,99.6462,4.143416452
1071600,2922.1211,99.3762,4.141309169
1071650,2932.3999,98.6688,4.115643835
1071700,2942.3999,97.5888,4.069982092
1071750,2952.3999,97.0823,4.054753174
1071800,2962.3999,97.0643,4.065369135
1071850,2971.5901,96.813,4.062712923
1071900,2980.0901,96.363,4.048785517
1071950,2989.1299,95.913,4.035506828
1072000,2998.6299,95.463,4.022785276
1072050,3007.5444,95.256,4.018665288
1072100,3015.9604,95.256,4.0244762
1072150,3025.46,94.8575,4.009973458
1072200,3035.96,94.1195,3.978615937
1072250,3045.1599,93.857,3.971222722
1072300,3053.1599,93.9996,3.983990628
1072350,3061.9399,93.7844,3.978763981
1072400,3071.4399,93.2389,3.956935198
1072450,3080.99,92.8714,3.944356095
1072500,3090.5859,92.6554,3.939647851
1072550,3099.8601,91.9436,3.909088739
1072600,3108.8601,90.8096,3.856529977
1072650,3117.8601,90.0547,3.823585399
1072700,3126.8601,89.6227,3.807339775
1072750,3136.1526,89.3268,3.798329894
1072800,3145.6946,89.1468,3.795479214
1072850,3155.2366,88.8362,3.785884519
1072900,3164.3635,87.7235,3.734594543
1072950,3173.4546,86.6108,3.68329964
1073000,3182.3762,86.0364,3.65969513
1073050,3191.2871,85.4964,3.6378674
1073100,3199.8201,85.464,3.641983258
1073150,3208.3201,85.464,3.647746832
1073200,3218.2,83.129,3.534003739
1073250,3228.2,80.645,3.417861954
1073300,3236.4343,80.0222,3.392898734
1073350,3244.5151,79.5182,3.373595954
1073400,3253.9299,79.488,3.378139957
1073450,3263.4299,79.488,3.384206439
1073500,3273.7722,77.2376,3.281520172
1073550,3284.1682,74.8436,3.17185123
1073600,3291.4399,73.7186,3.121812517
1073650,3298.4399,72.6746,3.0755234
1073700,3308.2,71.0723,3.00383443
1073750,3318.2,69.4343,2.936262718
1073800,3324.52,53.8567,2.250470162
1073850,3330.52,37.3894,1.593779061
1073900,3310.3,19.3113,0.896824582
1073950,3287.8,1.0931,0.06183028
1074000,3276.3401,0,0
1074050,3265.8401,0,0
1074100,3260.3999,0,0
1074150,3255.3999,0,0
1074200,3238.7373,0,0
1074250,3221.0605,0,0
1074300,3203.55,0,0
1074350,3186.05,0,0
1074400,3163.8501,0,0
1074450,3141.3501,0,0
1074500,3116.5,0,0
1074550,3091.5,0,0
1074600,3068.3799,0,0
1074650,3045.3799,0,0
1074700,3028.49,0,0
1074750,3011.99,0,0
1074800,2992.2,0,0
1074850,2972.2,0,0
1074900,2948.9099,0,0
1074950,2925.4099,0,0
1075000,2901.4399,0,0
1075050,2877.4399,0,0
1075100,2853.4399,0,0
1075150,2829.4399,0,0
1075200,2807.0593,0,0
1075250,2784.7822,0,0
1075300,2758.6201,0,0
1075350,2732.1201,0,0
1075400,2707.9199,0,0
1075450,2683.9199,0,0
1075500,2660.8401,0,0
1075550,2637.8401,0,0
1075600,2615.3,0,0
1075650,2592.8,0,0
1075700,2568.9199,0,0
1075750,2544.9199,0,0
1075800,2518.6201,0,0
1075850,2492.1201,0,0
1075900,2466.54,0,0
1075950,2441.04,0,0
1076000,2415.0801,0,0
1076050,2389.0801,0,0
1076100,2362.1599,0,0
1076150,2335.1599,0,0
1076200,2307.24,0,0
1076250,2279.24,0,0
1076300,2250.78,0,0
1076350,2222.28,0,0
1076400,2194.9092,0,0
1076450,2167.6365,0,0
1076500,2142.03,0,0
1076550,2116.53,0,0
1076600,2091.7327,0,0
1076650,2066.9802,0,0
1076700,2041.7677,0,0
1076750,2016.5151,0,0
1076800,1990.802,0,0
1076850,1965.0594,0,0
1076900,1943.6801,0,0
1076950,1922.6801,0,0
1077000,1903.0601,0,0
1077050,1883.5601,0,0
1077100,1862.6801,0,0
1077150,1841.6801,0,0
1077200,1826.66,0,0
1077250,1812.16,0,0
1077300,1800.88,0,0
1077350,1789.88,0,0
1077400,1775.66,0,0
1077450,1761.16,0,0
1077500,1754.9399,0,0
1077550,1749.4399,0,0
1077600,1744.4,0,0
1077650,1739.4,0,0
1077700,1738.54,0,0
1077750,1738.04,0,0
1077800,1740.76,0,0
1077850,1743.76,0,0
1077900,1747.22,2.4509,0.096092773
1077950,1750.72,5.1149,0.200595641
1078000,1767.1,13.3596,0.520524527
1078050,1784.6,22.0896,0.806655065
1078100,1797.04,25.2971,0.911652843
1078150,1809.04,28.0244,1.000730935
1078200,1819.66,28.8749,1.026225485
1078250,1830.16,29.6055,1.048155831
1078300,1839.28,29.664,1.049937818
1078350,1848.28,29.664,1.049964808
1078400,1857.74,29.664,1.04999321
1078450,1867.24,29.664,1.050021764
1078500,1878.12,32.2902,1.129052791
1078550,1889.12,35.1447,1.215060852
1078600,1902.42,38.5308,1.317239019
1078650,1915.92,41.9508,1.420608198
1078700,1932.3334,44.1187,1.486450518
1078750,1949,46.2067,1.551740625
1078800,1960.8101,45.486,1.529587816
1078850,1972.3101,44.586,1.501822191
1078900,1981.8416,36.4104,1.254580438
1078950,1991.2476,27.7704,0.992589364
1079000,1992.92,20.9916,0.773819267
1079050,1993.92,14.3316,0.55891085
1079100,1994.46,12.9101,0.513054989
1079150,1994.96,11.823,0.472729396
1079200,1999.6,11.8865,0.475444786
1079250,2004.6,12.0502,0.482363019
1079300,2009.6,13.0651,0.518871764
1079350,2014.6,14.1345,0.553769036
1079400,2015.92,14.22,0.556627291
1079450,2016.92,14.22,0.556699271
1079500,2022.52,14.22,0.557102704
1079550,2028.52,14.22,0.557535602
1079600,2029.92,14.22,0.557636708
1079650,2030.92,14.22,0.55770895
1079700,2035.6,14.22,0.558047288
1079750,2040.6,14.22,0.558409215
1079800,2043.76,15.0229,0.584685268
1079850,2046.76,15.8956,0.61323547
1079900,2051.6001,18.0253,0.682781496
1079950,2056.6001,20.2352,0.755036795
1080000,2064.8201,23.7575,0.870425297
1080050,2073.3201,27.3938,0.98980941
1080100,2084.1201,29.6593,1.060478194
1080150,2095.1201,31.8373,1.127811527
1080200,2107.5,33.7954,1.188648485
1080250,2120,35.7394,1.249072727
1080300,2130.2,38.5294,1.334854545
1080350,2140.2,41.3734,1.422248485
1080400,2149.74,39.429,1.364483636
1080450,2159.24,37.179,1.297453333
1080500,2161.8586,27.8226,1.014243467
1080550,2163.8789,18.0126,0.692468513
1080600,2148.49,9.2347,0.378377648
1080650,2131.99,0.5227,0.021359069
1080700,2132.8613,0,0
1080750,2134.8416,0,0
1080800,2135.9199,0,0
1080850,2136.9199,0,0
1080900,2135.6201,0,0
1080950,2134.1201,0,0
1081000,2125.26,0,0
1081050,2115.76,0,0
1081100,2107.6399,0,0
1081150,2099.6399,0,0
1081200,2084.28,0,0
1081250,2068.28,0,0
1081300,2051.6667,0,0
1081350,2035,0,0
1081400,2010.2673,0,0
1081450,1985.0198,0,0
1081500,1957.24,0,0
1081550,1929.24,0,0
1081600,1906.3,0,0
1081650,1883.8,0,0
1081700,1858.08,0,0
1081750,1832.08,0,0
1081800,1804.7,0,0
1081850,1777.2,0,0
1081900,1758.4399,0,0
1081950,1740.4399,0,0
1082000,1717.38,0,0
1082050,1693.88,0,0
1082100,1669.92,0,0
1082150,1645.92,0,0
1082200,1629.28,0,0
1082250,1613.28,0,0
1082300,1597.28,0,0
1082350,1581.28,0,0
1082400,1565.74,0,0
1082450,1550.24,0,0
1082500,1539.8,0,0
1082550,1529.8,0,0
1082600,1517.04,0,0
1082650,1504.04,0,0
1082700,1497.02,0,0
1082750,1490.52,0,0
1082800,1485.4,0,0
1082850,1480.4,0,0
1082900,1477.7,0,0
1082950,1475.2,0,0
1083000,1471.78,0,0
1083050,1468.28,0,0
1083100,1468.92,0,0
1083150,1469.92,0,0
1083200,1473.6801,0,0
1083250,1477.6801,0,0
1083300,1480.3,0,0
1083350,1482.8,0,0
1083400,1485.3,0,0
1083450,1487.8,0,0
1083500,1501.0101,8.6292,0.331918098
1083550,1515.1515,17.8092,0.660649445
1083600,1522.9802,20.4581,0.748987887
1083650,1530.4059,22.6901,0.82336139
1083700,1536.98,22.9748,0.832905278
1083750,1543.48,23.1352,0.838308689
1083800,1550.9,22.2041,0.807456697
1083850,1558.4,21.1781,0.773485231
1083900,1567.28,23.8118,0.86101672
1083950,1576.28,26.7638,0.959001823
1084000,1586.2,28.2254,1.006663198
1084050,1596.2,29.5574,1.046066565
1084100,1606.66,30.6079,1.077187223
1084150,1617.16,31.6339,1.107621111
1084200,1627.2,30.9211,1.086562396
1084250,1637.2,30.0571,1.060995208
1084300,1646.74,30.402,1.071262177
1084350,1656.24,30.852,1.084660432
1084400,1665.28,30.888,1.085775112
1084450,1674.28,30.888,1.085820993
1084500,1683.28,29.8897,1.056185154
1084550,1692.28,28.8277,1.024622614
1084600,1700.36,27.5243,0.984352344
1084650,1708.36,26.2055,0.941002843
1084700,1714.52,25.5313,0.918870263
1084750,1720.52,24.9131,0.898594135
1084800,1728.8199,24.876,0.897431317
1084850,1737.3199,24.876,0.897488534
1084900,1742.6,24.876,0.897524044
1084950,1747.6,24.876,0.897557648
1085000,1753.52,24.876,0.897597407
1085050,1759.52,24.876,0.897637671
1085100,1766.4399,24.876,0.89768407
1085150,1773.4399,24.876,0.897730962
1085200,1780.4399,25.4456,0.916416019
1085250,1787.4399,26.0515,0.936271213
1085300,1795.36,28.8265,1.024738635
1085350,1803.36,31.7902,1.113501878
1085400,1813.66,40.9976,1.389468272
1085450,1824.16,50.6035,1.685239375
1085500,1838.34,60.4138,1.992254375
1085550,1852.84,70.2418,2.327525609
1085600,1861.36,79.0762,2.639981959
1085650,1869.36,87.8242,2.963052844
1085700,1877.36,94.1544,3.23375949
1085750,1885.36,100.2744,3.502072508
1085800,1895.66,100.3291,3.505526053
1085850,1906.16,99.8564,3.485537515
1085900,1915.28,99.828,3.485099898
1085950,1924.28,99.828,3.485890942
1086000,1936.04,99.828,3.486923636
1086050,1948.04,99.828,3.487976315
1086100,1960.96,99.828,3.489108469
1086150,1973.96,99.828,3.490246348
1086200,1986.04,99.6926,3.485412015
1086250,1998.04,99.5486,3.480201791
1086300,2011.88,99.54,3.485149877
1086350,2025.88,99.54,3.491232443
1086400,2039.42,99.54,3.49712929
1086450,2052.9199,99.54,3.503145409
1086500,2067.3401,99.674,3.515790955
1086550,2081.8401,99.8166,3.528863682
1086600,2098.1799,102.8254,3.6730545
1086650,2114.6799,106.0834,3.828645409
1086700,2127.96,110.9273,4.073093005
1086750,2140.96,115.9091,4.381475552
1086800,2154.4199,116.1911,4.405309235
1086850,2167.9199,116.1731,4.411014317
1086900,2180.5,116.172,4.417234781
1086950,2193,116.172,4.423443835
1087000,2203.6599,115.252,4.373995468
1087050,2214.1599,114.252,4.319968815
1087100,2223.74,113.2276,4.264279998
1087150,2233.24,112.2016,4.208705389
1087200,2244.5801,111.7508,4.188275455
1087250,2256.0801,111.3368,4.170203622
1087300,2266.2,110.9567,4.153456237
1087350,2276.2,110.5787,4.136844628
1087400,2287.1201,110.5898,4.143511317
1087450,2298.1201,110.6258,4.151636119
1087500,2309.5801,112.6415,4.274812214
1087550,2321.0801,114.7835,4.404661615
1087600,2333.04,114.1079,4.37146553
1087650,2345.04,113.2524,4.32812126
1087700,2357.04,113.184,4.330178286
1087750,2369.04,113.184,4.336137916
1087800,2382.8799,111.2299,4.231508682
1087850,2396.8799,109.1059,4.117964275
1087900,2410.8799,108.3233,4.081168556
1087950,2424.8799,107.6573,4.051193423
1088000,2439.3401,106.5607,3.997913682
1088050,2453.8401,105.4267,3.952959136
1088100,2469.26,105.6204,3.968772727
1088150,2484.76,105.9295,3.989868182
1088200,2499.3401,104.3914,3.926581864
1088250,2513.8401,102.7354,3.864990548
1088300,2528.8,102.3145,3.860289648
1088350,2543.8,101.9725,3.859218287
1088400,2556.96,101.2244,3.837616981
1088450,2569.96,100.4504,3.814520399
1088500,2582.5,98.3434,3.728984667
1088550,2595,96.1514,3.638916554
1088600,2608.8799,94.9162,3.594226485
1088650,2622.8799,93.7642,3.553232011
1088700,2634.5801,92.9599,3.526197007
1088750,2646.0801,92.1859,3.500247319
1088800,2658.96,91.6769,3.488179205
1088850,2671.96,91.1909,3.477252625
1088900,2683.5801,90.3324,3.447752629
1088950,2695.0801,89.4415,3.416555555
1089000,2706.1201,86.9756,3.311485952
1089050,2717.1201,84.4093,3.201416541
1089100,2727.6599,82.3493,3.114310938
1089150,2738.1599,80.3333,3.029006335
1089200,2749.5801,78.665,2.966299936
1089250,2761.0801,77.027,2.908896162
1089300,2774.8799,73.3025,2.769094342
1089350,2788.8799,69.3965,2.621498955
1089400,2803.3401,66.4244,2.511209329
1089450,2817.8401,63.5335,2.401551873
1089500,2833.26,62.0741,2.350266324
1089550,2848.76,60.7061,2.302067447
1089600,2862.8799,60.2348,2.290271556
1089650,2876.8799,59.8208,2.280677905
1089700,2889.96,59.3392,2.267524511
1089750,2902.96,58.8532,2.253957784
1089800,2914.5801,58.5702,2.248251525
1089850,2926.0801,58.3002,2.242975994
1089900,2935.28,57.9118,2.231140326
1089950,2944.28,57.5158,2.218742721
1090000,2952.8201,53.907,2.063599703
1090050,2961.3201,50.0931,1.914368408
1090100,2968.4399,44.1509,1.694794516
1090150,2975.4399,38.0236,1.471281481
1090200,2976,34.695,1.360646681
1090250,2976,31.545,1.255817204
1090300,2980.1399,32.6758,1.294320705
1090350,2984.6399,34.0798,1.342077012
1090400,2988.22,32.4382,1.28809861
1090450,2991.72,30.6022,1.227533757
1090500,2992.46,28.5631,1.159588948
1090550,2992.96,26.5111,1.091151886
1090600,2994.8401,26.388,1.087357384
1090650,2996.8401,26.388,1.087694395
1090700,3002.0601,26.388,1.08867847
1090750,3007.5601,26.388,1.089886262
1090800,3013.0601,25.9022,1.074767657
1090850,3018.5601,25.3853,1.058535126
1090900,3024.52,25.7083,1.070689398
1090950,3030.52,26.1043,1.085381571
1091000,3036.0601,26.8481,1.111840119
1091050,3041.5601,27.6221,1.139433445
1091100,3048.4399,27.6674,1.142654156
1091150,3055.4399,27.6494,1.143758014
1091200,3062.4399,27.5818,1.143167353
1091250,3069.4399,27.5098,1.142422032
1091300,3075.52,27.1231,1.130596634
1091350,3081.52,26.7091,1.117750102
1091400,3086.1399,26.676,1.117706083
1091450,3090.6399,26.676,1.118781342
1091500,3096.0601,26.6098,1.117780461
1091550,3101.5601,26.5378,1.116592163
1091600,3107.98,26.532,1.117931578
1091650,3114.48,26.532,1.119500639
1091700,3118.6799,26.7638,1.128652416
1091750,3122.6799,27.0158,1.138495966
1091800,3128.52,28.1455,1.179765232
1091850,3134.52,29.3515,1.223976098
1091900,3138.6799,30.5575,1.26784435
1091950,3142.6799,31.7635,1.311813221
1092000,3147.1399,32.953,1.35550201
1092050,3151.6399,34.141,1.399315554
1092100,3158.4399,36.2398,1.476668727
1092150,3165.4399,38.4178,1.560747175
1092200,3171.98,39.4862,1.604069528
1092250,3178.48,40.4582,1.643746581
1092300,3180.3799,40.5029,1.646274164
1092350,3181.8799,40.4669,1.64556774
1092400,3186.1399,40.4143,1.645442938
1092450,3190.6399,40.3603,1.645370335
1092500,3194.22,40.4222,1.64928955
1092550,3197.72,40.4942,1.653557962
1092600,3200.76,40.4834,1.654484252
1092650,3203.76,40.4654,1.655120027
1092700,3208.6001,40.464,1.657195122
1092750,3213.6001,40.464,1.659394631
1092800,3218.6001,40.464,1.661595143
1092850,3223.6001,40.464,1.663796657
1092900,3228.6001,40.2984,1.659708739
1092950,3233.6001,40.1184,1.655071838
1093000,3239.0601,40.5724,1.674729708
1093050,3244.5601,41.0815,1.696509595
1093100,3250.52,41.9664,1.73279366
1093150,3256.52,42.8753,1.770028164
1093200,3262.0601,43.2792,1.787865063
1093250,3267.5601,43.6392,1.804022492
1093300,3274.4399,43.7177,1.810091604
1093350,3281.4399,43.7717,1.815285548
1093400,3287.0601,43.776,1.817970569
1093450,3292.5601,43.776,1.820439188
1093500,3298.0601,43.9747,1.830480786
1093550,3303.5601,44.1907,1.841186842
1093600,3308.6001,45.2678,1.884520177
1093650,3313.6001,46.4198,1.930711525
1093700,3318.6001,48.3502,2.007557895
1093750,3323.6001,50.3482,2.097195538
1093800,3329.52,52.0646,2.17491942
1093850,3335.52,53.7566,2.251502848
1093900,3338.76,56.3429,2.365522707
1093950,3341.76,59.0069,2.482713734
1094000,3345.22,56.587,2.379189316
1094050,3348.72,53.725,2.25658153
1094100,3350.3799,54.9864,2.312146544
1094150,3351.8799,56.6064,2.383175318
1094200,3352.9199,56.5373,2.380667161
1094250,3353.9199,56.3213,2.371767027
1094300,3359.0601,56.1715,2.367701
1094350,3364.5601,56.0275,2.364061942
1094400,3371.4399,54.4759,2.300144599
1094450,3378.4399,52.8019,2.231104529
1094500,3383.1399,46.8389,1.978446205
1094550,3387.6399,40.5029,1.738072884
1094600,3389.3799,35.6242,1.552161796
1094650,3390.8799,30.8722,1.366663232
1094700,3392.8401,29.1341,1.29862948
1094750,3394.8401,27.6581,1.240867945
1094800,3396.3665,27.9871,1.254416504
1094850,3397.8516,28.4731,1.274199069
1094900,3399.3635,27.419,1.23287332
1094950,3400.8789,26.231,1.186170164
1095000,3403.3,26.1194,1.182472418
1095050,3405.8,26.1014,1.182517534
1095100,3407.3799,25.8185,1.171725329
1095150,3408.8799,25.5125,1.159972271
1095200,3407.1599,27.1109,1.223158595
1095250,3405.1599,28.8749,1.292736427
1095300,3405.46,28.7345,1.287253263
1095350,3405.96,28.4285,1.275243739
1095400,3406,27.725,1.247240055
1095450,3406,26.987,1.217848438
1095500,3402.78,27.6473,1.243072428
1095550,3399.28,28.4291,1.272947619
1095600,3399.9199,26.2312,1.185884978
1095650,3400.9199,23.843,1.091304628
1095700,3389.04,12.7721,0.658302213
1095750,3376.04,0.9461,0.054383965
1095800,3355.22,0,0
1095850,3333.72,0,0
1095900,3328.78,0,0
1095950,3325.28,0,0
1096000,3313.5,0,0
1096050,3301,0,0
1096100,3291.26,1.3579,0.076856603
1096150,3281.76,2.8339,0.160122108
1096200,3279.6201,4.0284,0.227526175
1096250,3278.1201,5.1984,0.29352882
1096300,3264.2,5.4907,0.309255763
1096350,3249.2,5.7067,0.320555021
1096400,3238.3401,6.2042,0.347821472
1096450,3227.8401,6.7262,0.376376993
1096500,3219.6399,6.7846,0.379088241
1096550,3211.6399,6.8026,0.37955108
1096600,3200.8799,4.8665,0.271005739
1096650,3189.8799,2.7605,0.153426025
1096700,3179.8,4.3639,0.242107471
1096750,3169.8,6.2899,0.34834277
1096800,3155.6599,6.7752,0.374281394
1096850,3141.1599,7.1352,0.393161045
1096900,3120.22,7.2799,0.399658617
1096950,3098.72,7.4059,0.405046003
1097000,3077.6799,7.9128,0.431181791
1097050,3056.6799,8.4528,0.458926783
1097100,3039.8201,8.5291,0.46171688
1097150,3023.3201,8.5651,0.4623442
1097200,3015.5601,8.1209,0.437779465
1097250,3008.5601,7.6349,0.4110839
1097300,2996.96,7.1158,0.38202044
1097350,2984.96,6.5938,0.352000646
1097400,2984.46,6.2539,0.333777167
1097450,2984.96,5.9299,0.316559287
1097500,3004.3201,5.9868,0.322110374
1097550,3025.3201,6.0768,0.328139099
1097600,2985.1399,5.8522,0.312437788
1097650,2939.6399,5.6002,0.292726494
1097700,2938.76,6.8882,0.359905516
1097750,2941.76,8.3102,0.434804174
1097800,2937.3999,8.5068,0.444198888
1097850,2932.3999,8.5968,0.447869411
1097900,2926.02,8.604,0.446937264
1097950,2919.52,8.604,0.445613227
1098000,2913.48,8.2894,0.428141058
1098050,2907.48,7.9474,0.409360665
1098100,2904.24,7.506,0.38605773
1098150,2901.24,7.056,0.362420674
1098200,2899.1599,11.5243,0.561569613
1098250,2897.1599,16.4203,0.730555761
1098300,2902.52,20.5546,0.874338751
1098350,2908.52,24.6226,1.015129069
1098400,2909.9199,25.7429,1.052121402
1098450,2910.9199,26.6069,1.08065203
1098500,2914.22,27.6696,1.116114913
1098550,2917.72,28.7496,1.152230164
1098600,2918.46,31.3531,1.237988475
1098650,2918.96,34.0891,1.328079502
1098700,2923.1399,39.8722,1.521805213
1098750,2927.6399,45.9202,1.747529667
1098800,2935.8201,47.3976,1.805106785
1098850,2944.3201,48.4776,1.848172145
1098900,2949.1399,47.9016,1.828379565
1098950,2953.6399,47.1816,1.803075948
1099000,2955.8401,47.1406,1.802289817
1099050,2957.8401,47.1586,1.803636787
1099100,2962.6001,49.6771,1.89929248
1099150,2967.6001,52.4131,2.003979713
1099200,2973.98,53.725,2.065650065
1099250,2980.48,54.913,2.122234895
1099300,2986.98,53.2526,2.050658415
1099350,2993.48,51.3446,1.97294161
1099400,3001.3601,50.6952,1.951557975
1099450,3009.3601,50.1552,1.934841704
1099500,3014.1399,50.7082,1.957788066
1099550,3018.6399,51.3562,1.984192678
1099600,3026.3601,52.2526,2.025768663
1099650,3034.3601,53.1706,2.071619865
1099700,3038.6799,52.3498,2.036806578
1099750,3042.6799,51.3778,1.995855132
1099800,3049.3762,51.7802,2.016829758
1099850,3056.3069,52.3022,2.04411501
1099900,3101.1001,53.8178,2.135923869
1099950,3150.1001,55.4198,2.232620401
1100000,3160.8501,54.5047,2.197316171
1100050,3167.3501,53.3707,2.150204387
1100100,3154.5,55.7143,2.247950334
1100150,3139.5,58.3603,2.358467348
1100200,3133.05,59.1185,2.389174196
1100250,3127.55,59.7125,2.413052404
1100300,3131.05,62.6746,2.545106911
1100350,3135.55,65.8426,2.682983797
1100400,3143.2727,68.6462,2.807154277
1100450,3151.3535,71.4182,2.930569719
1100500,3161.2,71.7559,2.950496646
1100550,3171.2,71.8819,2.961448496
1100600,3179.3601,71.7595,2.96067486
1100650,3187.3601,71.6155,2.958873422
1100700,3196.28,71.1734,2.944630634
1100750,3205.28,70.7054,2.929250137
1100800,3212.8999,70.3699,2.918828454
1100850,3220.3999,70.0459,2.908808747
1100900,3224.6799,68.6952,2.852135705
1100950,3228.6799,67.2552,2.791305259
1101000,3234.0601,67.4381,2.802132035
1101050,3239.5601,67.7621,2.819232942
1101100,3244.1399,67.5396,2.811901844
1101150,3248.6399,67.2696,2.802427572
1101200,3254.0601,67.1983,2.802157167
1101250,3259.5601,67.1443,2.802690037
1101300,3265.0601,67.1566,2.806146785
1101350,3270.5601,67.1746,2.809863424
1101400,3277.8999,66.9773,2.805053662
1101450,3285.3999,66.7613,2.799485574
1101500,3292.4399,64.823,2.717276133
1101550,3299.4399,62.735,2.628142846
1101600,3308.28,62.4521,2.619941874
1101650,3317.28,62.3261,2.618784046
1101700,3325.8201,62.2166,2.618130604
1101750,3334.3201,62.1086,2.617521896
1101800,3343.28,62.4478,2.637196043
1101850,3352.28,62.8258,2.65871274
1101900,3360.8201,62.4254,2.645032835
1101950,3369.3201,61.9574,2.628231025
1102000,3376.8999,64.0231,2.725393448
1102050,3384.3999,66.3091,2.832814088
1102100,3390.0601,70.6154,3.033400609
1102150,3395.5601,75.0974,3.255074406
1102200,3401.0601,76.6483,3.3340907
1102250,3406.5601,77.9443,3.400712404
1102300,3409.76,77.8824,3.399748813
1102350,3412.76,77.7024,3.392905813
1102400,3416.6799,77.8039,3.400360754
1102450,3420.6799,77.9299,3.409061463
1102500,3426.0601,77.6419,3.398482722
1102550,3431.5601,77.3179,3.386224782
1102600,3436.6001,76.8118,3.364797563
1102650,3441.6001,76.2898,3.342565804
1102700,3449.3601,75.7843,3.322899544
1102750,3457.3601,75.2803,3.303453932
1102800,3462.1399,75.24,3.304546665
1102850,3466.6399,75.24,3.307425191
1102900,3471.6001,75.0247,3.300102056
1102950,3476.6001,74.7907,3.291891181
1103000,3482.52,74.772,3.294765805
1103050,3488.52,74.772,3.298604332
1103100,3495.4399,74.7887,3.303847047
1103150,3502.4399,74.8066,3.308939529
1103200,3508.98,73.7316,3.259922063
1103250,3515.48,72.5616,3.206145043
1103300,3522.8999,71.6731,3.166514072
1103350,3530.3999,70.8091,3.128037854
1103400,3535.6001,70.6572,3.123237208
1103450,3540.6001,70.5672,3.121365039
1103500,3546.98,69.9473,3.094164465
1103550,3553.48,69.2813,3.064706414
1103600,3560.4399,68.9962,3.054166855
1103650,3567.4399,68.7442,3.045256354
1103700,3573.52,68.7074,3.046480573
1103750,3579.52,68.6894,3.048594769
1103800,3585.98,68.423,3.038671953
1103850,3592.48,68.135,3.027681955
1103900,3598.98,67.9464,3.021590789
1103950,3605.48,67.7664,3.015913942
1104000,3610.6001,67.603,3.010362898
1104050,3615.6001,67.441,3.004813181
1104100,3621.4363,67.428,3.007070182
1104150,3627.3455,67.428,3.010013688
1104200,3633.6799,67.0262,2.993428028
1104250,3640.1799,66.4682,2.969731126
1104300,3647.3999,66.2083,2.960644131
1104350,3654.8999,66.0643,2.957245384
1104400,3660.24,65.8426,2.949064305
1104450,3664.74,65.5906,2.939003496
1104500,3670.6799,65.5718,2.940880232
1104550,3677.1799,65.6438,2.947428114
1104600,3683.3201,65.2234,2.929918706
1104650,3689.3201,64.6114,2.902975016
1104700,3695.6799,62.5349,2.804794718
1104750,3702.1799,59.8889,2.67858657
1104800,3708.3201,58.9406,2.634774077
1104850,3714.3201,58.6526,2.623079045
1104900,3721.76,57.587,2.573803572
1104950,3729.76,56.219,2.509704582
1105000,3735.24,55.1232,2.4638686
1105050,3739.74,54.1332,2.423573703
1105100,3745.6799,52.6507,2.363006325
1105150,3752.1799,50.9767,2.294585988
1105200,3754.3601,49.7822,2.244986096
1105250,3754.8601,48.7742,2.202698242
1105300,3757.52,48.5438,2.193868736
1105350,3761.02,48.6158,2.198049292
1105400,3763.4399,48.7526,2.204602332
1105450,3765.4399,48.9146,2.212077244
1105500,3769.96,49.6469,2.24437688
1105550,3775.46,50.6009,2.286309982
1105600,3782.3999,52.9286,2.386469114
1105650,3789.8999,55.7906,2.5109204
1105700,3795.96,57.3955,2.593331688
1105750,3801.46,58.5115,2.651316186
1105800,3806.6001,58.824,2.669082026
1105850,3811.6001,58.824,2.671170339
1105900,3818.3999,58.6555,2.665557995
1105950,3825.8999,58.4215,2.656922994
1106000,3831.6001,58.356,2.655998288
1106050,3836.6001,58.356,2.658083241
1106100,3842.3201,57.7728,2.631012517
1106150,3848.3201,56.9628,2.592501072
1106200,3854.6799,55.8806,2.540218378
1106250,3861.1799,54.6926,2.485505544
1106300,3869.8401,53.9842,2.458541327
1106350,3879.3401,53.4622,2.43967056
1106400,3887.04,53.2253,2.432183007
1106450,3894.04,53.0993,2.429121186
1106500,3901.04,52.74,2.416298532
1106550,3908.04,52.29,2.399689402
1106600,3913.24,51.1402,2.353249744
1106650,3917.74,49.7182,2.295224022
1106700,3922.96,48.0758,2.228240291
1106750,3928.46,46.3478,2.15780086
1106800,3926.792,34.0445,1.606978991
1106850,3922.3367,17.6285,0.909719823
1106900,3898.3738,8.3405,0.510205445
1106950,3866.0505,1.8245,0.112153389
1107000,3850.8799,0,0
1107050,3842.3799,0,0
1107100,3836.3999,0,0
1107150,3831.3999,0,0
1107200,3822.0801,0,0
1107250,3811.0801,0,0
1107300,3800.4399,0,0
1107350,3789.9399,0,0
1107400,3777.6399,0,0
1107450,3764.6399,0,0
1107500,3745.8799,0,0
1107550,3724.8799,0,0
1107600,3700.6399,0,0
1107650,3675.1399,0,0
1107700,3647.48,0,0
1107750,3618.98,0,0
1107800,3588.3201,0,0
1107850,3556.8201,0,0
1107900,3525.6799,0,0
1107950,3494.6799,0,0
1108000,3462.6001,0,0
1108050,3430.1001,0,0
1108100,3397.24,0,0
1108150,3364.24,0,0
1108200,3329.0801,0,0
1108250,3293.0801,0,0
1108300,3258.52,0,0
1108350,3224.52,0,0
1108400,3190.52,0,0
1108450,3156.52,0,0
1108500,3128.28,0,0
1108550,3102.28,0,0
1108600,3077.72,0,0
1108650,3053.72,0,0
1108700,3033.6799,0,0
1108750,3015.1799,0,0
1108800,3001.72,0,0
1108850,2990.22,0,0
1108900,2975.1201,0,0
1108950,2958.6201,0,0
1109000,2941.04,0,0
1109050,2923.04,0,0
1109100,2907.2,0,0
1109150,2892.2,0,0
1109200,2875.04,0,0
1109250,2857.04,0,0
1109300,2839.04,0,0
1109350,2821.04,0,0
1109400,2800.8799,0,0
1109450,2779.8799,0,0
1109500,2757.0801,0,0
1109550,2733.5801,0,0
1109600,2710.4399,0,0
1109650,2687.4399,0,0
1109700,2664.4399,0,0
1109750,2641.4399,0,0
1109800,2617.3601,0,0
1109850,2592.8601,0,0
1109900,2567.6399,0,0
1109950,2542.1399,0,0
1110000,2516.6399,0,0
1110050,2491.1399,0,0
1110100,2465.28,0,0
1110150,2439.28,0,0
1110200,2412.9199,0,0
1110250,2386.4199,0,0
1110300,2359.2,0,0
1110350,2331.7,0,0
1110400,2304.9199,0,0
1110450,2278.4199,0,0
1110500,2252.6399,0,0
1110550,2227.1399,0,0
1110600,2200.5601,0,0
1110650,2173.5601,0,0
1110700,2146.5601,0,0
1110750,2119.5601,0,0
1110800,2095.4399,0,0
1110850,2072.4399,0,0
1110900,2053.3999,0,0
1110950,2035.9,0,0
1111000,2016.6,0,0
1111050,1996.6,0,0
1111100,1974.4399,0,0
1111150,1951.4399,0,0
1111200,1935.28,0,0
1111250,1921.78,0,0
1111300,1915.12,0,0
1111350,1911.12,0,0
1111400,1910,0,0
1111450,1910,0,0
1111500,1906.04,0,0
1111550,1900.54,0,0
1111600,1897.92,0,0
1111650,1896.42,0,0
1111700,1895.64,0,0
1111750,1895.14,0,0
1111800,1895,0,0
1111850,1895,0,0
1111900,1896.08,0,0
1111950,1897.58,0,0
1112000,1899.4399,0,0
1112050,1901.4399,0,0
1112100,1903.4399,0,0
1112150,1905.4399,0,0
1112200,1907.4399,0,0
1112250,1909.4399,0,0
1112300,1920.8,3.2918,0.130842979
1112350,1935.8,7.8638,0.312944716
1112400,1941.4399,11.7101,0.46621985
1112450,1943.4399,15.2741,0.587983633
1112500,1949.76,17.4384,0.658195338
1112550,1957.76,19.0584,0.7107731
1112600,1965.3466,19.836,0.736055059
1112650,1972.7722,20.286,0.750723403
1112700,1978.85,19.9843,0.741075726
1112750,1984.35,19.3903,0.721987039
1112800,1989.5354,20.196,0.74808799
1112850,1994.5858,21.546,0.791733704
1112900,2001.04,21.6,0.79365489
1112950,2008.04,21.15,0.779841281
1113000,2013.96,20.687,0.765475618
1113050,2019.46,20.219,0.750885449
1113100,2024.24,20.088,0.747110964
1113150,2028.74,20.088,0.747546385
1113200,2033.9208,20.088,0.748048309
1113250,2039.3663,20.088,0.748576605
1113300,2043.8282,20.088,0.749010034
1113350,2047.8687,20.088,0.749402961
1113400,2052.24,20.736,0.770873605
1113450,2056.74,21.636,0.800570889
1113500,2060.8799,23.184,0.851332781
1113550,2064.8799,24.984,0.910330601
1113600,2071.76,27.0043,0.976926353
1113650,2079.76,29.1103,1.043313333
1113700,2088.1201,34.0805,1.1949388
1113750,2096.6201,40.1645,1.380332739
1113800,2109.4399,49.2552,1.665679733
1113850,2123.9399,59.5152,1.996249701
1113900,2134.48,66.1334,2.228838218
1113950,2143.48,71.3354,2.412347839
1114000,2152.8401,75.695,2.571840032
1114050,2162.3401,79.727,2.72589123
1114100,2168.96,81.2318,2.784429422
1114150,2174.46,81.7538,2.805784231
1114200,2183.5601,86.7859,2.997669831
1114250,2194.0601,93.5719,3.301542418
1114300,2204.9199,95.4461,3.389124248
1114350,2215.9199,95.4101,3.392295119
1114400,2224.76,94.7909,3.368672419
1114450,2232.76,93.9449,3.33458682
1114500,2244.72,92.1398,3.25953508
1114550,2258.22,89.9618,3.168379918
1114600,2269.9199,88.7947,3.121280484
1114650,2280.9199,88.0207,3.091316716
1114700,2291.5601,87.7133,3.081962384
1114750,2302.0601,87.5873,3.080632729
1114800,2312.5601,87.6557,3.087988893
1114850,2323.0601,87.7997,3.098740841
1114900,2335,89.784,3.192521272
1114950,2347.5,92.484,3.318829859
1115000,2358.4851,94.4323,3.411015288
1115050,2368.8811,96.0883,3.489988024
1115100,2378.01,96.9926,3.535122727
1115150,2386.5959,97.6046,3.566843591
1115200,2394.04,97.3742,3.559754545
1115250,2401.04,96.8162,3.537572727
1115300,2407.99,96.3619,3.520081818
1115350,2414.9209,95.9479,3.504414045
1115400,2424.4243,95.6117,3.493496636
1115450,2435.0303,95.3057,3.484455583
1115500,2444.1201,95.3237,3.489367694
1115550,2452.6201,95.4677,3.499723962
1115600,2461.8401,95.1451,3.489287209
1115650,2471.3401,94.6411,3.470735384
1115700,2481.2,94.0334,3.447607725
1115750,2491.2,93.3854,3.422670954
1115800,2499.76,93.2558,3.420610823
1115850,2507.76,93.3278,3.430735023
1115900,2513.96,93.2573,3.432922425
1115950,2519.46,93.1313,3.431974372
1116000,2523.1599,93.096,3.433590326
1116050,2526.1599,93.096,3.436206687
1116100,2528.8,92.8238,3.426095729
1116150,2531.3,92.4458,3.411029526
1116200,2535.6001,91.9512,3.392195615
1116250,2540.6001,91.4112,3.371875321
1116300,2545.6001,90.7157,3.344424402
1116350,2550.6001,89.9597,3.314174302
1116400,2557.04,89.7221,3.308846508
1116450,2564.04,89.6861,3.313226063
1116500,2572.1201,89.3261,3.303691256
1116550,2580.6201,88.8401,3.288717295
1116600,2589.1201,88.6262,3.286212764
1116650,2597.6201,88.5182,3.288572962
1116700,2608.28,88.0214,3.274901476
1116750,2619.78,87.3734,3.254947168
1116800,2629.8401,86.868,3.240283534
1116850,2639.3401,86.418,3.227663671
1116900,2648.48,84.024,3.124763856
1116950,2657.48,80.874,2.988515606
1117000,2667.5601,75.5597,2.785855915
1117050,2678.0601,69.4037,2.549536282
1117100,2688.5601,64.8936,2.379962508
1117150,2699.0601,61.0236,2.234826267
1117200,2709.5601,57.9053,2.11775037
1117250,2720.0601,55.0793,2.01103742
1117300,2729.1201,51.8645,1.898054616
1117350,2737.6201,48.4985,1.780135472
1117400,2745.04,44.2771,1.630801794
1117450,2752.04,39.7231,1.472599601
1117500,2755.8,33.8213,1.285617514
1117550,2758.3,27.3953,1.081457609
1117600,2760.8,25.1813,1.011308656
1117650,2763.3,24.6053,0.992750629
1117700,2768.6799,26.2325,1.04600597
1117750,2775.1799,28.7165,1.126376434
1117800,2784.2,31.2264,1.208249834
1117850,2794.2,33.7464,1.290938916
1117900,2800.96,34.3354,1.311225832
1117950,2806.46,34.1734,1.30715389
1118000,2811.96,34.4002,1.315588359
1118050,2817.46,34.7782,1.328913795
1118100,2822.24,33.7824,1.297801647
1118150,2826.74,32.2524,1.249327731
1118200,2829.4399,30.8779,1.205455388
1118250,2831.4399,29.5639,1.16336622
1118300,2835.24,30.2458,1.186096333
1118350,2839.74,31.7038,1.234114095
1118400,2843.8799,32.3194,1.254855309
1118450,2847.8799,32.6074,1.264981397
1118500,2850.0801,29.4869,1.164201816
1118550,2851.5801,25.0409,1.020214352
1118600,2853.0801,25.4938,1.035138874
1118650,2854.5801,27.8518,1.111923084
1118700,2858.96,31.0651,1.217076842
1118750,2864.46,34.6111,1.333476056
1118800,2871.7029,37.7035,1.435770335
1118850,2879.6238,40.6195,1.536965489
1118900,2885.5,43.2374,1.635073813
1118950,2890.5,45.7394,1.728831805
1119000,2896.2424,47.3342,1.789528071
1119050,2902.303,48.5762,1.837423664
1119100,2909.3999,48.0686,1.821068157
1119150,2916.8999,46.8806,1.779605639
1119200,2922.24,46.1592,1.754630959
1119250,2926.74,45.6192,1.736068088
1119300,2931.96,45.1958,1.722036862
1119350,2937.46,44.8178,1.709756718
1119400,2944.76,43.3642,1.657988163
1119450,2952.76,41.4922,1.590699612
1119500,2957.52,38.9722,1.498320878
1119550,2961.02,36.2002,1.407236479
1119600,2962.3601,33.48,1.317276869
1119650,2962.8601,30.78,1.227773301
1119700,2964.4399,30.0758,1.204703944
1119750,2966.4399,30.1478,1.20747856
1119800,2968.0693,30.0773,1.205449463
1119850,2969.5544,29.9513,1.201546832
1119900,2970.707,29.0606,1.172157686
1119950,2971.7173,27.8726,1.132843923
1120000,2970.5601,27.3067,1.113827552
1120050,2968.5601,26.9827,1.102715664
1120100,2967.6399,27.0605,1.10514329
1120150,2967.1399,27.2945,1.112830844
1120200,2967.72,27.9562,1.134914341
1120250,2968.72,28.7842,1.162605516
1120300,2970.4399,30.9341,1.234385389
1120350,2972.4399,33.5981,1.323372044
1120400,2974.4399,34.9531,1.368883665
1120450,2976.4399,35.7991,1.397492201
1120500,2977.72,36.036,1.405675638
1120550,2978.72,36.036,1.405909229
1120600,2981.52,36.1008,1.408722749
1120650,2985.02,36.1908,1.412544299
1120700,2987.4399,39.0154,1.508249845
1120750,2989.4399,42.9034,1.654710571
1120800,2993.96,47.219,1.81819064
1120850,2999.46,51.701,1.988557506
1120900,3005.3201,54.7315,2.126970079
1120950,3011.3201,57.1975,2.242055932
1121000,3017.2773,60.3374,2.387495943
1121050,3023.2178,63.7394,2.54118308
1121100,3027.4749,67.0118,2.680224841
1121150,3031.01,70.2338,2.817032829
1121200,3034.52,71.9266,2.889854205
1121250,3038.02,73.0246,2.937797076
1121300,3043.6799,73.9411,2.979352726
1121350,3050.1799,74.7871,3.021249528
1121400,3057.04,74.8685,3.029502083
1121450,3064.04,74.6525,3.023459949
1121500,3070.3201,73.309,2.967154381
1121550,3076.3201,71.527,2.894975183
1121600,3081.6001,71.8963,2.913419119
1121650,3086.6001,73.1023,2.967251442
1121700,3091.6001,73.3104,2.978815687
1121750,3096.6001,73.1304,2.973904075
1121800,3100.1599,73.0541,2.972607087
1121850,3103.1599,73.0181,2.972717457
1121900,3105.4399,72.684,2.959735887
1121950,3107.4399,72.234,2.941651017
1122000,3110.52,72.3672,2.949000122
1122050,3114.02,72.7272,2.966265919
1122100,3117.1599,71.3894,2.910861634
1122150,3120.1599,69.3914,2.827101346
1122200,3124.5645,70.2446,2.865878025
1122250,3129.5149,72.2066,2.952490581
1122300,3135.2,72.1728,2.954152287
1122350,3141.2,71.3628,2.922676943
1122400,3147.2424,71.0712,2.913421714
1122450,3153.303,70.9812,2.912827264
1122500,3158.9209,71.4614,2.93655678
1122550,3164.3665,72.1634,2.969814825
1122600,3171.25,71.8286,2.959173844
1122650,3178.75,71.0906,2.931396939
1122700,3185.55,69.925,2.884623577
1122750,3192.05,68.593,2.830334677
1122800,3199.25,68.22,2.817929733
1122850,3206.75,68.22,2.82187876
1122900,3214.25,62.8692,2.59256138
1122950,3221.75,55.4375,2.269173628
1123000,3225.3999,46.6153,1.898216861
1123050,3227.3999,37.1971,1.541381619
1123100,3224.1499,28.5466,1.221222438
1123150,3218.6499,20.1946,0.913481664
1123200,3200.3838,11.4278,0.589564089
1123250,3176.6465,2.4998,0.138610328
1123300,3166.3999,0,0
1123350,3161.3999,0,0
1123400,3153.1599,0,0
1123450,3143.6599,0,0
1123500,3134.52,0,0
1123550,3125.52,0,0
1123600,3115.0801,0,0
1123650,3104.0801,0,0
1123700,3088.3999,0,0
1123750,3070.8999,0,0
1123800,3053.1682,0,0
1123850,3035.3464,0,0
1123900,3016.5657,0,0
1123950,2997.3738,0,0
1124000,2976.8799,0,0
1124050,2955.8799,0,0
1124100,2935.24,0,0
1124150,2914.74,0,0
1124200,2894.6001,0,0
1124250,2874.6001,0,0
1124300,2852.8,0,0
1124350,2830.3,0,0
1124400,2808.3169,0,0
1124450,2786.5347,0,0
1124500,2764.4443,0,0
1124550,2742.2222,0,0
1124600,2719.8,0,0
1124650,2697.3,0,0
1124700,2671.2,0,0
1124750,2643.7,0,0
1124800,2614.76,0,0
1124850,2585.26,0,0
1124900,2556.1201,0,0
1124950,2527.1201,0,0
1125000,2499.9199,0,0
1125050,2473.4199,0,0
1125100,2446.5601,0,0
1125150,2419.5601,0,0
1125200,2391.8401,0,0
1125250,2363.8401,0,0
1125300,2339.0801,0,0
1125350,2315.5801,0,0
1125400,2294.6001,0,0
1125450,2274.6001,0,0
1125500,2253.3169,0,0
1125550,2231.5347,0,0
1125600,2206.8,0,0
1125650,2180.8,0,0
1125700,2156.8999,0,0
1125750,2133.8999,0,0
1125800,2113,0,0
1125850,2093,0,0
1125900,2069.8501,0,0
1125950,2045.35,0,0
1126000,2022.25,0,0
1126050,1999.75,0,0
1126100,1977.95,0,0
1126150,1956.45,0,0
1126200,1934.95,0,0
1126250,1913.45,0,0
1126300,1890.9,0,0
1126350,1867.9,0,0
1126400,1847.35,0,0
1126450,1827.85,0,0
1126500,1808,0,0
1126550,1788,0,0
1126600,1769.2727,0,0
1126650,1751.0909,0,0
1126700,1736.0198,0,0
1126750,1722.1584,0,0
1126800,1713.45,0,0
1126850,1706.95,0,0
1126900,1703.9395,0,0
1126950,1702.4242,0,0
1127000,1709.5601,6.2986,0.246222962
1127050,1720.0601,15.0466,0.574462916
1127100,1728.76,22.4986,0.819374657
1127150,1736.76,29.4466,1.043147983
1127200,1748.36,32.8824,1.145729015
1127250,1761.36,34.9524,1.207675176
1127300,1773.64,34.0805,1.181763994
1127350,1785.64,32.0645,1.121587066
1127400,1795.48,29.232,1.036876247
1127450,1804.48,26.082,0.937338609
1127500,1815.64,24.7594,0.894206184
1127550,1827.64,24.1474,0.874325075
1127600,1838.5601,22.693,0.827004622
1127650,1849.0601,20.911,0.769073808
1127700,1856.6337,13.0637,0.513685737
1127750,1863.0693,2.8577,0.113069386
1127800,1861.5,0,0
1127850,1856.5,0,0
1127900,1858.85,0,0
1127950,1864.35,0,0
1128000,1874.75,2.2291,0.08827944
1128050,1887.25,5.3251,0.211099879
1128100,1891.7,7.6954,0.30517199
1128150,1892.7,9.7834,0.388005362
1128200,1895.45,10.1477,0.402541146
1128250,1898.95,9.8417,0.390511108
1128300,1900.35,11.4626,0.454877715
1128350,1900.85,13.8329,0.540054607
1128400,1898.2,14.859,0.573294281
1128450,1894.2,15.309,0.587799301
1128500,1891.95,15.444,0.592124455
1128550,1890.45,15.444,0.592084702
1128600,1890.35,15.8328,0.604713343
1128650,1890.85,16.3728,0.622269075
1128700,1893.8,17.9237,0.672715639
1128750,1897.8,19.8677,0.735926561
1128800,1904.6,22.4597,0.820173844
1128850,1912.6,25.3037,0.912529359
1128900,1922.7,27.383,0.979997017
1128950,1933.7,29.165,1.035161744
1129000,1944.7,30.6101,1.07882974
1129050,1955.7,31.9241,1.118593715
1129100,1967.05,33.3936,1.163116685
1129150,1978.55,34.9236,1.209533667
1129200,1988.65,36.311,1.251675363
1129250,1998.15,37.643,1.292179362
1129300,2008.35,39.636,1.353618182
1129350,2018.85,41.886,1.423072727
1129400,2032.5,45.0691,1.521980821
1129450,2047.5,48.6151,1.635743339
1129500,2062.2524,52.4981,1.76076592
1129550,2076.8989,56.5121,1.890622698
1129600,2090.3601,60.1891,2.011159915
1129650,2103.3601,63.7351,2.137484188
1129700,2114.5601,66.672,2.242395114
1129750,2125.0601,69.372,2.339042137
1129800,2136.6399,70.2317,2.37206403
1129850,2148.6399,70.3757,2.380318633
1129900,2161.3601,65.3098,2.207108929
1129950,2174.3601,58.2178,1.965701208
1130000,2178.72,41.5483,1.432217576
1130050,2179.72,21.1543,0.797668646
1130100,2163.4399,9.8842,0.405984655
1130150,2140.4399,2.1622,0.088476092
1130200,2132.2,0,0
1130250,2129.7,0,0
1130300,2122.5842,0,0
1130350,2113.6733,0,0
1130400,2102.5151,0,0
1130450,2090.394,0,0
1130500,2074.1682,0,0
1130550,2056.3464,0,0
1130600,2037,0,0
1130650,2017,0,0
1130700,2000.15,0,0
1130750,1984.65,0,0
1130800,1967.4,0,0
1130850,1949.4,0,0
1130900,1932.8,0,0
1130950,1916.8,0,0
1131000,1900.45,0,0
1131050,1883.95,0,0
1131100,1865.35,0,0
1131150,1845.85,0,0
1131200,1827.6262,0,0
1131250,1809.9495,0,0
1131300,1793.5941,0,0
1131350,1777.7524,0,0
1131400,1760.4,0,0
1131450,1742.4,0,0
1131500,1721.95,0,0
1131550,1700.45,0,0
1131600,1682.1,0,0
1131650,1665.1,0,0
1131700,1652.65,0,0
1131750,1642.15,0,0
1131800,1630.95,0,0
1131850,1619.45,0,0
1131900,1609,0,0
1131950,1599,0,0
1132000,1590.75,0,0
1132050,1583.25,0,0
1132100,1577.15,0,0
1132150,1571.65,0,0
1132200,1568.25,0,0
1132250,1565.75,0,0
1132300,1566.75,0,0
1132350,1569.25,0,0
1132400,1571.05,0,0
1132450,1572.55,0,0
1132500,1576.15,0,0
1132550,1580.65,0,0
1132600,1585.85,0,0
1132650,1591.35,0,0
1132700,1596.85,0.5314,0.020591871
1132750,1602.35,1.2694,0.049210515
1132800,1612.75,6.9192,0.268451376
1132850,1625.25,14.4792,0.553038793
1132900,1636.35,19.4861,0.718759807
1132950,1646.85,23.5001,0.851457564
1133000,1654.9,25.1554,0.906149166
1133050,1661.9,25.8934,0.930529815
1133100,1666.45,25.6594,0.92283626
1133150,1669.95,25.0474,0.902682606
1133200,1673.1,24.9926,0.900896982
1133250,1676.1,25.1546,0.906253912
1133300,1680.85,27.6365,0.98802768
1133350,1686.35,31.0205,1.089822852
1133400,1694.65,33.588,1.166256579
1133450,1704.15,35.838,1.233331448
1133500,1711.55,36.5717,1.255285628
1133550,1718.05,36.7157,1.259674829
1133600,1727.7,37.2096,1.274547915
1133650,1738.7,37.8396,1.293521386
1133700,1747.6,37.679,1.288883981
1133750,1755.6,37.211,1.27504718
1133800,1766.05,37.7986,1.292776063
1133850,1777.55,38.7966,1.32281753
1133900,1791.15,41.336,1.399069954
1133950,1805.65,44.536,1.495257377
1134000,1820.85,48.7297,1.626579688
1134050,1836.35,53.3099,1.770195313
1134100,1849.75,53.6276,1.780542188
1134150,1862.25,52.1185,1.733773438
1134200,1874.75,54.3528,1.803985938
1134250,1887.25,58.0428,1.919689063
1134300,1899.4,62.0698,2.050313001
1134350,1911.4,66.2278,2.1932742
1134400,1922.35,71.3318,2.368857463
1134450,1932.85,76.8038,2.561679933
1134500,1942.65,81.252,2.726825613
1134550,1952.15,85.302,2.877342377
1134600,1962.7,86.5267,2.923566702
1134650,1973.7,86.6527,2.929215246
1134700,1985.4,86.2992,2.91718182
1134750,1997.4,85.7592,2.898257946
1134800,2009.75,85.1544,2.879251682
1134850,2022.25,84.5244,2.859941385
1134900,2034.4,87.5431,2.97596468
1134950,2046.4,91.9807,3.170177935
1135000,2058.3999,94.2538,3.27441088
1135050,2070.3999,95.5993,3.338283887
1135100,2081,95.4242,3.335108153
1135150,2091,94.6579,3.305762994
1135200,2099.95,97.5654,3.437057294
1135250,2108.45,102.0474,3.642359091
1135300,2117.6499,110.8008,4.05933597
1135350,2127.1499,121.3848,4.681724095
1135400,2137.7,124.8372,4.873519293
1135450,2148.7,125.2332,4.902825921
1135500,2158.6499,125.0496,4.900128155
1135550,2168.1499,124.6176,4.883380438
1135600,2178.7,125.0862,4.917133631
1135650,2189.7,125.9407,4.94
1135700,2198.6001,128.1946,4.94
1135750,2206.6001,130.9926,4.94
1135800,2215.3,131.8956,4.94
1135850,2224.3,131.9865,4.94
1135900,2231.8999,131.6399,4.94
1135950,2238.8999,131.123,4.94
1136000,2246.25,130.4716,4.94
1136050,2253.75,129.7625,4.94
1136100,2260.55,127.3219,4.94
1136150,2267.05,124.2079,4.936823878
1136200,2274.25,122.2966,4.828487865
1136250,2281.75,120.8531,4.747229496
1136300,2291.3501,120.2927,4.719851416
1136350,2301.8501,120.1109,4.715792191
1136400,2313.05,120.5395,4.749844279
1136450,2324.55,121.2055,4.799578318
1136500,2336.3999,121.9882,4.857931625
1136550,2348.3999,122.8162,4.920501244
1136600,2359.7,120.5986,4.787866936
1136650,2370.7,117.1966,4.57546976
1136700,2379.95,115.7515,4.488076348
1136750,2388.45,115.0675,4.453007326
1136800,2399.75,114.876,4.447383374
1136850,2412.25,114.876,4.453198482
1136900,2424.3999,114.2344,4.422565725
1136950,2436.3999,113.3433,4.377969702
1137000,2449.1001,112.7069,4.348267114
1137050,2462.1001,112.1796,4.324992765
1137100,2474.05,110.8915,4.258825896
1137150,2485.55,109.3075,4.176288304
1137200,2497.3999,108.3197,4.127501393
1137250,2509.3999,107.5637,4.098258365
1137300,2521.3999,107.8781,4.130184773
1137350,2533.3999,108.6088,4.185068625
1137400,2545.3999,108.4248,4.189245243
1137450,2557.3999,107.8488,4.171771029
1137500,2569.05,107.2305,4.151592504
1137550,2580.55,106.5942,4.130294971
1137600,2591,106.416,4.13298867
1137650,2601,106.416,4.144929129
1137700,2610.6499,106.416,4.1564267
1137750,2620.1499,106.416,4.167721903
1137800,2629.6499,106.416,4.1789936
1137850,2639.1499,106.416,4.190241863
1137900,2650.05,105.8616,4.172824192
1137950,2661.55,105.0696,4.143190836
1138000,2671.6499,106.932,4.256676708
1138050,2681.1499,109.932,4.431171361
1138100,2692.05,107.6227,4.318090089
1138150,2703.55,103.2487,4.093811627
1138200,2714,101.6611,4.020029303
1138250,2724,101.1571,4.004612966
1138300,2735.75,99.8483,3.953432608
1138350,2748.25,98.2265,3.888089954
1138400,2759.9546,97.1214,3.846593455
1138450,2771.3181,96.2378,3.81528008
1138500,2782.25,95.409,3.786016209
1138550,2792.75,94.635,3.758829334
1138600,2803.25,94.275,3.751822595
1138650,2813.75,94.329,3.765165039
1138700,2824.25,93.924,3.755914475
1138750,2834.75,93.06,3.723880579
1138800,2845,92.628,3.712866862
1138850,2855,92.628,3.723049345
1138900,2865.5,92.628,3.733800053
1138950,2876.5,92.628,3.745128187
1139000,2887.5,92.628,3.756523923
1139050,2898.5,92.628,3.767987868
1139100,2908.5,92.628,3.778469342
1139150,2917.5,92.628,3.787951685
1139200,2927.25,92.628,3.79827704
1139250,2937.75,92.628,3.809458575
1139300,2948.5,91.494,3.763051573
1139350,2959.5,89.226,3.658532587
1139400,2970,87.885,3.600503545
1139450,2980,87.471,3.589396125
1139500,2990,86.76,3.562881058
1139550,3000,85.752,3.520829016
1139600,3010,85.086,3.493621956
1139650,3020,84.762,3.484341775
1139700,3030.25,84.978,3.501413622
1139750,3040.75,85.734,3.547726531
1139800,3051.25,85.176,3.526008644
1139850,3061.75,83.304,3.440465193
1139900,3071.25,82.593,3.41212539
1139950,3079.75,83.043,3.439312274
1140000,3088.75,82.566,3.421967626
1140050,3098.25,81.162,3.360067665
1140100,3108.25,80.793,3.348567293
1140150,3118.75,81.459,3.387495461
1140200,3129.25,81.792,3.410312229
1140250,3139.75,81.792,3.417007765
1140300,3150,81.648,3.416569767
1140350,3160,81.36,3.408993991
1140400,3168.9604,81.234,3.408603882
1140450,3176.8811,81.27,3.415403144
1140500,3185.8484,81.09,3.412400327
1140550,3195.9495,80.694,3.39964578
1140600,3206.25,80.226,3.38352128
1140650,3216.75,79.686,3.364024683
1140700,3226.25,79.3887,3.355658798
1140750,3234.75,79.3342,3.358435124
1140800,3244.25,79.2153,3.358724511
1140850,3254.75,79.0371,3.356773198
1140900,3264.5,78.867,3.354735799
1140950,3273.5,78.705,3.352612357
1141000,3283,78.363,3.342063847
1141050,3293,77.841,3.323085295
1141100,3302.75,77.508,3.313124122
1141150,3312.25,77.364,3.312185603
1141200,3321.75,77.013,3.301184174
1141250,3331.25,76.455,3.280114258
1141300,3340.5,76.176,3.272444782
1141350,3349.5,76.176,3.278183092
1141400,3358.5,75.798,3.265535157
1141450,3367.5,75.042,3.234491315
1141500,3377,74.691,3.223463687
1141550,3387,74.745,3.232463057
1141600,3396.75,74.358,3.219837595
1141650,3406.25,73.53,3.185575167
1141700,3415.75,73.08,3.16970882
1141750,3425.25,73.008,3.172248769
1141800,3434.75,72.873,3.171720395
1141850,3444.25,72.675,3.168121994
1141900,3453.25,72.477,3.164203873
1141950,3461.75,72.279,3.159965977
1142000,3470.75,71.874,3.145953285
1142050,3480.25,71.262,3.122160241
1142100,3489.25,70.884,3.109452651
1142150,3497.75,70.74,3.107836729
1142200,3506.25,70.542,3.102752518
1142250,3514.75,70.29,3.094716644
1142300,3523.75,70.389,3.104093496
1142350,3533.25,70.839,3.130954278
1142400,3542.5,71.748,3.18029206
1142450,3551.5,73.116,3.25219336
1142500,3560.5,74.709,3.335359402
1142550,3569.5,76.527,3.429835153
1142600,3579,78.372,3.527315792
1142650,3589,80.244,3.629694503
1142700,3598,81.117,3.680084527
1142750,3606,80.991,3.678405692
1142800,3613.75,80.901,3.678431878
1142850,3621.25,80.847,3.680165129
1142900,3629.75,80.703,3.677856507
1142950,3639.25,80.469,3.671500329
1143000,3647.75,80.1338,3.659305765
1143050,3655.25,79.6974,3.64126701
1143100,3663,79.5529,3.638459947
1143150,3671,79.6776,3.649728387
1143200,3679,79.452,3.642875628
1143250,3687,78.876,3.617873971
1143300,3695,78.5244,3.604475524
1143350,3703,78.3971,3.602689537
1143400,3712,78.233,3.599595603
1143450,3722,78.035,3.59534184
1143500,3731,77.94,3.595827495
1143550,3739,77.94,3.600643788
1143600,3746.75,77.5843,3.586838586
1143650,3754.25,76.9003,3.555813621
1143700,3761.75,76.4515,3.536990111
1143750,3769.25,76.2198,3.529441129
1143800,3777,76.023,3.523851636
1143850,3785,75.861,3.520218579
1143900,3793,75.798,3.521736867
1143950,3801,75.834,3.528412938
1144000,3808.75,75.735,3.527909855
1144050,3816.25,75.501,3.520218935
1144100,3824.25,75.213,3.510006128
1144150,3832.75,74.871,3.497314344
1144200,3840.75,74.547,3.485400008
1144250,3848.25,74.241,3.474087971
1144300,3856.25,73.656,3.448684464
1144350,3864.75,72.792,3.409131314
1144400,3873.25,72.387,3.393157983
1144450,3881.75,72.441,3.400857671
1144500,3889.5,72.387,3.402555415
1144550,3896.5,72.225,3.398228943
1144600,3904,71.946,3.388116964
1144650,3912,71.55,3.372196844
1144700,3919.25,71.361,3.366563162
1144750,3925.75,71.379,3.371252812
1144800,3933.75,71.208,3.366977017
1144850,3943.25,70.848,3.353699091
1144900,3950.4753,70.38,3.333432295
1144950,3955.4258,69.804,3.306174503
1145000,3961.6365,69.453,3.291359594
1145050,3969.2122,69.327,3.289074845
1145100,3977.5,69.138,3.283886194
1145150,3986.5,68.886,3.275780573
1145200,3994,68.562,3.263013987
1145250,4000,68.166,3.245578947
1145300,4006.75,68.004,3.239795045
1145350,4014.25,68.076,3.246647061
1145400,4022,67.932,3.242209781
1145450,4030,67.572,3.226441036
1145500,4036.5,67.374,3.218601943
1145550,4041.5,67.338,3.218722683
1145600,4048.5,67.104,3.209154313
1145650,4057.5,66.672,3.189855265
1145700,4065.75,66.411,3.179295582
1145750,4073.25,66.321,3.177513611
1145800,4079.75,66.231,3.175326146
1145850,4085.25,66.141,3.172732971
1145900,4092.25,66.078,3.172178975
1145950,4100.75,66.042,3.173670629
1146000,4108,65.952,3.171771257
1146050,4114,65.808,3.166470147
1146100,4120.25,65.655,3.160776319
1146150,4126.75,65.493,3.154687899
1146200,4133,65.286,3.146067416
1146250,4139,65.034,3.134908249
1146300,4145.25,64.845,3.127220329
1146350,4151.75,64.719,3.123013252
1146400,4158.75,64.638,3.121425197
1146450,4166.25,64.602,3.122464698
1146500,4173,64.521,3.120772685
1146550,4179,64.395,3.11634079
1146600,4185,64.287,3.112876118
1146650,4191,64.197,3.110381505
1146700,4197,63.99,3.101526427
1146750,4203,63.666,3.086292208
1146800,4208.75,63.567,3.083175726
1146850,4214.25,63.693,3.092211524
1146900,4219.5,63.747,3.097238503
1146950,4224.5,63.729,3.09824571
1147000,4229.75,63.513,3.088540884
1147050,4235.25,63.099,3.068095167
1147100,4240.25,62.739,3.050371323
1147150,4244.75,62.433,3.035380425
1147200,4250,62.361,3.033479452
1147250,4256,62.523,3.044701624
1147300,4261.75,62.406,3.040530339
1147350,4267.25,62.01,3.020922341
1147400,4273.25,61.677,3.004936676
1147450,4279.75,61.407,2.992464068
1147500,4285,61.362,2.991993281
1147550,4289,61.542,3.003584625
1147600,4293,61.641,3.010595442
1147650,4297,61.659,3.013142636
1147700,4302,61.596,3.011606057
1147750,4308,61.452,3.005974773
1147800,4313.75,61.335,3.001730463
1147850,4319.25,61.245,2.998857417
1147900,4325.25,61.02,2.9885163
1147950,4331.75,60.66,2.970703899
1148000,4336.75,60.597,2.969084575
1148050,4340.25,60.831,2.983715063
1148100,4345,60.237,2.951872872
1148150,4351,58.815,2.873380314
1148200,4356.25,58.167,2.838449502
1148250,4360.75,58.293,2.847254656
1148300,4366,58.203,2.844035128
1148350,4372,57.897,2.828746003
1148400,4379.25,57.447,2.805625465
1148450,4387.75,56.853,2.774614591
1148500,4392,56.601,2.76164525
1148550,4392,56.691,2.766808169
1148600,4395.25,56.736,2.770523566
1148650,4401.75,56.736,2.772796527
1148700,4407,56.736,2.774637347
1148750,4411,56.736,2.776042867
1148800,4415.5,56.655,2.772955358
1148850,4420.5,56.493,2.765359741
1148900,4425.5,56.412,2.762429183
1148950,4430.5,56.412,2.764179882
1149000,4435.5,56.412,2.765934639
1149050,4440.5,56.412,2.767693468
1149100,4445.75,56.853,2.795158855
1149150,4451.25,57.735,2.848429776
1149200,4455.75,59.22,2.936557606
1149250,4459.25,61.308,3.058037424
1149300,4464.25,62.496,3.127546891
1149350,4470.75,62.784,3.146650367
1149400,4476,63.027,3.162702026
1149450,4480,63.225,3.175683371
1149500,4484.25,63.261,3.17955805
1149550,4488.75,63.135,3.174306694
1149600,4493,63.045,3.170994806
1149650,4497,62.991,3.169627049
1149700,4502,62.991,3.172116154
1149750,4508,63.045,3.178816663
1149800,4513.25,62.964,3.177345685
1149850,4517.75,62.748,3.16768166
1149900,4522,62.514,3.156820007
1149950,4526,62.262,3.144759499
1150000,4530.5,61.965,3.130396071
1150050,4535.5,61.623,3.113720643
1150100,4539.75,61.389,3.102786128
1150150,4543.25,61.263,3.097609418
1150200,4547.25,61.065,3.088574597
1150250,4551.75,60.795,3.075671313
1150300,4555.75,60.714,3.073358238
1150350,4559.25,60.822,3.081657983
1150400,4563.25,60.732,3.078826129
1150450,4567.75,60.444,3.06483877
1150500,4572.75,60.102,3.047998611
1150550,4578.25,59.706,3.028293827
1150600,4583,59.373,3.011767434
1150650,4587,59.103,2.998378573
1150700,4590.75,58.842,2.984943199
1150750,4594.25,58.59,2.971876316
1150800,4598.25,58.167,2.948786656
1150850,4602.75,57.573,2.915636868
1150900,4607.25,56.952,2.88078571
1150950,4611.75,56.304,2.844227632
1151000,4615.75,55.611,2.804589708
1151050,4619.25,54.873,2.761877383
1151100,4623.2275,54.225,2.724801585
1151150,4627.6831,53.667,2.693366066
1151200,4632.1816,52.983,2.654235359
1151250,4636.7271,52.173,2.607385095
1151300,4640.25,51.615,2.575247886
1151350,4642.75,51.309,2.557885446
1151400,4647,50.814,2.529856203
1151450,4653,50.13,2.492838925
1151500,4657.5,49.509,2.464113893
1151550,4660.5,48.951,2.437862265
1151600,4664,48.303,2.407343689
1151650,4668,47.565,2.372540338
1151700,4672.25,46.962,2.34441928
1151750,4676.75,46.494,2.32299315
1151800,4682,45.981,2.29957577
1151850,4688,45.423,2.274150533
1151900,4692,44.937,2.251532226
1151950,4694,44.523,2.231754351
1152000,4696,44.154,2.214186783
1152050,4698,43.83,2.198832146
1152100,4701,43.353,2.176223014
1152150,4705,42.723,2.146333003
1152200,4707.5,42.228,2.122607833
1152250,4708.5,41.868,2.105077854
1152300,4709.75,41.634,2.093869352
1152350,4711.25,41.526,2.088985363
1152400,4713.5,41.256,2.076293061
1152450,4716.5,40.824,2.055776299
1152500,4719.25,40.545,2.042762014
1152550,4721.75,40.419,2.037264456
1152600,4723.5,40.185,2.026161345
1152650,4724.5,39.843,2.009451796
1152700,4725.5,39.591,1.997333333
1152750,4726.5,39.429,1.989904762
1152800,4727.25,39.33,1.985404762
1152850,4727.75,39.294,1.983833333
1152900,4729.5,39.051,1.972761905
1152950,4732.5,38.601,1.952190476
1153000,4734.25,38.259,1.936404762
1153050,4734.75,38.025,1.925404762
1153100,4735,35.829,1.820904762
1153150,4735,31.671,1.622904762
1153200,4723.25,22.194,1.179958654
1153250,4699.75,7.398,0.64610553
1153300,4677.75,0,0
1153350,4657.25,0,0
1153400,4643.25,0,0
1153450,4635.75,0,0
1153500,4626,0,0
1153550,4614,0,0
1153600,4602.75,0,0
1153650,4592.25,0,0
1153700,4580.25,0,0
1153750,4566.75,0,0
1153800,4553.25,0,0
1153850,4539.75,0,0
1153900,4524.25,0,0
1153950,4506.75,0,0
1154000,4488.5,0,0
1154050,4469.5,0,0
1154100,4449.25,0,0
1154150,4427.75,0,0
1154200,4406.25,0,0
1154250,4384.75,0,0
1154300,4362.75,0,0
1154350,4340.25,0,0
1154400,4316.6235,0,0
1154450,4291.8711,0,0
1154500,4266.8789,0,0
1154550,4241.6265,0,0
1154600,4216.25,0,0
1154650,4190.75,0,0
1154700,4165.5,0,0
1154750,4140.5,0,0
1154800,4115.75,0,0
1154850,4091.25,0,0
1154900,4066,0,0
1154950,4040,0,0
1155000,4014.75,0,0
1155050,3990.25,0,0
1155100,3967.75,0,0
1155150,3947.25,0,0
1155200,3930.25,0,0
1155250,3916.75,0,0
1155300,3903.25,0,0
1155350,3889.75,0,0
1155400,3876.25,0,0
1155450,3862.75,0,0
1155500,3847.5,0,0
1155550,3830.5,0,0
1155600,3813.75,0,0
1155650,3797.25,0,0
1155700,3782.75,0,0
1155750,3770.25,0,0
1155800,3758.5,0,0
1155850,3747.5,0,0
1155900,3736.25,0,0
1155950,3724.75,0,0
1156000,3713.75,0,0
1156050,3703.25,0,0
1156100,3693.792,0,0
1156150,3685.3762,0,0
1156200,3676.6365,0,0
1156250,3667.5454,0,0
1156300,3657.75,0,0
1156350,3647.25,0,0
1156400,3637.25,0,0
1156450,3627.75,0,0
1156500,3617.5,0,0
1156550,3606.5,0,0
1156600,3595,0,0
1156650,3583,0,0
1156700,3569.5,0,0
1156750,3554.5,0,0
1156800,3537.5,0,0
1156850,3518.5,0,0
1156900,3498,0,0
1156950,3476,0,0
1157000,3453.25,0,0
1157050,3429.75,0,0
1157100,3406.3665,0,0
1157150,3383.0991,0,0
1157200,3359,0,0
1157250,3334,0,0
1157300,3309.24,0,0
1157350,3284.74,0,0
1157400,3259.76,0,0
1157450,3234.26,0,0
1157500,3209,0,0
1157550,3184,0,0
1157600,3159,0,0
1157650,3134,0,0
1157700,3112.0303,0,0
1157750,3093.3435,0,0
1157800,3075.5,0,0
1157850,3058.5,0,0
1157900,3040.5,0,0
1157950,3021.5,0,0
1158000,3003,0,0
1158050,2985,0,0
1158100,2968.75,0,0
1158150,2954.25,0,0
1158200,2940,0,0
1158250,2926,0,0
1158300,2910.75,0,0
1158350,2894.25,0,0
1158400,2878.5,0,0
1158450,2863.5,0,0
1158500,2848.75,0,0
1158550,2834.25,0,0
1158600,2821.75,0,0
1158650,2811.25,0,0
1158700,2800.0593,0,0
1158750,2788.1782,0,0
1158800,2776,0,0
1158850,2763.5,0,0
1158900,2750.76,0,0
1158950,2737.76,0,0
1159000,2725,0,0
1159050,2712.5,0,0
1159100,2700,0,0
1159150,2687.5,0,0
1159200,2674.9395,0,0
1159250,2662.3132,0,0
1159300,2651.25,0,0
1159350,2641.75,0,0
1159400,2634,0,0
1159450,2628,0,0
1159500,2624.5049,0,0
1159550,2623.5149,0,0
1159600,2622.2727,0,0
1159650,2620.7576,0,0
1159700,2621.7327,1.71,0.077979813
1159750,2625.198,5.13,0.234265214
1159800,2630.8789,9.378,0.429233155
1159850,2638.9597,14.454,0.623063547
1159900,2647.5,18.99,0.780940957
1159950,2656.5,22.986,0.920267392
1160000,2666,26.577,1.041412789
1160050,2676,29.763,1.142750589
1160100,2684.5,32.418,1.227530991
1160150,2691.5,34.542,1.295597356
1160200,2696.75,35.388,1.323263893
1160250,2700.25,34.956,1.310378025
1160300,2702.99,34.947,1.310649049
1160350,2704.9702,35.361,1.324098018
1160400,2706.24,35.622,1.332586496
1160450,2706.74,35.73,1.336094922
1160500,2708.2,35.946,1.343209975
1160550,2710.7,36.27,1.353955649
1160600,2713.697,36.234,1.353452525
1160650,2717.2324,35.838,1.341689301
1160700,2721.4753,35.793,1.34115436
1160750,2726.4258,36.099,1.351875547
1160800,2731.8799,36.207,1.356451958
1160850,2737.8799,36.117,1.354874171
1160900,2743.6667,36.036,1.353533169
1160950,2749.2222,35.964,1.352426085
1161000,2755.25,36.279,1.363734963
1161050,2761.75,36.981,1.38750731
1161100,2768.7129,37.17,1.395072954
1161150,2776.1387,36.846,1.386366892
1161200,2782.6399,36.594,1.379736913
1161250,2788.1399,36.414,1.375177962
1161300,2794.6365,35.847,1.358411873
1161350,2802.2122,34.893,1.329398613
1161400,2807.75,33.885,1.298143893
1161450,2811.25,32.823,1.26467843
1161500,2815.5,32.292,1.248414342
1161550,2820.5,32.292,1.249388158
1161600,2825.75,32.22,1.248088708
1161650,2831.25,32.076,1.244508624
1161700,2836,31.923,1.240484138
1161750,2840,31.761,1.236015797
1161800,2843.7327,31.716,1.235279106
1161850,2847.198,31.788,1.238282564
1161900,2849.7273,30.537,1.198197786
1161950,2851.2424,27.963,1.11496842
1162000,2852,25.731,1.042670422
1162050,2852,23.841,0.980124163
1162100,2851.75,23.067,0.953330752
1162150,2851.25,23.409,0.96507488
1162200,2851.75,23.409,0.965152534
1162250,2853.25,23.067,0.953563595
1162300,2853.25,23.058,0.953252493
1162350,2851.75,23.382,0.964219235
1162400,2850,24.237,0.993501555
1162450,2848,25.623,1.038550826
1162500,2845.25,25.866,1.046002926
1162550,2841.75,24.966,1.016316588
1162600,2836.25,24.516,1.000942092
1162650,2828.75,24.516,0.999840155
1162700,2821.2871,24.759,1.006604483
1162750,2813.8613,25.245,1.021168757
1162800,2806.6399,25.191,1.018356945
1162850,2799.6399,24.597,0.998112636
1162900,2792.8484,25.011,1.010544325
1162950,2786.2827,26.433,1.055124725
1163000,2782.2573,26.478,1.055941043
1163050,2780.7722,25.146,1.013099335
1163100,2778.5601,23.247,0.948194284
1163150,2775.5601,20.781,0.862532564
1163200,2772.5454,18.864,0.795838816
1163250,2769.5151,17.496,0.748111738
1163300,2769.25,16.569,0.716046003
1163350,2771.75,16.083,0.69963967
1163400,2773.99,15.255,0.671377488
1163450,2775.9702,14.085,0.63125909
1163500,2777.72,13.032,0.595146649
1163550,2779.22,12.096,0.563037526
1163600,2781.9199,11.385,0.538884138
1163650,2785.9199,10.899,0.522701577
1163700,2789.4399,11.223,0.534432026
1163750,2792.4399,12.357,0.574071305
1163800,2794,12.924,0.593900737
1163850,2794,12.924,0.593900737
1163900,2793.76,13.509,0.614077458
1163950,2793.26,14.679,0.654427638
1164000,2792.5151,15.147,0.670484147
1164050,2791.5051,14.913,0.662244188
1164100,2790.01,16.497,0.716745368
1164150,2788.0298,19.899,0.833985195
1164200,2787.48,22.698,0.930609321
1164250,2788.48,24.894,1.00615672
1164300,2788.0303,26.055,1.043285935
1164350,2786.01,26.181,1.047012435
1164400,2784,26.838,1.067735409
1164450,2782,28.026,1.105434602
1164500,2782.25,29.619,1.15645175
1164550,2784.75,31.617,1.220857192
1164600,2786,32.958,1.26403602
1164650,2786,33.642,1.285940282
1164700,2786.5,34.497,1.313423777
1164750,2787.5,35.523,1.346496356
1164800,2788.25,36.387,1.374337012
1164850,2788.75,37.089,1.396939258
1164900,2790.5,40.491,1.507201437
1164950,2793.5,46.593,1.729189017
1165000,2796.5,47.592,1.766361579
1165050,2799.5,43.488,1.618429455
1165100,2799.5,41.391,1.542347546
1165150,2796.5,41.301,1.538235038
1165200,2792.75,40.707,1.5156515
1165250,2788.25,39.609,1.477563728
1165300,2785.5,38.79,1.450681879
1165350,2784.5,38.25,1.43316067
1165400,2784.5,38.556,1.442957027
1165450,2785.5,39.708,1.480076785
1165500,2787.2375,39.744,1.481646028
1165550,2789.7129,38.664,1.447628718
1165600,2793.1819,37.845,1.422173165
1165650,2797.7273,37.287,1.405300638
1165700,2802,36.936,1.394987085
1165750,2806,36.792,1.391250948
1165800,2810.9702,35.577,1.353256027
1165850,2816.9109,33.291,1.280878242
1165900,2822.1599,32.454,1.254937242
1165950,2826.6599,33.066,1.275578688
1166000,2832.8789,34.596,1.326283483
1166050,2840.9597,37.044,1.407249186
1166100,2849.208,38.412,1.453493648
1166150,2857.6238,38.7,1.464848503
1166200,2864.1599,39.204,1.482812401
1166250,2868.6599,39.924,1.508292753
1166300,2873.3999,41.652,1.573135203
1166350,2878.3999,44.388,1.675246293
1166400,2883.1599,46.0857,1.739231078
1166450,2887.6599,46.7451,1.764978578
1166500,2891.4399,47.1578,1.781432039
1166550,2894.4399,47.3033,1.787790345
1166600,2897.4399,47.2423,1.786533315
1166650,2900.4399,46.975,1.777656186
1166700,2903.4399,48.7282,1.843427391
1166750,2906.4399,52.6702,1.990188172
1166800,2910.3999,54.6676,2.076775019
1166850,2915.3999,54.5585,2.074407301
1166900,2920.6667,54.315,2.066297797
1166950,2926.2222,53.937,2.052401334
1167000,2933.4556,53.802,2.049852155
1167050,2942.3665,53.91,2.058773506
1167100,2950.3601,53.694,2.053001329
1167150,2957.3601,53.154,2.032321046
1167200,2963.6667,54.081,2.076558523
1167250,2969.2222,56.475,2.186291736
1167300,2974,57.915,2.253451058
1167350,2978,58.401,2.277623069
1167400,2980.75,58.545,2.285749629
1167450,2982.25,58.347,2.277742763
1167500,2983.25,59.094,2.311990451
1167550,2983.75,60.786,2.388533453
1167600,2983.5,61.056,2.400531579
1167650,2982.5,59.904,2.347996398
1167700,2982.5,58.419,2.281134624
1167750,2983.5,56.601,2.199837823
1167800,2984.75,54.486,2.105193166
1167850,2986.25,52.074,1.99761869
1167900,2986.01,48.402,1.859831301
1167950,2984.0298,43.47,1.67425821
1168000,2979.8484,36.873,1.434049754
1168050,2973.2827,28.611,1.157680695
1168100,2967.7722,23.445,0.984431669
1168150,2963.3169,21.375,0.912130475
1168200,2962.2122,21.195,0.905732434
1168250,2964.7373,22.905,0.965278987
1168300,2967,24.822,1.030676375
1168350,2969,26.946,1.101571171
1168400,2972,26.541,1.088615929
1168450,2976,23.607,0.991316321
1168500,2980.2278,21.717,0.926585308
1168550,2984.6831,20.871,0.89800645
1168600,2988.697,19.8,0.861572645
1168650,2992.2324,18.504,0.817277843
1168700,2996,17.73,0.791078448
1168750,3000,17.478,0.782975779
1168800,3003,17.343,0.778696245
1168850,3005,17.325,0.778334084
1168900,3006.75,17.316,0.778250862
1168950,3008.25,17.316,0.778446992
1169000,3008.01,17.649,0.789963056
1169050,3006.0298,18.315,0.812780571
1169100,3005,19.062,0.838519109
1169150,3005,19.89,0.867208343
1169200,3004.25,20.844,0.900140646
1169250,3002.75,21.924,0.937293424
1169300,3001.75,22.374,0.952698247
1169350,3001.25,22.194,0.946378969
1169400,3000.01,22.995,0.973877265
1169450,2998.0298,24.777,1.034037402
1169500,2996.52,26.001,1.074706626
1169550,2995.52,26.667,1.096794363
1169600,2995,29.4327,1.189108282
1169650,2995,34.298,1.351658815
1169700,2997.1621,38.377,1.488482763
1169750,3001.6667,41.604,1.609895495
1169800,3006.04,44.7295,1.72932399
1169850,3010.04,47.5658,1.83775659
1169900,3014.9307,50.636,1.955427436
1169950,3022.3564,54.3072,2.116716051
1170000,3028.8484,57.4589,2.262847089
1170050,3032.3838,59.1316,2.340344614
1170100,3036.1699,60.5755,2.407541193
1170150,3040.6699,61.431,2.448411713
1170200,3045.3,62.2105,2.485861446
1170250,3050.3,62.7742,2.512772609
1170300,3054.6499,63.4944,2.545063838
1170350,3057.1499,64.6171,2.593534608
1170400,3059.9099,65.1953,2.61920729
1170450,3063.4099,64.2233,2.579811412
1170500,3067.3,63.3683,2.545478208
1170550,3072.3,62.8463,2.525670908
1170600,3077.1699,62.7673,2.524521384
1170650,3081.6699,63.9491,2.576638003
1170700,3086.04,65.3888,2.639732195
1170750,3090.04,67.4918,2.730922942
1170800,3093.9099,69.204,2.805594838
1170850,3097.4099,69.804,2.832899737
1170900,3100.6436,70.9346,2.882683471
1170950,3103.1189,73.4297,2.990218447
1171000,3106.3333,75.2004,3.076617957
1171050,3111.8889,74.9094,3.066034353
1171100,3116.1299,74.8946,3.067992613
1171150,3116.6299,75.5897,3.101963551
1171200,3117.52,76.104,3.127427542
1171250,3119.52,76.104,3.128691424
1171300,3121.52,76.2487,3.136962196
1171350,3123.52,76.7655,3.163252463
1171400,3125.3899,79.1838,3.281545405
1171450,3126.8899,87.0138,3.672538307
1171500,3128.1299,92.9718,3.981266778
1171550,3128.6299,93.6018,4.014821833
1171600,3129.78,94.0491,4.03983793
1171650,3132.78,93.9764,4.038039123
1171700,3136.3,93.899,4.036353686
1171750,3141.3,93.8099,4.035085816
1171800,3146.6899,93.7156,4.033810926
1171850,3153.1899,93.6065,4.032520851
1171900,3159.4299,93.5679,4.034880673
1171950,3164.9299,93.7105,4.046596272
1172000,3170.04,93.7073,4.050099783
1172050,3174.04,93.2891,4.030136846
1172100,3178.5601,93.0329,4.019369242
1172150,3184.5601,93.1933,4.032449299
1172200,3190.8201,93.2033,4.037504623
1172250,3197.8201,92.7851,4.019592882
1172300,3204.1699,92.484,4.007600851
1172350,3208.6699,92.484,4.010828804
1172400,3213.8201,92.484,4.014531021
1172450,3220.8201,92.484,4.019576464
1172500,3227.95,92.2781,4.013348481
1172550,3235.45,91.4861,3.976639899
1172600,3242.5601,90.9189,3.952166956
1172650,3248.5601,90.9916,3.959941146
1172700,3254.95,90.9492,3.962042534
1172750,3262.45,90.6106,3.949623756
1172800,3269.5601,90.3179,3.939312171
1172850,3275.5601,90.1559,3.934992059
1172900,3281.9307,90.0828,3.93550118
1172950,3289.3564,90.2628,3.949753825
1173000,3296.5757,90.396,3.961453723
1173050,3303.1414,90.396,3.965853816
1173100,3309.95,90.396,3.970415435
1173150,3317.45,90.396,3.975438797
1173200,3325.21,90.279,3.974613079
1173250,3333.71,89.829,3.957147674
1173300,3341.6899,89.4211,3.941505878
1173350,3348.1899,89.1331,3.931045204
1173400,3355.21,88.906,3.924068325
1173450,3363.71,88.852,3.926987161
1173500,3371.6899,88.7652,3.927870087
1173550,3378.1899,88.5852,3.922970025
1173600,3385.3401,88.3858,3.917509639
1173650,3394.3401,88.1313,3.910458303
1173700,3402.6899,87.948,3.906632536
1173750,3409.1899,87.948,3.910986429
1173800,3415.8201,87.9575,3.915914358
1173850,3422.8201,87.9938,3.922465007
1173900,3429.95,87.8952,3.922172784
1173950,3437.45,87.4497,3.904315691
1174000,3445.0801,87.0585,3.88933899
1174050,3453.0801,86.8222,3.882566016
1174100,3461.0593,86.6171,3.877382614
1174150,3468.9802,86.4923,3.876282437
1174200,3476.8181,86.4,3.876794505
1174250,3484.394,86.4,3.881865875
1174300,3491.8201,86.385,3.886066078
1174350,3498.8201,86.3316,3.88801069
1174400,3505.6899,86.1703,3.883995833
1174450,3512.1899,85.7023,3.863944631
1174500,3519.0801,85.3092,3.847962067
1174550,3527.0801,85.1292,3.843585923
1174600,3534.8201,84.9345,3.838292848
1174650,3541.8201,84.6982,3.830407632
1174700,3549.0801,84.3983,3.819405004
1174750,3557.0801,83.9349,3.800434358
1174800,3564.8201,83.6156,3.788704873
1174850,3571.8201,83.7065,3.797631131
1174900,3578.6899,83.6323,3.7979837
1174950,3585.1899,83.1333,3.776231589
1175000,3591.8201,82.7971,3.762931979
1175050,3598.8201,82.9244,3.773737534
1175100,3606.0801,82.9761,3.780810748
1175150,3614.0801,82.8335,3.778316488
1175200,3621.95,82.6578,3.774032991
1175250,3629.45,82.3878,3.764653043
1175300,3636.8201,82.1693,3.757846654
1175350,3643.8201,82.0973,3.758379038
1175400,3650.8201,81.9785,3.756493101
1175450,3657.8201,81.7265,3.747719294
1175500,3664.95,81.5634,3.743615869
1175550,3672.45,81.6534,3.75282951
1175600,3679.6899,81.6065,3.754806151
1175650,3686.1899,81.1702,3.736172139
1175700,3692.95,80.6364,3.712633468
1175750,3700.45,79.8523,3.676557225
1175800,3707.4299,79.4358,3.65919309
1175850,3712.9299,80.0658,3.695182256
1175900,3718.802,80.4665,3.719525934
1175950,3725.7327,80.2145,3.71066565
1176000,3732.697,79.9625,3.701819398
1176050,3739.7676,79.7105,3.693031285
1176100,3746.8201,79.4912,3.685924152
1176150,3753.8201,79.3652,3.683627669
1176200,3760.8201,79.1456,3.676464442
1176250,3767.8201,78.6596,3.655444217
1176300,3774.6899,78.3281,3.642366174
1176350,3781.1899,78.4361,3.651923237
1176400,3788.0801,78.4692,3.657824994
1176450,3796.0801,78.2892,3.653308344
1176500,3803.6899,78.0905,3.647577
1176550,3810.1899,77.8385,3.638390314
1176600,3816.95,77.6142,3.630799065
1176650,3824.45,77.4687,3.627760351
1176700,3832.21,77.3091,3.624141333
1176750,3840.71,77.1131,3.619068348
1176800,3848.5601,76.9302,3.614280762
1176850,3854.5601,76.7847,3.610320847
1176900,3860.4299,76.6351,3.606065279
1176950,3865.9299,76.4747,3.601018437
1177000,3871.6899,76.3087,3.595833549
1177050,3878.1899,76.1269,3.590267806
1177100,3884.8201,75.7615,3.575172254
1177150,3891.8201,74.9238,3.535572784
1177200,3897.78,74.2756,3.505238658
1177250,3900.78,74.1665,3.501333562
1177300,3904.5601,74.103,3.500284945
1177350,3910.5601,74.1564,3.506696957
1177400,3916.4299,73.9901,3.50152193
1177450,3921.9299,73.1981,3.46362179
1177500,3927.5601,72.832,3.447908508
1177550,3933.5601,73.678,3.495517609
1177600,3938.78,74.1636,3.524110209
1177650,3941.78,73.6236,3.497604651
1177700,3945.8201,73.1632,3.476001675
1177750,3952.8201,72.9292,3.467956138
1177800,3959.3,72.7279,3.461293477
1177850,3964.3,72.6199,3.458620094
1177900,3969.4299,72.5213,3.456512217
1177950,3974.9299,72.4493,3.45601589
1178000,3980.3,72.2696,3.449790389
1178050,3985.3,71.7836,3.427250435
1178100,3990.8201,71.4193,3.411377463
1178150,3997.8201,71.4013,3.414567887
1178200,4004.4299,71.3833,3.416834153
1178250,4009.9299,71.3653,3.41827735
1178300,4015.3,71.1976,3.41176843
1178350,4020.3,70.6036,3.382578898
1178400,4025.5601,70.164,3.361613121
1178450,4031.5601,70.164,3.364179015
1178500,4037.4299,70.0517,3.360748296
1178550,4042.9299,69.6197,3.340211846
1178600,4048.1699,69.3608,3.328710057
1178650,4052.6699,69.5948,3.343036441
1178700,4057.8201,69.7399,3.352940094
1178750,4064.8201,69.6319,3.350196847
1178800,4071.3,69.5473,3.348470412
1178850,4076.3,69.5293,3.349654522
1178900,4081.0298,69.413,3.345483792
1178950,4084.99,69.017,3.326056027
1179000,4089.697,68.7614,3.314415013
1179050,4096.7676,68.9054,3.325113396
1179100,4103.4302,68.9324,3.32940113
1179150,4108.9302,68.6264,3.315366859
1179200,4113.9102,67.9835,3.283031148
1179250,4117.4102,66.3815,3.198595946
1179300,4121.1699,65.444,3.149823773
1179350,4125.6699,66.398,3.202850844
1179400,4130.04,67.221,3.248861358
1179450,4134.04,67.671,3.274723786
1179500,4138.4302,67.99,3.29373671
1179550,4143.9302,67.936,3.293162969
1179600,4149.2998,67.8024,3.288242217
1179650,4154.2998,67.4424,3.270943051
1179700,4159.04,67.2088,3.260331007
1179750,4163.04,67.3348,3.268819203
1179800,4167.1699,67.3672,3.272313536
1179850,4171.6699,67.1332,3.261557578
1179900,4176.2871,66.6184,3.235632993
1179950,4181.2378,65.3044,3.166505032
1180000,4186.0908,64.7626,3.139099528
1180050,4190.6362,66.4186,3.230791855
1180100,4195.04,67.5925,3.296378798
1180150,4199.04,67.3945,3.287334374
1180200,4203.4302,67.2012,3.278699967
1180250,4208.9302,67.0212,3.271248822
1180300,4213.9102,66.8178,3.262288961
1180350,4217.4102,66.5478,3.249058689
1180400,4221.5601,66.1936,3.231494229
1180450,4227.5601,65.5996,3.2015863
1180500,4232.7725,65.1226,3.177688991
1180550,4235.7427,64.9786,3.171040175
1180600,4238.606,64.8486,3.165106757
1180650,4241.1313,64.7586,3.161218067
1180700,4243.9009,64.692,3.15870698
1180750,4247.3662,64.692,3.160125928
1180800,4251.2119,64.5984,3.156572743
1180850,4256.2627,64.2384,3.138895808
1180900,4261.2871,63.9486,3.125032519
1180950,4266.2378,63.8586,3.122093819
1181000,4270.9697,63.7452,3.11777518
1181050,4275.0103,63.5652,3.109506216
1181100,4279.04,63.4741,3.106116431
1181150,4283.04,63.6361,3.116654399
1181200,4286.9102,63.6109,3.116833338
1181250,4290.4102,63.0529,3.087472644
1181300,4293.7725,58.077,2.811129902
1181350,4296.7427,40.527,1.958118352
1181400,4290.1514,23.9598,1.210004283
1181450,4253.2827,10.1898,0.702432638
1181500,4223.27,0,0
1181550,4212.77,0,0
1181600,4201.75,0,0
1181650,4189.25,0,0
1181700,4174.6699,0,0
1181750,4154.1699,0,0
1181800,4133.6699,0,0
1181850,4113.1699,0,0
1181900,4092.7227,0,0
1181950,4072.4258,0,0
1182000,4051.1819,0,0
1182050,4026.9395,0,0
1182100,4002.76,0,0
1182150,3978.76,0,0
1182200,3954.5,0,0
1182250,3929.5,0,0
1182300,3904.6931,0,0
1182350,3880.4355,0,0
1182400,3856.4243,0,0
1182450,3833.1919,0,0
1182500,3810.3367,0,0
1182550,3788.5544,0,0
1182600,3767.2727,0,0
1182650,3747.5757,0,0
1182700,3729.396,0,0
1182750,3715.5347,0,0
1182800,3701.2424,0,0
1182850,3685.5859,0,0
1182900,3667.5645,0,0
1182950,3642.8118,0,0
1183000,3617.5757,0,0
1183050,3590.8081,0,0
1183100,3564.6931,0,0
1183150,3590,0,0
1183200,3620,0,0
1183250,3650,0,0
1183300,3670,0,0
1183350,3685,0,0
1183400,3700,0,0
1183450,3715,0,0
1183500,3690,0,0
1183550,3665,0,0
1183600,3640,0,0
1183650,3615,0,0
1183700,3590,0,0
1183750,3565,0,0
1183800,3540,0,0
1183850,3515,0,0
1183900,3490,0,0
1183950,3465,0,0
1184000,3440,0,0
1184050,3415,0,0
1184100,3390,0,0
1184150,3365,0,0
1184200,3340,0,0
1184250,3315,0,0
1184300,3290,0,0
1184350,3265,0,0
1184400,3240,0,0
1184450,3215,0,0
1184500,3190,0,0
1184550,3165,0,0
1184600,3140,0,0
1184650,3115,0,0
1184700,3090,0,0
1184750,3065,0,0
1184800,3040,0,0
1184850,3015,0,0
1184900,2990,0,0
1184950,2965,0,0
1185000,2940,0,0
1185050,2915,0,0
1185100,2890,0,0
1185150,2865,0,0
1185200,2840,0,0
1185250,2815,0,0
1185300,2790,0,0
1185350,2765,0,0
1185400,2740,0,0
1185450,2715,0,0
1185500,2690,0,0
1185550,2665,0,0
1185600,2640,0,0
1185650,2615,0,0
1185700,2590,0,0
1185750,2565,0,0
1185800,2540,0,0
1185850,2515,0,0
1185900,2490,0,0
1185950,2465,0,0
1186000,2440,0,0
1186050,2415,0,0
1186100,2390,0,0
1186150,2365,0,0
1186200,2340,0,0
1186250,2315,0,0
1186300,2290,0,0
1186350,2265,0,0
1186400,2240,0,0
1186450,2215,0,0
1186500,2190,0,0
1186550,2165,0,0
1186600,2140,0,0
1186650,2115,0,0
1186700,2090,0,0
1186750,2065,0,0
1186800,2040,0,0
1186850,2015,0,0
1186900,1990,0,0
1186950,1965,0,0
1187000,1940,0,0
1187050,1915,0,0
1187100,1890,0,0
1187150,1865,0,0
1187200,1840,0,0
1187250,1815,0,0
1187300,1790,0,0
1187350,1765,0,0
1187400,1740,0,0
1187450,1715,0,0
1187500,1690,0,0
1187550,1665,0,0
1187600,1640,0,0
1187650,1615,0,0
1187700,1590,0,0
1187750,1565,0,0
1187800,1540,0,0
1187850,1515,0,0
1187900,1490,0,0
1187950,1465,0,0
1188000,1440,0,0
1188050,1415,0,0
1188100,1390,0,0
1188150,1365,0,0
1188200,1340,0,0
1188250,1315,0,0
1188300,1290,0,0
1188350,1265,0,0
1188400,1240,0,0
1188450,1215,0,0
1188500,1190,0,0
1188550,1165,0,0
1188600,1140,0,0
1188650,1115,0,0
1188700,1090,0,0
1188750,1065,0,0
1188800,1040,0,0
1188850,1015,0,0
1188900,990,0,0
1188950,965,0,0
1189000,940,0,0
1189050,915,0,0
1189100,890,0,0
1189150,865,0,0
1189200,840,0,0
1189250,815,0,0
1189300,790,0,0
1189350,765,0,0
1189400,740,0,0
1189450,715,0,0
1189500,690,0,0
1189550,665,0,0
1189600,640,0,0
1189650,615,0,0
1189700,590,0,0
1189750,565,0,0
1189800,540,0,0
1189850,515,0,0
1189900,490,0,0
1189950,465,0,0
1190000,440,0,0
1190050,415,0,0
1190100,390,0,0
1190150,365,0,0
1190200,340,0,0
1190250,315,0,0
1190300,290,0,0
1190350,265,0,0
1190400,240,0,0
1190450,215,0,0
1190500,190,0,0
1190550,165,0,0
1190600,140,0,0
1190650,115,0,0
1190700,90,0,0
1190750,65,0,0
1190800,40,0,0
1190850,15,0,0
1190900,0,0,0
